submission_id,role,original_repository,evaluator_type,criterion_id,criterion_name,score,max_score,justification,evidence_refs,confidence
S01,official_sample,redacted,human,basic_functionality,Basic Functionality,8.0,10,"No método cadastraFilmeHotList, caso não tenha um filme na posição indicada deveria retornar ""POSIÇÃO INVÁLIDA"".",src/filmnow/FilmNow.java,
S01,official_sample,redacted,human,unit_tests,Unit Tests,0.0,10,Testes não implementados.,tests/,
S01,official_sample,redacted,human,class_design,Class Design,7.0,10,A classe FilmNow deveria apenas manter a lógica de negócio.,src/filmnow/FilmNow.java,
S01,official_sample,redacted,human,object_references,Object References,10.0,10,Não se deve usar '==' para comparar 2 strings.,src/filmnow/,
S01,official_sample,redacted,human,collections_and_arrays,Collections And Arrays,10.0,10,Critério atendido.,,
S01,official_sample,redacted,human,separation_of_concerns,Separation Of Concerns,9.0,10,A variável booleana 'hot' na classe Filme não deveria estar nela.,src/filmnow/Filme.java,
S01,official_sample,redacted,human,readability_and_documentation,Readability And Documentation,10.0,10,Critério atendido.,,
S02,official_sample,redacted,human,basic_functionality,Basic Functionality,10.0,10,Critério atendido.,,
S02,official_sample,redacted,human,unit_tests,Unit Tests,9.5,10,Faltou testar detalhar um filme ex hot.,tests/,
S02,official_sample,redacted,human,class_design,Class Design,7.0,10,"O método estático confereExistencia não deveria ser estático; a responsabilidade de verificar se um filme já existe é da classe FilmeNow. Além disso, o sistema armazena filmes como String[] em vez de Filme[], descartando as instâncias após gerar a string.",src/filmnow/FilmeNow.java,
S02,official_sample,redacted,human,object_references,Object References,3.0,10,O array de hotlist está sendo inicializado duas vezes e não está diminuindo -1 da posição passada ao acessar os arrays.,src/filmnow/FilmeNow.java,
S02,official_sample,redacted,human,collections_and_arrays,Collections And Arrays,10.0,10,Critério atendido.,,
S02,official_sample,redacted,human,separation_of_concerns,Separation Of Concerns,9.0,10,A classe Main deve lidar apenas com a entrada e saída.,src/filmnow/Main.java,
S02,official_sample,redacted,human,readability_and_documentation,Readability And Documentation,10.0,10,Critério atendido.,,
S03,official_sample,redacted,human,basic_functionality,Basic Functionality,8.5,10,"Nos métodos de Hot, as posições de entrada vão de 1-10, não de 0-9. Em detalharFilme ele deveria retornar uma String vazia caso não tenha nenhum filme naquela posição mas no código está 'POSIÇÃO INVÁLIDA'.",src/filmnow/FilmNow.java,
S03,official_sample,redacted,human,unit_tests,Unit Tests,6.0,10,"Nos testes da classe Filme faltou testar o toString, e nos testes da classe FilmNow, os métodos de listagem da lista de filmes e da hotlist, adicionar e remover da hotlist não foram implementados.",tests/,
S03,official_sample,redacted,human,class_design,Class Design,7.0,10,"Classe Filme bem implementada, um único ponto é que posição do filme na lista não deveria ser armazenada dentro de filme.",src/filmnow/Filme.java,
S03,official_sample,redacted,human,object_references,Object References,10.0,10,Critério atendido.,,
S03,official_sample,redacted,human,collections_and_arrays,Collections And Arrays,10.0,10,Critério atendido.,,
S03,official_sample,redacted,human,separation_of_concerns,Separation Of Concerns,7.0,10,"A classe Main deve lidar apenas com a entrada e saída, detalhes como verificar se o filme já está na hotlist devem estar no FilmNow.",src/filmnow/Main.java,
S03,official_sample,redacted,human,readability_and_documentation,Readability And Documentation,9.0,10,Na documentação procure deixar mais claro quais os parâmetros e o que aquele método faz.,src/filmnow/,
S04,official_sample,redacted,human,basic_functionality,Basic Functionality,9.0,10,"Caso o usuário tentasse adicionar um filme com local vazio deveria retornar ""FILME INVALIDO"".",src/filmnow/FilmNow.java,
S04,official_sample,redacted,human,unit_tests,Unit Tests,9.5,10,Faltou testar detalhar um filme que foi removido da hotlist.,tests/,
S04,official_sample,redacted,human,class_design,Class Design,10.0,10,Critério atendido.,,
S04,official_sample,redacted,human,object_references,Object References,10.0,10,Critério atendido.,,
S04,official_sample,redacted,human,collections_and_arrays,Collections And Arrays,10.0,10,Critério atendido.,,
S04,official_sample,redacted,human,separation_of_concerns,Separation Of Concerns,9.0,10,HotList deveria ser uma lista dentro de FilmNow não uma classe separada. A variável booleana 'hot' na classe Filme não deveria estar nela.,src/filmnow/HotList.java | src/filmnow/Filme.java,
S04,official_sample,redacted,human,readability_and_documentation,Readability And Documentation,10.0,10,Critério atendido.,,
S05,official_sample,redacted,human,basic_functionality,Basic Functionality,9.0,10,Atribuir hot a um filme que não existe numa posição válida deveria retornar 'POSIÇÃO INVÁLIDA'.,src/filmnow/FilmNow.java,
S05,official_sample,redacted,human,unit_tests,Unit Tests,9.5,10,Faltou testar detalhar um filme ex hot.,tests/,
S05,official_sample,redacted,human,class_design,Class Design,8.0,10,"O método equals de Filme usa == para comparar o atributo ano (String), comprometendo a verificação de duplicidade com entradas do usuário.",,
S05,official_sample,redacted,human,object_references,Object References,10.0,10,Critério atendido.,,
S05,official_sample,redacted,human,collections_and_arrays,Collections And Arrays,10.0,10,Critério atendido.,,
S05,official_sample,redacted,human,separation_of_concerns,Separation Of Concerns,9.0,10,A variável booleana 'hot' na classe Filme não deveria estar nela.,src/filmnow/Filme.java,
S05,official_sample,redacted,human,readability_and_documentation,Readability And Documentation,9.0,10,Tags Javadoc com descrições de @param e @return deixadas em branco em alguns métodos.,,
S06,official_sample,redacted,human,basic_functionality,Basic Functionality,8.5,10,Falta verificação de posição vazia nos métodos da HotList — posições válidas sem filme não retornam POSIÇÃO INVÁLIDA.,,
S06,official_sample,redacted,human,unit_tests,Unit Tests,9.0,10,"Faltaram testes específicos para hotFilme, ex-hot e diferentes versões de dados.",tests/,
S06,official_sample,redacted,human,class_design,Class Design,10.0,10,Critério atendido.,,
S06,official_sample,redacted,human,object_references,Object References,10.0,10,Critério atendido.,,
S06,official_sample,redacted,human,collections_and_arrays,Collections And Arrays,10.0,10,Critério atendido.,,
S06,official_sample,redacted,human,separation_of_concerns,Separation Of Concerns,10.0,10,Critério atendido.,,
S06,official_sample,redacted,human,readability_and_documentation,Readability And Documentation,9.0,10,Faltou documentação da classe Filme.,src/filmnow/Filme.java,
S07,official_sample,redacted,human,basic_functionality,Basic Functionality,10.0,10,Critério atendido.,,
S07,official_sample,redacted,human,unit_tests,Unit Tests,8.5,10,"Critério atendido. Além disso, faltam testes para o construtor e getters da classe Filme.",,
S07,official_sample,redacted,human,class_design,Class Design,9.0,10,A variável booleana 'temHot' na classe Filme não deveria estar nela.,src/filmnow/Filme.java,
S07,official_sample,redacted,human,object_references,Object References,9.0,10,"O hashcode está sendo gerado com base no nome e local, mas deveria ser nome e ano para manter consistência com o equals.",src/filmnow/Filme.java,
S07,official_sample,redacted,human,collections_and_arrays,Collections And Arrays,10.0,10,Critério atendido.,,
S07,official_sample,redacted,human,separation_of_concerns,Separation Of Concerns,9.0,10,A variável booleana 'temHot' não deveria estar na classe Filme (já contabilizado em class_design).,src/filmnow/Filme.java,
S07,official_sample,redacted,human,readability_and_documentation,Readability And Documentation,9.5,10,O método getLocal de Filme está com documentação incorreta.,src/filmnow/Filme.java,
S08,official_sample,redacted,human,basic_functionality,Basic Functionality,9.0,10,"O método detalharFilme não deveria imprimir ""POSIÇÃO INVÁLIDA"" para posições válidas sem filme.",src/filmnow/Main.java#detalharFilme,
S08,official_sample,redacted,human,unit_tests,Unit Tests,8.5,10,Faltou testar a exibição da hot list.,tests/,
S08,official_sample,redacted,human,class_design,Class Design,9.0,10,Atributos não utilizados na classe FilmNow.,src/filmnow/FilmNow.java,
S08,official_sample,redacted,human,object_references,Object References,10.0,10,Critério atendido.,,
S08,official_sample,redacted,human,collections_and_arrays,Collections And Arrays,10.0,10,Faltou verificação ao cadastrar filme na hotlist.,src/filmnow/FilmNow.java,
S08,official_sample,redacted,human,separation_of_concerns,Separation Of Concerns,10.0,10,Critério atendido.,,
S08,official_sample,redacted,human,readability_and_documentation,Readability And Documentation,6.0,10,Documentação incompleta.,src/filmnow/,
S09,official_sample,redacted,human,basic_functionality,Basic Functionality,9.0,10,"Nos métodos de hotlist, caso seja passada uma posição que não possui um filme deveria retornar 'POSIÇÃO INVÁLIDA'.",src/filmnow/FilmNow.java,
S09,official_sample,redacted,human,unit_tests,Unit Tests,9.5,10,Faltou testar detalhar um filme ex hot.,tests/,
S09,official_sample,redacted,human,class_design,Class Design,10.0,10,Critério atendido.,,
S09,official_sample,redacted,human,object_references,Object References,10.0,10,Critério atendido.,,
S09,official_sample,redacted,human,collections_and_arrays,Collections And Arrays,10.0,10,Critério atendido.,,
S09,official_sample,redacted,human,separation_of_concerns,Separation Of Concerns,9.0,10,A variável booleana 'hot' na classe Filme não deveria estar nela.,src/filmnow/Filme.java,
S09,official_sample,redacted,human,readability_and_documentation,Readability And Documentation,10.0,10,Critério atendido.,,
S10,official_sample,redacted,human,basic_functionality,Basic Functionality,10.0,10,Critério atendido.,,
S10,official_sample,redacted,human,unit_tests,Unit Tests,8.0,10,Faltaram testes de construtor e detalhar filme na Hotlist.,tests/,
S10,official_sample,redacted,human,class_design,Class Design,10.0,10,Critério atendido.,,
S10,official_sample,redacted,human,object_references,Object References,10.0,10,Critério atendido.,,
S10,official_sample,redacted,human,collections_and_arrays,Collections And Arrays,10.0,10,Critério atendido.,,
S10,official_sample,redacted,human,separation_of_concerns,Separation Of Concerns,9.0,10,A variável booleana 'hot' não deveria estar na classe Filme.,src/filmnow/Filme.java,
S10,official_sample,redacted,human,readability_and_documentation,Readability And Documentation,10.0,10,Critério atendido.,,
S11,official_sample,redacted,human,basic_functionality,Basic Functionality,10.0,10,Critério atendido.,,
S11,official_sample,redacted,human,unit_tests,Unit Tests,8.0,10,Faltou testar os métodos de exibir lista de filmes e exibir hot list.,tests/,
S11,official_sample,redacted,human,class_design,Class Design,8.0,10,"O método equals de Filme usa == para comparar o atributo anoDeLancamento (String), comprometendo a verificação de duplicidade.",,
S11,official_sample,redacted,human,object_references,Object References,10.0,10,Critério atendido.,,
S11,official_sample,redacted,human,collections_and_arrays,Collections And Arrays,10.0,10,Critério atendido.,,
S11,official_sample,redacted,human,separation_of_concerns,Separation Of Concerns,10.0,10,Critério atendido.,,
S11,official_sample,redacted,human,readability_and_documentation,Readability And Documentation,10.0,10,Critério atendido.,,
S12,official_sample,redacted,human,basic_functionality,Basic Functionality,9.0,10,"Nos métodos de hotlist, caso seja passada uma posição que não possui um filme deveria retornar 'POSIÇÃO INVÁLIDA'. Não está diminuindo -1 da posição passada ao acessar os arrays.",src/filmnow/FilmNow.java,
S12,official_sample,redacted,human,unit_tests,Unit Tests,5.0,10,"Não testou os métodos de hotlist, nem os métodos de mostrar a lista de filmes, nem de detalhar um filme.",tests/,
S12,official_sample,redacted,human,class_design,Class Design,10.0,10,Critério atendido.,,
S12,official_sample,redacted,human,object_references,Object References,10.0,10,Critério atendido.,,
S12,official_sample,redacted,human,collections_and_arrays,Collections And Arrays,7.0,10,"exibir hot está com muita lógica em filmnow, Filme que deveria ser responsável pelos detalhes de exibição.",src/filmnow/FilmNow.java,
S12,official_sample,redacted,human,separation_of_concerns,Separation Of Concerns,6.0,10,"A classe Main deve lidar apenas com a entrada e saída, verificações como posição inválida devem estar dentro de FilmNow.",src/filmnow/Main.java,
S12,official_sample,redacted,human,readability_and_documentation,Readability And Documentation,3.0,10,Não documentou a classe Filme e documentação da classe FilmNow incompleta.,src/filmnow/,
S13,official_sample,redacted,human,basic_functionality,Basic Functionality,8.5,10,Validação de posições na HotList usa || incorretamente e não verifica nulidade do filme. Detalhar posição vazia retorna POSIÇÃO INVÁLIDA em vez de vazio.,,
S13,official_sample,redacted,human,unit_tests,Unit Tests,9.5,10,Faltou testar a remoção da hotlist e exibir filme ex-hot.,tests/,
S13,official_sample,redacted,human,class_design,Class Design,10.0,10,Critério atendido.,,
S13,official_sample,redacted,human,object_references,Object References,10.0,10,Critério atendido.,,
S13,official_sample,redacted,human,collections_and_arrays,Collections And Arrays,10.0,10,Critério atendido.,,
S13,official_sample,redacted,human,separation_of_concerns,Separation Of Concerns,9.0,10,A variável booleana 'isHot' na classe Filme não deveria estar nela.,src/filmnow/Filme.java,
S13,official_sample,redacted,human,readability_and_documentation,Readability And Documentation,10.0,10,Critério atendido.,,
S14,official_sample,redacted,human,basic_functionality,Basic Functionality,8.0,10,MainFilmNow não imprime o retorno de detalhaFilme e adicionaHot. removeHot não valida limites nem nulidade.,,
S14,official_sample,redacted,human,unit_tests,Unit Tests,9.0,10,Não testou o equals da classe Filme nem exibir filme ex-hot.,tests/,
S14,official_sample,redacted,human,class_design,Class Design,10.0,10,Critério atendido.,,
S14,official_sample,redacted,human,object_references,Object References,10.0,10,Critério atendido.,,
S14,official_sample,redacted,human,collections_and_arrays,Collections And Arrays,10.0,10,Critério atendido.,,
S14,official_sample,redacted,human,separation_of_concerns,Separation Of Concerns,7.0,10,A classe Filme tem responsabilidade excessiva na exibição de detalhes.,src/filmnow/Filme.java | src/filmnow/FilmNow.java,
S14,official_sample,redacted,human,readability_and_documentation,Readability And Documentation,10.0,10,Critério atendido.,,
S15,official_sample,redacted,human,basic_functionality,Basic Functionality,8.0,10,Ao cadastrar um filme deveria verificar se o nome ou local está vazio. Ao adicionar um filme na hot list deveria verificar se a posição passada possuía um filme cadastrado.,src/filmnow/FilmNow.java,
S15,official_sample,redacted,human,unit_tests,Unit Tests,5.0,10,"Os testes estão testando apenas os cenários felizes, faltam testes de adicionar filme nas posições limite, sobreposição de filmes, testes de listar filmes, listar hot list, detalhar ex hot.",tests/,
S15,official_sample,redacted,human,class_design,Class Design,9.5,10,Inicialização de variáveis como ano na classe Filme devem ocorrer dentro do construtor.,src/filmnow/Filme.java,
S15,official_sample,redacted,human,object_references,Object References,10.0,10,Critério atendido.,,
S15,official_sample,redacted,human,collections_and_arrays,Collections And Arrays,10.0,10,Critério atendido.,,
S15,official_sample,redacted,human,separation_of_concerns,Separation Of Concerns,8.0,10,A variável booleana 'hot' na classe Filme não deveria estar nela.,src/filmnow/Filme.java,
S15,official_sample,redacted,human,readability_and_documentation,Readability And Documentation,5.0,10,Não documentou a classe Filme.,src/filmnow/Filme.java,
S16,official_sample,redacted,human,basic_functionality,Basic Functionality,4.5,10,Não implementou as funcionalidades de hotlist.,src/filmnow/FilmNow.java,
S16,official_sample,redacted,human,unit_tests,Unit Tests,0.0,10,Não implementou nenhum teste.,tests/,
S16,official_sample,redacted,human,class_design,Class Design,10.0,10,Critério atendido.,,
S16,official_sample,redacted,human,object_references,Object References,10.0,10,Critério atendido.,,
S16,official_sample,redacted,human,collections_and_arrays,Collections And Arrays,0.0,10,O método estaCadastrado possui erros de sintaxe que impedem a compilação.,,
S16,official_sample,redacted,human,separation_of_concerns,Separation Of Concerns,7.0,10,"A classe Main deve lidar apenas com a entrada e saída, verificações como posição inválida devem estar dentro da classe FilmNow. Mostrar filmes na main não deveria lidar com a classe Filme diretamente.",src/filmnow/Main.java,
S16,official_sample,redacted,human,readability_and_documentation,Readability And Documentation,7.0,10,Documentação incompleta da classe Filme.,src/filmnow/Filme.java,
S17,official_sample,redacted,human,basic_functionality,Basic Functionality,10.0,10,Critério atendido.,,
S17,official_sample,redacted,human,unit_tests,Unit Tests,7.0,10,Nomenclatura e cobertura de testes incompletas.,csv_monitor_notes,
S17,official_sample,redacted,human,class_design,Class Design,9.0,10,Inicialização fora do construtor.,csv_monitor_notes,
S17,official_sample,redacted,human,object_references,Object References,9.0,10,Problema em comparação e hash.,csv_monitor_notes,
S17,official_sample,redacted,human,collections_and_arrays,Collections And Arrays,10.0,10,Critério atendido.,,
S17,official_sample,redacted,human,separation_of_concerns,Separation Of Concerns,9.0,10,Lógica de validação exposta.,csv_monitor_notes,
S17,official_sample,redacted,human,readability_and_documentation,Readability And Documentation,10.0,10,Critério atendido.,,
S18,official_sample,redacted,human,basic_functionality,Basic Functionality,7.5,10,A adição de um segundo filme à HotList causa NullPointerException. Uso de == para comparar string vazia.,csv_monitor_notes,
S18,official_sample,redacted,human,unit_tests,Unit Tests,7.0,10,Cobertura limitada para classe Filme.,csv_monitor_notes,
S18,official_sample,redacted,human,class_design,Class Design,10.0,10,Critério atendido.,,
S18,official_sample,redacted,human,object_references,Object References,9.0,10,Implementação de hash incompleta.,csv_monitor_notes,
S18,official_sample,redacted,human,collections_and_arrays,Collections And Arrays,10.0,10,Critério atendido.,,
S18,official_sample,redacted,human,separation_of_concerns,Separation Of Concerns,8.0,10,Responsabilidade misturada em Filme.,csv_monitor_notes,
S18,official_sample,redacted,human,readability_and_documentation,Readability And Documentation,9.5,10,Documentação incompleta em método.,csv_monitor_notes,
S19,official_sample,redacted,human,basic_functionality,Basic Functionality,10.0,10,Falta validação de posição inválida.,csv_monitor_notes,
S19,official_sample,redacted,human,unit_tests,Unit Tests,8.0,10,Cobertura incompleta de métodos de listagem.,csv_monitor_notes,
S19,official_sample,redacted,human,class_design,Class Design,10.0,10,Critério atendido.,,
S19,official_sample,redacted,human,object_references,Object References,10.0,10,Critério atendido.,,
S19,official_sample,redacted,human,collections_and_arrays,Collections And Arrays,10.0,10,Critério atendido.,,
S19,official_sample,redacted,human,separation_of_concerns,Separation Of Concerns,10.0,10,Critério atendido.,,
S19,official_sample,redacted,human,readability_and_documentation,Readability And Documentation,10.0,10,Critério atendido.,,
S20,official_sample,redacted,human,basic_functionality,Basic Functionality,8.0,10,Problemas na especificação de índices e validações de hotlist.,csv_monitor_notes,
S20,official_sample,redacted,human,unit_tests,Unit Tests,7.0,10,Cobertura incompleta em métodos importantes.,csv_monitor_notes,
S20,official_sample,redacted,human,class_design,Class Design,10.0,10,Critério atendido.,,
S20,official_sample,redacted,human,object_references,Object References,10.0,10,Critério atendido.,,
S20,official_sample,redacted,human,collections_and_arrays,Collections And Arrays,8.0,10,Tamanho de array e indexação incorretos.,csv_monitor_notes,
S20,official_sample,redacted,human,separation_of_concerns,Separation Of Concerns,8.0,10,Múltiplas violações de separação de responsabilidades.,csv_monitor_notes,
S20,official_sample,redacted,human,readability_and_documentation,Readability And Documentation,10.0,10,Critério atendido.,,
S21,official_sample,redacted,human,basic_functionality,Basic Functionality,8.0,10,O sistema falha ao tratar duplicatas e não exibe corretamente os retornos da lógica de negócio.,csv_monitor_notes,
S21,official_sample,redacted,human,unit_tests,Unit Tests,7.0,10,Cobertura de testes incompleta para as funcionalidades principais.,csv_monitor_notes,
S21,official_sample,redacted,human,class_design,Class Design,10.0,10,Critério atendido.,,
S21,official_sample,redacted,human,object_references,Object References,9.0,10,Uso incorreto de comparação de igualdade para Strings.,csv_monitor_notes,
S21,official_sample,redacted,human,collections_and_arrays,Collections And Arrays,9.0,10,Problemas na manipulação de índices e validação de limites do array.,csv_monitor_notes,
S21,official_sample,redacted,human,separation_of_concerns,Separation Of Concerns,9.0,10,Estado da hotlist sendo gerenciado pela entidade Filme.,csv_monitor_notes,
S21,official_sample,redacted,human,readability_and_documentation,Readability And Documentation,10.0,10,Critério atendido.,,
S22,official_sample,redacted,human,basic_functionality,Basic Functionality,10.0,10,Critério atendido.,,
S22,official_sample,redacted,human,unit_tests,Unit Tests,3.0,10,"Suíte de testes extremamente insuficiente, negligenciando a maioria das classes e funcionalidades.",csv_monitor_notes,
S22,official_sample,redacted,human,class_design,Class Design,9.0,10,Deficiência na inicialização de estruturas de dados e delegação de responsabilidades.,csv_monitor_notes,
S22,official_sample,redacted,human,object_references,Object References,10.0,10,Critério atendido.,,
S22,official_sample,redacted,human,collections_and_arrays,Collections And Arrays,10.0,10,Critério atendido.,,
S22,official_sample,redacted,human,separation_of_concerns,Separation Of Concerns,7.0,10,Violações de SRP na entidade Filme e na classe Main.,csv_monitor_notes,
S22,official_sample,redacted,human,readability_and_documentation,Readability And Documentation,9.0,10,Documentação Javadoc incompleta.,csv_monitor_notes,
S23,official_sample,redacted,human,basic_functionality,Basic Functionality,7.5,10,Não implementou os métodos de hotlist.,src/filmnow/FilmNow.java,
S23,official_sample,redacted,human,unit_tests,Unit Tests,0.0,10,Não implementou testes.,tests/,
S23,official_sample,redacted,human,class_design,Class Design,9.0,10,O método equals da classe Filme compara o atributo 'ano' (String) usando o operador '==' em vez de '.equals()'.,src/filmnow/Filme.java,
S23,official_sample,redacted,human,object_references,Object References,8.0,10,A tentativa de adicionar um filme à HotList na Main cria um novo objeto Filme com valores nulos em vez de usar a referência do filme já existente no acervo.,src/filmnow/Main.java,
S23,official_sample,redacted,human,collections_and_arrays,Collections And Arrays,10.0,10,Critério atendido.,,
S23,official_sample,redacted,human,separation_of_concerns,Separation Of Concerns,7.0,10,"A classe Main deve lidar apenas com a entrada e saída, os métodos que enviam objetos Filme para a main deveriam enviar a representação em string. Também não deveria verificar posições inválidas.",src/filmnow/Main.java,
S23,official_sample,redacted,human,readability_and_documentation,Readability And Documentation,7.0,10,Não documentou a classe Filme.,src/filmnow/Filme.java,
S24,official_sample,redacted,human,basic_functionality,Basic Functionality,9.0,10,O sistema carece de tratamento de erros amigável em operações de hotlist.,csv_monitor_notes,
S24,official_sample,redacted,human,unit_tests,Unit Tests,7.0,10,Lacunas importantes na cobertura de testes para métodos de igualdade e manipulação de estado.,csv_monitor_notes,
S24,official_sample,redacted,human,class_design,Class Design,10.0,10,Critério atendido.,,
S24,official_sample,redacted,human,object_references,Object References,10.0,10,Critério atendido.,,
S24,official_sample,redacted,human,collections_and_arrays,Collections And Arrays,10.0,10,Critério atendido.,,
S24,official_sample,redacted,human,separation_of_concerns,Separation Of Concerns,8.0,10,Quebra de encapsulamento e má distribuição de responsabilidades de exibição.,csv_monitor_notes,
S24,official_sample,redacted,human,readability_and_documentation,Readability And Documentation,10.0,10,Critério atendido.,,
S25,official_sample,redacted,human,basic_functionality,Basic Functionality,10.0,10,Critério atendido.,,
S25,official_sample,redacted,human,unit_tests,Unit Tests,8.5,10,"Testes adequados para o fluxo principal, mas incompletos em validações de igualdade e robustez.",csv_monitor_notes,
S25,official_sample,redacted,human,class_design,Class Design,10.0,10,Critério atendido.,,
S25,official_sample,redacted,human,object_references,Object References,10.0,10,Critério atendido.,,
S25,official_sample,redacted,human,collections_and_arrays,Collections And Arrays,8.0,10,Uso inadequado de estruturas de dados conforme a especificação do problema.,csv_monitor_notes,
S25,official_sample,redacted,human,separation_of_concerns,Separation Of Concerns,10.0,10,Critério atendido.,,
S25,official_sample,redacted,human,readability_and_documentation,Readability And Documentation,10.0,10,Critério atendido.,,
S26,official_sample,redacted,human,basic_functionality,Basic Functionality,9.0,10,"Critério atendido, apesar de inconsistência menor em retorno de erro da hotlist. O sistema lança NumberFormatException ao receber ano vazio, encerrando abruptamente em vez de exibir mensagem de erro.",csv_monitor_notes | src/filmnow/MainFilmNow.java,
S26,official_sample,redacted,human,unit_tests,Unit Tests,7.0,10,Faltam testes para o caminho feliz de cadastro e operações de listagem.,csv_monitor_notes,
S26,official_sample,redacted,human,class_design,Class Design,8.5,10,Problemas na estruturação do construtor e acoplamento na classe Main.,csv_monitor_notes,
S26,official_sample,redacted,human,object_references,Object References,10.0,10,Critério atendido.,,
S26,official_sample,redacted,human,collections_and_arrays,Collections And Arrays,10.0,10,Critério atendido.,,
S26,official_sample,redacted,human,separation_of_concerns,Separation Of Concerns,10.0,10,Critério atendido.,,
S26,official_sample,redacted,human,readability_and_documentation,Readability And Documentation,8.0,10,Faltam Javadocs em métodos importantes do controlador.,csv_monitor_notes,
S27,official_sample,redacted,human,basic_functionality,Basic Functionality,8.5,10,"A lógica de adição na HotList está incompleta: não impede duplicatas, não remove o status 'hot' do filme antigo ao sobrescrever uma posição e não valida os limites do array. Além disso, o método de cadastro não valida se o campo 'local' está vazio.",csv_monitor_notes | src/filmnow/FilmNow.java,
S27,official_sample,redacted,human,unit_tests,Unit Tests,5.0,10,Ausência total de testes para a classe entidade e lacunas no controlador.,csv_monitor_notes,
S27,official_sample,redacted,human,class_design,Class Design,10.0,10,Critério atendido.,,
S27,official_sample,redacted,human,object_references,Object References,10.0,10,Critério atendido.,,
S27,official_sample,redacted,human,collections_and_arrays,Collections And Arrays,10.0,10,Critério atendido.,,
S27,official_sample,redacted,human,separation_of_concerns,Separation Of Concerns,8.0,10,Violação de responsabilidades na classe Filme e na classe Main.,csv_monitor_notes,
S27,official_sample,redacted,human,readability_and_documentation,Readability And Documentation,7.0,10,Documentação Javadoc insuficiente para o projeto.,csv_monitor_notes,
S28,official_sample,redacted,human,basic_functionality,Basic Functionality,8.5,10,Problemas na lógica de indexação que impedem o uso total das funcionalidades do sistema.,csv_monitor_notes,
S28,official_sample,redacted,human,unit_tests,Unit Tests,9.0,10,"Boa cobertura, mas com pequenas omissões em casos de borda e listagens.",csv_monitor_notes,
S28,official_sample,redacted,human,class_design,Class Design,10.0,10,Critério atendido.,,
S28,official_sample,redacted,human,object_references,Object References,10.0,10,Critério atendido.,,
S28,official_sample,redacted,human,collections_and_arrays,Collections And Arrays,7.0,10,Uso de coleção dinâmica em vez de array fixo conforme especificado.,csv_monitor_notes,
S28,official_sample,redacted,human,separation_of_concerns,Separation Of Concerns,5.0,10,Forte acoplamento entre a interface (Main) e as regras de negócio.,csv_monitor_notes,
S28,official_sample,redacted,human,readability_and_documentation,Readability And Documentation,10.0,10,Critério atendido.,,
S29,official_sample,redacted,human,basic_functionality,Basic Functionality,9.0,10,Retornos de erro imprecisos em operações de exibição.,csv_monitor_notes,
S29,official_sample,redacted,human,unit_tests,Unit Tests,10.0,10,Critério atendido.,,
S29,official_sample,redacted,human,class_design,Class Design,10.0,10,Critério atendido.,,
S29,official_sample,redacted,human,object_references,Object References,10.0,10,Critério atendido.,,
S29,official_sample,redacted,human,collections_and_arrays,Collections And Arrays,7.0,10,Uso de estruturas de dados flexíveis onde era exigido um limite fixo via array.,csv_monitor_notes,
S29,official_sample,redacted,human,separation_of_concerns,Separation Of Concerns,10.0,10,Critério atendido.,,
S29,official_sample,redacted,human,readability_and_documentation,Readability And Documentation,10.0,10,Critério atendido.,,
S30,official_sample,redacted,human,basic_functionality,Basic Functionality,10.0,10,Critério atendido.,,
S30,official_sample,redacted,human,unit_tests,Unit Tests,8.0,10,Testes de unidade ausentes para métodos de representação e listagem.,csv_monitor_notes,
S30,official_sample,redacted,human,class_design,Class Design,10.0,10,Critério atendido.,,
S30,official_sample,redacted,human,object_references,Object References,10.0,10,Critério atendido.,,
S30,official_sample,redacted,human,collections_and_arrays,Collections And Arrays,10.0,10,Critério atendido.,,
S30,official_sample,redacted,human,separation_of_concerns,Separation Of Concerns,7.0,10,Problemas de coesão e má distribuição de responsabilidades de visualização.,csv_monitor_notes,
S30,official_sample,redacted,human,readability_and_documentation,Readability And Documentation,7.0,10,Ausência total de documentação na classe principal de domínio.,csv_monitor_notes,
S31,official_sample,redacted,human,basic_functionality,Basic Functionality,1.5,10,Não implementou os métodos de hotlist. O método de detalhar um filme na Main chama um método não implementado do FilmNow.,src/filmnow/FilmNow.java,
S31,official_sample,redacted,human,unit_tests,Unit Tests,0.0,10,Não implementou testes.,tests/,
S31,official_sample,redacted,human,class_design,Class Design,5.0,10,Classe Filme praticamente não implementada e variáveis foram declaradas dentro de um método estático main.,src/filmnow/Filme.java,
S31,official_sample,redacted,human,object_references,Object References,10.0,10,Critério atendido.,,
S31,official_sample,redacted,human,collections_and_arrays,Collections And Arrays,10.0,10,Critério atendido.,,
S31,official_sample,redacted,human,separation_of_concerns,Separation Of Concerns,0.0,10,"Classe FilmNow imprimindo saídas diretamente, sendo que era responsabilidade da classe Main lidar com a entrada e saída.",src/filmnow/FilmNow.java,
S31,official_sample,redacted,human,readability_and_documentation,Readability And Documentation,5.0,10,Não documentou os métodos.,src/filmnow/,
S32,official_sample,redacted,human,basic_functionality,Basic Functionality,9.0,10,Atribuir hot a um filme que não existe numa posição válida deveria retornar 'POSIÇÃO INVÁLIDA'.,src/filmnow/FilmNow.java,
S32,official_sample,redacted,human,unit_tests,Unit Tests,8.0,10,"Faltou testar os métodos de listar filmes, listar hotlist, detalhar um filme hot e um filme ex hot.",tests/,
S32,official_sample,redacted,human,class_design,Class Design,10.0,10,Critério atendido.,,
S32,official_sample,redacted,human,object_references,Object References,10.0,10,Critério atendido.,,
S32,official_sample,redacted,human,collections_and_arrays,Collections And Arrays,10.0,10,Critério atendido.,,
S32,official_sample,redacted,human,separation_of_concerns,Separation Of Concerns,8.0,10,As variáveis 'posicao' e 'status' na classe Filme não deveriam estar nela.,src/filmnow/Filme.java,
S32,official_sample,redacted,human,readability_and_documentation,Readability And Documentation,10.0,10,Critério atendido.,,
S33,official_sample,redacted,human,basic_functionality,Basic Functionality,9.0,10,"Nos métodos de Hot, as posições de entrada vão de 1-10, não de 0-9. Em cadastraHotList, não está verificando se a posição na lista de filmes é válida. Em cadastraFilm, se o local é inválido, deve retornar 'FILME INVALIDO'.",src/filmnow/FilmNow.java,
S33,official_sample,redacted,human,unit_tests,Unit Tests,5.0,10,Faltam implementações de testes para os métodos de hotlist.,tests/,
S33,official_sample,redacted,human,class_design,Class Design,10.0,10,Critério atendido.,,
S33,official_sample,redacted,human,object_references,Object References,10.0,10,Critério atendido.,,
S33,official_sample,redacted,human,collections_and_arrays,Collections And Arrays,10.0,10,Critério atendido.,,
S33,official_sample,redacted,human,separation_of_concerns,Separation Of Concerns,9.0,10,A variável booleana 'hot' na classe Filme não deveria estar nela.,src/filmnow/Filme.java,
S33,official_sample,redacted,human,readability_and_documentation,Readability And Documentation,10.0,10,Critério atendido.,,
S34,official_sample,redacted,human,basic_functionality,Basic Functionality,10.0,10,Critério atendido.,,
S34,official_sample,redacted,human,unit_tests,Unit Tests,9.0,10,"Boa cobertura de testes, com pequenas omissões em casos de exibição.",csv_monitor_notes,
S34,official_sample,redacted,human,class_design,Class Design,10.0,10,Critério atendido.,,
S34,official_sample,redacted,human,object_references,Object References,10.0,10,Critério atendido.,,
S34,official_sample,redacted,human,collections_and_arrays,Collections And Arrays,10.0,10,Critério atendido.,,
S34,official_sample,redacted,human,separation_of_concerns,Separation Of Concerns,10.0,10,Critério atendido.,,
S34,official_sample,redacted,human,readability_and_documentation,Readability And Documentation,10.0,10,Critério atendido.,,
S35,official_sample,redacted,human,basic_functionality,Basic Functionality,0.0,10,Nenhuma funcionalidade do sistema foi implementada.,csv_monitor_notes,
S35,official_sample,redacted,human,unit_tests,Unit Tests,0.0,10,Ausência total de testes.,csv_monitor_notes,
S35,official_sample,redacted,human,class_design,Class Design,4.0,10,Estrutura de classes incompleta e insuficiente.,csv_monitor_notes,
S35,official_sample,redacted,human,object_references,Object References,10.0,10,Critério atendido.,,
S35,official_sample,redacted,human,collections_and_arrays,Collections And Arrays,10.0,10,Critério atendido.,,
S35,official_sample,redacted,human,separation_of_concerns,Separation Of Concerns,10.0,10,Critério atendido.,,
S35,official_sample,redacted,human,readability_and_documentation,Readability And Documentation,0.0,10,Ausência de documentação Javadoc.,csv_monitor_notes,
S36,official_sample,redacted,human,basic_functionality,Basic Functionality,9.0,10,O sistema lança NumberFormatException se o usuário deixar o ano vazio na entrada de dados.,src/filmnow/FilmNow.java,
S36,official_sample,redacted,human,unit_tests,Unit Tests,9.5,10,"Suíte de testes quase completa, com uma pequena lacuna em cenários de exibição.",csv_monitor_notes,
S36,official_sample,redacted,human,class_design,Class Design,10.0,10,Critério atendido.,,
S36,official_sample,redacted,human,object_references,Object References,10.0,10,Critério atendido.,,
S36,official_sample,redacted,human,collections_and_arrays,Collections And Arrays,10.0,10,Critério atendido.,,
S36,official_sample,redacted,human,separation_of_concerns,Separation Of Concerns,9.0,10,Acoplamento entre a interface e o retorno dos métodos do controlador.,csv_monitor_notes,
S36,official_sample,redacted,human,readability_and_documentation,Readability And Documentation,10.0,10,Critério atendido.,,
S37,official_sample,redacted,human,basic_functionality,Basic Functionality,9.0,10,Falha na validação de limites em operações de hotlist.,csv_monitor_notes,
S37,official_sample,redacted,human,unit_tests,Unit Tests,9.0,10,"Boa cobertura, mas com lacunas em cenários específicos de hotlist.",csv_monitor_notes,
S37,official_sample,redacted,human,class_design,Class Design,10.0,10,Critério atendido.,,
S37,official_sample,redacted,human,object_references,Object References,9.0,10,Uso incorreto de operadores de igualdade para tipos por referência.,csv_monitor_notes,
S37,official_sample,redacted,human,collections_and_arrays,Collections And Arrays,10.0,10,Critério atendido.,,
S37,official_sample,redacted,human,separation_of_concerns,Separation Of Concerns,9.0,10,Violação de encapsulamento com estado da hotlist em Filme.,csv_monitor_notes,
S37,official_sample,redacted,human,readability_and_documentation,Readability And Documentation,10.0,10,Critério atendido.,,
S38,official_sample,redacted,human,basic_functionality,Basic Functionality,8.5,10,"Uso incorreto de métodos de leitura do Scanner, prejudicando a entrada de dados compostos.",csv_monitor_notes,
S38,official_sample,redacted,human,unit_tests,Unit Tests,10.0,10,Critério atendido.,,
S38,official_sample,redacted,human,class_design,Class Design,9.0,10,O método equals da classe Filme compara o atributo ano (String) usando o operador '==' em vez de '.equals()'.,src/filmnow/Filme.java,
S38,official_sample,redacted,human,object_references,Object References,10.0,10,Critério atendido.,,
S38,official_sample,redacted,human,collections_and_arrays,Collections And Arrays,10.0,10,Critério atendido.,,
S38,official_sample,redacted,human,separation_of_concerns,Separation Of Concerns,8.0,10,Violação de responsabilidades de visualização e encapsulamento.,csv_monitor_notes,
S38,official_sample,redacted,human,readability_and_documentation,Readability And Documentation,10.0,10,Critério atendido.,,
S39,official_sample,redacted,human,basic_functionality,Basic Functionality,9.0,10,"Atribuir hot a um filme que não existe numa posição válida deveria retornar 'POSIÇÃO INVÁLIDA'. No método de remover um filme da hot list, caso não tenha um filme na posição indicada deveria retornar 'POSIÇÃO INVÁLIDA'.",src/filmnow/FilmNow.java,
S39,official_sample,redacted,human,unit_tests,Unit Tests,2.0,10,Só está testando o construtor e o método de exibição de Filme.,tests/,
S39,official_sample,redacted,human,class_design,Class Design,10.0,10,Critério atendido.,,
S39,official_sample,redacted,human,object_references,Object References,10.0,10,Critério atendido.,,
S39,official_sample,redacted,human,collections_and_arrays,Collections And Arrays,5.0,10,Hotlist deveria ser um array na classe FilmNow com apenas 10 posições.,src/filmnow/FilmNow.java,
S39,official_sample,redacted,human,separation_of_concerns,Separation Of Concerns,7.0,10,"As variáveis booleanas 'hot' e 'posicionHot' na classe Filme não deveriam estar nela. A classe filme que deveria ser responsável pela exibição dos seus detalhes, mas o código pega os atributos de Filme diretamente.",src/filmnow/Filme.java | src/filmnow/FilmNow.java,
S39,official_sample,redacted,human,readability_and_documentation,Readability And Documentation,10.0,10,Critério atendido.,,
S40,official_sample,redacted,human,basic_functionality,Basic Functionality,9.0,10,As operações adicionaHotList e removeHotList possuem validações de limite incorretas ou ausentes.,src/filmnow/FilmNow.java,
S40,official_sample,redacted,human,unit_tests,Unit Tests,10.0,10,Critério atendido.,,
S40,official_sample,redacted,human,class_design,Class Design,10.0,10,"Critério atendido, com pequena observação pedagógica sobre encapsulamento.",manual_refinement,
S40,official_sample,redacted,human,object_references,Object References,10.0,10,Critério atendido.,,
S40,official_sample,redacted,human,collections_and_arrays,Collections And Arrays,10.0,10,"Critério atendido, com pequena observação sobre validação de índices.",manual_refinement,
S40,official_sample,redacted,human,separation_of_concerns,Separation Of Concerns,9.0,10,Pequena falha na separação de responsabilidades (já contemplada nas observações de Class Design).,,
S40,official_sample,redacted,human,readability_and_documentation,Readability And Documentation,10.0,10,Critério atendido.,,
S41,official_sample,redacted,human,basic_functionality,Basic Functionality,9.5,10,Faltou implementar a verificação se um filme já está na hotlist antes de adicionar na hotlist. A classe Filme não implementou o método toString() para exibir seus detalhes.,,
S41,official_sample,redacted,human,unit_tests,Unit Tests,9.0,10,Faltou testar a exibição da hotlist e detalhar um filme ex-hot.,,
S41,official_sample,redacted,human,class_design,Class Design,10.0,10,Critério atendido.,,
S41,official_sample,redacted,human,object_references,Object References,9.0,10,O método atribuirHot cria uma nova instância de Filme (new Filme(...)) em vez de armazenar a referência do filme já existente no acervo.,src/filmnow/FilmNow.java,
S41,official_sample,redacted,human,collections_and_arrays,Collections And Arrays,10.0,10,Critério atendido.,,
S41,official_sample,redacted,human,separation_of_concerns,Separation Of Concerns,6.5,10,"A classe Main está executando lógica de negócio, como verificar se um filme existe no método atribuirHot, além de manipular objetos Filme diretamente em vez de usar índices.",,
S41,official_sample,redacted,human,readability_and_documentation,Readability And Documentation,10.0,10,Critério atendido.,,
S42,official_sample,redacted,human,basic_functionality,Basic Functionality,10.0,10,Critério atendido.,,
S42,official_sample,redacted,human,unit_tests,Unit Tests,9.0,10,Faltou testar a exibição da hotlist e detalhar um filme ex-hot.,,
S42,official_sample,redacted,human,class_design,Class Design,9.0,10,O método equals da classe Filme compara o atributo ano (String) usando o operador '==' em vez de '.equals()'.,src/filmnow/Filme.java,
S42,official_sample,redacted,human,object_references,Object References,10.0,10,Critério atendido.,,
S42,official_sample,redacted,human,collections_and_arrays,Collections And Arrays,10.0,10,Critério atendido.,,
S42,official_sample,redacted,human,separation_of_concerns,Separation Of Concerns,9.0,10,"A classe Main está realizando verificações de lógica de negócio, como a validade das posições informadas.",,
S42,official_sample,redacted,human,readability_and_documentation,Readability And Documentation,10.0,10,Critério atendido.,,
S43,official_sample,redacted,human,basic_functionality,Basic Functionality,6.5,10,Não foram implementadas as funcionalidades relacionadas à Hotlist. O método listarFilmes lança NullPointerException por falta de verificação de existência de filme na posição.,,
S43,official_sample,redacted,human,unit_tests,Unit Tests,2.0,10,Os testes não estão em formato executável e não cobrem a classe Filme nem a Hotlist.,,
S43,official_sample,redacted,human,class_design,Class Design,8.0,10,A classe Filme está com o nome incorreto (possivelmente grafia errada ou fora do padrão).,,
S43,official_sample,redacted,human,object_references,Object References,10.0,10,Uso do operador '==' para comparar Strings no método equals da classe Filme.,,
S43,official_sample,redacted,human,collections_and_arrays,Collections And Arrays,10.0,10,Critério atendido.,,
S43,official_sample,redacted,human,separation_of_concerns,Separation Of Concerns,8.0,10,"O método main da classe principal está sobrecarregado com todo o código, em vez de distribuir a lógica em métodos estáticos auxiliares ou na classe de domínio.",,
S43,official_sample,redacted,human,readability_and_documentation,Readability And Documentation,8.0,10,Alguns métodos não seguem o padrão Javadoc.,,
S44,official_sample,redacted,human,basic_functionality,Basic Functionality,9.0,10,Faltou implementar o toString() na classe Filme e o método mostrarFilmes diverge da especificação.,,
S44,official_sample,redacted,human,unit_tests,Unit Tests,0.0,10,Não foram implementados testes unitários.,,
S44,official_sample,redacted,human,class_design,Class Design,10.0,10,Critério atendido.,,
S44,official_sample,redacted,human,object_references,Object References,9.0,10,A inicialização do array da Hotlist ocorre fora do construtor.,,
S44,official_sample,redacted,human,collections_and_arrays,Collections And Arrays,10.0,10,Critério atendido.,,
S44,official_sample,redacted,human,separation_of_concerns,Separation Of Concerns,5.5,10,A variável 'isHot' na classe Filme acopla o domínio à regra de negócio da Hotlist. A classe Main contém verificações de nulidade e prints estão espalhados em outras classes.,,
S44,official_sample,redacted,human,readability_and_documentation,Readability And Documentation,2.0,10,A documentação não está no padrão JavaDoc e carece de clareza e objetividade.,,
S45,official_sample,redacted,human,basic_functionality,Basic Functionality,10.0,10,Critério atendido.,,
S45,official_sample,redacted,human,unit_tests,Unit Tests,8.0,10,Faltou testar o método detalhesString da classe Filme e cenários de filmes na hotlist/ex-hot.,,
S45,official_sample,redacted,human,class_design,Class Design,10.0,10,Critério atendido.,,
S45,official_sample,redacted,human,object_references,Object References,10.0,10,Critério atendido.,,
S45,official_sample,redacted,human,collections_and_arrays,Collections And Arrays,10.0,10,Critério atendido.,,
S45,official_sample,redacted,human,separation_of_concerns,Separation Of Concerns,8.0,10,Lógica de exibição de detalhes de filmes da Hotlist está na classe FilmNow em vez de usar o toString da classe Filme.,,
S45,official_sample,redacted,human,readability_and_documentation,Readability And Documentation,10.0,10,Critério atendido.,,
S46,official_sample,redacted,human,basic_functionality,Basic Functionality,9.0,10,Os métodos atribuirHotFilme e removerHotFilme não verificam se as posições passadas estão dentro dos limites dos arrays antes de acessá-los.,src/filmnow/FilmNow.java,
S46,official_sample,redacted,human,unit_tests,Unit Tests,9.5,10,Faltou testar filme ex-hot.,,
S46,official_sample,redacted,human,class_design,Class Design,10.0,10,Critério atendido.,,
S46,official_sample,redacted,human,object_references,Object References,10.0,10,Critério atendido.,,
S46,official_sample,redacted,human,collections_and_arrays,Collections And Arrays,9.0,10,Erro na indexação (1-100).,,
S46,official_sample,redacted,human,separation_of_concerns,Separation Of Concerns,10.0,10,Critério atendido.,,
S46,official_sample,redacted,human,readability_and_documentation,Readability And Documentation,7.0,10,Não documentou a Filme.,,
S47,official_sample,redacted,human,basic_functionality,Basic Functionality,10.0,10,Critério atendido.,,
S47,official_sample,redacted,human,unit_tests,Unit Tests,9.5,10,Faltou testar o cenário de filme ex-hot.,,
S47,official_sample,redacted,human,class_design,Class Design,10.0,10,Critério atendido.,,
S47,official_sample,redacted,human,object_references,Object References,10.0,10,Critério atendido.,,
S47,official_sample,redacted,human,collections_and_arrays,Collections And Arrays,10.0,10,Critério atendido.,,
S47,official_sample,redacted,human,separation_of_concerns,Separation Of Concerns,7.0,10,A classe Filme guarda sua própria posição na lista geral.,,
S47,official_sample,redacted,human,readability_and_documentation,Readability And Documentation,0.0,10,Ausência total de documentação nas classes.,,
S48,official_sample,redacted,human,basic_functionality,Basic Functionality,8.0,10,"A manipulação do array da HotList utiliza uma variável 'ultimoHot' para empilhar e desempilhar elementos em vez de usar a posição especificada pelo usuário. Além disso, retorno vazio em vez de 'POSIÇÃO INVÁLIDA' para filmes inexistentes.",src/filmnow/FilmNow.java,
S48,official_sample,redacted,human,unit_tests,Unit Tests,7.0,10,Faltou testar hotlist e listagem de filmes.,,
S48,official_sample,redacted,human,class_design,Class Design,9.0,10,Critério atendido ou sem observações específicas.,,
S48,official_sample,redacted,human,object_references,Object References,10.0,10,Uso de '==' para comparação de strings no equals de Filme.,,
S48,official_sample,redacted,human,collections_and_arrays,Collections And Arrays,10.0,10,Critério atendido.,,
S48,official_sample,redacted,human,separation_of_concerns,Separation Of Concerns,8.0,10,O estado 'isHot' está na classe Filme e a Main realiza validações de índices.,,
S48,official_sample,redacted,human,readability_and_documentation,Readability And Documentation,5.0,10,Documentação incompleta ou ausente na classe Filme e FilmNow.,,
S49,official_sample,redacted,human,basic_functionality,Basic Functionality,10,10,Critério atendido.,,
S49,official_sample,redacted,human,unit_tests,Unit Tests,9.0,10,Faltou testar a substituição de filmes na hotlist e a exibição de filme ex-hot.,,
S49,official_sample,redacted,human,class_design,Class Design,10.0,10,Critério atendido.,,
S49,official_sample,redacted,human,object_references,Object References,10.0,10,Critério atendido.,,
S49,official_sample,redacted,human,collections_and_arrays,Collections And Arrays,10.0,10,Critério atendido.,,
S49,official_sample,redacted,human,separation_of_concerns,Separation Of Concerns,8.0,10,A classe FilmNow está formatando os detalhes do filme em vez de chamar o toString.,,
S49,official_sample,redacted,human,readability_and_documentation,Readability And Documentation,10.0,10,Critério atendido.,,
S50,official_sample,redacted,human,basic_functionality,Basic Functionality,10.0,10,Critério atendido.,,
S50,official_sample,redacted,human,unit_tests,Unit Tests,9.5,10,Faltou testar filme ex-hot.,,
S50,official_sample,redacted,human,class_design,Class Design,9.0,10,Uso de '==' para comparação de Strings no método nomeAno.,,
S50,official_sample,redacted,human,object_references,Object References,10.0,10,Critério atendido.,,
S50,official_sample,redacted,human,collections_and_arrays,Collections And Arrays,10.0,10,Critério atendido.,,
S50,official_sample,redacted,human,separation_of_concerns,Separation Of Concerns,9.0,10,Variável 'statusHot' na classe Filme.,,
S50,official_sample,redacted,human,readability_and_documentation,Readability And Documentation,10.0,10,Critério atendido.,,
S51,official_sample,redacted,human,basic_functionality,Basic Functionality,9.0,10,Mensagens de saída divergem da especificação.,,
S51,official_sample,redacted,human,unit_tests,Unit Tests,9.5,10,Faltou testar exibição de filme ex-hot.,,
S51,official_sample,redacted,human,class_design,Class Design,9.0,10,Uso de '==' no equals e divergência nas mensagens de saída.,,
S51,official_sample,redacted,human,object_references,Object References,10.0,10,Critério atendido.,,
S51,official_sample,redacted,human,collections_and_arrays,Collections And Arrays,10.0,10,Critério atendido.,,
S51,official_sample,redacted,human,separation_of_concerns,Separation Of Concerns,9.0,10,Variável 'hot' na classe Filme.,,
S51,official_sample,redacted,human,readability_and_documentation,Readability And Documentation,10.0,10,Critério atendido.,,
S52,official_sample,redacted,human,basic_functionality,Basic Functionality,9.0,10,"O método getFilmes() contém um System.out.println(this.filmes[1].toString()) fixo, imprimindo sempre o segundo filme independentemente do contexto.",src/filmnow/FilmNow.java,
S52,official_sample,redacted,human,unit_tests,Unit Tests,9.0,10,Faltou testar o método equals da classe Filme.,,
S52,official_sample,redacted,human,class_design,Class Design,10.0,10,Critério atendido.,,
S52,official_sample,redacted,human,object_references,Object References,10.0,10,Critério atendido.,,
S52,official_sample,redacted,human,collections_and_arrays,Collections And Arrays,10.0,10,Critério atendido.,,
S52,official_sample,redacted,human,separation_of_concerns,Separation Of Concerns,8.0,10,Variável 'hot' na classe Filme e presença de prints no método getFilmes da FilmNow.,,
S52,official_sample,redacted,human,readability_and_documentation,Readability And Documentation,10.0,10,Critério atendido.,,
S53,official_sample,redacted,human,basic_functionality,Basic Functionality,9.0,10,Uso do operador '==' para comparar strings vazias no cadastro de filmes.,src/filmnow/FilmNow.java,
S53,official_sample,redacted,human,unit_tests,Unit Tests,7.0,10,"Falta de testes para detalhamento de filmes (comum, hot e ex-hot).",,
S53,official_sample,redacted,human,class_design,Class Design,10.0,10,Critério atendido.,,
S53,official_sample,redacted,human,object_references,Object References,10.0,10,Critério atendido.,,
S53,official_sample,redacted,human,collections_and_arrays,Collections And Arrays,9.0,10,Acesso ao array usando índices 1-100.,,
S53,official_sample,redacted,human,separation_of_concerns,Separation Of Concerns,9.0,10,Validações de negócio na classe Main.,,
S53,official_sample,redacted,human,readability_and_documentation,Readability And Documentation,4.0,10,Falta de documentação na classe Filme e FilmNow.,,
S54,official_sample,redacted,human,basic_functionality,Basic Functionality,7.0,10,Funcionalidade comprometida pela falta de modelagem adequada.,,
S54,official_sample,redacted,human,unit_tests,Unit Tests,0.0,10,Não implementou testes.,,
S54,official_sample,redacted,human,class_design,Class Design,6.0,10,Ausência da classe Filme.,,
S54,official_sample,redacted,human,object_references,Object References,10.0,10,Critério atendido.,,
S54,official_sample,redacted,human,collections_and_arrays,Collections And Arrays,10.0,10,Critério atendido.,,
S54,official_sample,redacted,human,separation_of_concerns,Separation Of Concerns,5.0,10,Validações de negócio na Main e ausência de separação de entidades.,,
S54,official_sample,redacted,human,readability_and_documentation,Readability And Documentation,10.0,10,Critério atendido.,,
S55,official_sample,redacted,human,basic_functionality,Basic Functionality,10.0,10,Critério atendido.,,
S55,official_sample,redacted,human,unit_tests,Unit Tests,9.5,10,Faltou testar filme ex-hot.,,
S55,official_sample,redacted,human,class_design,Class Design,9.0,10,Uso de '==' para comparação de strings no equals.,,
S55,official_sample,redacted,human,object_references,Object References,10.0,10,Critério atendido.,,
S55,official_sample,redacted,human,collections_and_arrays,Collections And Arrays,9.0,10,Arrays com tamanho excessivo (101/11) para evitar subtração de índice.,,
S55,official_sample,redacted,human,separation_of_concerns,Separation Of Concerns,10.0,10,Critério atendido.,,
S55,official_sample,redacted,human,readability_and_documentation,Readability And Documentation,10.0,10,Critério atendido.,,
S56,official_sample,redacted,human,basic_functionality,Basic Functionality,9.0,10,"O método adicionarHot valida a posição da HotList usando TAMANHO (100) em vez de 10, não impede duplicatas e removerHot não valida a posição.",src/filmnow/FilmNow.java,
S56,official_sample,redacted,human,unit_tests,Unit Tests,9.0,10,Faltou testar o equals da classe Filme.,,
S56,official_sample,redacted,human,class_design,Class Design,10.0,10,Critério atendido.,,
S56,official_sample,redacted,human,object_references,Object References,10.0,10,Critério atendido.,,
S56,official_sample,redacted,human,collections_and_arrays,Collections And Arrays,10.0,10,Critério atendido.,,
S56,official_sample,redacted,human,separation_of_concerns,Separation Of Concerns,10.0,10,Critério atendido.,,
S56,official_sample,redacted,human,readability_and_documentation,Readability And Documentation,9.0,10,Falta da tag @return em algumas documentações.,,
S57,official_sample,redacted,human,basic_functionality,Basic Functionality,9.0,10,Não há impedimento para adicionar um filme que já está na HotList em outra posição.,src/filmnow/FilmNow.java,
S57,official_sample,redacted,human,unit_tests,Unit Tests,0.0,10,Não implementou testes.,,
S57,official_sample,redacted,human,class_design,Class Design,10.0,10,Critério atendido.,,
S57,official_sample,redacted,human,object_references,Object References,10.0,10,Critério atendido.,,
S57,official_sample,redacted,human,collections_and_arrays,Collections And Arrays,9.0,10,"Inconsistência no uso de índices de array, misturando base 0 e base 1 em acessos diretos.",src/filmnow/FilmNow.java,
S57,official_sample,redacted,human,separation_of_concerns,Separation Of Concerns,7.0,10,Lógica de negócio na classe Main.,,
S57,official_sample,redacted,human,readability_and_documentation,Readability And Documentation,10.0,10,Critério atendido.,,
S58,official_sample,redacted,human,basic_functionality,Basic Functionality,9.0,10,Falta de mensagem 'POSIÇÃO INVÁLIDA' e erro na lógica de atribuirHot (permite adicionar nulos).,,
S58,official_sample,redacted,human,unit_tests,Unit Tests,8.5,10,Faltou testar toString e filme ex-hot.,,
S58,official_sample,redacted,human,class_design,Class Design,10.0,10,Critério atendido.,,
S58,official_sample,redacted,human,object_references,Object References,10.0,10,Critério atendido.,,
S58,official_sample,redacted,human,collections_and_arrays,Collections And Arrays,10.0,10,Critério atendido.,,
S58,official_sample,redacted,human,separation_of_concerns,Separation Of Concerns,10.0,10,Critério atendido.,,
S58,official_sample,redacted,human,readability_and_documentation,Readability And Documentation,7.0,10,Falta de documentação na Filme.,,
S59,official_sample,redacted,human,basic_functionality,Basic Functionality,8.0,10,Permite duplicados silenciosamente e erro de decremento duplo de índice.,,
S59,official_sample,redacted,human,unit_tests,Unit Tests,8.0,10,Faltou testar listagem de filmes e hotlist.,,
S59,official_sample,redacted,human,class_design,Class Design,10.0,10,Critério atendido.,,
S59,official_sample,redacted,human,object_references,Object References,10.0,10,Critério atendido.,,
S59,official_sample,redacted,human,collections_and_arrays,Collections And Arrays,10.0,10,Critério atendido.,,
S59,official_sample,redacted,human,separation_of_concerns,Separation Of Concerns,6.0,10,Atributos e métodos de validação de índice na Filme e lógica de hotlist na Main.,,
S59,official_sample,redacted,human,readability_and_documentation,Readability And Documentation,10.0,10,Critério atendido.,,
S60,official_sample,redacted,human,basic_functionality,Basic Functionality,9.0,10,Falta de validação de índice na hotlist.,,
S60,official_sample,redacted,human,unit_tests,Unit Tests,6.0,10,"Faltou testar equals, hotlist e listagem.",,
S60,official_sample,redacted,human,class_design,Class Design,9.0,10,Uso de '==' no equals.,,
S60,official_sample,redacted,human,object_references,Object References,10.0,10,Critério atendido.,,
S60,official_sample,redacted,human,collections_and_arrays,Collections And Arrays,10.0,10,Critério atendido.,,
S60,official_sample,redacted,human,separation_of_concerns,Separation Of Concerns,9.0,10,Variável 'hotlist' na Filme.,,
S60,official_sample,redacted,human,readability_and_documentation,Readability And Documentation,10.0,10,Critério atendido.,,
S61,official_sample,redacted,human,basic_functionality,Basic Functionality,8.5,10,"O sistema impede a sobrescrita de um filme em uma posição já ocupada retornando 'POSIÇÃO OCUPADA!', contrariando o requisito. Além disso, a verificação de duplicidade considera apenas o nome, ignorando o ano de lançamento.",src/filmnow/FilmNow.java,
S61,official_sample,redacted,human,unit_tests,Unit Tests,8.0,10,Faltou testar detalhamento de filmes hot e ex-hot.,,
S61,official_sample,redacted,human,class_design,Class Design,10.0,10,Critério atendido.,,
S61,official_sample,redacted,human,object_references,Object References,10.0,10,Critério atendido.,,
S61,official_sample,redacted,human,collections_and_arrays,Collections And Arrays,10.0,10,Critério atendido.,,
S61,official_sample,redacted,human,separation_of_concerns,Separation Of Concerns,5.0,10,Lógica de negócio (detalhamento) na classe Main.,,
S61,official_sample,redacted,human,readability_and_documentation,Readability And Documentation,10.0,10,Critério atendido.,,
S62,official_sample,redacted,human,basic_functionality,Basic Functionality,9.0,10,As operações de adicionar e remover da HotList não validam se a posição informada está dentro do limite permitido (1 a 10).,src/filmnow/FilmNow.java,
S62,official_sample,redacted,human,unit_tests,Unit Tests,9.0,10,Faltou testar detalhadamente a sobrescrita em listas e hotlist.,,
S62,official_sample,redacted,human,class_design,Class Design,9.0,10,Hash e equals usam campos além de nome e ano.,,
S62,official_sample,redacted,human,object_references,Object References,10.0,10,Critério atendido.,,
S62,official_sample,redacted,human,collections_and_arrays,Collections And Arrays,9.0,10,Erro na indexação e tamanho dos arrays.,,
S62,official_sample,redacted,human,separation_of_concerns,Separation Of Concerns,9.0,10,Lógica de verificação de hotlist na Main.,,
S62,official_sample,redacted,human,readability_and_documentation,Readability And Documentation,7.0,10,Não documentou a classe Filme.,,
S63,official_sample,redacted,human,basic_functionality,Basic Functionality,10.0,10,Critério atendido.,,
S63,official_sample,redacted,human,unit_tests,Unit Tests,4.0,10,"Ausência de testes para Filme, Hotlist e listagem.",,
S63,official_sample,redacted,human,class_design,Class Design,9.0,10,Erro no hash/equals.,,
S63,official_sample,redacted,human,object_references,Object References,10.0,10,Critério atendido.,,
S63,official_sample,redacted,human,collections_and_arrays,Collections And Arrays,10.0,10,Critério atendido.,,
S63,official_sample,redacted,human,separation_of_concerns,Separation Of Concerns,9.0,10,Variável 'ehHot' na Filme.,,
S63,official_sample,redacted,human,readability_and_documentation,Readability And Documentation,7.0,10,Não documentou a Filme.,,
S64,official_sample,redacted,human,basic_functionality,Basic Functionality,9.0,10,O método getFilmes ignora o filme da posição 1 (índice 0) e exibe o índice interno do array em vez da posição amigável ao usuário.,src/filmnow/FilmNow.java,
S64,official_sample,redacted,human,unit_tests,Unit Tests,7.0,10,Não testou hotlist e listagem.,,
S64,official_sample,redacted,human,class_design,Class Design,10.0,10,Critério atendido.,,
S64,official_sample,redacted,human,object_references,Object References,9.0,10,"No método removeHot, o código tenta limpar o status do filme acessando filmes[posicao], usando o índice da HotList no array principal.",src/filmnow/FilmNow.java,
S64,official_sample,redacted,human,collections_and_arrays,Collections And Arrays,9.0,10,"A condição do laço for no método mostrarHot está invertida (i > hotList.length com i iniciando em 0), nunca executando o corpo do laço.",src/filmnow/FilmNow.java,
S64,official_sample,redacted,human,separation_of_concerns,Separation Of Concerns,9.0,10,Variável 'hot' na Filme.,,
S64,official_sample,redacted,human,readability_and_documentation,Readability And Documentation,10.0,10,Critério atendido.,,
S65,official_sample,redacted,human,basic_functionality,Basic Functionality,10.0,10,Critério atendido.,,
S65,official_sample,redacted,human,unit_tests,Unit Tests,8.5,10,Faltou testar toString e filme ex-hot.,,
S65,official_sample,redacted,human,class_design,Class Design,10.0,10,Critério atendido.,,
S65,official_sample,redacted,human,object_references,Object References,10.0,10,Critério atendido.,,
S65,official_sample,redacted,human,collections_and_arrays,Collections And Arrays,10.0,10,Critério atendido.,,
S65,official_sample,redacted,human,separation_of_concerns,Separation Of Concerns,10.0,10,Critério atendido.,,
S65,official_sample,redacted,human,readability_and_documentation,Readability And Documentation,10.0,10,Critério atendido.,,
S66,official_sample,redacted,human,basic_functionality,Basic Functionality,9.0,10,O método descreveFilme não utiliza o toString da classe Filme e faltam validações de posição na Hotlist.,,
S66,official_sample,redacted,human,unit_tests,Unit Tests,7.0,10,Faltam testes para cenários de erro da Hotlist e os nomes dos métodos de teste não são descritivos.,,
S66,official_sample,redacted,human,class_design,Class Design,10.0,10,Critério atendido.,,
S66,official_sample,redacted,human,object_references,Object References,10.0,10,Critério atendido.,,
S66,official_sample,redacted,human,collections_and_arrays,Collections And Arrays,10.0,10,Critério atendido.,,
S66,official_sample,redacted,human,separation_of_concerns,Separation Of Concerns,7.0,10,A classe Main está realizando verificações de negócio (estado na hotlist).,,
S66,official_sample,redacted,human,readability_and_documentation,Readability And Documentation,10.0,10,Critério atendido.,,
S67,official_sample,redacted,human,basic_functionality,Basic Functionality,9.0,10,NullPointerException no método equals da classe Filme quando o atributo ano é nulo.,src/filmnow/Filme.java,
S67,official_sample,redacted,human,unit_tests,Unit Tests,9.5,10,Faltou testar a exibição de filme ex-hot.,,
S67,official_sample,redacted,human,class_design,Class Design,10.0,10,Critério atendido.,,
S67,official_sample,redacted,human,object_references,Object References,10.0,10,Critério atendido.,,
S67,official_sample,redacted,human,collections_and_arrays,Collections And Arrays,10.0,10,Critério atendido.,,
S67,official_sample,redacted,human,separation_of_concerns,Separation Of Concerns,8.0,10,A variável booleana 'hot' está declarada na classe Filme.,,
S67,official_sample,redacted,human,readability_and_documentation,Readability And Documentation,10.0,10,Critério atendido.,,
S68,official_sample,redacted,human,basic_functionality,Basic Functionality,10.0,10,Critério atendido.,,
S68,official_sample,redacted,human,unit_tests,Unit Tests,7.0,10,Não testou hotlist e listagem.,,
S68,official_sample,redacted,human,class_design,Class Design,9.0,10,Ausência do método hashCode na Filme.,,
S68,official_sample,redacted,human,object_references,Object References,10.0,10,Critério atendido.,,
S68,official_sample,redacted,human,collections_and_arrays,Collections And Arrays,10.0,10,Critério atendido.,,
S68,official_sample,redacted,human,separation_of_concerns,Separation Of Concerns,9.0,10,Atributo 'posição' na Filme.,,
S68,official_sample,redacted,human,readability_and_documentation,Readability And Documentation,10.0,10,Critério atendido.,,
S69,official_sample,redacted,human,basic_functionality,Basic Functionality,9.0,10,Os métodos de manipulação da HotList não verificam se o filme na posição solicitada é nulo antes de acessar seus métodos.,src/filmnow/FilmNow.java,
S69,official_sample,redacted,human,unit_tests,Unit Tests,4.5,10,Não testou a classe Filme nem os métodos da hotlist.,,
S69,official_sample,redacted,human,class_design,Class Design,9.0,10,Variáveis inicializadas fora do construtor na classe Filme.,,
S69,official_sample,redacted,human,object_references,Object References,10.0,10,Critério atendido.,,
S69,official_sample,redacted,human,collections_and_arrays,Collections And Arrays,10.0,10,Critério atendido.,,
S69,official_sample,redacted,human,separation_of_concerns,Separation Of Concerns,9.0,10,Variável 'hot' na classe Filme.,,
S69,official_sample,redacted,human,readability_and_documentation,Readability And Documentation,10.0,10,Critério atendido.,,
S70,official_sample,redacted,human,basic_functionality,Basic Functionality,10.0,10,Critério atendido.,,
S70,official_sample,redacted,human,unit_tests,Unit Tests,9.5,10,Faltou testar exibição de filme ex-hot.,,
S70,official_sample,redacted,human,class_design,Class Design,10.0,10,Critério atendido.,,
S70,official_sample,redacted,human,object_references,Object References,10.0,10,Critério atendido.,,
S70,official_sample,redacted,human,collections_and_arrays,Collections And Arrays,10.0,10,Critério atendido.,,
S70,official_sample,redacted,human,separation_of_concerns,Separation Of Concerns,9.0,10,Presença da variável 'hot' na classe Filme.,,
S70,official_sample,redacted,human,readability_and_documentation,Readability And Documentation,10.0,10,Critério atendido.,,
S71,official_sample,redacted,human,basic_functionality,Basic Functionality,10.0,10,Critério atendido.,,
S71,official_sample,redacted,human,unit_tests,Unit Tests,10.0,10,Critério atendido.,,
S71,official_sample,redacted,human,class_design,Class Design,10.0,10,Critério atendido.,,
S71,official_sample,redacted,human,object_references,Object References,10.0,10,Critério atendido.,,
S71,official_sample,redacted,human,collections_and_arrays,Collections And Arrays,9.0,10,Uso de índices 1-100 sem ajuste para 0-99 no acesso ao array.,,
S71,official_sample,redacted,human,separation_of_concerns,Separation Of Concerns,8.0,10,Variável 'hot' na classe Filme e lógica de negócio na Main.,,
S71,official_sample,redacted,human,readability_and_documentation,Readability And Documentation,10.0,10,Critério atendido.,,
S72,official_sample,redacted,human,basic_functionality,Basic Functionality,9.0,10,Falta de validação de índice nos métodos da Hotlist.,,
S72,official_sample,redacted,human,unit_tests,Unit Tests,7.0,10,Faltou testar o equals e os métodos da hotlist.,,
S72,official_sample,redacted,human,class_design,Class Design,9.0,10,Uso de '==' para comparação de strings no equals da Filme.,,
S72,official_sample,redacted,human,object_references,Object References,10.0,10,Critério atendido.,,
S72,official_sample,redacted,human,collections_and_arrays,Collections And Arrays,10.0,10,Critério atendido.,,
S72,official_sample,redacted,human,separation_of_concerns,Separation Of Concerns,9.0,10,Variável 'hotList' na classe Filme.,,
S72,official_sample,redacted,human,readability_and_documentation,Readability And Documentation,10.0,10,Critério atendido.,,
S73,official_sample,redacted,human,basic_functionality,Basic Functionality,7.0,10,Mensagens de retorno em desacordo com a especificação (métodos retornando void).,,
S73,official_sample,redacted,human,unit_tests,Unit Tests,5.0,10,Testes insuficientes ou ausentes para a estrutura implementada.,,
S73,official_sample,redacted,human,class_design,Class Design,6.0,10,Ausência da classe Filme; os dados são armazenados em uma matriz.,,
S73,official_sample,redacted,human,object_references,Object References,7.0,10,Tamanho incorreto da Hotlist e ausência de composição com objetos Filme.,,
S73,official_sample,redacted,human,collections_and_arrays,Collections And Arrays,10.0,10,Critério atendido.,,
S73,official_sample,redacted,human,separation_of_concerns,Separation Of Concerns,8.0,10,Critério atendido ou sem observações específicas.,,
S73,official_sample,redacted,human,readability_and_documentation,Readability And Documentation,6.0,10,Documentação pobre e simplificada.,,
S74,official_sample,redacted,human,basic_functionality,Basic Functionality,9,10,Saída do método de detalhar filme incorreta.,,
S74,official_sample,redacted,human,unit_tests,Unit Tests,0.0,10,Não implementou testes.,,
S74,official_sample,redacted,human,class_design,Class Design,9.0,10,Hash e equals implementados incorretamente (deveriam usar apenas nome e ano).,,
S74,official_sample,redacted,human,object_references,Object References,10.0,10,Critério atendido.,,
S74,official_sample,redacted,human,collections_and_arrays,Collections And Arrays,10.0,10,Critério atendido.,,
S74,official_sample,redacted,human,separation_of_concerns,Separation Of Concerns,7.0,10,Prints fora da classe Main.,,
S74,official_sample,redacted,human,readability_and_documentation,Readability And Documentation,0.0,10,Não documentou as classes.,,
S75,official_sample,redacted,human,basic_functionality,Basic Functionality,8.5,10,Uso do operador '!=' para comparar strings e as operações da HotList não retornam as mensagens de erro exigidas pelo enunciado.,src/filmnow/FilmNow.java,
S75,official_sample,redacted,human,unit_tests,Unit Tests,10.0,10,Critério atendido.,,
S75,official_sample,redacted,human,class_design,Class Design,10.0,10,Critério atendido.,,
S75,official_sample,redacted,human,object_references,Object References,10.0,10,Critério atendido.,,
S75,official_sample,redacted,human,collections_and_arrays,Collections And Arrays,9.0,10,O método acessa filmes[posicaoFilme-1] antes de verificar se posicaoFilme é um índice válido (entre 1 e 100).,src/filmnow/FilmNow.java,
S75,official_sample,redacted,human,separation_of_concerns,Separation Of Concerns,7.0,10,Formatação da hotlist na FilmNow e validações de existência na Main.,,
S75,official_sample,redacted,human,readability_and_documentation,Readability And Documentation,5.0,10,Documentação confusa ou ausente na classe Filme.,,
S76,official_sample,redacted,human,basic_functionality,Basic Functionality,9.0,10,Falta de retorno ao usuário em operações bem-sucedidas (ex: remover hot).,,
S76,official_sample,redacted,human,unit_tests,Unit Tests,2.0,10,Testes muito limitados (só adição em FilmNow).,,
S76,official_sample,redacted,human,class_design,Class Design,10.0,10,Critério atendido.,,
S76,official_sample,redacted,human,object_references,Object References,10.0,10,Critério atendido.,,
S76,official_sample,redacted,human,collections_and_arrays,Collections And Arrays,10.0,10,Critério atendido.,,
S76,official_sample,redacted,human,separation_of_concerns,Separation Of Concerns,7.0,10,Prints fora da classe Main.,,
S76,official_sample,redacted,human,readability_and_documentation,Readability And Documentation,5.0,10,Não documentou a classe Filme nem os métodos da hotlist.,,
S77,official_sample,redacted,human,basic_functionality,Basic Functionality,9.0,10,Uso de '==' para comparar Strings ao verificar se nome e local são vazios.,src/filmnow/FilmNow.java,
S77,official_sample,redacted,human,unit_tests,Unit Tests,4.0,10,Não testou a classe Filme nem a Hotlist.,,
S77,official_sample,redacted,human,class_design,Class Design,10.0,10,Critério atendido.,,
S77,official_sample,redacted,human,object_references,Object References,9.0,10,A HotList foi implementada como um array de Strings (nomes dos filmes) em vez de um array de referências para objetos Filme.,src/filmnow/FilmNow.java,
S77,official_sample,redacted,human,collections_and_arrays,Collections And Arrays,9.0,10,Confusão de índices na manipulação da HotList: o código acessa o array 'filmes' usando o índice de destino da HotList em vez do índice de origem do filme.,src/filmnow/FilmNow.java,
S77,official_sample,redacted,human,separation_of_concerns,Separation Of Concerns,8.0,10,Ausência do método toString() na Filme.,,
S77,official_sample,redacted,human,readability_and_documentation,Readability And Documentation,3.0,10,Documentação ruim e incompleta.,,
S78,official_sample,redacted,human,basic_functionality,Basic Functionality,9.0,10,Permite cadastro de filmes duplicados.,,
S78,official_sample,redacted,human,unit_tests,Unit Tests,10.0,10,Critério atendido.,,
S78,official_sample,redacted,human,class_design,Class Design,10.0,10,Critério atendido.,,
S78,official_sample,redacted,human,object_references,Object References,10.0,10,Critério atendido.,,
S78,official_sample,redacted,human,collections_and_arrays,Collections And Arrays,9.0,10,"O método cadastraHot decrementa a posição e depois chama removerHot, que decrementa novamente, resultando em double-decrement.",src/filmnow/FilmNow.java,
S78,official_sample,redacted,human,separation_of_concerns,Separation Of Concerns,9.0,10,Atributo 'posição' na classe Filme.,,
S78,official_sample,redacted,human,readability_and_documentation,Readability And Documentation,10.0,10,Critério atendido.,,
S79,official_sample,redacted,human,basic_functionality,Basic Functionality,8.0,10,Falha na implementação da estrutura da Hotlist e indexação.,,
S79,official_sample,redacted,human,unit_tests,Unit Tests,7.0,10,Faltou testar listagens.,,
S79,official_sample,redacted,human,class_design,Class Design,9.0,10,HashCode/Equals com campos excessivos.,,
S79,official_sample,redacted,human,object_references,Object References,10.0,10,Critério atendido.,,
S79,official_sample,redacted,human,collections_and_arrays,Collections And Arrays,9.0,10,Hotlist não é um array de 10 e erro de indexação (0-based).,,
S79,official_sample,redacted,human,separation_of_concerns,Separation Of Concerns,9.0,10,Variáveis 'posicao' e 'hot' na Filme.,,
S79,official_sample,redacted,human,readability_and_documentation,Readability And Documentation,10.0,10,Critério atendido.,,
S80,official_sample,redacted,human,basic_functionality,Basic Functionality,9.0,10,Tentar adicionar à HotList uma posição do acervo que está vazia (null) causa NullPointerException.,src/filmnow/FilmNow.java,
S80,official_sample,redacted,human,unit_tests,Unit Tests,9.5,10,Faltou testar filme ex-hot.,,
S80,official_sample,redacted,human,class_design,Class Design,10.0,10,Critério atendido.,,
S80,official_sample,redacted,human,object_references,Object References,10.0,10,Critério atendido.,,
S80,official_sample,redacted,human,collections_and_arrays,Collections And Arrays,10.0,10,Critério atendido.,,
S80,official_sample,redacted,human,separation_of_concerns,Separation Of Concerns,9.0,10,Variável 'hot' na Filme.,,
S80,official_sample,redacted,human,readability_and_documentation,Readability And Documentation,10.0,10,Critério atendido.,,
S81,official_sample,redacted,human,basic_functionality,Basic Functionality,8.0,10,Falta de validação de índice na hotlist e NullPointerException ao detalhar posição vazia no acervo.,src/filmnow/FilmNow.java,
S81,official_sample,redacted,human,unit_tests,Unit Tests,4.0,10,"Faltam diversos testes (construtor, getters, sobrescrita, listagem, hotlist).",,
S81,official_sample,redacted,human,class_design,Class Design,10.0,10,Critério atendido.,,
S81,official_sample,redacted,human,object_references,Object References,10.0,10,Critério atendido.,,
S81,official_sample,redacted,human,collections_and_arrays,Collections And Arrays,10.0,10,Critério atendido.,,
S81,official_sample,redacted,human,separation_of_concerns,Separation Of Concerns,9.0,10,Variável 'isHot' na Filme.,,
S81,official_sample,redacted,human,readability_and_documentation,Readability And Documentation,10.0,10,Critério atendido.,,
S82,official_sample,redacted,human,basic_functionality,Basic Functionality,6.0,10,Falta de validação de dados obrigatórios (nome/local vazios).,,
S82,official_sample,redacted,human,unit_tests,Unit Tests,0.0,10,Não implementou testes.,,
S82,official_sample,redacted,human,class_design,Class Design,10.0,10,Critério atendido.,,
S82,official_sample,redacted,human,object_references,Object References,10.0,10,Critério atendido.,,
S82,official_sample,redacted,human,collections_and_arrays,Collections And Arrays,9.0,10,Erro na indexação (1-100).,,
S82,official_sample,redacted,human,separation_of_concerns,Separation Of Concerns,10.0,10,Critério atendido.,,
S82,official_sample,redacted,human,readability_and_documentation,Readability And Documentation,10.0,10,Critério atendido.,,
S83,official_sample,redacted,human,basic_functionality,Basic Functionality,9.0,10,O método adicionaHotList não valida se a posição informada está dentro dos limites (1 a 10).,src/filmnow/FilmNow.java,
S83,official_sample,redacted,human,unit_tests,Unit Tests,7.0,10,Faltou testar hotlist e listagem.,,
S83,official_sample,redacted,human,class_design,Class Design,10.0,10,Critério atendido.,,
S83,official_sample,redacted,human,object_references,Object References,10.0,10,Critério atendido.,,
S83,official_sample,redacted,human,collections_and_arrays,Collections And Arrays,9.0,10,"No método removeHotList, o código usa a posição da HotList para acessar o array principal de filmes.",src/filmnow/FilmNow.java,
S83,official_sample,redacted,human,separation_of_concerns,Separation Of Concerns,9.0,10,Variável 'hot' na Filme.,,
S83,official_sample,redacted,human,readability_and_documentation,Readability And Documentation,10.0,10,Critério atendido.,,
S84,official_sample,redacted,human,basic_functionality,Basic Functionality,9.0,10,Acesso inconsistente a posições na hotlist.,,
S84,official_sample,redacted,human,unit_tests,Unit Tests,7.0,10,Faltou testar hotlist e listagem.,,
S84,official_sample,redacted,human,class_design,Class Design,9.0,10,Erro no hash/equals.,,
S84,official_sample,redacted,human,object_references,Object References,10.0,10,Critério atendido.,,
S84,official_sample,redacted,human,collections_and_arrays,Collections And Arrays,10.0,10,Critério atendido.,,
S84,official_sample,redacted,human,separation_of_concerns,Separation Of Concerns,10.0,10,Critério atendido.,,
S84,official_sample,redacted,human,readability_and_documentation,Readability And Documentation,10.0,10,Critério atendido.,,
S01,official_sample,redacted,llm,basic_functionality,Basic Functionality,5,10,"Há implementação real para cadastrar filmes, armazená-los em posições 1 a 100 e exibir alguns caminhos básicos pela interface. Porém, a funcionalidade fica apenas parcialmente correta: a adição falha em validações importantes, o detalhamento exigido pelo sistema está incoerente, e a HotList não fecha corretamente os casos de remoção, substituição, detalhamento hot e posições sem filme.","src/filmnow/FilmNow.java: construtor, atributos `Filme[] filmes` e `Filme[] hotList` | src/filmnow/FilmNow.java: método `cadastraFilme(int, String, String, String)` | src/filmnow/MainFilmNow.java: métodos `mostrarFilmes`, `detalharFilme`, `adicionaFilmeHotList`, `mostrarHotList`, `removeFilmeHotList` | src/filmnow/FilmNow.java: métodos `cadastraFilmeHotList` e `removeHotList` | src/filmnow/FilmNow.java: método `cadastraFilme` | src/filmnow/Filme.java: método `equals` | src/filmnow/MainFilmNow.java: método `adicionaFilme` | src/filmnow/FilmNow.java: método `detalharFilme(String nome)` | src/filmnow/FilmNow.java: método `getFilme(int posicao)` | src/filmnow/MainFilmNow.java: método `detalharFilme` | src/filmnow/FilmNow.java: método `cadastraFilmeHotList` | src/filmnow/FilmNow.java: método `removeHotList` | src/filmnow/MainFilmNow.java: método `mostrarHotList` | src/filmnow/Filme.java: métodos `setHot` e `setEhHot`",high
S01,official_sample,redacted,llm,unit_tests,Unit Tests,0,10,"Não há arquivos de teste na submissão. Assim, não há evidência de testes JUnit para `Filme` nem para `FilmNow`, apesar de o enunciado exigir testes para as classes com lógica testável.","Pacote informado: `Test file count (not for grading): 0` | Árvore de arquivos enviada contém apenas `src/filmnow/Filme.java`, `FilmNow.java`, `LeitorFilmNow.java` e `MainFilmNow.java` | Árvore de arquivos da submissão | Metadados do pacote: contagem de testes igual a 0",high
S01,official_sample,redacted,llm,class_design,Class Design,8,10,"A submissão cria uma classe `Filme` e modifica `FilmNow` para compor objetos `Filme`, além de manter uma classe de interface com menu modularizado. Isso demonstra a estrutura central esperada. As perdas vêm de inconsistências de modelagem em `FilmNow` e de alguns comportamentos essenciais de `Filme` implementados de forma frágil.","src/filmnow/Filme.java: classe `Filme` | src/filmnow/FilmNow.java: atributos `private Filme[] filmes` e `private Filme[] hotList` | src/filmnow/MainFilmNow.java: métodos `menu`, `comando`, `mostrarFilmes`, `adicionaFilme`, `detalharFilme` | src/filmnow/FilmNow.java: atributos `int posicao`, `String nome`, `int ano`, `String local` | src/filmnow/FilmNow.java: métodos `getPosicao`, `setPosicao`, `getNome`, `setNome`, `getAno`, `setAno`, `getLocal`, `setLocal`, `detalharFilme` | src/filmnow/Filme.java: métodos `equals`, `hashCode`, `setEhHot`, `toString`",high
S01,official_sample,redacted,llm,object_references,Object References and Composition,8,10,"O código usa objetos `Filme` e compõe esses objetos dentro de `FilmNow`, com criação adequada no cadastro e referências compartilhadas na HotList. Há, contudo, fragilidades de encapsulamento e de manutenção do estado associado às referências hot.","src/filmnow/FilmNow.java: método `cadastraFilme` | src/filmnow/FilmNow.java: atributos `filmes` e `hotList` | src/filmnow/FilmNow.java: método `cadastraFilmeHotList` | src/filmnow/MainFilmNow.java: métodos estáticos da interface | src/filmnow/FilmNow.java: métodos `getHotList`, `setFilmes`, `setHotList` | src/filmnow/FilmNow.java: métodos `cadastraFilmeHotList` e `removeHotList` | src/filmnow/Filme.java: atributo `ehHot` e método `setHot`",high
S01,official_sample,redacted,llm,collections_and_arrays,Collections and Arrays,8,10,"As estruturas principais respeitam os limites de 100 filmes e 10 itens na HotList, usando arrays fixos de objetos `Filme`. A pontuação não é máxima porque há inconsistência de contrato de índices e algumas operações de acesso às estruturas não validam adequadamente posições vazias ou inválidas.",src/filmnow/FilmNow.java: constantes `TAMANHO` e `TAMANHOHOTLIST`` | src/filmnow/FilmNow.java: construtor | src/filmnow/FilmNow.java: método `cadastraFilme` | src/filmnow/MainFilmNow.java: métodos `mostrarFilmes` e `mostrarHotList` | src/filmnow/FilmNow.java: método `getFilme` | src/filmnow/MainFilmNow.java: método `detalharFilme` | src/filmnow/FilmNow.java: método `cadastraFilmeHotList`,high
S01,official_sample,redacted,llm,separation_of_concerns,Separation of Concerns,6.5,10,"Existe alguma separação: `MainFilmNow` cuida da interação, `FilmNow` cadastra e gerencia arrays, e `Filme` guarda dados e possui `toString`. Porém, a lógica de apresentação/listagem e parte da recuperação de filmes ficam espalhadas na interface, enquanto `FilmNow` não oferece métodos coerentes para listagem e detalhamento conforme o contrato.","src/filmnow/MainFilmNow.java: métodos `menu`, `comando`, `adicionaFilme`, `mostrarFilmes`, `detalharFilme` | src/filmnow/FilmNow.java: métodos `cadastraFilme`, `cadastraFilmeHotList`, `removeHotList` | src/filmnow/Filme.java: método `toString` | src/filmnow/MainFilmNow.java: métodos `mostrarFilmes`, `detalharFilme`, `mostrarHotList` | src/filmnow/FilmNow.java: ausência de método funcional de listagem | src/filmnow/MainFilmNow.java: métodos `formataFilme`, `mostrarFilmes`, `mostrarHotList`",high
S01,official_sample,redacted,llm,readability_and_documentation,Readability and Documentation,7,10,"O código é em geral legível, usa nomes majoritariamente compreensíveis e possui Javadocs em quase todos os métodos públicos. A nota cai por documentação e nomes incorretos ou genéricos, comentários pouco profissionais e excesso de métodos/atributos que confundem o papel das classes.","src/filmnow/Filme.java: Javadocs da classe e métodos | src/filmnow/FilmNow.java: Javadocs da classe e métodos | src/filmnow/MainFilmNow.java: Javadocs e divisão em métodos auxiliares | src/filmnow/Filme.java: método `setEhHot` | src/filmnow/LeitorFilmNow.java: método `carregaContatos` | src/filmnow/MainFilmNow.java: Javadoc de `formataFilme` | src/filmnow/FilmNow.java: atributos `posicao`, `nome`, `ano`, `local` | src/filmnow/FilmNow.java: métodos `equals`, `hashCode`, getters e setters associados",high
S02,official_sample,redacted,llm,basic_functionality,Basic Functionality,8,10,"As funcionalidades centrais estão majoritariamente implementadas: cadastro com validações principais, detalhamento, listagem via interface e operações da HotList. As perdas vêm de falhas funcionais localizadas, principalmente na forma de listar/expor filmes, em um caso de duplicidade com ano vazio e no retorno de posição vazia em detalhamento.","src/filmnow/FilmNow.java: método cadastraFilme | src/filmnow/FilmNow.java: métodos detalhaFilme, atribuirHot, removerHot, exibirHot | src/filmnow/Filme.java: métodos getNomeAno, toString, confereExistencia | src/filmnow/MainFilmNow.java: métodos mostrarFilmes, detalharFilme | src/filmnow/MainFilmNow.java: método mostrarFilmes | src/filmnow/FilmNow.java: ausência de método público específico para listar todos os filmes | src/filmnow/Filme.java: método getNomeAno | src/filmnow/Filme.java: método confereExistencia | src/filmnow/FilmNow.java: método detalhaFilme | src/filmnow/MainFilmNow.java: método detalharFilme",medium
S02,official_sample,redacted,llm,unit_tests,Unit Tests,7,10,"Há uma suíte ampla para Filme e FilmNow, cobrindo muitos casos limite de cadastro, detalhamento e HotList. Entretanto, duas classes de teste submetidas falham explicitamente, a listagem de todos os filmes quase não é testada como funcionalidade, e alguns testes importantes são fracos ou incompletos.",filmnow/filmnow/FilmeTest.java | filmnow/filmnow/FilmNowTest.java | filmnow/filmnow/LeitorFilmNowTest.java | filmnow/filmnow/MainFilmNowTest.java | filmnow/filmnow/LeitorFilmNowTest.java: método test | filmnow/filmnow/MainFilmNowTest.java: método test | filmnow/filmnow/FilmNowTest.java: testes testGetFilmesArray e ausência de teste específico de mostrar todos | filmnow/filmnow/FilmNowTest.java: método testCadastraFilmeEmPosicaoOcupada,medium
S02,official_sample,redacted,llm,class_design,Class Design,6.5,10,"A submissão criou uma classe Filme com atributos, equals, hashCode e representações textuais, manteve FilmNow como classe de sistema e modularizou a interface. A principal falha de design é que FilmNow não usa Filme como entidade persistente: armazena strings formatadas, o que enfraquece a composição esperada no laboratório.",src/filmnow/Filme.java | src/filmnow/FilmNow.java | src/filmnow/MainFilmNow.java | src/filmnow/LeitorFilmNow.java | src/filmnow/FilmNow.java: atributos filmes e hotlist | src/filmnow/FilmNow.java: método cadastraFilme | src/filmnow/Filme.java: método confereExistencia,medium
S02,official_sample,redacted,llm,object_references,Object References and Composition,5,10,"Há criação de objetos FilmNow e Filme, mas o uso de referências fica incompleto porque os filmes cadastrados e a HotList são mantidos como strings, não como objetos compartilhados ou referências a Filme. Isso compromete o objetivo conceitual de composição do laboratório.","src/filmnow/MainFilmNow.java: método main | src/filmnow/FilmNow.java: construtor, atributos, método cadastraFilme | src/filmnow/Filme.java: métodos estáticos entradasValidasNome, entradasValidasLocal, confereExistencia | src/filmnow/FilmNow.java: atributos String[] filmes e String[] hotlist | src/filmnow/FilmNow.java: método atribuirHot | src/filmnow/Filme.java: métodos entradasValidasNome, entradasValidasLocal, confereExistencia",medium
S02,official_sample,redacted,llm,collections_and_arrays,Collections and Arrays,8,10,"A submissão usa arrays com tamanhos corretos para os 100 filmes e 10 itens da HotList, converte posições de usuário para índice interno e valida limites. A perda decorre da escolha de armazenar strings formatadas nos arrays, o que torna a estrutura menos adequada e provoca dependência de parsing.","src/filmnow/FilmNow.java: atributos filmes e hotlist | src/filmnow/FilmNow.java: métodos getFilmes, getHotList, cadastraFilme, detalhaFilme, atribuirHot, removerHot | src/filmnow/FilmNow.java: atributos String[] filmes e String[] hotlist | src/filmnow/FilmNow.java: métodos exibirHot e atribuirHot | src/filmnow/Filme.java: método confereExistencia",medium
S02,official_sample,redacted,llm,separation_of_concerns,Separation of Concerns,6.5,10,"A separação geral existe: MainFilmNow concentra entrada/saída, FilmNow realiza parte das regras do sistema e Filme sabe gerar algumas representações. Porém, a interface conhece detalhes do armazenamento textual e Filme consulta FilmNow, o que mistura responsabilidades importantes.",src/filmnow/MainFilmNow.java | src/filmnow/FilmNow.java | src/filmnow/Filme.java | src/filmnow/LeitorFilmNow.java | src/filmnow/MainFilmNow.java: método mostrarFilmes | src/filmnow/FilmNow.java: método getFilmes | src/filmnow/Filme.java: método confereExistencia | src/filmnow/FilmNow.java: método cadastraFilme,medium
S02,official_sample,redacted,llm,readability_and_documentation,Readability and Documentation,8,10,"O código é compreensível, tem nomes em geral adequados e Javadocs úteis nas classes e métodos principais. As perdas são moderadas por trechos frágeis baseados em parsing de strings, alguns nomes/comentários pouco polidos e inconsistências que dificultam manutenção.","src/filmnow/Filme.java | src/filmnow/FilmNow.java | src/filmnow/MainFilmNow.java | src/filmnow/LeitorFilmNow.java | src/filmnow/FilmNow.java: métodos exibirHot, detalhaFilme | src/filmnow/MainFilmNow.java: método mostrarFilmes | src/filmnow/Filme.java: método confereExistencia | src/filmnow/FilmNow.java: comentário do atributo filmes | filmnow/filmnow/FilmNowTest.java: métodos testCadastraFilmeEmPosicaoOcupada e testes com nomes de filmes digitados de forma inconsistente",medium
S03,official_sample,redacted,llm,basic_functionality,Basic Functionality,4.5,10,"A funcionalidade de adicionar filmes está substancialmente implementada, com validação de posição, nome, local e duplicidade por nome/ano. Porém, os fluxos de mostrar, detalhar e HotList apresentam falhas materiais, principalmente por inconsistência entre posições 1-based da especificação e índices 0-based usados em vários métodos, além de remoção de HotList não efetivada pela interface.","src/filmnow/FilmNow.java: cadastraFilme(int, String, Integer, String) | src/filmnow/FilmNow.java: exibirDetalhes(int) | src/filmnow/FilmNow.java: getFilme(int), setFilmeHot(int, Filme), removeFilmeHot(int) | src/filmnow/MainFilmNow.java: mostrarFilmes(FilmNow), formataFilme(int, Filme), atribuirHot(FilmNow, Scanner), removerHot(FilmNow, Scanner) | src/filmnow/MainFilmNow.java: mostrarFilmes(FilmNow) | src/filmnow/MainFilmNow.java: formataFilme(int, Filme) | src/filmnow/Filme.java: toString() | src/filmnow/FilmNow.java: getFilme(int) | src/filmnow/Filme.java: detalhes() | src/filmnow/MainFilmNow.java: atribuirHot(FilmNow, Scanner) | src/filmnow/MainFilmNow.java: removerHot(FilmNow, Scanner) | src/filmnow/FilmNow.java: setFilmeHot(int, Filme), temPosicaoNaHotList(int), removeFilmeHot(int)",high
S03,official_sample,redacted,llm,unit_tests,Unit Tests,4,10,"Há uma quantidade relevante de testes para adição de filmes e alguns testes de `Filme`, mas a suíte é incompleta e pouco confiável: falta cobertura real de listagem e HotList, há expectativas incoerentes em casos de detalhamento, e existe um teste com falha incondicional.","testes/filmnow/FilmNowTest.java | testes/filmnow/FilmeTest.java | testes/filmnow/MainTestFilmNowTest.java | testes/filmnow/FilmeTest.java: testEquals(), testHashCodeConsistente(), testDetalhesFormatados() | testes/filmnow/FilmNowTest.java: testDetalharFilmeSemFilme() | testes/filmnow/FilmNowTest.java: testDetalharFilmePosicaoAbaixoLimite() | testes/filmnow/FilmNowTest.java: ausência de teste de mostrar todos | testes/filmnow/FilmNowTest.java: testDetalharFilmeHotList() | testes/filmnow/MainTestFilmNowTest.java: test()",high
S03,official_sample,redacted,llm,class_design,Class Design,8,10,"A submissão cria as classes centrais esperadas e demonstra a modelagem básica com `Filme` e `FilmNow` em composição. A classe de interface está modularizada. Os descontos decorrem de fragilidades de modelagem, especialmente API pública inconsistente e ausência de operações coesas de listagem/HotList no gerenciador.","src/filmnow/Filme.java | src/filmnow/FilmNow.java | src/filmnow/MainFilmNow.java | src/filmnow/FilmNow.java: getFilmes(), setFilmeHot(int, Filme), getFilmesHot() | src/filmnow/MainFilmNow.java: mostrarFilmes(FilmNow), exibirHotList(FilmNow), atribuirHot(FilmNow, Scanner) | src/filmnow/Filme.java: atributos posicao e ano | src/filmnow/Filme.java: detalharFilme(), detalhes()",high
S03,official_sample,redacted,llm,object_references,Object References and Composition,9,10,"O código demonstra bom uso de objetos: `FilmNow` mantém arrays de referências a `Filme`, cria objetos ao cadastrar e usa `equals` para comparar entidades. Há apenas uma fragilidade de encapsulamento na manipulação pública da HotList.","src/filmnow/FilmNow.java: atributos filmes e filmesHot | src/filmnow/FilmNow.java: cadastraFilme(int, String, Integer, String) | src/filmnow/Filme.java: equals(Object), hashCode() | src/filmnow/MainFilmNow.java: main(String[]) e métodos auxiliares estáticos | src/filmnow/FilmNow.java: setFilmeHot(int, Filme)",high
S03,official_sample,redacted,llm,collections_and_arrays,Collections and Arrays,7,10,"Foram usados arrays de tamanho fixo para o catálogo de 100 filmes e para a HotList de 10 posições, respeitando a estrutura esperada. No entanto, o uso de índices é inconsistente com as posições especificadas, o que compromete acesso, exibição e HotList.","src/filmnow/FilmNow.java: constantes TAMANHO e TAMANHO_HOTLIST | src/filmnow/FilmNow.java: atributos filmes e filmesHot | src/filmnow/FilmNow.java: cadastraFilme(int, String, Integer, String), getFilme(int) | src/filmnow/MainFilmNow.java: mostrarFilmes(FilmNow), atribuirHot(FilmNow, Scanner), exibirHotList(FilmNow) | src/filmnow//FilmNow.java: cadastraFilme(int, String, Integer, String) | src/filmnow/FilmNow.java: getFilme(int) | src/filmnow/MainFilmNow.java: formataFilme(int, Filme) | src/filmnow/FilmNow.java: setFilmeHot(int, Filme), temPosicaoNaHotList(int), removeFilmeHot(int) | src/filmnow/MainFilmNow.java: atribuirHot(FilmNow, Scanner), formataFilmeHot(int, Filme)",high
S03,official_sample,redacted,llm,separation_of_concerns,Separation of Concerns,7,10,"Há separação básica entre interface, gerenciador e entidade: o `Main` lê/imprime, `FilmNow` cadastra e consulta, e `Filme` define representações. Ainda assim, regras importantes de listagem e HotList ficam espalhadas na interface, reduzindo a divisão de responsabilidades esperada.","src/filmnow/MainFilmNow.java: adicionaFilme(FilmNow, Scanner), detalharFilme(FilmNow, Scanner), comando(String, FilmNow, Scanner) | src/filmnow/FilmNow.java: cadastraFilme(int, String, Integer, String), exibirDetalhes(int) | src/filmnow/Filme.java: toString(), detalhes(), detalharFilme() | src/filmnow/MainFilmNow.java: mostrarFilmes(FilmNow), formataFilme(int, Filme) | src/filmnow/FilmNow.java: getFilmes() | src/filmnow/MainFilmNow.java: atribuirHot(FilmNow, Scanner), removerHot(FilmNow, Scanner) | src/filmnow/FilmNow.java: setFilmeHot(int, Filme), removeFilmeHot(int), filmeEstaNaHotList(Filme)",high
S03,official_sample,redacted,llm,readability_and_documentation,Readability and Documentation,7,10,"O código é compreensível, tem nomes em geral adequados e contém Javadocs em várias classes e métodos. Os descontos se devem a documentação superficial/incompleta e inconsistências de terminologia que prejudicam a clareza.","src/filmnow/Filme.java | src/filmnow/FilmNow.java | src/filmnow/MainFilmNow.java | src/filmnow/LeitorFilmNow.java | src/filmnow/Filme.java: construtor, getNome(), getAno(), getPlataforma(), toString() | src/filmnow/Filme.java: atributo plataforma e atributo posicao | src/filmnow/FilmNow.java: cadastraFilme(..., String local) | src/filmnow/LeitorFilmNow.java: carregaContatos(String, FilmNow)",high
S04,official_sample,redacted,llm,basic_functionality,Basic Functionality,8,10,"A implementação cobre o fluxo principal de cadastro, listagem, detalhamento e HotList, com validação de posições, detecção de duplicidade por nome e ano, detalhamento com indicação de filme hot e exibição da HotList. As perdas vêm de falhas materiais em casos especificados: local vazio é aceito no cadastro, a remoção inválida da HotList não informa a mensagem exigida ao usuário, e a interface de entrada por console não lida bem com nomes/locais compostos ou campos vazios.",src/filmnow/FilmNow.java:cadastraFilme | src/filmnow/FilmNow.java:mostrarFilmes | src/filmnow/FilmNow.java:detalharFilme | src/filmnow/FilmNow.java:atribuirHot | src/filmnow/HotList.java:addFilme | src/filmnow/HotList.java:rmvFilme | src/filmnow/HotList.java:exibir | src/filmnow/Filme.java:equals | src/filmnow/Filme.java:toString | teste/lab3FilmNow/FilmNowTeste.java:testCadastrarFilmeLocalVazio | src/filmnow/FilmNow.java:removerHot | src/filmnow/MainFilmNow.java:removerHot | src/filmnow/MainFilmNow.java:adicionaFilme,high
S04,official_sample,redacted,llm,unit_tests,Unit Tests,8.5,10,"Há uma suíte ampla de testes JUnit para `Filme`, `FilmNow` e `HotList`, cobrindo cadastro, limites de posição, duplicidade, sobrescrita, listagem, detalhamento, equals, hashCode e operações principais da HotList. A principal perda é que um caso especificado importante, filme com local vazio, foi testado com o resultado incorreto, além de pequenas lacunas em cenários de contrato da HotList e variações de representação de `Filme`.",teste/lab3FilmNow/FilmeTest.java | teste/lab3FilmNow/FilmNowTeste.java | teste/lab3FilmNow/HotListTest.java | teste/lab3FilmNow/FilmNowTeste.java:testCadastrarFilmeLocalVazio | src/filmnow/FilmNow.java:cadastraFilme | teste/lab3FilmNow/FilmNowTeste.java:testHotListRmFilme2 | teste/lab3FilmNow/HotListTest.java:testHotListRmFilme2 | src/filmnow/MainFilmNow.java:removerHot | src/filmnow/Filme.java:Filme | src/filmnow/Filme.java:toString,high
S04,official_sample,redacted,llm,class_design,Class Design,10,10,"A solução modela adequadamente as classes centrais do laboratório: `Filme` representa a entidade do domínio, `FilmNow` mantém composição com filmes e gerencia o sistema, `HotList` separa a lista especial, e `MainFilmNow` concentra a interface textual com métodos auxiliares. Isso atende plenamente ao critério de criação das classes esperadas.",src/filmnow/Filme.java | src/filmnow/FilmNow.java | src/filmnow/HotList.java | src/filmnow/MainFilmNow.java,high
S04,official_sample,redacted,llm,object_references,Object References and Composition,10,10,"O código demonstra uso adequado de referências e composição: `FilmNow` cria e armazena objetos `Filme`, `HotList` armazena referências aos mesmos filmes e as operações de hot alteram o estado dos objetos referenciados. Não há uso problemático de membros estáticos na lógica de domínio que comprometa este critério.",src/filmnow/FilmNow.java:filmes | src/filmnow/FilmNow.java:ht | src/filmnow/FilmNow.java:cadastraFilme | src/filmnow/FilmNow.java:taNaLista | src/filmnow/HotList.java:lista | src/filmnow/HotList.java:addFilme | src/filmnow/Filme.java:equals,high
S04,official_sample,redacted,llm,collections_and_arrays,Collections and Arrays,9,10,"A solução usa arrays com os tamanhos corretos para a lista principal de 100 filmes e a HotList de 10 posições, com mapeamento correto entre posições humanas 1..N e índices internos 0..N-1. A principal fragilidade está na classe `HotList` quando usada diretamente: adicionar em uma posição já ocupada pode sobrescrever sem limpar o filme anterior e desbalancear a contagem, embora o caminho por `FilmNow.atribuirHot` evite isso chamando remoção antes da adição.",src/filmnow/FilmNow.java:TAMANHO | src/filmnow/FilmNow.java:filmes | src/filmnow/FilmNow.java:verificaPosicao | src/filmnow/FilmNow.java:mostrarFilmes | src/filmnow/HotList.java:TAMANHO | src/filmnow/HotList.java:lista | src/filmnow/HotList.java:verificaPosicao | src/filmnow/HotList.java:exibir | src/filmnow/HotList.java:addFilme | src/filmnow/HotList.java:qtdFilmes | src/filmnow/HotList.java:rmvFilme,high
S04,official_sample,redacted,llm,separation_of_concerns,Separation of Concerns,9,10,"A divisão geral é boa: `MainFilmNow` faz entrada e saída, `FilmNow` gerencia filmes e HotList, `Filme` representa os dados e seu detalhamento, e `HotList` concentra a lista especial. A perda é pequena e vem do fato de a formatação resumida de filmes ficar espalhada em `FilmNow` e `HotList`, em vez de ser delegada à própria classe `Filme` como representação de lista.",src/filmnow/MainFilmNow.java | src/filmnow/FilmNow.java | src/filmnow/Filme.java | src/filmnow/HotList.java | src/filmnow/FilmNow.java:mostrarFilmes | src/filmnow/HotList.java:exibir | src/filmnow/Filme.java:toString,high
S04,official_sample,redacted,llm,readability_and_documentation,Readability and Documentation,7,10,"O código é compreensível, usa nomes em geral claros e possui alguma documentação em classes e métodos importantes. Porém, a documentação Javadoc está incompleta para vários métodos públicos, muitos comentários usam bloco comum em vez de Javadoc e há trechos com documentação superficial, erros de digitação e comentário solto/inacabado no `Main`.",src/filmnow/Filme.java | src/filmnow/FilmNow.java | src/filmnow/HotList.java | src/filmnow/MainFilmNow.java | src/filmnow/LeitorFilmNow.java | src/filmnow/Filme.java:Filme | src/filmnow/Filme.java:getNome | src/filmnow/Filme.java:getAno | src/filmnow/Filme.java:getLocal | src/filmnow/Filme.java:setHot | src/filmnow/Filme.java:isHot | src/filmnow/HotList.java:HotList | src/filmnow/HotList.java:addFilme | src/filmnow/HotList.java:rmvFilme | src/filmnow/HotList.java:exibir | src/filmnow/HotList.java:getQtdFilmes,high
S05,official_sample,redacted,llm,basic_functionality,Basic Functionality,7,10,"A submissão implementa o fluxo principal de cadastro, listagem, detalhamento e uma HotList funcional em casos simples. Entretanto, há falhas materiais em duplicidade de filmes, detalhamento de posições vazias e várias validações/semânticas da HotList.","src/filmnow/FilmNow.java: cadastraFilme(int,String,String,String) | src/filmnow/FilmNow.java: exibirFilmes(FilmNow) | src/filmnow/FilmNow.java: detalharFilme(int) | src/filmnow/FilmNow.java: adicionaHotList(int,int), removeHotList(int), exibirHotFilmes(FilmNow) | src/filmnow/Filme.java: detalha(), toString(), equals(Object) | src/filmnow/Filme.java: equals(Object) | src/filmnow/FilmNow.java: temFilme(Filme) | src/filmnow/Filme.java: detalha() | src/filmnow/FilmNow.java: adicionaHotList(int,int) | src/filmnow/FilmNow.java: removeHotList(int) | src/filmnow/FilmNow.java: exibirHotFilmes(FilmNow)",high
S05,official_sample,redacted,llm,unit_tests,Unit Tests,6,10,"Há testes JUnit para `Filme` e `FilmNow`, cobrindo vários cenários normais e alguns limites. A suíte, porém, deixa lacunas importantes, tem alguns testes superficiais e em pelo menos um caso valida comportamento contrário ao especificado.","src Testes/lab3FilmNow/FilmeTest.java | src Testes/lab3FilmNow/FilmeNowTest.java | src Testes/lab3FilmNow/FilmeTest.java: testEqualsNome(), testEqualsAno(), testEqualsQualquerCoisa() | src/filmnow/Filme.java: equals(Object) | src Testes/lab3FilmNow/FilmeNowTest.java: testCadastraFilme(), testCadastraFilmePosInvalida(), testCadastraFilmeInvalido(), testDetalhaInvalidoMenor(), testExibirFilmesMaisDeUm() | src Testes/lab3FilmNow/FilmeNowTest.java: testAdicionaFilmeHot() | src Testes/lab3FilmNow/FilmeNowTest.java: testAdicionaFilmeHotPosInvalida() | src Testes/lab3FilmNow/FilmeNowTest.java: testMostrarHotListUmFilme(), testExibirFilmesHotMaisDeUm()",high
S05,official_sample,redacted,llm,class_design,Class Design,8,10,"A solução criou uma classe `Filme`, mantém `FilmNow` como gerenciador composto por filmes e preserva uma classe `MainFilmNow` modularizada. As principais perdas vêm de detalhes de modelagem que tornam a API menos limpa e de uma implementação incorreta da igualdade da entidade `Filme`.","src/filmnow/Filme.java | src/filmnow/FilmNow.java: atributos filmes e hotFilmes | src/filmnow/MainFilmNow.java: main, comando, adicionaFilme, atribuirHot | src/filmnow/LeitorFilmNow.java: processaLinhaCsvFilmes(String[], FilmNow) | src/filmnow/Filme.java: equals(Object), hashCode() | src/filmnow/FilmNow.java: exibirFilmes(FilmNow) | src/filmnow/FilmNow.java: exibirHotFilmes(FilmNow)",high
S05,official_sample,redacted,llm,object_references,Object References and Composition,10,10,"A solução demonstra a ideia central de composição: `FilmNow` armazena referências para objetos `Filme`, cria novos filmes quando cadastra e a HotList referencia os mesmos objetos para refletir o estado hot. O uso de `static` está restrito a constantes e à interface com métodos auxiliares estáticos do `Main`, prática compatível com o esqueleto do laboratório.","src/filmnow/FilmNow.java: atributos filmes e hotFilmes | src/filmnow/FilmNow.java: cadastraFilme(int,String,String,String) | src/filmnow/FilmNow.java: adicionaHotList(int,int) | src/filmnow/MainFilmNow.java: main(String[])",high
S05,official_sample,redacted,llm,collections_and_arrays,Collections and Arrays,8,10,"A estrutura de dados principal está adequada: um array de 100 filmes e uma HotList de 10 posições, com mapeamento de posições de usuário para índices baseados em zero. A perda vem do uso incorreto dos limites e de valores nulos na manipulação da HotList.","src/filmnow/FilmNow.java: TAMANHO, TAMANHO_HOT, filmes, hotFilmes | src/filmnow/FilmNow.java: cadastraFilme(int,String,String,String) | src/filmnow/FilmNow.java: formataToString(Filme[]) | src/filmnow/FilmNow.java: exibirFilmes(FilmNow), exibirHotFilmes(FilmNow) | src/filmnow/FilmNow.java: adicionaHotList(int,int) | src/filmnow/FilmNow.java: removeHotList(int)",high
S05,official_sample,redacted,llm,separation_of_concerns,Separation of Concerns,9,10,"A divisão geral é boa: a interface coleta entradas e imprime saídas, `FilmNow` concentra as regras de cadastro/listagem/HotList, e `Filme` define suas representações textuais. Há apenas uma fragilidade de coesão na API de exibição do gerenciador.","src/filmnow/MainFilmNow.java: menu(Scanner), comando(String,FilmNow,Scanner), adicionaFilme(FilmNow,Scanner) | src/filmnow/FilmNow.java: cadastraFilme, detalharFilme, adicionaHotList, removeHotList | src/filmnow/Filme.java: toString(), detalha(), setHot(boolean) | src/filmnow/FilmNow.java: exibirFilmes(FilmNow) | src/filmnow/FilmNow.java: exibirHotFilmes(FilmNow)",high
S05,official_sample,redacted,llm,readability_and_documentation,Readability and Documentation,7,10,"O código é compreensível, usa nomes em geral adequados e possui Javadocs em classes e métodos públicos. A documentação, porém, é frequentemente superficial ou imprecisa, e algumas assinaturas/condições tornam a leitura mais difícil do que o necessário.","src/filmnow/Filme.java | src/filmnow/FilmNow.java | src/filmnow/MainFilmNow.java | src/filmnow/LeitorFilmNow.java | src/filmnow/FilmNow.java: formataToString(Filme[]), exibirFilmes(FilmNow), detalharFilme(int) | src/filmnow/LeitorFilmNow.java: carregaContatos(String, FilmNow) | src/filmnow/Filme.java: setHot(boolean), hashCode() | src/filmnow/FilmNow.java: exibirFilmes(FilmNow), exibirHotFilmes(FilmNow), adicionaHotList(int,int)",high
S06,official_sample,redacted,llm,basic_functionality,Basic Functionality,8.0,10,"A implementação cobre bem o fluxo principal de cadastro, detalhamento e listagem, usando posições externas de 1 a 100 e retornando mensagens de erro para vários casos inválidos. A HotList também existe e funciona nos casos normais, mas há falhas relevantes em posições vazias e na formatação exibida. Há ainda um pequeno desvio na interface ao detalhar uma posição válida sem filme.","src/filmnow/FilmNow.java: cadastraFilme(int, String, String, String) | src/filmnow/FilmNow.java: mostraFilmes() | src/filmnow/FilmNow.java: detalharFilme(int) | src/filmnow/FilmNow.java: addFilmeHot(int, int), removerFilmeHot(int), mostraFilmesHot() | src/filmnow/Filme.java: equals(Object), toString() | src/filmnow/MainFilmNow.java: detalharFilme(FilmNow, Scanner) | src/filmnow/FilmNow.java: addFilmeHot(int, int) | src/filmnow/FilmNow.java: removerFilmeHot(int) | src/filmnow/FilmNow.java: mostraFilmesHot() | src/filmnow/FilmNow.java: formataFilme(int, Filme)",high
S06,official_sample,redacted,llm,unit_tests,Unit Tests,8.0,10,"Há uma suíte JUnit relevante para Filme e FilmNow, com muitos casos normais e de limite para cadastro, detalhamento, listagem e parte da HotList. A cobertura, porém, ainda deixa lacunas importantes, especialmente em casos de HotList inválida e em algumas variações de exibição sem ano.",teste/filmnow/FilmeTest.java | teste/filmnow/FilmNowTest.java: testes de cadastro test1_adicionaFilmeEmPosicaoVazia até test10_nomeVazio | teste/filmnow/FilmNowTest.java: testes de detalhamento test1_detalharFilmeComTodosDados até test6_detalharFilmeHotList | teste/filmnow/FilmNowTest.java: testes de mostraFilmes e mostraFilmesHot | teste/filmnow/FilmeTest.java: testToString() | teste/filmnow/FilmNowTest.java: test9_anoVazio() | teste/filmnow/FilmNowTest.java: test2_detalharFilmeSemAno() | teste/filmnow/FilmNowTest.java: testMostraFilmesHotVazio() | teste/filmnow/FilmNowTest.java: testMostraFilmesHotUmFilme() | teste/filmnow/FilmNowTest.java: testMostraFilmesHotMultiplosFilmes() | teste/filmnow/FilmNowTest.java: testRemoveFilmeHot(),high
S06,official_sample,redacted,llm,class_design,Class Design,10,10,"A submissão implementa as classes centrais esperadas e modela Filme como entidade separada de FilmNow. FilmNow compõe objetos Filme e a interface com usuário permanece em MainFilmNow com métodos auxiliares estáticos, atendendo ao desenho geral esperado para o laboratório.","src/filmnow/Filme.java | src/filmnow/FilmNow.java: atributos filmes e hotList | src/filmnow/FilmNow.java: construtor FilmNow() | src/filmnow/MainFilmNow.java: main(String[]), menu(Scanner), comando(String, FilmNow, Scanner)",high
S06,official_sample,redacted,llm,object_references,Object References and Composition,9.0,10,"O código demonstra bom uso de referências: FilmNow cria objetos Filme, armazena referências em arrays e reutiliza as mesmas referências na HotList. O uso de estático é quase todo restrito ao main e constantes, com apenas um pequeno desvio em um método auxiliar estático de FilmNow.","src/filmnow/FilmNow.java: cadastraFilme(int, String, String, String) | src/filmnow/FilmNow.java: private Filme[] filmes; private Filme[] hotList | src/filmnow/FilmNow.java: verificaFilmeHot(Filme) | src/filmnow/Filme.java: equals(Object) | src/filmnow/FilmNow.java: formataFilme(int, Filme)",high
S06,official_sample,redacted,llm,collections_and_arrays,Collections and Arrays,10,10,"As estruturas de armazenamento atendem às restrições do laboratório: um array de 100 filmes para a lista principal e um array de 10 filmes para a HotList, com mapeamento correto das posições externas 1-based para índices internos 0-based.","src/filmnow/FilmNow.java: private static final int TAMANHO = 100 | src/filmnow/FilmNow.java: private Filme[] filmes; private Filme[] hotList | src/filmnow/FilmNow.java: construtor FilmNow() | src/filmnow/FilmNow.java: cadastraFilme(int, String, String, String) | src/filmnow/FilmNow.java: addFilmeHot(int, int) | src/filmnow/FilmNow.java: getFilmes(), getFilmesHot()",high
S06,official_sample,redacted,llm,separation_of_concerns,Separation of Concerns,9.0,10,"A separação geral está bem encaminhada: MainFilmNow cuida da entrada e saída, FilmNow concentra as regras do sistema e Filme representa os dados e detalhes do filme. A principal limitação é que a representação de filme para listagem fica parcialmente em FilmNow, reduzindo a delegação esperada para Filme.","src/filmnow/MainFilmNow.java: adicionaFilme, mostrarFilmes, detalharFilme, adicionaFilmeHot, removeFilmeHot | src/filmnow/FilmNow.java: cadastraFilme, mostraFilmes, detalharFilme, addFilmeHot, removerFilmeHot | src/filmnow/Filme.java: toString(), equals(Object) | src/filmnow/FilmNow.java: formataFilme(int, Filme) | src/filmnow/FilmNow.java: mostraFilmes() | src/filmnow/FilmNow.java: mostraFilmesHot() | src/filmnow/Filme.java: getNome(), toString()",high
S06,official_sample,redacted,llm,readability_and_documentation,Readability and Documentation,8.0,10,"O código é compreensível, usa nomes em geral adequados e possui Javadocs extensos em FilmNow, MainFilmNow e LeitorFilmNow. A maior perda vem da ausência de Javadoc em Filme e de alguns problemas pontuais de estilo Java e clareza interna.","src/filmnow/FilmNow.java | src/filmnow/MainFilmNow.java | src/filmnow/LeitorFilmNow.java | src/filmnow/Filme.java | src/filmnow/Filme.java: construtor Filme(String Nome, String Ano, String Local) | src/filmnow/Filme.java: indentação dos métodos equals/hashCode | src/filmnow/FilmNow.java: atributo hotPosicao e método verificaFilmeHot(Filme)",high
S07,official_sample,redacted,llm,basic_functionality,Basic Functionality,9,10,"A implementação fecha quase todo o fluxo principal: cadastra filmes com validações importantes, lista filmes, detalha filmes incluindo ano vazio e integra a HotList no detalhamento. As perdas ficam concentradas em casos de borda da HotList, especialmente substituição de posição hot e validação de posições inválidas.","src/filmnow/FilmNow.java::cadastraFilme | src/filmnow/FilmNow.java::getFilmes | src/filmnow/FilmNow.java::getFilme | src/filmnow/FilmNow.java::adicionaHot | src/filmnow/FilmNow.java::mostrarHotList | src/filmnow/MainFilmNow.java::adicionaFilme, mostrarFilmes, detalharFilme, atribuirHot, exibirHotList, removerHot | src/filmnow/FilmNow.java::removerDaHotList",high
S07,official_sample,redacted,llm,unit_tests,Unit Tests,8,10,"Há uma suíte relativamente ampla, cobrindo muitos casos obrigatórios de cadastro, detalhamento e HotList. A perda ocorre porque alguns grupos previstos pela rubrica não foram testados diretamente e porque faltam casos de borda que revelariam defeitos reais na implementação da HotList e na igualdade/hash de `Filme`.",testes/lab3FilmNow/FilmeTest.java | testes/lab3FilmNow/FilmNowTest.java | src/filmnow/Filme.java::equals | src/filmnow/Filme.java::hashCode | src/filmnow/FilmNow.java::getFilmes | src/filmnow/FilmNow.java::adicionaHot | src/filmnow/FilmNow.java::removerDaHotList,high
S07,official_sample,redacted,llm,class_design,Class Design,9,10,"O projeto contempla as classes centrais esperadas: `Filme`, `FilmNow` e uma classe de interface com `main` modularizado. A modelagem principal com composição está adequada. A principal perda decorre da implementação inconsistente do contrato de igualdade em `Filme`.",src/filmnow/Filme.java | src/filmnow/FilmNow.java | src/filmnow/MainFilmNow.java | src/filmnow/Filme.java::equals | src/filmnow/Filme.java::hashCode,high
S07,official_sample,redacted,llm,object_references,Object References and Composition,10,10,"A submissão demonstra uso adequado de objetos e referências para o escopo do laboratório: `FilmNow` compõe objetos `Filme`, cria instâncias quando cadastra e não transforma o estado do domínio em variáveis estáticas globais.",src/filmnow/FilmNow.java::filmes | src/filmnow/FilmNow.java::cadastraFilme | src/filmnow/MainFilmNow.java::main | src/filmnow/Filme.java,high
S07,official_sample,redacted,llm,collections_and_arrays,Collections and Arrays,0,10,"O criterio perdeu ponto principalmente por penalizacao registrada no criterio collections_and_arrays sem detalhamento estruturado. Veja os descontos detalhados para problema, consequencia e correcao.",model_output:no_explicit_evidence_ref_reported:collections_and_arrays,high
S07,official_sample,redacted,llm,separation_of_concerns,Separation of Concerns,9,10,"A separação geral está boa: `MainFilmNow` cuida de entrada e saída, `FilmNow` centraliza regras do sistema e `Filme` gera representações textuais de filme. A perda é pequena e relacionada a uma API pública de remoção da HotList que mistura duas responsabilidades diferentes.",src/filmnow/MainFilmNow.java | src/filmnow/FilmNow.java | src/filmnow/Filme.java | src/filmnow/LeitorFilmNow.java | src/filmnow/FilmNow.java::removerDaHotList | src//filmnow/MainFilmNow.java::removerHot | src/filmnow/FilmNow.java::cadastraFilme,high
S07,official_sample,redacted,llm,readability_and_documentation,Readability and Documentation,8,10,"O código é legível, usa nomes majoritariamente compreensíveis e possui Javadoc em praticamente todos os métodos públicos. A documentação, porém, tem várias imprecisões e alguns comentários não descrevem corretamente o comportamento ou os parâmetros reais.",src/filmnow/Filme.java | src/filmnow/FilmNow.java | src/filmnow/MainFilmNow.java | src/filmnow/LeitorFilmNow.java | src/filmnow/Filme.java::Filme | src/filmnow/Filme.java::getLocal | src/filmnow/Filme.java::hashCode | src/filmnow/FilmNow.java::hotList | src//filmnow/FilmNow.java::adicionaHot,high
S08,official_sample,redacted,llm,basic_functionality,Basic Functionality,8,10,"A implementação cobre bem o fluxo principal de cadastro, listagem e detalhamento via classe FilmNow, incluindo validações de posição, nome/local vazios, duplicidade por nome e ano, e marcação de filme hot no detalhamento. As perdas concentram-se na HotList e em um problema de comportamento da interface ao detalhar posição vazia/inválida.",src/filmnow/FilmNow.java::cadastraFilme | src/filmnow/FilmNow.java::mostraFilmes | src/filmnow/FilmNow.java::detalharFilme | src/filmnow/FilmNow.java::CadastrarFilmeHot | src/filmnow/FilmNow.java::removerFilmeHot | src/filmnow/Filme.java::equals | src/filmnow/Filme.java::toString | src/filmnow/FilmNow.java::mostraFilmesHot | src/filmnow/FilmNow.java::formataFilme | src/filmnow/MainFilmNow.java::detalharFilme,high
S08,official_sample,redacted,llm,unit_tests,Unit Tests,6.5,10,"Há uma quantidade razoável de testes JUnit para Filme e FilmNow, especialmente para cadastro, limites de posição e alguns cenários de detalhamento e HotList. A cobertura, porém, é incompleta em pontos relevantes, e há um teste placeholder que falha deliberadamente no pacote entregue.",testes/filmnow/FilmNowTest.java | testes/filmnow/FilmeTest.java | testes/lab3FilmNow/FilmeTest.java | testes/filmnow/FilmeTest.java::TestToString | testes/filmnow/FilmeTest.java::TestEquals | testes/filmnow/FilmNowTest.java::testaddFilmeNaHotList | testes/filmnow/FilmNowTest.java::testaddFilmeNaHotListEmPosicaoInvalida | testes/filmnow/FilmNowTest.java::testaddFilmeNaHotListJaAdicionado | testes/filmnow/FilmNowTest.java::testDetalharFilmeHotList | testes/lab3FilmNow/FilmeTest.java::test,high
S08,official_sample,redacted,llm,class_design,Class Design,9,10,"O desenho principal está adequado ao laboratório: há classe Filme com atributos próprios, classe FilmNow compondo arrays de Filme e classe MainFilmNow modularizada para interação. A principal perda é uma imperfeição de modelagem interna na HotList, que usa estado auxiliar mutável para comunicar resultado de busca.",src/filmnow/Filme.java | src/filmnow/FilmNow.java | src/filmnow/MainFilmNow.java | src/filmnow/Filme.java::equals | src/filmnow/FilmNow.java::hotlistPosicao | src/filmnow/FilmNow.java::status | src/filmnow/FilmNow.java::verificaFilmeHot | src/filmnow/FilmNow.java::cadastraFilme,high
S08,official_sample,redacted,llm,object_references,Object References and Composition,9,10,"A submissão demonstra bem o uso de referências: FilmNow cria objetos Filme, armazena referências em arrays e a HotList referencia os mesmos filmes da lista principal. A dedução é pequena e relacionada ao uso de static fora do main/constantes, em desacordo parcial com a orientação da rubrica oficial.",src/filmnow/FilmNow.java::cadastraFilme | src/filmnow/FilmNow.java::CadastrarFilmeHot | src/filmnow/MainFilmNow.java::main | src/filmnow/LeitorFilmNow.java::processaLinhaCsvFilmes | src/filmnow/Filme.java::equals | src/filmnow/FilmNow.java::formataFilme,high
S08,official_sample,redacted,llm,collections_and_arrays,Collections and Arrays,10,10,"A estrutura de dados atende ao escopo do laboratório: array de 100 filmes para o sistema principal e array de 10 posições para a HotList, com conversão adequada entre posição pública 1-based e índice interno 0-based nas operações principais.",src/filmnow/FilmNow.java::TAMANHO | src/filmnow/FilmNow.java::TAMANHOHOTLIST | src/filmnow/FilmNow.java::filmes | src/filmnow/FilmNow.java::hotList | src/filmnow/FilmNow.java::cadastraFilme | src/filmnow/FilmNow.java::detalharFilme | src/filmnow/FilmNow.java::CadastrarFilmeHot,high
S08,official_sample,redacted,llm,separation_of_concerns,Separation of Concerns,9,10,"A separação geral é boa: MainFilmNow cuida de entrada/saída, FilmNow concentra as regras de cadastro/listagem/HotList e Filme concentra dados e detalhamento textual. A perda é pequena porque a representação resumida usada em listagens ficou em FilmNow, não em Filme.",src/filmnow/MainFilmNow.java::comando | src/filmnow/MainFilmNow.java::adicionaFilme | src/filmnow/MainFilmNow.java::mostrarFilmes | src/filmnow/FilmNow.java::cadastraFilme | src/filmnow/FilmNow.java::mostraFilmes | src/filmnow/FilmNow.java::detalharFilme | src/filmnow/Filme.java::toString | src/filmnow/FilmNow.java::formataFilme | src/filmnow/FilmNow.java::mostraFilmesHot,high
S08,official_sample,redacted,llm,readability_and_documentation,Readability and Documentation,7,10,"O código é compreensível e possui alguma documentação Javadoc, mas há problemas de estilo Java, nomes inconsistentes, documentação incompleta ou herdada/desatualizada e pequenos elementos não utilizados que reduzem a qualidade geral.",src/filmnow/Filme.java | src/filmnow/FilmNow.java | src/filmnow/MainFilmNow.java | src/filmnow/LeitorFilmNow.java | src/filmnow/Filme.java::getNome | src/filmnow/Filme.java::getLocal | src/filmnow/FilmNow.java::mostraFilmes | src/filmnow/FilmNow.java::mostraFilmesHot | src/filmnow/MainFilmNow.java::detalharFilme | src/filmnow/LeitorFilmNow.java::carregaContatos | src/filmnow/FilmNow.java::CadastrarFilmeHot | src/filmnow/Filme.java::Filme | src/filmnow/FilmNow.java::status | src/filmnow/FilmNow.java::getStatus | src/filmnow/FilmNow.java::cadastraFilme,high
S09,official_sample,redacted,llm,basic_functionality,Basic Functionality,8.5,10,"As funcionalidades centrais estão majoritariamente implementadas: cadastro com validações principais, listagem, detalhamento e operações básicas de HotList existem e funcionam nos casos comuns. As perdas concentram-se em detalhes especificados de detalhamento sem ano e em validações/saída incompletas da HotList.","src/filmnow/FilmNow.java: cadastraFilme(int,String,String,String) | src/filmnow/FilmNow.java: getFilmes() | src/filmnow/FilmNow.java: getFilme(int) | src/filmnow/FilmNow.java: cadastraHotlist(int,int), getHotlist(), removeHotlist(int) | src/filmnow/MainFilmNow.java: mostrarFilmes, detalharFilme, mostrarHotlist, cadastraHotlist, removeHotlist | src/filmnow/Filme.java: toString() | testes/lab3FilmNow/FilmNowtest.java: testDetAnoNull() | src/filmnow/FilmNow.java: cadastraHotlist(int,int) | src/filmnow/FilmNow.java: removeHotlist(int) | src/filmnow/FilmNow.java: getHotlist() | src/filmnow/MainFilmNow.java: mostrarHotlist(), removeHotlist(FilmNow,Scanner)",high
S09,official_sample,redacted,llm,unit_tests,Unit Tests,8,10,"Há uma suíte JUnit substancial para `Filme` e `FilmNow`, com muitos casos normais, limites e duplicidade. A cobertura, porém, deixa de verificar alguns erros importantes da HotList e alguns testes esperam comportamentos diferentes da especificação em casos com ano vazio ou exibição da HotList.","testes/lab3FilmNow/Filmetest.java | testes/lab3FilmNow/FilmNowtest.java | testes/lab3FilmNow/Filmetest.java: testNomeAno(), testEquals(), testEquals2(), detalhes() | testes/lab3FilmNow/FilmNowtest.java: testDetAnoNull() | testes/lab3FilmNow/FilmNowtest.java: testes de HotList | src/filmnow/FilmNow.java: cadastraHotlist(int,int), removeHotlist(int), getHotlist()",high
S09,official_sample,redacted,llm,class_design,Class Design,10,10,"A solução cria e usa as classes centrais esperadas, com `Filme` representando nome, ano e local, `FilmNow` compondo arrays de objetos `Filme`, e `MainFilmNow` organizado em métodos auxiliares para a interface textual.","src/filmnow/Filme.java | src/filmnow/FilmNow.java: atributos filmes e hotlist | src/filmnow/MainFilmNow.java: main(), comando(), adicionaFilme(), mostrarFilmes(), detalharFilme()",high
S09,official_sample,redacted,llm,object_references,Object References and Composition,10,10,"O código demonstra uso adequado de referências de objetos: o sistema cria objetos `Filme`, armazena referências em arrays e usa composição entre `FilmNow` e `Filme`, sem uso indevido de estado estático nas classes de domínio.","src/filmnow/FilmNow.java: cadastraFilme(int,String,String,String) | src/filmnow/FilmNow.java: atributos filmes e hotlist | src/filmnow/FilmNow.java: cadastraHotlist(int,int), getFilme(int) | src/filmnow/MainFilmNow.java: main()",high
S09,official_sample,redacted,llm,collections_and_arrays,Collections and Arrays,9,10,"A estrutura de armazenamento principal está correta: arrays de tamanho 100 e 10 são usados para a lista de filmes e a HotList, com conversão adequada entre posições do usuário e índices internos. A perda decorre de validação incompleta em alguns acessos da HotList.","src/filmnow/FilmNow.java: TAMANHO, filmes, hotlist | src/film/FilmNow.java: getFilmes(), getHotlist() | src/filmnow/FilmNow.java: cadastraFilme(int,String,String,String), getFilme(int), cadastraHotlist(int,int) | src/filmnow/FilmNow.java: removeHotlist(int) | src/filmnow/FilmNow.java: cadastraHotlist(int,int)",high
S09,official_sample,redacted,llm,separation_of_concerns,Separation of Concerns,8.5,10,"A solução separa bem a entrada/saída no `MainFilmNow` da lógica de cadastro em `FilmNow`, e `Filme` encapsula parte da representação textual. A principal fragilidade é que a exibição resumida de filmes e HotList fica baseada apenas em nomes e é montada fora de `Filme`, o que enfraquece a responsabilidade de representação do objeto de domínio.","src/filmnow/MainFilmNow.java: adicionaFilme(), mostrarFilmes(), detalharFilme(), mostrarHotlist() | src/filmnow/FilmNow.java: cadastraFilme(), getFilme(), getFilmes(), getHotlist() | src/filmnow/Filme.java: toString(), equals(Object) | src/filmnow/FilmNow.java: getFilmes(), getHotlist() | src/filmnow/MainFilmNow.java: mostrarFilmes(), mostrarHotlist(), formataFilme(int,String) | src/filmnow/Filme.java: toString()",high
S09,official_sample,redacted,llm,readability_and_documentation,Readability and Documentation,8,10,"O código é compreensível, usa nomes majoritariamente adequados e possui Javadocs em praticamente todos os métodos públicos. As perdas vêm de documentação imprecisa em alguns pontos e de pequenos trechos de código arriscados ou pouco limpos.","src/filmnow/Filme.java | src/filmnow/FilmNow.java | src/filmnow/MainFilmNow.java | src/filmnow/FilmNow.java: Javadoc de getFilme(int) | src/filmnow/FilmNow.java: Javadoc de cadastraHotlist(int,int) | src/filmnow/LeitorFilmNow.java: carregaContatos(String,FilmNow) | src/filmnow/FilmNow.java: cadastraFilFilme(int,String,String,String) | src/filmnow/Filme.java: toString() | src/filmnow/MainFilmNow.java: formataFilme(int,String)",high
S10,official_sample,redacted,llm,basic_functionality,Basic Functionality,8,10,"A implementação cobre bem cadastro, detalhamento e parte central da HotList, com validações relevantes e uso de posições 1 a 100. As perdas principais estão na listagem de filmes em posições esparsas e em casos de borda da HotList, especialmente substituição de posição ocupada e remoção inválida.","src/filmnow/FilmNow.java: cadastraFilme(int,String,String,String) | src/filmnow/FilmNow.java: getFilme(int) | src/filmnow/FilmNow.java: adicionaHot(int,int), eliminarHot(int), getHotList() | src/filmnow/Filme.java: equals(Object), toString() | src/filmnow/MainFilmNow.java: comando(String,FilmNow,Scanner), atribuirHot(...), removerHot(...) | src/filmnow/FilmNow.java: getFilmes() | src/filmnow/FilmNow.java: filmesFormatados() | src/filmnow/FilmNow.java: adicionaHot(int,int) | src/filmnow/FilmNow.java: eliminarHot(int) | src/filmnow/MainFilmNow.java: removerHot(FilmNow,Scanner)",high
S10,official_sample,redacted,llm,unit_tests,Unit Tests,8,10,"Há uma suíte JUnit ampla para `Filme` e `FilmNow`, com testes independentes e vários casos de limite. Ainda assim, alguns casos importantes são testados superficialmente ou não são testados, o que deixa passar defeitos reais da implementação.","testes/lab3FilmNow/FilmeTest.java | testes/lab3FilmNow/FilmNowTest.java: cadastraFilme_* | testes/lab3FilmNow/FilmNowTest.java: detalharFilme* | testes/lab3FilmNow/FilmNowTest.java: adicionaHot* | testes/lab3FilmNow/FilmNowTest.java: cadastraFilme_PosicaoExistente() | testes/lab3FilmNow/FilmNowTest.java: mostrarFilme() | src/filmnow/FilmNow.java: getFilmes() | testes/lab3FilmNow/FilmNowTest.java: eliminarHot_PosicaoValida() | testes/lab3FilmNow/FilmNowTest.java: adicionaHot_FilmeExistente() | src/filmnow/FilmNow.java: adicionaHot(int,int), eliminarHot(int)",high
S10,official_sample,redacted,llm,class_design,Class Design,10,10,"A submissão cria e modela as classes principais esperadas: `Filme` representa a entidade do domínio, `FilmNow` gerencia coleções de filmes por composição, e `MainFilmNow` mantém uma interface textual modularizada. Isso atende plenamente ao foco deste critério.","src/filmnow/Filme.java | src/filmnow/FilmNow.java: atributos filmes e hotList | src/filmnow/MainFilmNow.java: main(String[]), menu(Scanner), comando(String,FilmNow,Scanner) | src/filmnow/LeitorFilmNow.java: processaLinhaCsvFilmes(String[],FilmNow)",high
S10,official_sample,redacted,llm,object_references,Object References and Composition,10,10,"O código demonstra uso adequado de objetos e referências: `FilmNow` cria e armazena objetos `Filme`, a HotList referencia filmes já cadastrados, e o uso de `static` fica restrito ao `main`, métodos auxiliares da interface e constantes.","src/filmnow/FilmNow.java: private static final int TAMANHO, RANKING | src/filmnow/FilmNow.java: cadastraFilme(int,String,String,String) | src/filmnow/FilmNow.java: adicionaHot(int,int) | src/filmnow/MainFilmNow.java: main(String[]) | src/filmnow/MainFilmNow.java: carregaFilmes(String,FilmNow)",high
S10,official_sample,redacted,llm,collections_and_arrays,Collections and Arrays,8.5,10,"A solução usa arrays adequadamente como estrutura principal, respeitando os limites de 100 filmes e 10 posições na HotList. A principal perda está em um erro de indexação ao tentar compactar a lista de filmes para retorno.","src/filmnow/FilmNow.java: private static final int TAMANHO = 100 | src/filmnow/FilmNow.java: private static final int RANKING = 10 | src/filmnow/FilmNow.java: Filme[] filmes, Filme[] hotList | src/filmnow/FilmNow.java: posValidaFilme(int), posValidaHot(int) | src/filmnow/FilmNow.java: getFilmes() | src/filmnow/FilmNow.java: filmesFormatados()",high
S10,official_sample,redacted,llm,separation_of_concerns,Separation of Concerns,9,10,"As responsabilidades estão bem separadas em geral: a interface lê e imprime, `FilmNow` concentra as regras do sistema e `Filme` concentra dados, igualdade e exibição detalhada. A perda é pequena e se refere à representação resumida de filme para listagem, que ficou no gerenciador em vez de ficar na entidade `Filme`.","src/filmnow/MainFilmNow.java: adicionaFilme(...), mostrarFilmes(...), detalharFilme(...) | src/filmnow/FilmNow.java: cadastraFilme(...), getFilme(...), getHotList() | src/filmnow/Filme.java: equals(Object), toString() | src/filmnow/FilmNow.java: filmesFormatados() | src//filmnow/Filme.java: getNome(), toString()",high
S10,official_sample,redacted,llm,readability_and_documentation,Readability and Documentation,8,10,"O código é compreensível, usa nomes majoritariamente adequados e possui Javadocs em classes e métodos públicos. A pontuação não é máxima porque parte da documentação é imprecisa e há trechos com clareza reduzida, especialmente em contratos de métodos e comentários inconsistentes.","src/filmnow/Filme.java | src/filmnow/FilmNow.java | src/filmnow/MainFilmNow.java | src/filmnow/LeitorFilmNow.java | src/filmnow/Filme.java: toString() | src/filmnow/FilmNow.java: getFilFilme(int) na documentação do arquivo | src/filmnow/FilmNow.java: cadastraFilme(...), eliminarHot(int) | src/filmnow/LeitorFilmNow.java: carregaContatos(String,FilmNow) | src/filmnow/FilmNow.java: atributos filmes/hotList e getFilmes()",high
S11,official_sample,redacted,llm,basic_functionality,Basic Functionality,8,10,"A implementação cobre a maior parte do fluxo funcional: cadastro com limites, substituição, listagem, detalhamento, HotList e mensagens de retorno existem. As perdas vêm de falhas reais em igualdade de filmes, formatação/exibição em alguns casos especificados e pequenas inconsistências no fluxo de interface/HotList.",src/filmnow/FilmNow.java::cadastraFilme | src/filmnow/FilmNow.java::getFilmes | src/filmnow/FilmNow.java::getFilme | src/filmnow/FilmNow.java::adicionaHot | src/filmnow/FilmNow.java::exibirHotList | src/filmnow/FilmNow.java::removerHot | src/filmnow/MainFilmNow.java::comando | src/filmnow/Filme.java::equals | src/filmnow/FilmNow.java::existeFilme | src/filmnow/Filme.java::toString | src/filmnow/MainFilmNow.java::adicionaFilme,high
S11,official_sample,redacted,llm,unit_tests,Unit Tests,6.5,10,"Há uma suíte razoável de testes JUnit cobrindo muitos casos de cadastro e alguns casos de detalhamento e HotList. Porém, os testes não cobrem completamente os comportamentos especificados e alguns verificam a própria implementação em vez da saída esperada pelo enunciado.",src/srcTestes/FilmNowTestes.java | src/srcTestes/FilmeTestes.java | src/srcTestes/FilmNowTestes.java::setUp | src/srcTestes/FilmNowTestes.java::testAdicionaFilmeNoLimite | src/srcTestes/FilmNowTestes.java::detalhaFilmeDaHOtList | src/srcTestes/FilmeTestes.java::testFilmesIguais | src/srcTestes/FilmeTestes.java::testFilmesDiferentes | src/srcTestes/FilmeTestes.java::testToString | src/srcTestes/FilmNowTestes.java::testAdicionaFilmeSemAno | src/srcTestes/FilmNowTestes.java::testDetalhaFilmeValido | src/filmnow/FilmNow.java::getFilmes | src/srcTestes/FilmNowTestes.java::removeHotComFilmeValido | src/filmnow/FilmNow.java::exibirHotList | src/filmnow/FilmNow.java::adicionaHot,high
S11,official_sample,redacted,llm,class_design,Class Design,9,10,"O projeto contém as classes centrais esperadas e modela Filme como entidade separada de FilmNow, com composição em arrays e classe de interface com métodos auxiliares. A principal perda estrutural é a implementação incorreta da identidade de Filme.",src/filmnow/Filme.java | src/filmnow/FilmNow.java | src/filmnow/MainFilmNow.java | src/filmnow/FilmNow.java::FilmNow | src/filmnow/MainFilmNow.java::comando | src/filmnow/Filme.java::equals | src/filmnow/Filme.java::hashCode,high
S11,official_sample,redacted,llm,object_references,Object References and Composition,10,10,"A submissão demonstra corretamente o uso de referências de objetos: `FilmNow` armazena objetos `Filme`, cria novos filmes ao cadastrar e a HotList referencia filmes da lista principal. Não há uso problemático de estado estático nas classes de domínio.",src/filmnow/FilmNow.java::filmes | src/filmnow/FilmNow.java::hotList | src/filmnow/FilmNow.java::cadastraFilme | src/filmnow/FilmNow.java::adicionaHot | src/filmnow/FilmNow.java::pertenceHotList,high
S11,official_sample,redacted,llm,collections_and_arrays,Collections and Arrays,10,10,"As estruturas de dados atendem ao problema: há array fixo de 100 filmes, HotList fixa de 10 posições e validação de limites convertendo corretamente posições do usuário para índices do array.",src/filmnow/FilmNow.java::TAMANHO | src/filmnow/FilmNow.java::TAMANHO_HOT | src/filmnow/FilmNow.java::posicaoValida | src/filmnow/FilmNow.java::getFilmes | src/filmnow/FilmNow.java::exibirHotList | src/filmnow/FilmNow.java::existeFilme,high
S11,official_sample,redacted,llm,separation_of_concerns,Separation of Concerns,9,10,"A separação principal está bem preservada: a interface faz entrada/saída, `FilmNow` gerencia as regras do sistema e `Filme` representa os dados do filme. A perda é pequena porque parte da formatação de exibição de filmes fica concentrada em `FilmNow` em vez de ser delegada ao próprio `Filme`.",src/filmnow/MainFilmNow.java::menu | src/filmnow/MainFilmNow.java::mostrarFilmes | src/filmnow/MainFilmNow.java::detalharFilme | src/filmnow/FilmNow.java::cadastraFilme | src/filmnow/FilmNow.java::getFilme | src/filmnow/Filme.java::toString | src/filmnow/FilmNow.java::formataFilme | src/filmnow/FilmNow.java::exibirHotList,high
S11,official_sample,redacted,llm,readability_and_documentation,Readability and Documentation,9,10,"O código é compreensível, usa nomes majoritariamente adequados e possui Javadocs nas classes e métodos públicos. Há apenas pequenas inconsistências de documentação/nomeação e alguns trechos de estilo que reduzem levemente a qualidade.",src/filmnow/Filme.java | src/filmnow/FilmNow.java | src/filmnow/MainFilmNow.java | src/filmnow/FilmNow.java::TAMANHO | src/filmnow/FilmNow.java::TAMANHO_HOT | src/filmnow/LeitorFilmNow.java::carregaContatos | src/filmnow/Filme.java::toString | src/filmnow/FilmNow.java::adicionaHot | src/filmnow/FilmNow.java::removerHot,high
S12,official_sample,redacted,llm,basic_functionality,Basic Functionality,4.5,10,"Há implementação real de cadastro, listagem simples, detalhamento parcial e HotList, mas o fluxo funcional fica incompleto por erros de validação, convenção de posições, formatação dos dados exibidos e HotList distante do contrato especificado.","src/filmnow/FilmNow.java: atributos filmes e hotList | src/filmnow/FilmNow.java: cadastraFilme(int, String, String, String) | src/filmnow/FilmNow.java: verificaFilmeExistente(String, String) | src/filmnow/FilmNow.java: cadastrarHotFilme(int), removeHotFilme(int), exibirHot() | src/filmnow/MainFilmNow.java: mostrarFilmes(FilmNow), detalharFilme(FilmNow, Scanner), comando(String, FilmNow, Scanner) | src/filmnow/FilmNow.java: verificaPosicao(int) | src/filmnow/FilmNow.java: verificaDadosVazios(String, String) | src/filmnow/Filme.java: toString() | src/filmnow/MainFilmNow.java: mostrarFilmes(FilmNow) | src/filmnow/MainFilmNow.java: detalharFilme(FilmNow, Scanner) | src/filmnow/MainFilmNow.java: formataFilme(int, Filme) | src/filmnow/FilmNow.java: cadastrarHotFilme(int) | src/filmnow/FilmNow.java: removeHotFilme(int) | src/filmnow/FilmNow.java: exibirHot() | src/filmnow/MainFilmNow.java: comando(String, FilmNow, Scanner)",high
S12,official_sample,redacted,llm,unit_tests,Unit Tests,3.0,10,"Há testes JUnit com asserções reais para Filme e FilmNow, principalmente cadastro e igualdade, mas a cobertura é pequena frente ao roteiro e parte dos testes está incorreta ou não executaria com sucesso por acessar posições inválidas diretamente.",teste/filmnow/FilmeTeste.java | teste/filmnow/FilmNowTeste.java: testAdicionarFilmeSucesso() | teste/filmnow/FilmNowTeste.java: testAdicionarFilmeDuplicado() | teste/filmnow/FilmNowTeste.java: testSubstituirFilmeNaMesmaPosicao() | teste/filmnow/FilmNowTeste.java: testVerificaPosicaoLimites() | teste/filmnow/FilmeTeste.java: testToString() | teste/filmnow/FilmeTeste.java: testEquals() | teste/filmnow/FilmeTeste.java: testHashCode() | teste/filmnow/FilmNowTeste.java | teste/filmnow/FilmNowTeste.java: testAdicionarFilmePosicaoInvalida() | teste/filmnow/FilmNowTeste.java: testAdicionarFilmeNomeVazio() | teste/filmnow/FilmNowTeste.java: testAdicionarFilmeLocalVazio() | src/filmnow/FilmNow.java: getFilme(int),high
S12,official_sample,redacted,llm,class_design,Class Design,8.0,10,"A submissão modela Filme como classe própria e FilmNow como gerenciador com composição por arrays de Filme, o que atende ao núcleo de design esperado. As perdas decorrem de APIs e representações ainda pouco alinhadas ao domínio, especialmente para exibição e operações do sistema.","src/filmnow/Filme.java | src/filmnow/Filme.java: equals(Object), hashCode() | src/filmnow/FilmNow.java: atributos filmes e hotList | src/filmnow/FilmNow.java: construtor FilmNow() | src/filmnow/MainFilmNow.java: menu(Scanner), comando(String, FilmNow, Scanner), adicionaFilme(FilmNow, Scanner) | src/filmnow/Filme.java: toString() | src/filmnow/FilmNow.java | src/filmnow/MainFilmNow.java: mostrarFilmes(FilmNow) | src/filmnow/MainFilmNow.java: detalharFilme(FilmNow, Scanner)",high
S12,official_sample,redacted,llm,object_references,Object References and Composition,10,10,"O uso de referências e composição está adequado ao nível esperado: os atributos estáticos se restringem a constantes, objetos FilmNow e Filme são criados nos locais apropriados, e FilmNow armazena referências para objetos Filme em seus arrays de composição.","src/filmnow/FilmNow.java: TAMANHO, TAMANHOHOT | src/filmnow/MainFilmNow.java: main(String[]) | src/filmnow/FilmNow.java: cadastraFilme(int, String, String, String) | src/filmnow/FilmNow.java: atributos filmes e hotList | src/filmnow/FilmNow.java: cadastrarHotFilme(int)",high
S12,official_sample,redacted,llm,collections_and_arrays,Collections and Arrays,8.0,10,"A solução usa arrays de tamanhos compatíveis com as restrições do laboratório para filmes e HotList, mas há um erro relevante de mapeamento entre posição do usuário e índice interno, além de uso incompleto da posição da HotList na inserção.","src/filmnow/FilmNow.java: private static final int TAMANHO = 100 | src/filmnow//FilmNow.java: private static final int TAMANHOHOT = 10 | src/filmnow/FilmNow.java: filmes e hotList | src/filmnow/FilmNow.java: getFilmes(), getHotLista() | src/filmnow/FilmNow.java: exibirHot() | src/filmnow/FilmNow.java: getFilme(int) | src/filmnow/FilmNow.java: cadastraFilme(int, String, String, String) | src/filmnow/FilmNow.java: verificaPosicao(int) | src/filmnow/FilmNow.java: cadastrarHotFilme(int) | src/filmnow/MainFilmNow.java: comando(String, FilmNow, Scanner)",high
S12,official_sample,redacted,llm,separation_of_concerns,Separation of Concerns,5.5,10,"Há separação inicial entre interface, gerenciador e entidade, mas as responsabilidades ficam misturadas: FilmNow imprime mensagens, Main acessa arrays e formata dados de domínio, e Filme não fornece uma representação adequada para as telas do sistema.","src/filmnow/MainFilmNow.java: menu(Scanner), comando(String, FilmNow, Scanner), adicionaFilme(FilmNow, Scanner) | src/filmnow/FilmNow.java: cadastraFilme(int, String, String, String), cadastrarHotFilme(int), removeHotFilme(int) | src/filmnow/Filme.java: atributos, getters, equals(Object) | src/filmnow/FilmNow.java: cadastraFilme(int, String, String, String) | src/filmnow/FilmNow.java: cadastrarHotFilme(int) | src/filmnow/FilmNow.java: removeHotFilme(int) | src/filmnow/FilmNow.java: exibirHot() | src/filmnow/MainFilmNow.java: mostrarFilmes(FilmNow) | src/filmnow/MainFilmNow.java: detalharFilme(FilmNow, Scanner) | src/filmnow/FilmNow.java: getFilmes(), getFilme(int) | src/filmnow/Filme.java: toString() | src/filmnow/MainFilmNow.java: formataFilme(int, Filme)",high
S12,official_sample,redacted,llm,readability_and_documentation,Readability and Documentation,5.0,10,"O código é em geral compreensível e usa nomes razoáveis, mas a documentação nova é insuficiente, parte dos comentários/Javadocs não cobre os métodos adicionados, e há sinais de implementação apressada que prejudicam clareza e manutenção.","src/filmnow/Filme.java | src/filmnow/FilmNow.java | src/filmnow/MainFilmNow.java | src/filmnow/LeitorFilmNow.java | src/filmnow/FilmNow.java: verificaPosicao(int), verificaHotExistente(String, String), verificaFilmeExistente(String, String), verificaDadosVazios(String, String), cadastrarHotFilme(int), removeHotFilme(int), exibirHot() | src/filmnow/FilmNow.java: Javadoc de cadastraFilme(int, String, String, String) | src/filmnow/FilmNow.java: métodos públicos sem descrição de contrato | src/filmnow/Filme.java: toString() | src/filmnow/MainFilmNow.java: menu(Scanner) | src/filmnow/FilmNow.java: getFilme(int), removeHotFilme(int)",high
S13,official_sample,redacted,llm,basic_functionality,Basic Functionality,8,10,"A submissão implementa o fluxo central de cadastro, listagem, detalhamento e HotList, com comportamento normal funcionando em vários casos. As principais perdas vêm de casos especificados de detalhamento em posição vazia/ano vazio e de validações incompletas na HotList, que podem gerar mensagens incorretas ou exceções.",src/filmnow/FilmNow.java::cadastraFilme | src/filmnow/FilmNow.java::temFilme | src/filmnow/FilmNow.java::exibirFilmes | src/filmnow/FilmNow.java::detalhaFilme | src/filmnow/FilmNow.java::adicionaHotList | src/filmnow/FilmNow.java::removeHotFilmes | src/filmnow/Filme.java::equals | src/filmnow/Filme.java::detalha | src/filmnow/FilmNow.java::exibirHot,high
S13,official_sample,redacted,llm,unit_tests,Unit Tests,6,10,"Há uma suíte real em JUnit para Filme e FilmNow, com vários testes independentes e cobertura de caminhos normais, igualdade, detalhamento e algumas posições inválidas. Entretanto, a cobertura não contempla vários casos obrigatórios do roteiro e alguns testes de HotList reforçam comportamento contrário à especificação.",src Testes/lab3FilmNow/FilmeTeste.java | src Testes/lab3FilmNow/FilmNowTest.java::setUp | src Testes/lab3FilmNow/FilmNowTest.java::testCadastraFilme | src Testes/lab3FilmNow/FilmNowTest.java::testDetalhaFilme | src Testes/lab3FilmNow/FilmNowTest.java::testExibirFilme | src Testes/lab3FilmNow/FilmNowTest.java::testExibirHotFilme | src Testes/lab3FilmNow/FilmNowTest.java::testPosicaoInvalida | src Testes/lab3FilmNow/FilmNowTest.java::testFilmeInvalidoNomeNull | src Testes/lab3FilmNow/FilmNowTest.java::testFilmeInvalidoLocalNull | src Testes/lab3FilmNow/FilmNowTest.java::testDetalhaFilmeLimiteMenor | src Testes/lab3FilmNow/FilmNowTest.java::testDetalhaFilmeLimiteMaior | src Testes/lab3FilmNow/FilmNowTest.java::testExibirFilmes | src Testes/lab3FilmNow/FilmeTeste.java::testDetalhaAnoVazio | src Testes/lab3FilmNow/FilmNowTest.java::testAdicionaHotList | src Testes/lab3FilmNow/FilmNowTest.java::testAdicionaFilmePosicaoInvalidaHot,high
S13,official_sample,redacted,llm,class_design,Class Design,9,10,"O desenho principal está alinhado ao laboratório: há classe Filme própria, FilmNow compõe filmes e há uma classe de interface com main modularizado. A perda é pequena e decorre de uma API de FilmNow um pouco confusa em métodos que recebem outra instância de FilmNow para operar.",src/filmnow/Filme.java | src/filmnow/FilmNow.java::filmes | src/filmnow/FilmNow.java::hotFilmes | src/filmnow/MainFilmNow.java::main | src/filmnow/MainFilmNow.java::comando | src/filmnow/MainFilmNow.java::adicionaFilme | src/filmnow/FilmNow.java::exibirFilmes | src/filmnow/FilmNow.java::exibirHot,high
S13,official_sample,redacted,llm,object_references,Object References and Composition,10,10,"A submissão demonstra uso adequado de referências para o nível do laboratório: FilmNow cria e armazena objetos Filme, a HotList referencia os mesmos objetos da lista principal, e o uso de static fica restrito ao main, métodos auxiliares da interface e constantes.",src/filmnow/FilmNow.java::filmes | src/filmnow/FilmNow.java::hotFilmes | src/filmnow/FilmNow.java::cadastraFilme | src/filmnow/FilmNow.java::adicionaHotList | src/filmnow/MainFilmNow.java,high
S13,official_sample,redacted,llm,collections_and_arrays,Collections and Arrays,8,10,"A estrutura de armazenamento principal respeita os limites do enunciado, usando array de 100 filmes e array de 10 itens para a HotList, com conversão correta de posição pública 1-based para índice interno 0-based na maior parte do código. A perda decorre de validações incorretas de índice na HotList, que comprometem a segurança do uso dos arrays.",src/filmnow/FilmNow.java::TAMANHO | src/filmnow/FilmNow.java::TAMANHO_HOT | src/filmnow/FilmNow.java::FilmNow | src/filmnow/FilmNow.java::cadastraFilme | src/filmnow/FilmNow.java::formataToString | src/filmnow/FilmNow.java::exibirFilmes | src/filmnow/FilmNow.java::adicionaHotList | src/filmnow/FilmNow.java::removeHotFilmes,high
S13,official_sample,redacted,llm,separation_of_concerns,Separation of Concerns,9,10,"As responsabilidades estão bem separadas para o nível do laboratório: MainFilmNow concentra entrada e saída, FilmNow gerencia cadastro/listagem/HotList e Filme sabe representar seus próprios dados. A principal fragilidade é uma pequena mistura e confusão de fronteiras nos métodos de exibição do gerenciador.",src/filmnow/MainFilmNow.java::adicionaFilme | src/filmnow/MainFilmNow.java::mostrarFilmes | src/filmnow/MainFilmNow.java::detalharFilme | src/filmnow/FilmNow.java::cadastraFilme | src/filmnow/FilmNow.java::exibirFilmes | src/filmnow/Filme.java::toString | src/filmnow/Filme.java::detalha | src/filmnow/LeitorFilmNow.java | src/filmnow/FilmNow.java::exibirHot | src/filmnow/MainFilmNow.java::mostrarHotList,high
S13,official_sample,redacted,llm,readability_and_documentation,Readability and Documentation,8.5,10,"O código é legível, usa nomes em geral compreensíveis e contém Javadocs em classes e métodos públicos. A documentação, porém, tem algumas imprecisões, erros de digitação e inconsistências com o comportamento real, além de pequenos problemas de estilo que reduzem a clareza.",src/filmnow/Filme.java | src/filmnow/FilmNow.java | src/filmnow/MainFilmNow.java | src/filmnow/LeitorFilmNow.java | src/filmnow/Filme.java::detalha | src/filmnow/FilmNow.java::cadastraFilme | src/filmnow/FilmNow.java::adicionaHotList | src/filmnow/FilmNow.java::detalhaFilme | src/filmnow/FilmNow.java::exibirFilmes | src/filmnow/FilmNow.java::exibirHot,high
S14,official_sample,redacted,llm,basic_functionality,Basic Functionality,7,10,"A implementação cobre bem o cadastro e grande parte do detalhamento de filmes na classe de domínio, mas há falhas materiais na HotList, no fluxo de interface e no formato de listagem. A funcionalidade principal não está ausente, porém algumas operações especificadas não fecham corretamente de ponta a ponta.","src/filmnow/FilmNow.java: cadastraFilme(int,String,String,String) | src/filmnow/FilmNow.java: detalhaFilme(int) | src/filmnow/FilmNow.java: adicionaHot(int,int), removeHot(int), exibeHotList() | src/filmnow/MainFilmNow.java: comando(String,FilmNow,Scanner), detalharFilme(FilmNow,Scanner), atribuirHot(FilmNow,Scanner) | src/filmnow/FilmNow.java: adicionaHot(int,int) | src/filmnow/FilmNow.java: removeHot(int) | src/filmnow/FilmNow.java: exibeHotList() | src/filmnow/MainFilmNow.java: comando(String,FilmNow,Scanner) | src/filmnow/MainFilmNow.java: detalharFilme(FilmNow,Scanner) | src/filmnow/MainFilmNow.java: atribuirHot(FilmNow,Scanner) | src/filmnow/MainFilmNow.java: removerHot(FilmNow,Scanner) | src/filmnow/FilmNow.java: getFilmes() | src/filmnow/Filme.java: toString()",medium
S14,official_sample,redacted,llm,unit_tests,Unit Tests,6,10,"Há uma quantidade relevante de testes para FilmNow, principalmente cadastro, detalhamento e alguns cenários de HotList. Porém os testes da classe Filme são muito insuficientes, e alguns casos-limite importantes de listagem, sobrescrita e HotList não são verificados.","testes/filmnow/FilmeNowtestes.java: testAdicionaFilme* | testes/filmnow/FilmeNowtestes.java: testDetalharFilme, detalharFilmeAnoVazio, detalharFilmePosicaoMaior, detalharFilmePosicaoMenor | testes/filmnow/FilmeNowtestes.java: adicionaHot, removeHot, exibirHotList, detalharFilmeHot | testes/filmnow/FilmeNowtestes.java: preparaFilmes() | testes/filmnow/FilmeNowtestes.java: testNomeAno() | src/filmnow/Filme.java: equals(Object), toString(), toStringHot(), isHot() | testes/filmnow/FilmeNowtestes.java: testAdicionaFilme() | testes/filmnow/FilmeNowtestes.java: testGetFilmes() | testes/filmnow/FilmeNowtestes.java: adicionaHot(), adicionaHotPosicaoMaior(), adicionaHotPosicaoMenor() | testes/filmnow/FilmeNowtestes.java: removeHot() | src/filmnow/FilmNow.java: adicionaHot(int,int), removeHot(int)",medium
S14,official_sample,redacted,llm,class_design,Class Design,9,10,"A solução cria uma classe Filme substantiva, mantém FilmNow como gerenciador composto por filmes e preserva uma classe principal modularizada. As principais classes esperadas existem e têm responsabilidades reconhecíveis, com apenas problemas localizados de encapsulamento da API pública.","src/filmnow/Filme.java: classe Filme | src/filmnow/FilmNow.java: atributos filmes e hotList | src/filmnow/MainFilmNow.java: main, menu, comando e métodos auxiliares | src/filmnow/LeitorFilmNow.java: processaLinhaCsvFilmes(String[],FilmNow) | src/filmnow/FilmNow.java: getHotList() | src/filmnow/FilmNow.java: getFilme(int)",medium
S14,official_sample,redacted,llm,object_references,Object References and Composition,10,10,"A submissão demonstra adequadamente o uso de referências e composição: FilmNow armazena objetos Filme, cria novos objetos no cadastro e não usa estado estático indevido nas classes de domínio.","src/filmnow/FilmNow.java: private static final int TAMANHO | src/filmnow/FilmNow.java: private Filme[] filmes; private Filme[] hotList; | src/filmnow/FilmNow.java: cadastraFilme(int,String,String,String) | src/filmnow/FilmNow.java: adicionaHot(int,int) | src/filmnow/MainFilmNow.java: métodos estáticos de interface",medium
S14,official_sample,redacted,llm,collections_and_arrays,Collections and Arrays,9,10,"A estrutura principal de armazenamento está adequada: há um array de 100 filmes e uma HotList de 10 posições. A perda de ponto decorre da semântica de posições da HotList, que não respeita plenamente a interface 1..10 especificada.","src/filmnow/FilmNow.java: TAMANHO = 100 | src/filmnow/FilmNow.java: construtor FilmNow() | src/filmnow/FilmNow.java: cadastraFilme(int,String,String,String) | src/filmnow/FilmNow.java: getFilmes() | src/filmnow/FilmNow.java: adicionaHot(int,int), exibeHotList() | src/filmnow/FilmNow.java: adicionaHot(int,int) | src/filmnow/FilmNow.java: removeHot(int) | src/filmnow/FilmNow.java: exibeHotList()",medium
S14,official_sample,redacted,llm,separation_of_concerns,Separation of Concerns,9,10,"A separação geral é boa: MainFilmNow concentra entrada e saída, FilmNow gerencia regras de filmes e HotList, e Filme fornece representações textuais. Há uma falha localizada na integração entre interface e domínio, especialmente em métodos da interface que ignoram retornos do sistema ou fazem validações diretas.","src/filmnow/MainFilmNow.java: menu(Scanner), comando(String,FilmNow,Scanner), adicionaFilme(FilmNow,Scanner) | src/filmnow/FilmNow.java: cadastraFilme, detalhaFilme, adicionaHot, exibeHotList | src/filmnow/Filme.java: toString(), toStringHot() | src/filmnow/MainFilmNow.java: detalharFilme(FilmNow,Scanner) | src/filmnow/MainFilmNow.java: atribuirHot(FilmNow,Scanner) | src/filmnow/MainFilmNow.java: comando(String,FilmNow,Scanner)",medium
S14,official_sample,redacted,llm,readability_and_documentation,Readability and Documentation,8.5,10,"O código é legível, usa nomes geralmente compreensíveis e possui Javadoc em quase todos os métodos públicos. As perdas são por inconsistências localizadas, documentação um pouco superficial em alguns pontos e pequenos resquícios de código/nome herdado ou não usado.","src/filmnow/Filme.java | src/filmnow/FilmNow.java | src/filmnow/MainFilmNow.java | src/filmnow/LeitorFilmNow.java | src/filmnow/LeitorFilmNow.java: carregaContatos(String,FilmNow) | src/filmnow/MainFilmNow.java: formataFilme(int,Filme) | src/filmnow/Filme.java: isHot(), ehHot(), naoEhHot() | src/filmnow/FilmNow.java: Javadoc de adicionaHot(int,int) | src/filmnow/FilmNow.java: Javadoc de removeHot(int) | src/filmnow/FilmNow.java: Javadocs de getters",medium
S15,official_sample,redacted,llm,basic_functionality,Basic Functionality,4.5,10,"Há implementação parcial das quatro funcionalidades principais: filmes válidos podem ser cadastrados, listados, detalhados em casos simples e incluídos/removidos da HotList em um fluxo básico. Porém, várias regras centrais da especificação estão ausentes ou incorretas, especialmente validações, duplicidade por nome e ano, formato de exibição e consistência da HotList.","src/filmnow/FilmNow.java: cadastraFilme(int, String, int, String) | src/filmnow/FilmNow.java: getFilmes(), getFilmeDetalhado(int) | src/filmnow/FilmNow.java: adicionaHot(int,int), removeHot(int), getHotList() | src/filmnow/Filme.java: toString(), toStringHot(), mudaHot() | src/filmnow/MainFilmNow.java: adicionaFilme, mostrarFilmes, detalharFilme, adicionaHot, removeHot | src/filmnow/FilmNow.java: existeFilmeIgual(Filme) | src/filmnow/Filme.java: equals(Object) | src/filmnow/MainFilmNow.java: adicionaFilme(FilmNow, Scanner) | src/filmnow/FilmNow.java: getFilmes() | src/filmnow/FilmNow.java: getFilmeDetalhado(int) | src/filmnow/Filme.java: toString() | src/filmnow/MainFilmNow.java: detalharFilme(FilmNow, Scanner), mostrarFilmes(FilmNow) | src/filmnow/FilmNow.java: adicionaHot(int,int) | src/filmnow/FilmNow.java: removeHot(int) | src/filmnow/FilmNow.java: existeHot(Filme) | src/filmnow/Filme.java: mudaHot()",high
S15,official_sample,redacted,llm,unit_tests,Unit Tests,4.0,10,"Há uma suíte JUnit real para `Filme` e `FilmNow`, com configuração independente por teste e alguns casos básicos. Entretanto, a cobertura é bastante incompleta diante dos casos obrigatórios do roteiro, e alguns testes confirmam o comportamento atual incorreto em vez do comportamento especificado.","srcTestes/testes/FilmeTest.java | srcTestes/testes/FilmNowTest.java | srcTestes/testes/FilmeTest.java: preparaFilme() | srcTestes/testes/FilmNowTest.java: setUp() | srcTestes/testes/FilmeTest.java: testEquals(), testToString(), testToStringHotFormatado() | src/filmnow/Filme.java: equals(Object), getLocal() | srcTestes/testes/FilmNowTest.java: testCadastroFilmes(), testGetFilmeDetalhado(), testExisteFilmeIgual() | Contrato do lab: casos de teste de Adicionar Filme e Detalhar Filme | srcTestes/testes/FilmNowTest.java: testAdicionaHot(), testExisteHot(), testRemoveHot() | src/filmnow/FilmNow.java: adicionaHot(int,int), removeHot(int), existeHot(Filme)",high
S15,official_sample,redacted,llm,class_design,Class Design,7.0,10,"A submissão demonstra a ideia principal de modelar `Filme` como entidade separada e `FilmNow` como gerenciador composto por filmes, além de manter uma classe com `main`. Ainda assim, há problemas de modelagem em métodos essenciais da entidade e na API pública do gerenciador.","src/filmnow/Filme.java | src/filmnow/FilmNow.java: atributos filmes e hotList | src/filmnow/MainFilmNow.java: main, comando, adicionaFilme, mostrarFilmes, detalharFilme | src/filmnow/Filme.java: equals(Object) | src/filmnow/Filme.java: getLocal() | src/filmnow/Filme.java: toString(), toStringHot() | src/filmnow/FilmNow.java: getFilme(int) | src/filmnow/FilmNow.java: getFilmeDetalhado(int) | src/filmnow/FilmNow.java: cadastraFilme(int,String,int,String) | src/filmnow/MainFilmNow.java: adicionaFilme(FilmNow, Scanner)",high
S15,official_sample,redacted,llm,object_references,Object References and Composition,8.0,10,"O uso geral de referências é adequado para o nível do laboratório: `FilmNow` compõe objetos `Filme`, cria filmes no cadastro e não há uso indevido generalizado de atributos estáticos. A principal fragilidade está no controle do estado compartilhado entre filmes e HotList.","src/filmnow/FilmNow.java: private Filme[] filmes; private Filme[] hotList; | src/filmnow/FilmNow.java: cadastraFilme(int,String,int,String) | src/filmnow/FilmNow.java: adicionaHot(int,int) | src/filmnow/MainFilmNow.java: métodos estáticos de interface | src/filmnow/FilmNow.java: adicionaHot(int,int), removeHot(int) | src/filmnow/Filme.java: boolean hot, mudaHot()",high
S15,official_sample,redacted,llm,collections_and_arrays,Collections and Arrays,8.0,10,"A solução usa arrays fixos de tamanho 100 para os filmes e 10 para a HotList, respeitando a estrutura esperada e sem desperdiçar o índice zero. As perdas vêm da falta de proteção de limites e da inconsistência na forma de endereçar posições públicas.","src/filmnow/FilmNow.java: private static final int TAMANHO = 100 | src/filmnow/FilmNow.java: this.filmes = new Filme[TAMANHO] | src/filmnow/FilmNow.java: this.hotList = new Filme[10] | src/filmnow/FilmNow.java: getFilmes(), getHotList(), cadastraFilme(), adicionaHot() | src/filmnow/FilmNow.java: getFilme(int) | src/filmnow/FilmNow.java: getFilmeDetalhado(int) | src/filmnow/FilmNow.java: adicionaHot(int,int), removeHot(int)",high
S15,official_sample,redacted,llm,separation_of_concerns,Separation of Concerns,6.5,10,"Existe separação básica entre interface textual, gerenciador do sistema e entidade `Filme`, o que é um ponto positivo. Contudo, regras importantes do domínio foram deslocadas para o `Main` ou ficaram incompletas, reduzindo a coesão do `FilmNow` como responsável pelas operações do sistema.","src/filmnow/MainFilmNow.java: menu, comando, adicionaFilme, mostrarFilmes, detalharFilme | src/filmnow/FilmNow.java: cadastraFilme, getFilmes, getFilmeDetalhado, adicionaHot, removeHot | src/filmnow/Filme.java: atributos e toString | src/filmnow/MainFilmNow.java: adicionaFilme(FilmNow, Scanner), adicionaHot(FilmNow, Scanner) | src/filmnow/FilmNow.java: cadastraFilme(int,String,int,String), adicionaHot(int,int), getFilmeDetalhado(int)",high
S15,official_sample,redacted,llm,readability_and_documentation,Readability and Documentation,5.0,10,"O código é compreensível em linhas gerais e usa nomes de classes e métodos próximos do domínio. Entretanto, a documentação Javadoc é incompleta, especialmente nas classes e métodos novos, e há problemas de estilo, indentação e nomes/implementações contraditórias que prejudicam a manutenção.","src/filmnow/Filme.java | src/filmnow/FilmNow.java | src/filmnow/MainFilmNow.java | src/filmnow/Filme.java: classe inteira | src/filmnow/FilmNow.java: adicionaHot, removeHot, getHotList, existeHot | src/filmnow/Filme.java: construtores, getLocal(), toString(), toStringHot() | src/filmnow/FilmNow.java: getFilmeDetalhado(), getFilmes()",high
S16,official_sample,redacted,llm,basic_functionality,Basic Functionality,0,10,"O programa não pode ser executado de ponta a ponta porque a classe FilmNow contém um método sintaticamente inválido. Há tentativas parciais de cadastro, listagem e detalhamento, mas elas não chegam a formar uma funcionalidade compilável e a HotList está ausente.","src/filmnow/FilmNow.java: método cadastraFilme | src/filmnow/FilmNow.java: método estaCadastrado | src/filmnow/MainFilmNow.java: métodos adicionaFilme, mostrarFilmes e detalharFilme | src/filmnow/MainFilmNow.java: menu sem opções E, H e R",high
S16,official_sample,redacted,llm,unit_tests,Unit Tests,0,10,"Não há arquivos de teste JUnit na submissão. Portanto, não há evidência de testes para Filme nem para FilmNow.",Árvore da submissão: Test file count = 0 | Source Tree informado contém apenas arquivos em src/filmnow | Pacote da submissão: nenhum arquivo de teste listado,high
S16,official_sample,redacted,llm,class_design,Class Design,5,10,"Há evidência parcial de modelagem orientada a objetos: Filme foi criado com atributos próprios e FilmNow passou a armazenar objetos Filme. Porém, a classe gerente está incompleta, não compila e não modela várias operações centrais, especialmente HotList.","src/filmnow/Filme.java: atributos nome, ano e local; construtor; equals/hashCode | src/filmnow/FilmNow.java: atributo private Filme[] filmes | src/filmnow/FilmNow.java: construtor e método cadastraFilme | src/filmnow/FilmNow.java: private boolean estaCadastrado(fl) | src/filmnow/FilmNow.java: uso de lenth.filmes | src/filmnow/FilmNow.java: métodos getFilmes, getFilme e cadastraFilme | Ausência de métodos de HotList em src/filmnow/FilmNow.java | src/filmnow/MainFilmNow.java: método menu | src/filmnow/MainFilmNow.java: método comando",high
S16,official_sample,redacted,llm,object_references,Object References and Composition,6,10,"A submissão demonstra parte da ideia de composição ao fazer FilmNow armazenar objetos Filme e criar novos filmes no cadastro. Entretanto, a implementação não é compilável e o uso das referências é inconsistente na recuperação por posição.",src/filmnow/FilmNow.java: private Filme[] filmes | src/filmnow/FilmNow.java: método cadastraFilme | src/filmnow/MainFilmNow.java: FilmNow fn = new FilmNow() | src/filmnow/LeitorFilmNow.java: processaLinhaCsvFilmes | src/filmnow/FilmNow.java: método estaCadastrado | src/filmnow/FilmNow.java: método getFilme | src/filmnow/MainFilmNow.java: método detalharFilme,high
S16,official_sample,redacted,llm,collections_and_arrays,Collections and Arrays,4,10,"Há um array de 100 posições para filmes, o que é um começo adequado para a lista principal. Porém, o uso da estrutura é inconsistente, não há estrutura para HotList e as restrições de armazenamento não são aplicadas corretamente na classe de domínio.","src/filmnow/FilmNow.java: private static final int TAMANHO = 100 | src/filmnow/FilmNow.java: private Filme[] filmes | src/filmnow/FilmNow.java: método getFilmes | src/filmnow/FilmNow.java: ausência de atributo ou métodos de HotList | src/filmnow/MainFilmNow.java: menu sem operações de HotList | src/filmnow/FilmNow.java: getFilme(int posicao) | src/filmnow/FilmNow.java: cadastraFilme(int posicao, String nome, int ano, String local) | src/filmnow/FilmNow.java: método cadastraFilme | src/filmnow/FilmNow.java: método estaCadastrado incompleto",high
S16,official_sample,redacted,llm,separation_of_concerns,Separation of Concerns,4,10,"Existe uma separação inicial entre interface, sistema e entidade Filme, mas a divisão de responsabilidades fica incompleta. Regras de domínio não estão implementadas em FilmNow, a exibição do Filme não cobre as formas exigidas e a HotList não tem responsabilidade atribuída a nenhuma classe.","src/filmnow/MainFilmNow.java: métodos menu, comando, adicionaFilme, mostrarFilmes e detalharFilme | src/filmnow/FilmNow.java: atributo filmes e método cadastraFilme | src/filmnow/Filme.java: atributos e equals | src/filmnow/MainFilmNow.java: método adicionaFilme | src/filmnow/FilmNow.java: método cadastraFilme | src/filmnow/Filme.java: método toString | src/filmnow/MainFilmNow.java: método formataFilme | src/filmnow/FilmNow.java: ausência de HotList | src/filmnow/MainFilmNow.java: método comando sem casos E, H e R",high
S16,official_sample,redacted,llm,readability_and_documentation,Readability and Documentation,3,10,"A organização em pacote e alguns nomes são compreensíveis, mas há um trecho inacabado que torna o código inválido e a documentação da parte nova é majoritariamente vazia ou pouco informativa.",src/filmnow/Filme.java | src/filmnow/FilmNow.java | src/filmnow/MainFilmNow.java | src/filmnow/FilmNow.java: método estaCadastrado | src/filmnow/Filme.java: comentários /** */ vazios | src/filmnow/Filme.java: construtor sem descrição dos parâmetros | src/filmnow/Filme.java: toString e equals sem documentação específica,high
S17,official_sample,redacted,llm,basic_functionality,Basic Functionality,8,10,"A implementação cobre a maior parte do fluxo funcional: cadastro com validações principais, detalhamento, listagem pela interface e operações centrais da HotList. As perdas principais vêm de um erro real na igualdade de filmes que compromete a detecção de duplicados em situações comuns e de uma limitação da interface textual ao ler nomes/locais com espaços.",src/filmnow/FilmNow.java::cadastraFilme | src/filmnow/FilmNow.java::detalharFilme | src/filmnow/FilmNow.java::adicionaHot | src/filmnow/FilmNow.java::removeHot | src/filmnow/MainFilmNow.java::mostrarFilmes | src/filmnow/MainFilmNow.java::exibirHotList | src/filmnow/Filme.java::equals | src/filmnow/Filme.java::hashCode | src/filmnow/MainFilmNow.java::adicionaFilme,high
S17,official_sample,redacted,llm,unit_tests,Unit Tests,6.5,10,"Há uma suíte real de testes JUnit, especialmente forte nos casos de cadastro e detalhamento especificados. Entretanto, os testes da classe `Filme` são parciais, a listagem/estado interno após operações não é suficientemente verificada e a HotList quase não é testada além do caso de detalhar filme hot.",src/testes/FilmNowTest.java::teste1 a teste10 | src/testes/FilmNowTest.java::teste11 a teste16 | src/testes/FilmeTest.java::testGetResumo | src/testes/FilmeTest.java::testGetDetalhes | src/testes/FilmeTest.java::testEqualsObject | src/testes/FilmeTest.java | src/testes/FilmNowTest.java | src/testes/FilmNowTest.java::teste16 | src/filmnow/FilmNow.java::adicionaHot | src/filmnow/FilmNow.java::removeHot | src/filmnow/FilmNow.java::getHotList,high
S17,official_sample,redacted,llm,class_design,Class Design,10,10,"A solução cria e usa as classes centrais esperadas para o laboratório: `Filme` representa a entidade de domínio, `FilmNow` mantém composição com filmes e a classe de interface com `main` está modularizada em métodos auxiliares. A escolha de `String` para ano é permitida pelo enunciado.",src/filmnow/Filme.java | src/filmnow/FilmNow.java | src/filmnow/MainFilmNow.java | src/filmnow/LeitorFilmNow.java::processaLinhaCsvFilmes,high
S17,official_sample,redacted,llm,object_references,Object References and Composition,10,10,"A implementação demonstra uso adequado de objetos e referências: `MainFilmNow` cria o sistema, `FilmNow` cria objetos `Filme`, o acervo e a HotList armazenam referências a esses objetos, e não há uso indevido de atributos globais estáticos fora de constantes e da interface principal.",src/filmnow/FilmNow.java::cadastraFilme | src/filmnow/FilmNow.java::adicionaHot | src/filmnow/FilmNow.java::isHot | src/filmnow/MainFilmNow.java::main | src/filmnow/FilmNow.java::getFilmes | src/filmnow/FilmNow.java::getHotList,high
S17,official_sample,redacted,llm,collections_and_arrays,Collections and Arrays,10,10,"As estruturas de armazenamento atendem às restrições do laboratório: o acervo principal tem 100 posições, a HotList tem 10 posições, e a conversão entre posições externas 1-based e índices internos 0-based foi aplicada de forma consistente nas operações principais.",src/filmnow/FilmNow.java::filmes | src/filmnow/FilmNow.java::hotList | src/filmnow/FilmNow.java::cadastraFilme | src/filmnow/FilmNow.java::detalharFilme | src/filmnow/FilmNow.java::adicionaHot | src/filmnow/FilmNow.java::removeHot,high
S17,official_sample,redacted,llm,separation_of_concerns,Separation of Concerns,8,10,"A separação geral está boa: a interface faz entrada e saída, `FilmNow` gerencia cadastro/detalhamento/HotList e `Filme` conhece suas representações textuais. A perda ocorre porque algumas regras e formatações de domínio ainda ficam espalhadas no `Main`, principalmente listagem e validação da atribuição de HotList.",src/filmnow/MainFilmNow.java | src/filmnow/FilmNow.java | src/filmnow/Filme.java::toString | src/filmnow/Filme.java::getResumo | src/filmnow/Filme.java::getDetalhes | src/filmnow/MainFilmNow.java::mostrarFilmes | src/filmnow/MainFilmNow.java::exibirHotList | src/filmnow/FilmNow.java::getFilmes | src/filmnow/FilmNow.java::getHotList | src/filmnow/MainFilmNow.java::atribuirHot | src/filmnow/FilmNow.java::adicionaHot | src/filmnow/FilmNow.java::getFilme,high
S17,official_sample,redacted,llm,readability_and_documentation,Readability and Documentation,8.5,10,"O código é compreensível, usa nomes majoritariamente adequados e inclui Javadocs em classes e métodos públicos relevantes. As perdas são pequenas e ligadas a resíduos de nomenclatura, alguns nomes pouco expressivos nos testes e pequenos problemas de consistência textual/documental.",src/filmnow/Filme.java | src/filmnow/FilmNow.java | src/filmnow/MainFilmNow.java | src/filmnow/LeitorFilmNow.java | src/testes/FilmNowTest.java | src/filmnow/LeitorFilmNow.java::carregaContatos | src/testes/FilmNowTest.java::teste1 a teste16 | src/filmnow/MainFilmNow.java::menu | src/filmnow/FilmNow.java::cadastraFilme,high
S18,official_sample,redacted,llm,basic_functionality,Basic Functionality,8,10,"A submissão implementa o fluxo principal de cadastro, detalhamento, listagem e parte substancial da HotList. O cadastro cobre posições válidas, duplicidade por nome/ano, substituição e validação de nome/local. O detalhamento funciona para filmes existentes, inexistentes e posições fora do limite. As perdas principais vêm de falhas funcionais relevantes na HotList e de um detalhe frágil no tratamento de ano vazio.","src/filmnow/FilmNow.java: cadastraFilme(int,String,String,String) | src/filmnow/FilmNow.java: getFilmes() | src/filmnow/FilmNow.java: getFilme(int) | src/filmnow/FilmNow.java: atribuiHot(int,int) | src/filmnow/FilmNow.java: retiraHot(int) | src/filmnow/MainFilmNow.java: mostrarFilmes(FilmNow), exibeHot(FilmNow), adicionaHot(FilmNow,Scanner), removeHot(FilmNow,Scanner) | src/filmnow/Filme.java: formataFilme()",high
S18,official_sample,redacted,llm,unit_tests,Unit Tests,6.5,10,"Há uma suíte de testes real e relativamente ampla para cadastro e detalhamento em FilmNow, além de testes de igualdade para Filme. Contudo, os testes de Filme cobrem pouco além de equals/hashCode, a listagem e a exibição da HotList não são verificadas adequadamente, e alguns testes têm problemas de qualidade que reduzem sua capacidade de encontrar defeitos reais.","testes/filmnow/FilmNowTest.java: testAdicionaFilme(), testSubstituiFilme(), testAdicionaJaCadastrado(), testAdicionaFilmeClone(), testAdicionaNoFinalLista(), testAdicionaAcimaLim(), testAdicionaAbaixoLim(), testAdicionaLocalVazio(), testAdicionaAnoVazio(), testAdicionaNomeVazio() | testes/filmnow/FilmNowTest.java: testDetalhaFilmeCompleto(), testDetalhaFilmeSemAno(), testDetalhaFilmeVazio(), testDetalhaFilmeAquemLimite(), testDetalhaFilmeAlemLimite(), testDetalhaFilmeHot() | testes/filmnow/FilmNowTest.java: testAtribuiHotDeOrigemAlem(), testAtribuiHotDeOrigemAquem(), testAtribuiHotDeDestinoAquem(), testAtribuiFilmeHot(), testRetiraHotVazio(), testRetiraHotExistente() | testes/filmnow/FilmeTest.java | testes/filmnow/FilmNowTest.java | src/filmnow/FilmNow.java: atribuiHot(int,int), retiraHot(int), getFilmes() | testes/filmnow/FilmNowTest.java: testAtribuiHotDeDestinoAlem() | testes/filmnow/FilmNowTest.java: testAtribuiFilmeJaExistente() | testes/filmnow/FilmeTest.java: testLocalDiferente()",high
S18,official_sample,redacted,llm,class_design,Class Design,9,10,"O projeto cria a classe Filme, mantém FilmNow como classe gerenciadora composta por objetos Filme e mantém uma classe de interface com main modularizada. A modelagem central pedida pelo laboratório está presente. A principal perda é a inconsistência entre equals e hashCode na identidade de Filme.","src/filmnow/Filme.java | src/filmnow/FilmNow.java | src/filmnow/MainFilmNow.java: main(String[]), menu(Scanner), comando(String,FilmNow,Scanner) | src/filmnow/Filme.java: equals(Object) | src/filmnow/Filme.java: hashCode()",high
S18,official_sample,redacted,llm,object_references,Object References and Composition,8,10,"A submissão demonstra composição real: FilmNow armazena objetos Filme e a HotList usa referências para os mesmos objetos, permitindo que o status hot apareça no detalhamento. Ainda assim, há exposição de arrays internos e erros de manipulação de referência na HotList que mostram fragilidade no uso das referências.","src/filmnow/FilmNow.java: atributos filmes e hotList | src/filmnow/FilmNow.java: cadastraFilme(int,String,String,String) | src/filmnow/FilmNow.java: atribuiHot(int,int) | src/filmnow/MainFilmNow.java: main(String[]) | src/filmnow/FilmNow.java: getFilmesOriginal() | src/filmnow/FilmNow.java: getHotList() | src/filmnow/MainFilmNow.java: exibeHot(FilmNow), adicionaHot(FilmNow,Scanner) | src/filmnow/FilmNow.java: temFilmeHot(Filme)",high
S18,official_sample,redacted,llm,collections_and_arrays,Collections and Arrays,7.5,10,"As estruturas principais seguem a proposta do laboratório: array de 100 filmes e array de 10 itens para a HotList, com conversão de posição humana para índice zero. O uso da lista principal é majoritariamente correto. A perda vem do controle incorreto de limites e índices da HotList.","src/filmnow/FilmNow.java: TAMANHO, filmes | src/filmnow/FilmNow.java: TAM_HOT, hotList | src/filmnow/FilmNow.java: cadastraFilme(int,String,String,String) | src/filmnow/FilmNow.java: getFilmes() | src/filmnow/FilmNow.java: getFilme(int) | src/filmnow/FilmNow.java: atribuiHot(int,int) | src/filmnow/FilmNow.java: retiraHot(int)",high
S18,official_sample,redacted,llm,separation_of_concerns,Separation of Concerns,7,10,"A maior parte da separação esperada está presente: MainFilmNow cuida de interação textual, FilmNow gerencia cadastro/detalhamento e Filme formata seus dados. Porém, a interface acessa diretamente a estrutura interna da HotList e tenta aplicar regras de duplicidade, e FilmNow expõe estruturas internas, enfraquecendo a separação entre interface e lógica de domínio.","src/filmnow/MainFilmNow.java: adicionaFilme(FilmNow,Scanner), detalharFilme(FilmNow,Scanner), mostrarFilmes(FilmNow) | src/filmnow/FilmNow.java: cadastraFilme(int,String,String,String), getFilme(int), atribuiHot(int,int), retiraHot(int) | src/filmnow/Filme.java: formataFilme() | src/filmnow/MainFilmNow.java: adicionaHot(FilmNow,Scanner) | src/filmnow/MainFilmNow.java: exibeHot(FilmNow) | src/filmnow/FilmNow.java: getHotList() | src/filmnow/FilmNow.java: getFilmesOriginal() | src/filmnow/FilmNow.java: getFilmes() | src/filmnow/Filme.java: toString()",high
S18,official_sample,redacted,llm,readability_and_documentation,Readability and Documentation,8,10,"O código é em geral legível, com nomes compreensíveis, organização simples e Javadocs em classes e vários métodos públicos. As perdas vêm de documentação incompleta em alguns métodos públicos e de trechos de código que reduzem clareza e manutenção, especialmente na HotList.","src/filmnow/Filme.java | src/filmnow/FilmNow.java | src/filmnow/MainFilmNow.java | src/filmnow/LeitorFilmNow.java | src/filmnow/Filme.java: getNome(), getAno(), getLocal(), getStatus(), setStatus(), removeStatus() | src/filmnow/MainFilmNow.java: detalharFilme(FilmNow,Scanner), adicionaFilme(FilmNow,Scanner) | src/filmnow/Filme.java: setStatus(), removeStatus(), formataFilme() | src/filmnow/FilmNow.java: atribuiHot(int,int)",high
S19,official_sample,redacted,llm,basic_functionality,Basic Functionality,9.0,10,"O sistema implementa de forma consistente o cadastro de filmes, o detalhamento, a listagem pela interface e os fluxos principais da HotList. A principal perda funcional está na HotList: a operação de atribuir hot não valida se a posição do filme realmente existe na lista principal, e a remoção em posição vazia/ inválida não informa corretamente pela interface.",src/filmnow/FilmNow.java::cadastraFilme | src/filmnow/FilmNow.java::detalhesFilme | src/filmnow/FilmNow.java::cadastraHot | src/filmnow/FilmNow.java::retiraHot | src/filmnow/MainFilmNow.java::mostrarFilmes | src/filmnow/MainFilmNow.java::exibeHotFilmes | src/filmnow/MainFilmNow.java::removeHotFilme,high
S19,official_sample,redacted,llm,unit_tests,Unit Tests,7.0,10,"Há uma suíte relevante de testes para Filme e FilmNow, com boa cobertura de equals, cadastro, detalhamento e parte da HotList. A cobertura ainda deixa lacunas importantes: não há testes diretos de construtor/getters de Filme, a exibição sem ano em Filme não é testada diretamente, não há teste de mostrar todos, e os casos problemáticos de HotList com filme inexistente ou exibição da lista não são cobertos.",src/testes/FilmeTest.java | src/testes/FilmNowTest.java::testCadastraFilmeAdicionadoPosVazia | src/testes/FilmNowTest.java::testCadastraFilmePosLimiteAcima | src/testes/FilmNowTest.java::testDetalhesFilmeDaHotList | src/testes/FilmNowTest.java::testCadastraHotFilmeRepetido | src/testes/FilmNowTest.java::testRetiraHot | src/testes/FilmNowTest.java,high
S19,official_sample,redacted,llm,class_design,Class Design,10,10,"A submissão cria e utiliza as classes centrais esperadas para o laboratório: Filme modela a entidade com nome, ano e local; FilmNow mantém a coleção de filmes e a HotList; MainFilmNow organiza a interface por métodos auxiliares. A estrutura ultrapassa claramente o código inicial e representa a composição principal exigida.",src/filmnow/Filme.java | src/filmnow/FilmNow.java | src/filmnow/MainFilmNow.java,high
S19,official_sample,redacted,llm,object_references,Object References and Composition,10,10,"O código demonstra uso adequado de objetos e composição para o nível do laboratório. FilmNow contém objetos Filme, cria novos filmes no cadastro, retorna cópia do array principal e o Main instancia FilmNow e LeitorFilmNow de forma apropriada. O uso de static fica restrito a constantes e aos métodos auxiliares da classe de interface, padrão aceitável neste lab.",src/filmnow/FilmNow.java::filmes | src/filmnow/FilmNow.java::cadastraFilme | src/filmnow/FilmNow.java::getFilmes | src/filmnow/MainFilmNow.java::main | src/filmnow/MainFilmNow.java::carregaFilmes,high
S19,official_sample,redacted,llm,collections_and_arrays,Collections and Arrays,10,10,"As estruturas de armazenamento respeitam os limites principais do enunciado: 100 posições para filmes e 10 posições para HotList. O código traduz corretamente as posições de usuário, que começam em 1, para índices de array, que começam em 0, e não ignora a posição 0 do array.",src/filmnow/FilmNow.java::TAMANHO | src/filmnow/FilmNow.java::hotTamanho | src/filmnow/FilmNow.java::filmes | src/filmnow/FilmNow.java::hotFilmes | src/filmnow/FilmNow.java::cadastraFilme | src/filmnow/FilmNow.java::cadastraHot | src/filmnow/MainFilmNow.java::mostrarFilmes,high
S19,official_sample,redacted,llm,separation_of_concerns,Separation of Concerns,7.0,10,"Há uma separação básica correta: MainFilmNow cuida da entrada e saída, FilmNow cadastra e detalha filmes, e Filme sabe gerar sua representação textual detalhada. Porém, parte da lógica de listagem e da HotList ficou na interface, que percorre arrays e monta formatos diretamente, aumentando acoplamento e deixando FilmNow menos responsável por gerenciar as formas de exibição do sistema.",src/filmnow/MainFilmNow.java::adicionaFilme | src/filmnow/MainFilmNow.java::detalharFilme | src/filmnow/FilmNow.java::cadastraFilme | src/filmnow/FilmNow.java::detalhesFilme | src/filmnow/Filme.java::toString | src/filmnow/MainFilmNow.java::mostrarFilmes | src/filmnow/MainFilmNow.java::formataFilme | src/filmnow/MainFilmNow.java::exibeHotFilmes | src/filmnow/FilmNow.java::getFilmes | src/filmnow/FilmNow.java::getHotFilmes,high
S19,official_sample,redacted,llm,readability_and_documentation,Readability and Documentation,8.0,10,"O código é legível, usa nomes em geral claros e possui Javadocs nas classes e métodos públicos. As perdas vêm de documentação parcialmente genérica ou incompleta em alguns métodos, comentários pessoais no meio da lógica e pequenas inconsistências de estilo que reduzem a qualidade, mas não impedem a compreensão.",src/filmnow/Filme.java | src/filmnow/FilmNow.java | src/filmnow/MainFilmNow.java | src/filmnow/FilmNow.java::cadastraFilme | src/filmnow/FilmNow.java::cadastraHot | src/filmnow/FilmNow.java::retiraHot | src/filmnow/FilmNow.java::hotTamanho | src/filmnow/FilmNow.java::detalhesFilme,high
S20,official_sample,redacted,llm,basic_functionality,Basic Functionality,6.5,10,"A submissão implementa parte importante do fluxo de cadastro, detalhamento e manipulação de filmes, especialmente por meio de `FilmNow.adicionaFilme` e `FilmNow.detalharFilme`. Porém, há inconsistências entre a API principal e a interface, ausência de uma operação de listagem bem encapsulada no sistema e uma HotList apenas parcialmente funcional em relação à especificação.",src/filmnow/FilmNow.java#adicionaFilme | src/filmnow/FilmNow.java#detalharFilme | src/filmnow/FilmNow.java#adicionaHot | src/filmnow/FilmNow.java#removeHot | src/filmnow/Filme.java#equals | src/filmnow/MainFilmNow.java#comando | src/filmnow/MainFilmNow.java#exibirHotList | src/filmnow/MainFilmNow.java#mostrarFilmes | src/filmnow/FilmNow.java#getFilmes | src/filmnow/FilmNow.java#cadastraFilme | src/filmnow/MainFilmNow.java#adicionaFilme | src/filmnow/MainFilmNow.java#detalharFilme,high
S20,official_sample,redacted,llm,unit_tests,Unit Tests,7.0,10,"Há uma suíte JUnit relativamente ampla para `FilmNow` e alguns testes para `Filme`, cobrindo cadastro, limites, duplicidade, detalhamento e partes da HotList. Ainda assim, os testes da classe `Filme` são incompletos e alguns testes de `FilmNow` não exercitam funcionalidades essenciais, como listagem e integração real entre HotList e detalhamento.",Testes/lab3FilmNow/FilmNowTest.java | Testes/lab3FilmNow/DetalharFilmesTest.java | Testes/lab3FilmNow/FilmNowHotTest.java | Testes/lab3FilmNow/FilmeTest.java | src/filmnow/TesteFilmNow.java | src/filmnow/Filme.java#equals | src/filmnow/Filme.java#toString | Testes/lab3FilmNow/FilmNowTest.java#teste9_anoVazioAceitoComoZero | src/filmnow/MainFilmNow.java#mostrarFilmes | Testes/lab3FilmNow/DetalharFilmesTest.java#test6_DetalharFilmeComHot | src/filmnow/FilmNow.java#adicionaHot,high
S20,official_sample,redacted,llm,class_design,Class Design,8.0,10,"A solução cria uma classe `Filme` real, mantém `FilmNow` como agregador de filmes e possui uma classe de interface com `main` modularizada. O desenho geral demonstra entendimento da modelagem principal, mas há inconsistências nas APIs públicas e no modelo da HotList.",src/filmnow/Filme.java | src/filmnow/FilmNow.java#filmes | src/filmnow/FilmNow.java#adicionaFilme | src/filmnow/FilmNow.java#cadastraFilme | src/filmnow/MainFilmNow.java | src/filmnow/MainFilmNow.java#adicionaFilme | src/filmnow/Filme.java#hot | src/filmnow/Filme.java#setHot | src/filmnow/FilmNow.java#hotList | src/filmnow/FilmNow.java#adicionaHot,high
S20,official_sample,redacted,llm,object_references,Object References and Composition,8.0,10,"A submissão usa objetos e referências de forma majoritariamente adequada: `FilmNow` armazena referências para `Filme`, cria filmes no cadastro e a HotList reutiliza essas referências. As perdas vêm de problemas de encapsulamento e da falta de sincronização do estado hot entre os objetos e a lista.",src/filmnow/FilmNow.java#filmes | src/filmnow/FilmNow.java#hotList | src/filmnow/FilmNow.java#jaExisteFilme | src/filmnow/Filme.java#equals | src/filmnow/MainFilmNow.java#main | src/filmnow/FilmNow.java#adicionaHot | src/filmnow/FilmNow.java#removeHot | src/filmnow/FilmNow.java#detalharFilme | src/filmnow/Filme.java#getDetalhes | src/filmnow/Filme.java#setHot | src/filmnow/FilmNow.java#getHotList | src/filmnow/FilmNow.java#getFilmes,high
S20,official_sample,redacted,llm,collections_and_arrays,Collections and Arrays,8.0,10,"A solução usa arrays adequados ao domínio: um array para os 100 filmes e outro para as 10 posições da HotList. A maior parte da estrutura serve ao problema, mas há inconsistências de indexação e exposição direta da HotList.",src/filmnow/FilmNow.java#TAMANHO | src/filmnow/FilmNow.java#filmes | src/filmnow/FilmNow.java#hotList | src/filmnow/FilmNow.java#getFilmes | src/filmnow/FilmNow.java#jaExisteFilme | src/filmnow/FilmNow.java#cadastraFilme | src/filmnow/FilmNow.java#adicionaFilme | src/filmnow/FilmNow.java#adicionaHot | src/filmnow/FilmNow.java#removeHot | src/filmnow/MainFilmNow.java#atribuirHot | src/filmnow/MainFilmNow.java#removerHot,high
S20,official_sample,redacted,llm,separation_of_concerns,Separation of Concerns,7.0,10,"Existe uma separação básica entre interface (`MainFilmNow`), sistema (`FilmNow`) e entidade (`Filme`). Contudo, regras de negócio e formatação ficam espalhadas: o `Main` valida e decide parte dos erros, acessa arrays diretamente para listar, e a lógica de HotList/detalhamento fica dividida entre `Main`, `FilmNow` e `Filme`.",src/filmnow/MainFilmNow.java#menu | src/filmnow/MainFilmNow.java#comando | src/filmnow/MainFilmNow.java#mostrarFilmes | src/filmnow/FilmNow.java#adicionaFilme | src/filmnow/FilmNow.java#detalharFilme | src/filmnow/Filme.java#getDetalhes | src/filmnow/MainFilmNow.java#adicionaFilme | src/filmnow/MainFilmNow.java#detalharFilme | src/filmnow/FilmNow.java#getFilmes | src/filmnow/Filme.java#nomeAno,high
S20,official_sample,redacted,llm,readability_and_documentation,Readability and Documentation,7.5,10,"O código é compreensível e há bastante documentação Javadoc em métodos importantes. As perdas vêm de documentação incompleta ou imprecisa, nomes/API inconsistentes e alguns trechos que reduzem a clareza, mas não impedem o entendimento geral da solução.",src/filmnow/Filme.java | src/filmnow/FilmNow.java | src/filmnow/MainFilmNow.java | src/filmnow/Filme.java#getAno | src/filmnow/Filme.java#getNome | src/filmnow/Filme.java#setHot | src/filmnow/Filme.java#nomeAno | src/filmnow/FilmNow.java#getHotList | src/filmnow/LeitorFilmNow.java#carregaContatos | src/filmnow/MainFilmNow.java#detalharFilme | src/filmnow/FilmNow.java#adicionaHot | src/filmnow/MainFilmNow.java#formataFilme | src/filmnow/MainFilmNow.java#adicionaFilme,high
S21,official_sample,redacted,llm,basic_functionality,Basic Functionality,6,10,"A submissão implementa as quatro funcionalidades principais em algum nível: cadastro, detalhamento, listagem por meio da interface e HotList. Contudo, há falhas funcionais materiais, sobretudo na HotList, no formato/fluxo da interface e em validações/equivalência de filmes.","src/filmnow/FilmNow.java: método cadastraFilme | src/filmnow/FilmNow.java: método detalhesFilme | src/filmnow/FilmNow.java: métodos atribuirHotlist, removerHotlist e getHotlist | src/filmnow/MainFilmNow.java: métodos mostrarFilmes, detalharFilme, exibirHotlist, adicionarHot e removerHot | src/filmnow/Filme.java: método equals | src/filmnow/MainFilmNow.java: métodos mostrarFilmes, formataFilme e detalharFilme | src/filmnow/Filme.java: método toString | src/filmnow/FilmNow.java: métodos atribuirHotlist e removerHotlist | src/filmnow/MainFilmNow.java: método exibirHotlist | src/filmnow/Filme.java: atributo statusHotlist e método toString",high
S21,official_sample,redacted,llm,unit_tests,Unit Tests,5.5,10,"Há uma quantidade razoável de testes para FilmNow, especialmente cadastro, detalhamento e parte da HotList. Porém, os testes da classe Filme praticamente não existem como unidade própria, e a cobertura de listagem e de casos críticos da HotList é incompleta.","testes/filmnow/FilmeTest.java: testes adicionarFilmeNaPosiçãoVazia, adicionarFilmePosicaoExistente, filmeJaAdicionado, filmeNaPosicaoLimite | testes/filmnow/FilmeTest.java: testes detalharFilmeComTodosOsDados, detalharFilmeSemAno, detalharPosicaoSemFilme, detalharFilmeDaHotlist | testes/filmnow/FilmeTest.java: testes filmeAdicionadoAHotlistEmUmaPosicaoVazia, adicionarFilmeJaExistenteNaHotlist, removerFilmeExistenteDaHotlist | testes/filmnow/FilmeTest.java: o arquivo instancia FilmNow nos testes e não exerce Filme diretamente | src/filmnow/Filme.java: métodos getNome, getAno, getLocal, toString e equals | testes/filmnow/FilmeTest.java: ausência de teste para mostrarFilmes ou formato de listagem | src/filmnow/MainFilmNow.java: método mostrarFilmes | testes/filmnow/FilmeTest.java: grupo de testes da HotList | src/filmnow/FilmNow.java: métodos atribuirHotlist e removerHotlist",high
S21,official_sample,redacted,llm,class_design,Class Design,8,10,"A modelagem central esperada está presente: há Filme, FilmNow e uma classe de interface com main, e FilmNow compõe objetos Filme. As perdas decorrem de decisões incompletas na representação de igualdade/exibição e de uma API de gerência que expõe demais os arrays para a interface.","src/filmnow/Filme.java | src/filmnow/FilmNow.java: atributos filmes e hotlist | src/filmnow/MainFilmNow.java: métodos main, comando, adicionaFilme, mostrarFilmes, detalharFilme | src/filmnow/LeitorFilmNow.java: método processaLinhaCsvFilmes | src/filmnow/Filme.java: métodos equals e toString | src/filmnow/FilmNow.java: métodos getFilmes e getHotlist | src/filmnow/MainFilmNow.java: métodos mostrarFilmes e exibirHotlist",high
S21,official_sample,redacted,llm,object_references,Object References and Composition,7.5,10,Há evidência clara de uso de composição e criação adequada de objetos Filme dentro de FilmNow. As falhas principais estão no gerenciamento das referências da HotList e no uso incorreto de comparação por referência para strings.,"src/filmnow/FilmNow.java: construtor, atributos filmes e hotlist, método cadastraFilme | src/filmnow/MainFilmNow.java: método main | src/filmnow/Filme.java: construtor e atributos | src/filmnow/FilmNow.java: atributo posicaoFilme, métodos atribuirHotlist e removerHotlist | src/filmnow/Filme.java: atributo statusHotlist | src/filmnow/Filme.java: método equals",high
S21,official_sample,redacted,llm,collections_and_arrays,Collections and Arrays,8,10,"A solução usa arrays de Filme para a lista principal e a HotList e, em geral, respeita os limites funcionais de 100 filmes e 10 hots. As perdas vêm do índice 0 deliberadamente ignorado e de validações incompletas no acesso às estruturas.","src/filmnow/FilmNow.java: atributos filmes e hotlist | src/filmnow/FilmNow.java: construtor | src/filmnow/FilmNow.java: métodos cadastraFilme, atribuirHotlist, getFilmes e getHotlist | src/filmnow/FilmNow.java: constantes TAMANHO e TAMANHOHOTLIST; construtor | src/filmnow/FilmNow.java: métodos getFilme, atribuirHotlist e removerHotlist",high
S21,official_sample,redacted,llm,separation_of_concerns,Separation of Concerns,7,10,"A separação básica existe: Main faz entrada/saída, FilmNow concentra parte importante da lógica e Filme guarda dados e alguma exibição. Porém, a lógica de listagem/HotList fica parcialmente espalhada e a interface não integra corretamente os retornos e exceções do modelo.","src/filmnow/MainFilmNow.java: métodos menu, comando, adicionaFilme, mostrarFilmes, detalharFilme | src/filmnow/FilmNow.java: métodos cadastraFilme, detalhesFilme, atribuirHotlist e removerHotlist | src/filmnow/Filme.java: método toString | src/filmnow/MainFilmNow.java: métodos mostrarFilmes e exibirHotlist | src/filmnow/FilmNow.java: métodos getFilmes e getHotlist | src/filmnow/MainFilmNow.java: métodos adicionaFilme, adicionarHot, detalharFilme e removerHot | src/filmnow/MainFilmNow.java: método formataFilme",high
S21,official_sample,redacted,llm,readability_and_documentation,Readability and Documentation,7,10,"O código é em geral compreensível, usa nomes adequados e contém Javadocs em várias classes e métodos. Ainda assim, há problemas de clareza, documentação superficial/inexata e dependências/imports inadequados no código de produção.",src/filmnow/Filme.java | src/filmnow/FilmNow.java | src/filmnow/MainFilmNow.java | src/filmnow/LeitorFilmNow.java | src/filmnow/FilmNow.java: imports estáticos assertEquals e fail | src/filmnow/Filme.java: Javadocs de getAno e demais métodos | src/filmnow/FilmNow.java: Javadocs de métodos públicos | src/filmnow/FilmNow.java: métodos removerHotlist e cadastraFilme; atributo posicaoFilme | src/filmnow/Filme.java: método equals,high
S22,official_sample,redacted,llm,basic_functionality,Basic Functionality,7,10,"A submissão implementa o fluxo principal de cadastro, listagem, detalhamento e uma HotList funcional em casos simples. Há, porém, falhas materiais na confiabilidade das validações de texto/duplicidade e a HotList fica incompleta em remoção, duplicidade e posições inválidas.","src/filmnow/FilmNow.java: cadastraFilme(int,String,String,String) | src/filmnow/MainFilmNow.java: mostrarFilmes(FilmNow), detalharFilme(FilmNow,Scanner) | src/filmnow/DetalhaFilme.java: toString() | src/filmnow/FilmNow.java: adicionaHotList(Filme,int), retiraHotList(int), exibirHotList() | src/filmnow/MainFilmNow.java: atribuirHotList(FilmNow,Scanner), removeHotList(FilmNow,Scanner) | src/filmnow/Filme.java: equals(Object) | src/filmnow/FilmNow.java: adicionaHotList(Filme,int) | src/filmnow/FilmNow.java: retiraHotList(int) | src/filmnow/MainFilmNow.java: atribuirHotList(FilmNow,Scanner) | src/filmnow/MainFilmNow.java: removeHotList(FilmNow,Scanner)",high
S22,official_sample,redacted,llm,unit_tests,Unit Tests,4,10,"Há uma suíte com bons testes de cadastro e vários casos de detalhamento, incluindo limites. Entretanto, quase não há testes da unidade Filme em si, a listagem não é testada e a HotList é coberta apenas por um cenário parcial.","testes/filmnow/FIlmeTeste.java: testeCadastraFilmePosicaoVazia e demais testes de cadastro | testes/filmnow/FIlmeTeste.java: testaDetalhaFilme, testaDetalhaFilmeSemAnoLancamento, testaDetalhaFilmeEmUmaHotList | testes/filmnow/FIlmeTeste.java: preparaFilmes() | testes/filmnow/FIlmeTeste.java | src/filmnow/Filme.java: constructor, getters, equals(Object), hashCode() | src/filmnow/MainFilmNow.java: mostrarFilmes(FilmNow) | testes/filmnow/FIlmeTeste.java: testaDetalhaFilmeEmUmaHotList | src/filmnow/FilmNow.java: adicionaHotList(Filme,int), retiraHotList(int), exibirHotList()",high
S22,official_sample,redacted,llm,class_design,Class Design,8,10,"O desenho principal foi substancialmente evoluído em relação ao esqueleto: há classe Filme, FilmNow compõe arrays de Filme e o main está modularizado. As perdas vêm de uma representação textual pouco integrada à classe Filme e de responsabilidades de listagem/detalhamento espalhadas entre Main e uma classe auxiliar.","src/filmnow/Filme.java | src/filmnow/FilmNow.java: atributos filmes e hotList, constructor, cadastraFilme(...) | src/filmnow/MainFilmNow.java: comando(...), adicionaFilme(...), mostrarFilmes(...), detalharFilme(...) | src/filmnow/DetalhaFilme.java | src/filmnow/Filme.java: equals(Object) | src/filmnow/Filme.java: ausência de toString() | src/filmnow/DetalhaFilme.java: toString() | src/filmnow/FilmNow.java: getFilmes() | src/filmnow/MainFilmNow.java: mostrarFilmes(FilmNow), formataFilme(int,Filme), detalharFilme(FilmNow,Scanner)",high
S22,official_sample,redacted,llm,object_references,Object References and Composition,8,10,A solução demonstra boa compreensão de composição ao armazenar objetos Filme em FilmNow e reutilizar referências na HotList. A principal falha está na manutenção inconsistente dessas referências e estados associados durante operações da HotList.,"src/filmnow/FilmNow.java: private Filme[] filmes; private Filme[] hotList | src/filmnow/FilmNow.java: cadastraFilme(...), adicionaHotList(...) | src/filmnow/Filme.java: inHotList, getInHotList(), setInHotList(boolean) | src/filmnow/MainFilmNow.java: main e métodos auxiliares estáticos | src/filmnow/FilmNow.java: retiraHotList(int) | src/filmnow/FilmNow.java: adicionaHotList(Filme,int) | src/filmnow/MainFilmNow.java: atribuirHotList(FilmNow,Scanner)",high
S22,official_sample,redacted,llm,collections_and_arrays,Collections and Arrays,8,10,As estruturas de armazenamento principais respeitam os limites do enunciado e usam arrays de tamanho fixo adequados ao laboratório. A perda decorre principalmente de acessos sem validação em métodos públicos relacionados a posições.,"src/filmnow/FilmNow.java: TAMANHO, filmes, hotList | src/filmnow/FilmNow.java: cadastraFilme(...), getFilme(int), adicionaHotList(...), retiraHotList(...) | src/filmnow/MainFilmNow.java: mostrarFilmes(FilmNow) | src/filmnow/FilmNow.java: getFilme(int) | src/filmnow/FilmNow.java: adicionaHotList(Filme,int) | src/filmnow/FilmNow.java: retiraHotList(int)",high
S22,official_sample,redacted,llm,separation_of_concerns,Separation of Concerns,7,10,"Há separação razoável entre interface e domínio: o Main lê entradas e imprime saídas, enquanto FilmNow cadastra e gerencia filmes. Ainda assim, a listagem e parte do detalhamento dependem demais do Main e de uma classe auxiliar, e Filme não assume a responsabilidade de suas representações.","src/filmnow/MainFilmNow.java: menu(...), comando(...), adicionaFilme(...), mostrarFilmes(...), detalharFilme(...) | src/filmnow/FilmNow.java: cadastraFilme(...), adicionaHotList(...), retiraHotList(...), exibirHotList() | src/filmnow/DetalhaFilme.java: toString() | src/filmnow/Filme.java | src/filmnow/MainFilmNow.java: mostrarFilmes(FilmNow), formataFilme(int,Filme) | src/filmnow/FilmNow.java: getFilmes() | src/filmnow/MainFilmNow.java: formataFilme(int,Filme)",high
S22,official_sample,redacted,llm,readability_and_documentation,Readability and Documentation,6.5,10,"O código é compreensível e usa nomes em geral adequados, mas a documentação é incompleta e frequentemente superficial. Há também escolhas de implementação que prejudicam a clareza, como condicionais repetidas e comparações de String por referência.","src/filmnow/FilmNow.java | src/filmnow/MainFilmNow.java | src/filmnow/Filme.java | src/filmnow/DetalhaFilme.java | testes/filmnow/FIlmeTeste.java | src/filmnow/Filme.java: getters, getInHotList(), setInHotList(boolean) | src/filmnow/DetalhaFilme.java: classe e constructor | src/filmnow/FilmNow.java: retiraHotList(int), adicionaHotList(Filme,int), exibirHotList() | src/filmnow/FilmNow.java: cadastraFilme(...), adicionaHotList(...), retiraHotList(...) | src/filmnow/Filme.java: equals(Object) | src/filmnow/DetalhaFilme.java: toString() | src/filmnow/MainFilmNow.java: formataFilme(int,Filme)",high
S23,official_sample,redacted,llm,basic_functionality,Basic Functionality,3,10,"Há uma implementação parcial de cadastro e alguma exibição de filmes, mas o fluxo funcional não fecha corretamente. O cadastro funciona apenas em casos simples; detalhamento e listagem têm erros importantes de posição/formato; a HotList está essencialmente ausente ou quebrada.","src/filmnow/FilmNow.java: atributos filmes e TAMANHO | src/filmnow/FilmNow.java: cadastraFilme(int, String, String, String) | src/filmnow/FilmNow.java: filmeExistente(String, String) | src/filmnow/MainFilmNow.java: comando(String, FilmNow, Scanner), mostrarFilmes(FilmNow), detalharFilme(FilmNow, Scanner) | src/filmnow/MainFilmNow.java: adicionaFilme(FilmNow, Scanner) | src/filmnow/MainFilmNow.java: mostrarFilmes(FilmNow) | src/filmnow/MainFilmNow.java: formataFilme(int, Filme) | src/filmnow/MainFilmNow.java: detalharFilme(FilmNow, Scanner) | src/filmnow/FilmNow.java: getFilme(int) | src/filmnow/Filme.java: toString() | src/filmnow/FilmNow.java: getHotList() | src/filmnow/MainFilmNow.java: exibirHotList(FilmNow, Scanner) | src/filmnow/MainFilmNow.java: removerHot(FilmNow, Scanner) | src/filmnow/MainFilmNow.java: atribuirHotList(FilmNow, Scanner)",high
S23,official_sample,redacted,llm,unit_tests,Unit Tests,0,10,"Os arquivos de teste existem, mas estão vazios e não contêm anotações JUnit, chamadas aos métodos do sistema ou asserções. Portanto, não há evidência de testes efetivos para Filme ou FilmNow.",testes/lab3FilmNow/testes/FilmeTest.java | testes/lab3FilmNow/testes/MainFilmNowTest.java | testes/lab3FilmNow/testes/MainFilmeNowTest.java | testes/lab3FilmNow/testes/LeitoFilmNowTest.java,high
S23,official_sample,redacted,llm,class_design,Class Design,7,10,"A solução demonstra a ideia central de criar uma classe Filme e fazer FilmNow compor um array de filmes. Contudo, a modelagem ainda é incompleta para a identidade de Filme e para a HotList, e FilmNow não oferece uma API de domínio suficiente para as operações principais.",src/filmnow/Filme.java | src/filmnow/FilmNow.java: private Filme[] filmes | src/filmnow/MainFilmNow.java | src/filmnow/Filme.java: equals(Object) | src/filmnow/Filme.java: hashCode() | src/filmnow/FilmNow.java: getHotList() | src/filmnow/FilmNow.java: ausência de atributo de HotList | src/filmnow/FilmNow.java: métodos disponíveis,high
S23,official_sample,redacted,llm,object_references,Object References and Composition,7,10,"Há uso real de composição entre FilmNow e Filme, e objetos são criados em locais razoáveis para o cadastro simples. As perdas vêm do uso de métodos estáticos fora do main e, principalmente, da ausência de referências adequadas para a HotList.","src/filmnow/FilmNow.java: cadastraFilme(int, String, String, String) | src/filmnow/MainFilmNow.java: main(String[]) | src/filmnow/LeitorFilmNow.java: processaLinhaLinhaCsvFilmes/processaLinhaCsvFilmes | src/filmnow/Filme.java: verificaFilme(String) | src/filmnow/Filme.java: verificaLocal(String) | src/filmnow/MainFilmNow.java: adicionaFilme(FilmNow, Scanner) | src/filmnow/MainFilmNow.java: atribuirHotList(FilmNow, Scanner) | src/filmnow/FilmNow.java: ausência de atributo para HotList",high
S23,official_sample,redacted,llm,collections_and_arrays,Collections and Arrays,6,10,"A lista principal usa um array de Filme com limite 100 e clone no acesso ao array, o que atende parcialmente ao requisito de estrutura de dados. Porém, a HotList não tem estrutura própria e há inconsistência importante no tratamento de posições.","src/filmnow//FilmNow.java: private static final int TAMANHO = 100 | src/filmnow/FilmNow.java: private Filme[] filmes | src/filmnow/FilmNow.java: getFilmes() | srcrc/filmnow/FilmNow.java: cadastraFilme(int, String, String, String) | src/filmnow/FilmNow.java: ausência de campo de HotList | src/filmnow/FilmNow.java: getHotList() | src/filmnow/FilmNow.java: cadastraFilme(int, String, String, String) | src/filmnow/FilmNow.java: getFilme(int)",high
S23,official_sample,redacted,llm,separation_of_concerns,Separation of Concerns,5,10,"Existe uma separação inicial entre interface, sistema e entidade Filme, mas as responsabilidades de domínio não estão suficientemente centralizadas em FilmNow. O Main realiza validações, percorre a estrutura interna e tenta implementar HotList de forma inadequada.","src/filmnow/MainFilmNow.java | src/filmnow/FilmNow.java | src/filmnow//Filme.java | src/filmnow/FilmNow.java: métodos existentes | src/filmnow/MainFilmNow.java: adicionaFilme(FilmNow, Scanner) | src/filmnow/MainFilmNow.java: mostrarFilmes(FilmNow) | src/filmnow/MainFilmNow.java: detalharFilme(FilmNow, Scanner) | src/filmnow/Filme.java: toString() | src/filmnow/MainFilmNow.java: formataFilme(int, Filme)",high
S23,official_sample,redacted,llm,readability_and_documentation,Readability and Documentation,5,10,"Os nomes principais são compreensíveis e parte da documentação do código-base permanece presente. Entretanto, a nova classe Filme não tem Javadoc público, alguns métodos novos não são documentados e há trechos que prejudicam a clareza e manutenção, como recursão acidental e fall-through no switch.","src/filmnow/Filme.java | src/filmnow/FilmNow.java | src/filmnow/MainFilmNow.java | src/filmnow/LeitorFilmNow.java | src/filmnow/FilmNow.java: cadastraFilme(int, String, String, String) | src/filmnow/FilmNow.java: filmeExistente(String, String) | src/filmnow/FilmNow.java: getHotList() | src/filmnow/MainFilmNow.java: comando(String, FilmNow, Scanner) | src/filmnow/MainFilmNow.java: atribuirHotList(FilmNow, Scanner)",high
S24,official_sample,redacted,llm,basic_functionality,Basic Functionality,8.5,10,"A implementação cobre bem as funcionalidades principais: cadastro com validações centrais, listagem, detalhamento e operações básicas da HotList. As perdas concentram-se em dois pontos especificados: detalhamento de filme sem ano mantém uma vírgula indevida, e a adição à HotList não trata corretamente posição de filme inexistente ou inválida, podendo lançar exceção.","src/filmnow/FilmNow.java: cadastraFilme(int, String, String, String) | src/filmnow/FilmNow.java: getFilmes() | src/filmnow/MainFilmNow.java: mostrarFilmes(FilmNow) | src/filmnow/FilmNow.java: detalharFilme(int) | src/filmnow/FilmNow.java: adicionaHot(int, int), exibeHot(), removeHot(int) | src/filmnow/Filme.java: equals(Object), toString() | src/filmnow/Filme.java: toString() | testes/lab3FilmNow/FilmNowTest.java: testDetalhaFilmeSemAno() | src/filmnow/FilmNow.java: adicionaHot(int, int)",high
S24,official_sample,redacted,llm,unit_tests,Unit Tests,6.5,10,"Há uma suíte bastante ampla para FilmNow, especialmente para cadastro, limites, detalhamento e HotList. Porém, os testes da classe Filme são muito insuficientes para os grupos pedidos, e a suíte de FilmNow deixa de cobrir alguns casos de erro relevantes da HotList e ainda cristaliza um comportamento incorreto para filme sem ano.","testes/lab3FilmNow/FilmeTest.java | testes/lab3FilmNow/FilmNowTest.java: testCadastraFilmePosicaoVazia(), testCadastraFilmePosicaoAcimaLimite(), testCadastraFilmeNomeAnoIguaisLocalDiferente() | testes/lab3FilmNow/FilmNowTest.java: testDetalhaFilmeTodosDados(), testDetalhaPosicaoSemFilme(), testDetalhaFilmeHotList() | testes/lab3FilmNow/FilmNowTest.java: testAdicionaHotPosicaoValida(), testAdicionaHotJaAdicionado(), testExibeHotTresElementos(), testRemoveHotValido() | testes/lab3FilmNow/FilmeTest.java: testToString() | src/filmnow/Filme.java: equals(Object), getNome(), getAno() | testes/lab3FilmNow/FilmNowTest.java: testAdicionaHotPosicaoAcimaLimite(), testAdicionaHotPosicaoAbaixoLimite() | testes/lab3FilmNow/FilmNowTest.java: testDetalhaFilmeSemAno() | src/filmnow/FilmNow.java: adicionaHot(int, int)",high
S24,official_sample,redacted,llm,class_design,Class Design,10,10,"A submissão modela adequadamente as classes centrais do problema: Filme representa os dados e igualdade de filmes, FilmNow compõe filmes e gerencia a coleção principal e a HotList, e MainFilmNow contém a interface com usuário modularizada em métodos auxiliares.","src/filmnow/Filme.java | src/filmnow/FilmNow.java: atributos filmes e hotList | src/filmnow/FilmNow.java: cadastraFilme(), detalharFilme(), adicionaHot(), exibeHot(), removeHot() | src/filmnow/MainFilmNow.java: main(), menu(), comando(), adicionaFilme(), mostrarFilmes(), detalharFilme()",high
S24,official_sample,redacted,llm,object_references,Object References and Composition,10,10,"Há evidência clara de uso de composição e referências: FilmNow cria objetos Filme, armazena referências em arrays e usa a mesma referência para representar filmes na HotList. O uso de static fica restrito a constantes e métodos da interface/main, compatível com o esperado.","src/filmnow/FilmNow.java: private static final int TAMANHO, tamanhoHot | src/filmnow/FilmNow.java: private Filme[] filmes, hotList | src/filmnow/FilmNow.java: cadastraFilme(int, String, String, String) | src/filmnow/FilmNow.java: adicionaHot(int, int), ehHot(Filme) | src/filmnow/Filme.java: equals(Object)",high
S24,official_sample,redacted,llm,collections_and_arrays,Collections and Arrays,10,10,"As estruturas de dados atendem às restrições do laboratório: a lista principal tem 100 posições, a HotList tem 10 posições, e as posições informadas pelo usuário são convertidas corretamente para índices internos começando em zero.","src/filmnow/FilmNow.java: TAMANHO = 100 e tamanhoHot = 10 | src/filmnow/FilmNow.java: construtor FilmNow() | src/filmnow/FilmNow.java: cadastraFilme(), getFilmes(), exibeHot(), removeHot() | src/filmnow/MainFilmNow.java: formataFilme(int, String)",high
S24,official_sample,redacted,llm,separation_of_concerns,Separation of Concerns,8,10,"A divisão geral é boa: MainFilmNow cuida da interação, FilmNow gerencia os filmes e Filme encapsula dados e igualdade. A principal perda está na listagem, pois parte da responsabilidade de representação de filmes fica espalhada entre FilmNow e Main, em vez de ficar melhor encapsulada em Filme/FilmNow.","src/filmnow/MainFilmNow.java: comando(), adicionaFilme(), mostrarFilmes(), detalharFilme(), atribuirHot(), removerHot() | src/filmnow/FilmNow.java: cadastraFilme(), detalharFilme(), adicionaHot(), exibeHot(), removeHot() | src/filmnow/Filme.java: toString(), equals(Object) | src/filmnow/FilmNow.java: getFilmes() | src/filmnow/MainFilmNow.java: mostrarFilmes(FilmNow), formataFilme(int, String) | src/filmnow/Filme.java: ausência de método específico de resumo/listagem",high
S24,official_sample,redacted,llm,readability_and_documentation,Readability and Documentation,8,10,"O código é compreensível, tem nomes em geral adequados e Javadocs em quase todos os elementos públicos. As perdas são de acabamento: há inconsistências de estilo Java e documentação com erros de digitação, parâmetros imprecisos e descrições às vezes superficiais.","src/filmnow/Filme.java | src/filmnow/FilmNow.java | src/filmnow/MainFilmNow.java | src/filmnow/FilmNow.java: temFilme(), getFilmeObj(), ehHot() | src/filmnow/FilmNow.java: private static final int tamanhoHot | src/filmnow/FilmNow.java: exibeHot() | src/filmnow/MainFilmNow.java: comentários e mensagens de menu | src/filmnow/FilmNow.java: Javadoc de adicionaHot(int, int) | src/filmnow/FilmNow.java: Javadoc de getFilme(int) e getFilmeObj(int) | src/filmnow/MainFilmNow.java: Javadocs de atribuirHot() e removerHot()",high
S25,official_sample,redacted,llm,basic_functionality,Basic Functionality,8,10,"A submissão implementa o fluxo principal de cadastro, listagem, detalhamento e HotList com comportamento funcional em vários casos centrais. As perdas vêm de casos especificados que não fecham corretamente, principalmente ano vazio, detalhamento de posição válida vazia e algumas validações da HotList.","src/filmnow/FilmNow.java: método cadastraFilme | src/filmnow/FilmNow.java: métodos getFilmes e detalharFilme | src/filmnow/FilmNow.java: métodos adicionarHot, removeHot e exibirHotList | src/filmnow/Filme.java: métodos equals e stringDetalha | src/filmnow/MainFilmNow.java: métodos comando, adicionaFilme, detalharFilme, atribuirHot, removerHot e exibirHotList | src/filmnow/FilmNow.java: assinatura de cadastraFilme(int posicao, String nome, int ano, String local) | src/filmnow/MainFilmNow.java: método adicionaFilme | src/filmnow/Filme.java: atributo Integer ano e método stringDetalha | src/filmnow/FilmNow.java: método detalharFilme | src/filmnow/FilmNow.java: métodos adicionarHot e removeHot",high
S25,official_sample,redacted,llm,unit_tests,Unit Tests,5,10,"Há testes reais para `Filme` e `FilmNow`, com independência por `BeforeEach` e algumas verificações úteis. Porém a cobertura dos casos obrigatórios é bastante parcial, alguns testes validam comportamento contrário à especificação e faltam muitos limites e cenários centrais de cadastro, listagem, detalhamento e HotList.","srcTest/filmNow/FilmeTest.java | srcTest/filmNow/FilmeNowTest.java | srcTest/filmNow/FilmeNowTest.java: método setUp | srcTest/filmNow/FilmeTest.java: métodos testFilme, testEqualsObject, testStringDetalha, testToString e testHashCodeConsistente | srcTest/filmNow/FilmeTest.java: métodos testEqualsObject, testStringDetalha e testToString | srcTest/filmNow/FilmeNowTest.java: método testCadastraFilme | srcTest/filmNow/FilmeNowTest.java: ausência de testes para getFilmes/listagem | srcTest/filmNow/FilmeNowTest.java: métodos testDetalharFilme, testAdicionarHot, testRemoveHot e testExibirHotList",high
S25,official_sample,redacted,llm,class_design,Class Design,9,10,"A solução apresenta as classes centrais esperadas e usa composição entre `FilmNow` e `Filme`. A modelagem é adequada para o nível do laboratório, com pequena perda por encapsulamento e representação textual de `Filme` pouco coerentes.","src/filmnow/Filme.java | src/filmnow/FilmNow.java: atributos filmes e hotList | src/filmnow/MainFilmNow.java: métodos main, menu e comando | src/filmnow/LeitorFilmNow.java | src/filmnow/Filme.java: atributos nome, ano e local | src/filmnow/Filme.java: método toString",high
S25,official_sample,redacted,llm,object_references,Object References and Composition,10,10,"A submissão demonstra corretamente a ideia central de referências e composição: `FilmNow` armazena referências para objetos `Filme`, cria novos filmes no cadastro e manipula referências na HotList sem recorrer a estado global inadequado.","src/filmnow//FilmNow.java: atributos TAMANHO, TAMANHO_HOTLIST, filmes e hotList | src/filmnow/FilmNow.java: método cadastraFilme | src/filmnow/FilmNow.java: métodos adicionarHot e detalharFilme | src/filmnow/MainFilmNow.java",high
S25,official_sample,redacted,llm,collections_and_arrays,Collections and Arrays,10,10,"As estruturas de armazenamento atendem às restrições do enunciado: há limite de 100 filmes, limite de 10 itens na HotList e conversão consistente entre posições de usuário e índices internos.","src/filmnow/FilmNow.java: constantes TAMANHO e TAMANHO_HOTLIST | src/filmnow/FilmNow.java: construtor FilmNow | src/filmnow/FilmNow.java: métodos getFilmes, getFilme, adicionarHot, removeHot e exibirHotList",high
S25,official_sample,redacted,llm,separation_of_concerns,Separation of Concerns,9,10,"A separação geral é boa: a interface cuida da entrada e saída, `FilmNow` gerencia o sistema e `Filme` concentra dados e parte da exibição. A principal perda é que a representação de listagem não é realmente delegada ao filme, e o `toString` não serve ao uso esperado.","src/filmnow/MainFilmNow.java: métodos menu, comando, adicionaFilme, mostrarFilmes e detalharFilme | src/filmnow/FilmNow.java: métodos cadastraFilme, getFilmes, detalharFilme, adicionarHot, removeHot e exibirHotList | src/filmnow/Filme.java: método stringDetalha | src/filmnow/LeitorFilmNow.java | src/filmnow/FilmNow.java: método getFilmes | src/filmnow/Filme.java: métodos toString e stringDetalha",high
S25,official_sample,redacted,llm,readability_and_documentation,Readability and Documentation,7,10,"O código é compreensível e possui documentação em várias classes e métodos, mas há problemas de qualidade: comentários incompletos ou imprecisos, ausência de Javadoc em métodos públicos adicionados, organização visual irregular e alguns nomes/retornos que dificultam a leitura precisa da API.","src/filmnow/Filme.java | src/filmnow/FilmNow.java | src/filmnow/MainFilmNow.java | src/filmnow/LeitorFilmNow.java | src/filmnow/FilmNow.java: métodos detalharFilme, adicionarHot, removeHot e exibirHotList | src/filmnow/Filme.java: comentários do atributo local e do construtor | src/filmnow/FilmNow.java: início da classe e indentação geral | src/filmnow/MainFilmNow.java: método formataFilme | src/filmnow/FilmNow.java: método getFilmes",high
S26,official_sample,redacted,llm,basic_functionality,Basic Functionality,7,10,"A submissão implementa a maior parte do fluxo principal: cadastro com validação de posição, nome/local e duplicidade; listagem simples; detalhamento; e HotList com atribuição, remoção e armazenamento em 10 posições. As perdas vêm de falhas funcionais relevantes em casos de borda exigidos, principalmente ano vazio na interface, detalhamento de posições válidas vazias/posição 100 e exibição incompleta da HotList.","src/filmnow/FilmNow.java: cadastraFilme(int,String,int,String) | src/filmnow/FilmNow.java: cadastrarFilmeHot(int,int) | src/filmnow/FilmNow.java: removeFilmeHot(int) | src/filmnow/MainFilmNow.java: mostrarFilmes(FilmNow) | src/filmnow/MainFilmNow.java: detalharFilme(FilmNow,Scanner) | src/filmnow/MainFilmNow.java: exibirHot(FilmNow) | src/filmnow/MainFilmNow.java: adicionaFilme(FilmNow,Scanner) | src/filmnow/Filme.java: toString() | src/filmnow/MainFilmNow.java: formataFilme(int,Filme)",high
S26,official_sample,redacted,llm,unit_tests,Unit Tests,6.5,10,"Há uma quantidade significativa de testes JUnit para Filme e FilmNow, cobrindo igualdade, cadastro, limites, duplicidade e HotList. Porém, parte dos testes é superficial ou confirma comportamentos divergentes da especificação, e há lacunas importantes em listagem, detalhamento real e casos de exibição da HotList.",srcTest/filmnow/FilmeTest.java | srcTest/filmnow/FilmNowTest.java: testAdicionaFilmeEmPosicaoVazia | srcTest/filmnow/FilmNowTest.java: testAdicionarFilmeNaPosicaoLimite | srcTest/filmnow/FilmNowTest.java: testAdicionaFilmeNaHotlist | srcTest/filmnow/FilmNowTest.java: testPreencherTodaHotlist | srcTest/filmnow/FilmNowTest.java: testDetalharFilme | srcTest/filmnow/FilmNowTest.java: testDetalharFilmePosicaoSemFilme | srcTest/filmnow/FilmNowTest.java: testDetalharFilmeNaHotList | srcTest/filmnow/FilmNowTest.java: testAdicionarFilmeComAnoVazio,high
S26,official_sample,redacted,llm,class_design,Class Design,8,10,"A modelagem principal foi implementada: existe Filme com estado próprio, equals/hashCode/toString, FilmNow com composição por arrays de Filme e MainFilmNow modularizado. A nota não é máxima porque a API de FilmNow fica incompleta para operações centrais como listar/detalhar e mistura convenções de posição, forçando clientes a acessar estruturas internas.","src/filmnow/Filme.java | src/filmnow/FilmNow.java: atributos filmes e filmeshot | src/filmnow/FilmNow.java: cadastraFilme(int,String,int,String) | src/filmnow/MainFilmNow.java: menu(Scanner), comando(String,FilmNow,Scanner), adicionaFilme, mostrarFilmes, detalharFilme | src/filmnow/FilmNow.java | src/filmnow/MainFilmNow.java: mostrarFilmes(FilmNow) | src/filmnow/MainFilmNow.java: detalharFilme(FilmNow,Scanner) | src/filmnow/MainFilmNow.java: exibirHot(FilmNow) | src/filmnow/FilmNow.java: getFilme(int) | srcTest/filmnow/FilmNowTest.java: usos de getFilme(0), getFilme(99)",high
S26,official_sample,redacted,llm,object_references,Object References and Composition,9,10,"O uso de referências é majoritariamente correto: FilmNow armazena objetos Filme, a HotList referencia filmes existentes e não há uso indevido de static fora de constantes e métodos de interface. A perda é pequena e se deve ao vazamento de referências mutáveis e à necessidade de clientes externos manipularem objetos/arrays diretamente para operações do domínio.","src/filmnow/FilmNow.java: private static final int TAMANHO | src/filmnow/FilmNow.java: private Filme[] filmes; private Filme[] filmeshot; | src/filmnow/FilmNow.java: cadastraFilme(int,String,int,String) | src/filmnow/FilmNow.java: cadastrarFilmeHot(int,int) | src/filmnow/MainFilmNow.java | src/filmnow/FilmNow.java: getFilmes() | src/filmnow/FilmNow.java: getFilmesHots() | src/filmnow/MainFilmNow.java: mostrarFilmes(FilmNow) | src/filmnow/MainFilmNow.java: detalharFilme(FilmNow,Scanner)",high
S26,official_sample,redacted,llm,collections_and_arrays,Collections and Arrays,8.5,10,"A estrutura de dados principal está adequada: arrays de tamanho 100 e 10 respeitam os limites do enunciado, com conversão posicao - 1 no cadastro e na HotList. A principal fragilidade é a exposição de acessos públicos sem validação e com convenção de índice diferente da posição do usuário.","src/filmnow/FilmNow.java: private static final int TAMANHO = 100 | src/filmnow/FilmNow.java: construtor FilmNow() | src/filmnow/FilmNow.java: VerificaPosicao(int) | src/filmnow/FilmNow.java: VerificaPosicaoHot(int) | src/filmnow/FilmNow.java: cadastraFilme(int,String,int,String) | src/filmnow/FilmNow.java: cadastrarFilmeHot(int,int) | src/filmnow/FilmNow.java: getFilme(int) | src/filmnow/FilmNow.java: getFilmeHot(int)",high
S26,official_sample,redacted,llm,separation_of_concerns,Separation of Concerns,7,10,"Há separação básica entre entidade Filme, sistema FilmNow e interface MainFilmNow. No entanto, regras de domínio importantes ficaram no Main: validação de detalhamento, decisão de filme hot, varredura de arrays e formatação de listagens. Isso reduz a clareza da divisão esperada entre interface e lógica do sistema.","src/filmnow/MainFilmNow.java | src/filmnow/FilmNow.java | src/filmnow/Filme.java: toString() | src/filmnow/FilmNow.java: cadastraFilme(int,String,int,String) | src/filmnow/FilmNow.java: cadastrarFilmeHot(int,int) | src/filmnow/MainFilmNow.java: detalharFilme(FilmNow,Scanner) | src/filmnow/MainFilmNow.java: exibirHot(FilmNow) | src/filmnow/MainFilmNow.java: mostrarFilmes(FilmNow) | src/filmnow/MainFilmNow.java: formataFilme(int,Filme)",high
S26,official_sample,redacted,llm,readability_and_documentation,Readability and Documentation,7.5,10,"O código é compreensível e há Javadoc relevante em Filme, LeitorFilmNow e parte de MainFilmNow/FilmNow. As perdas decorrem de inconsistências de estilo Java, documentação ausente em métodos públicos adicionados e alguns nomes/mensagens pouco uniformes.","src/filmnow/Filme.java | src/filmnow/FilmNow.java | src/filmnow/MainFilmNow.java | src/filmnow/LeitorFilmNow.java | src/filmnow/FilmNow.java: VerificaPosicao, VerificaAtributos, VerificaRepetido | src/filmnow/FilmNow.java: import java.util.Scanner | src/filmnow/FilmNow.java: filmeshot | src/filmnow/MainFilmNow.java: linha inicial com indentação antes de package | src/filmnow/FilmNow.java: getFilmesHots() | src/filmnow/FilmNow.java: getFilmeHot(int) | src/filmnow/FilmNow.java: cadastrarFilmeHot(int,int) | src/filmnow/FilmNow.java: removeFilmeHot(int) | src/filmnow/LeitorFilmNow.java: carregaContatos(String,FilmNow) | src/filmnow/Filme.java: blocos comentados de posicao | src/filmnow/FilmNow.java: mensagens em removeFilmeHot(int)",high
S27,official_sample,redacted,llm,basic_functionality,Basic Functionality,7,10,"A submissão implementa boa parte do fluxo principal: cadastro com limites e duplicidade por nome/ano, listagem simples pela interface, detalhamento com posição inválida/vazia e marcação simples de filme hot. A principal perda funcional está na HotList, que funciona apenas em cenários simples e falha em várias regras obrigatórias, além de aceitar filme com local vazio no cadastro.","src/filmnow/FilmNow.java: cadastraFilme(int,String,String,String) | src/filmnow/FilmNow.java: existeNaLista(String,String) | src/filmnow/FilmNow.java: detalharFilme(int) | src/filmnow/MainFilmNow.java: mostrarFilmes(FilmNow) | src/filmnow/FilmNow.java: adicionarParaHot(int,int), exibirHotList(), removerHot(int) | Test/filmnow/FilmNowTest.java: cadastraFilmeTestLocalVazio() espera incorretamente cadastro bem-sucedido | src/filmnow/FilmNow.java: adicionarParaHot(int,int) | src/filmnow/FilmNow.java: exibirHotList() | src/filmnow/FilmNow.java: removerHot(int) | src/filmnow/MainFilmNow.java: atribuirHot(FilmNow,Scanner)",high
S27,official_sample,redacted,llm,unit_tests,Unit Tests,4,10,"Há uma suíte JUnit real para `FilmNow` cobrindo vários casos de cadastro e detalhamento, incluindo duplicidade e limites. Entretanto, não há testes da classe `Filme`, a cobertura da HotList é muito pequena e há pelo menos um teste que contradiz a especificação ao aceitar local vazio.","Test/filmnow/FilmNowTest.java: objetos() | Test/filmnow/FilmNowTest.java: cadastraFilmeTest(), cadastraFilmeTestAdicionado(), cadastraFilmeTestMesmoAnoNomeLocalDiferente(), cadastraFilmeTestPosicaoLimite() | Test/filmnow/FilmNowTest.java: detalhaFilmeTest(), detalhaFilmeTestSemAno(), detalhaFilmeLimiteInferior(), detalhaFilmeLimiteSuperior(), detalhaFilmeAvatar() | Árvore de testes contém apenas Test/filmnow/FilmNowTest.java | src/filmnow/Filme.java: equals(Object), toString(), toStringDetalhado(), toStringHotList() | Test/filmnow/FilmNowTest.java: detalhaFilmeAvatar() | src/filmnow/FilmNow.java: adicionarParaHot(int,int), exibirHotList(), removerHot(int) | Test/filmnow/FilmNowTest.java: cadastraFilmeTestLocalVazio() | Ausência de teste para método de listagem/mostrar todos",high
S27,official_sample,redacted,llm,class_design,Class Design,9,10,"A solução demonstra a modelagem central esperada: há uma classe `Filme`, uma classe `FilmNow` que compõe filmes por referência e uma interface `MainFilmNow` modularizada em métodos auxiliares. A perda é pequena e se concentra na modelagem frágil do estado hot dentro de `Filme` combinada com a lista separada.","src/filmnow/Filme.java | src/filmnow/FilmNow.java: atributos `Filme[] filmes` e `Filme[] hots` | src/filmnow/MainFilmNow.java: main(String[]), menu(Scanner), comando(String,FilmNow,Scanner) | src/filmnow/LeitorFilmNow.java: processaLinhaCsvFilmes(String[],FilmNow) | src/filmnow/Filme.java: atributo `private String hot` | src/filmnow/FilmNow.java: atributo `private Filme[] hots` | src/filmnow/FilmNow.java: adicionarParaHot(int,int), removerHot(int)",high
S27,official_sample,redacted,llm,object_references,Object References and Composition,8.5,10,"A composição principal está presente: `FilmNow` armazena objetos `Filme`, cria novos filmes no cadastro e a HotList reutiliza referências aos filmes existentes. A dedução reflete a manutenção inconsistente dessas referências e o encapsulamento frágil da HotList.","src/filmnow/FilmNow.java: cadastraFilme(int,String,String,String) | src/filmnow/FilmNow.java: existeNaLista(String,String) | src/filmnow/Filme.java: equals(Object) | src/filmnow/FilmNow.java: adicionarParaHot(int,int) | src/filmnow/MainFilmNow.java: métodos estáticos de interface | src/filmnow/FilmNow.java: getHots(), setHots(Filme[]), setFilmes(Filme[]) | src/filmnow/FilmNow.java: removerHot(int)",high
S27,official_sample,redacted,llm,collections_and_arrays,Collections and Arrays,7,10,"A estrutura principal de filmes respeita o limite de 100 posições e usa corretamente `posicao - 1` no cadastro e detalhamento. A estrutura da HotList, porém, tem problemas importantes de indexação e limites, e há inconsistência em métodos auxiliares que usam posição externa como índice interno.","src/filmnow/FilmNow.java: constantes `TAMANHO` e `TAMANHOHOT` | src/filmnow/FilmNow.java: atributos `filmes` e `hots` | src/filmnow/FilmNow.java: cadastraFilme(int,String,String,String), detalharFilme(int) | src/filmnow/MainFilmNow.java: mostrarFilmes(FilmNow) | src/filmnow/FilmNow.java: adicionarParaHot(int,int) usa `hots[posicaoHotlist]` | src/filmnow/FilmNow.java: removerHot(int) valida `posicaoHot >= hots.length` e usa `hots[posicaoHot]` | src/filmnow/FilmNow.java: exibirHotList() imprime `i + "" - ""` | src/filmnow/FilmNow.java: getFilme(int)",high
S27,official_sample,redacted,llm,separation_of_concerns,Separation of Concerns,7,10,"Existe separação básica entre interface, gerenciador e entidade: `MainFilmNow` recebe entradas e imprime, `FilmNow` gerencia cadastro/detalhamento e `Filme` representa dados e igualdade. Ainda assim, parte da lógica de apresentação/listagem fica no `Main`, e `FilmNow` imprime diretamente a HotList, misturando domínio com saída de console.","src/filmnow/MainFilmNow.java: menu(Scanner), comando(String,FilmNow,Scanner), adicionaFilme(FilmNow,Scanner) | src/filmnow/FilmNow.java: cadastraFilme(int,String,String,String), detalharFilme(int) | src/filmnow/Filme.java: equals(Object), toString() | src/filmnow/FilmNow.java: exibirHotList() | src/filmnow/MainFilmNow.java: comando(String,FilmNow,Scanner) caso `E` | src/filmnow/MainFilmNow.java: mostrarFilmes(FilmNow) | src/filmnow/FilmNow.java: getFilmes() | src/filmnow/FilmNow.java: adicionarParaHot(int,int), removerHot(int) | src/filmnow/MainFilmNow.java: atribuirHot(FilmNow,Scanner)",high
S27,official_sample,redacted,llm,readability_and_documentation,Readability and Documentation,7.5,10,"O código é em geral compreensível, usa nomes de classes adequados e possui Javadocs em várias classes e métodos públicos relevantes. As perdas vêm de documentação com artefatos, nomes inconsistentes/errados e trechos de controle de fluxo difíceis de entender, especialmente na remoção da HotList.","src/filmnow/Filme.java: Javadocs da classe, construtor, equals, toStringDetalhado | src/filmnow/FilmNow.java: Javadocs da classe, construtor, cadastraFilme, detalharFilme | src/filmnow/MainFilmNow.java: Javadocs de main, menu, comando, mostrarFilmes, adicionaFilme | src/filmnow/LeitorFilmNow.java | src/filmnow/Filme.java: Javadocs com `* *`; equals(Object), hashCode(), toString() | src/filmnow/FilmNow.java: getters/setters públicos sem Javadoc | src/filmnow/Filme.java: atributo e métodos `platafoma`/`getPlatafoma` | Test/filmnow/FilmNowTest.java: nomes de métodos e variável `FilmNow Test` | src/filmnow/LeitorFilmNow.java: carregaContatos(String,FilmNow) | src/filmnow/FilmNow.java: removerHot(int) | src/filmnow/FilmNow.java: import java.util.Scanner não utilizado | Test/filmnow/FilmNowTest.java: import assertNotEquals não utilizado",high
S28,official_sample,redacted,llm,basic_functionality,Basic Functionality,5.5,10,"A submissão implementa parte do fluxo principal: cria filmes, consegue listar títulos cadastrados, detalhar um filme comum e marcar/remover um filme como hot em um caso simples. Entretanto, há falhas materiais nas validações exigidas, no tratamento de posições limite e, principalmente, na semântica completa da HotList.","src/filmnow/FilmNow.java: método cadastraFilme(int, String, int, String) | src/filmnow/MainFilmNow.java: método mostrarFilmes(FilmNow) | src/filmnow/FilmNow.java: método detalhesFilme(int) | src/filmnow/FilmNow.java: métodos atribuirHot(int), removerHot(int), getHotList() | src/filmnow/Film.java: método toString() | src/filmnow/FilmNow.java: cadastraFilme(int, String, int, String) | src/filmnow/FilmNow.java: existeFilme(String, int) | src/filmnow/MainFilmNow.java: adicionaFilme(FilmNow, Scanner) | src/filmnow/FilmNow.java: detalhesFilme(int) | src/filmnow/MainFilmNow.java: detalharFilme(FilmNow, Scanner) | src/filmnow/FilmNow.java: atributo hotList | src/filmnow/FilmNow.java: atribuirHot(int), removerHot(int), getHotList() | src/filmnow/MainFilmNow.java: exibirHotList(FilmNow), atribuirHot(FilmNow, Scanner), removerHot(FilmNow, Scanner)",high
S28,official_sample,redacted,llm,unit_tests,Unit Tests,5,10,"Há uma suíte JUnit real para Film e FilmNow, com testes independentes e alguns cenários relevantes. Porém, a cobertura é parcial e vários testes consolidam o comportamento incorreto da implementação, como esperar exceção em posição vazia ou usar limites diferentes da especificação.","testes/filmnow/FilmNowTestes.java | testes/filmnow/FilmTestes.java | testes/filmnow/FilmTestes.java: testEquals(), testToString() | testes/filmnow/FilmNowTestes.java: testAdicionarFilmeEmPosicaoExistente(), testAtribuirEVerificarHot(), testRemoverHot() | testes/filmnow/FilmNowTestes.java: testAdicionarFilmePosicaoLimiteSuperior() | testes/filmnow/FilmNowTestes.java: testAdicionarFilmeAcimaDoLimite() | testes/filmnow/FilmNowTestes.java: testExisteFilme() | testes/filmnow/FilmNowTestes.java: testDetalharFilmeEmPosicaoVazia() | testes/filmnow/FilmNowTestes.java: testGetHotList() | testes/filmnow/FilmNowTestes.java: testLimiteDaHotList()",high
S28,official_sample,redacted,llm,class_design,Class Design,8,10,"A solução demonstra a modelagem central esperada: há uma classe de filme, uma classe FilmNow que compõe filmes e uma classe principal modularizada. As perdas vêm de escolhas de modelagem que impedem alguns requisitos, sobretudo ano ausente e HotList com posições próprias.","src/filmnow/Film.java | src/filmnow/FilmNow.java: atributo private Film[] filmes | src/filmnow/MainFilmNow.java: main(), menu(), comando(), adicionaFilme(), mostrarFilmes(), detalharFilme() | src/filmnow/Film.java: equals(Object), hashCode(), toString() | src/filmnow/Film.java: atributos nome, ano, local | src/filmnow/Film.java: construtor Film(String, int, String) | src/filmnow/Film.java: toString() | src/filmnow/FilmNow.java: cadastraFilme(int, String, int, String) | src/filmnow/FilmNow.java: atribuirHot(int), removerHot(int), getHotList()",high
S28,official_sample,redacted,llm,object_references,Object References and Composition,10,10,"A submissão usa referências de objetos de forma adequada para o nível do laboratório: FilmNow compõe objetos Film, cria instâncias quando cadastra filmes e o main cria e manipula uma instância de FilmNow. Não há uso indevido relevante de static fora do contexto da classe de interface e de constantes.","src/filmnow/FilmNow.java: private Film[] filmes | src/filmnow/FilmNow.java: cadastraFilme(int, String, int, String) | src/filmnow/MainFilmNow.java: main(String[]) | src/filmnow/MainFilmNow.java: métodos estáticos de menu e comando",high
S28,official_sample,redacted,llm,collections_and_arrays,Collections and Arrays,7,10,"Há uso efetivo de um array de 100 filmes e de uma coleção para a HotList, mas os limites e a semântica de posições não estão totalmente corretos. O principal problema é a inconsistência entre posições do usuário e índices internos, além da HotList não representar as 10 posições próprias exigidas.","src/filmnow/FilmNow.java: private static final int TAMANHO = 100 | src/filmnow/FilmNow.java: private Film[] filmes | src/filmnow/FilmNow.java: private ArrayList<Integer> hotList | src/filmnow/FilmNow.java: getTitulosFilmes(), getHotList(), atribuirHot(int) | src/filmnow/FilmNow.java: getFilme(int), cadastraFilme(int, String, int, String), detalhesFilme(int) | src/filmnow/MainFilmNow.java: adicionaFilme(FilmNow, Scanner) | src/filmnow/FilmNow.java: atributo hotList | src/filmnow/FilmNow.java: atribuirHot(int), removerHot(int), getHotList()",high
S28,official_sample,redacted,llm,separation_of_concerns,Separation of Concerns,6.5,10,"Existe uma separação básica entre interface, sistema e entidade: MainFilmNow concentra entrada/saída, FilmNow guarda dados e Film define representação textual e igualdade. Contudo, regras importantes do domínio ficaram no main ou ficaram ausentes da classe de sistema, reduzindo a coesão de FilmNow como gerenciador.","src/filmnow/MainFilmNow.java | src/filmnow/FilmNow.java | src/filmnow/Film.java: toString(), equals(Object) | src/filmnow/MainFilmNow.java: adicionaFilme(), mostrarFilmes(), detalharFilme() | src/filmnow/FilmNow.java: cadastraFilme(int, String, int, String) | src/filmnow/MainFilmNow.java: adicionaFilme(FilmNow, Scanner) | src/filmnow/MainFilmNow.java: detalharFilme(FilmNow, Scanner), exibirHotList(FilmNow), atribuirHot(FilmNow, Scanner), removerHot(FilmNow, Scanner) | src/filmnow/FilmNow.java: detalhesFilme(int), getHotList()",high
S28,official_sample,redacted,llm,readability_and_documentation,Readability and Documentation,8,10,"O código é compreensível, usa nomes em geral adequados e possui Javadocs em várias classes e métodos públicos. As perdas são por documentação incompleta ou inconsistente em pontos públicos e por algumas escolhas que reduzem clareza operacional, como controle por exceção e limites pouco explícitos.","src/filmnow/Film.java | src/filmnow/FilmNow.java | src/filmnow/MainFilmNow.java | src/filmnow/LeitorFilmNow.java | src/filmnow/Film.java: getNome(), getAno() | src/filmnow/FilmNow.java: Javadoc de cadastraFilme(int, String, int, String) | src/filmnow/MainFilmNow.java: detalharFilme(FilmNow, Scanner) | src/filmnow/LeitorFilmNow.java: carregaContatos(String, FilmNow)",high
S29,official_sample,redacted,llm,basic_functionality,Basic Functionality,8,10,"A implementação cobre a maior parte do fluxo funcional: cadastro com validações principais, substituição por posição, listagem pela interface, detalhamento de filmes cadastrados e operações básicas da HotList. As perdas vêm de casos de borda especificados em detalhamento e de uma inconsistência na HotList ao sobrescrever uma posição já ocupada.",src/filmnow/FilmNow.java::cadastraFilme | src/filmnow/FilmNow.java::detalharFilme | src/filmnow/FilmNow.java::cadastraHotList | src/filmnow/FilmNow.java::removeHot | src/filmnow/MainFilmNow.java::mostrarFilmes | src/filmnow/MainFilmNow.java::exibirHotlist | src/filmnow/Filme.java::detalhesFilme | testes/filmnow/FilmNowTest.java::testDetalharFilmePosicaoVazia | testes/filmnow/FilmNowTest.java::testDetalharFilmeSemAno,high
S29,official_sample,redacted,llm,unit_tests,Unit Tests,7,10,"Há uma suíte de testes real e relativamente ampla para Filme e FilmNow, cobrindo cadastro, duplicidade, limites, equals, detalhamento e parte da HotList. A cobertura, porém, deixa grupos relevantes sem verificação e alguns testes afirmam comportamentos contrários à especificação.",testes/filmnow/FIlmeTest.java | testes/filmnow/FilmNowTest.java | testes/filmnow/FilmNowTest.java::testDetalharFilmePosicaoVazia | testes/filmnow/FilmNowTest.java::testDetalharFilmeSemAno | testes/filmnow/FilmNowTest.java::testCadastraHotListPosicaoVazia | testes/filmnow/FilmNowTest.java::testRemoverHotList | src/filmnow/FilmNow.java::cadastraHotList,high
S29,official_sample,redacted,llm,class_design,Class Design,9,10,"O projeto contém as classes centrais esperadas: Filme como entidade, FilmNow como gerenciador com composição, e MainFilmNow como interface textual modularizada. A principal perda é de encapsulamento em pontos públicos que permitem alterar estruturas internas diretamente.",src/filmnow/Filme.java | src/filmnow/FilmNow.java | src/filmnow/MainFilmNow.java | src/filmnow/Filme.java::setNome | src/filmnow/Filme.java::setAno | src/filmnow/Filme.java::setLocal | src/filmnow/FilmNow.java::getHotList | src/filmnow/FilmNow.java::setHotList,high
S29,official_sample,redacted,llm,object_references,Object References and Composition,10,10,"A submissão demonstra uso adequado de referências e composição: FilmNow mantém arrays de objetos Filme, cria novos filmes no cadastro e a interface instancia e usa o sistema sem concentrar estado global inadequado.",src/filmnow/FilmNow.java::filmes | src/filmnow/FilmNow.java::hotList | src/filmnow/FilmNow.java::cadastraFilme | src/filmnow/MainFilmNow.java::main | src/filmnow/MainFilmNow.java::comando,high
S29,official_sample,redacted,llm,collections_and_arrays,Collections and Arrays,0,10,"O criterio perdeu ponto principalmente por penalizacao registrada no criterio collections_and_arrays sem detalhamento estruturado. Veja os descontos detalhados para problema, consequencia e correcao.",model_output:no_explicit_evidence_ref_reported:collections_and_arrays,high
S29,official_sample,redacted,llm,separation_of_concerns,Separation of Concerns,8,10,"Há separação geral entre interface, gerenciador e entidade: a entrada/saída fica majoritariamente no Main, FilmNow cuida das regras principais e Filme formata seus próprios detalhes. A perda decorre de a interface conhecer e percorrer diretamente os arrays internos para listar filmes e HotList, em vez de delegar essas operações ao gerenciador.",src/filmnow/MainFilmNow.java::menu | src/filmnow/MainFilmNow.java::comando | src/filmnow/MainFilmNow.java::mostrarFilmes | src/filmnow/MainFilmNow.java::exibirHotlist | src/filmnow/FilmNow.java | src/filmnow/Filme.java::toString | src/filmnow/Filme.java::detalhesFilme | src/filmnow/FilmNow.java::getFilmes | src/filmnow/FilmNow.java::getHotList,high
S29,official_sample,redacted,llm,readability_and_documentation,Readability and Documentation,8.5,10,"O código é legível, com nomes em geral adequados e Javadocs presentes nas classes e métodos principais. A perda é moderada por documentação e nomes pontualmente imprecisos, alguns herdados ou desalinhados com o domínio de filmes.",src/filmnow/Filme.java | src/filmnow/FilmNow.java | src/filmnow/MainFilmNow.java | src/filmnow/LeitorFilmNow.java | src/filmnow/LeitorFilmNow.java::carregaContatos | src/filmnow/FilmNow.java::getFilme | src/filmnow/FilmNow.java::cadastraFilme | src/filmnow/FilmNow.java::cadastraHotList,high
S30,official_sample,redacted,llm,basic_functionality,Basic Functionality,8,10,"A submissão implementa o fluxo principal de cadastro, detalhamento, listagem pela interface e parte substancial da HotList. O cadastro cobre limites, duplicidade por nome/ano e campos inválidos. As principais perdas vêm de comportamentos incompletos na HotList e do tratamento de filme inexistente no detalhamento pela interface.","src/filmnow/FilmNow.java: cadastraFilme(int, String, String, String) | src/filmnow/FilmNow.java: detalharFilme(int) | src/filmnow/FilmNow.java: addHotList(int, int) | src/filmnow/FilmNow.java: tirarDaHotList(int) | src/filmnow/MainFilmNow.java: mostrarFilmes(FilmNow) | src/filmnow/MainFilmNow.java: exibirHotList(FilmNow) | src/filmnow/MainFilmNow.java: comando(String, FilmNow, Scanner) | src/filmnow/MainFilmNow.java: removerHotList(FilmNow, Scanner) | src/filmnow/MainFilmNow.java: detalharFilme(FilmNow, Scanner)",high
S30,official_sample,redacted,llm,unit_tests,Unit Tests,6,10,"Há uma suíte relevante para `FilmNow`, especialmente para cadastro, detalhamento e parte da HotList, mas a suíte de `Filme` cobre quase somente igualdade e faltam testes importantes de listagem/exibição e cenários críticos da HotList.","src/testes/filmnow/FilmNowTest.java: testes de cadastraFilme | src/testes/filmnow/FilmNowTest.java: testes de detalharFilme | src/testes/filmnow/FilmNowTest.java: testes de addHotList e tirarDaHotList | src/testes/filmnow/FilmeTest.java: testes de equals | src/testes/filmnow/FilmeTest.java | src/testes/filmnow/FilmNowTest.java | src/filmnow/FilmNow.java: addHotList(int, int) | src/filmnow/MainFilmNow.java: mostrarFilmes(FilmNow) | src/filmnow/MainFilmNow.java: exibirHotList(FilmNow)",high
S30,official_sample,redacted,llm,class_design,Class Design,10,10,"As classes centrais esperadas estão presentes e representam adequadamente o domínio básico: `Filme` encapsula dados do filme e igualdade, `FilmNow` compõe filmes e gerencia o sistema, e `MainFilmNow` organiza a interface textual em métodos auxiliares.",src/filmnow/Filme.java | src/filmnow/FilmNow.java | src/filmnow/MainFilmNow.java,high
S30,official_sample,redacted,llm,object_references,Object References and Composition,10,10,"A solução demonstra corretamente a composição entre `FilmNow` e objetos `Filme`, cria objetos no momento adequado e não usa estado estático indevido nas classes de domínio.","src/filmnow/FilmNow.java: atributos filmes e hotList | src/filmnow/FilmNow.java: cadastraFilme(int, String, String, String) | src/filmnow/FilmNow.java: addHotList(int, int) | src/filmnow/Filme.java: atributo hot e métodos setHot/isHot",high
S30,official_sample,redacted,llm,collections_and_arrays,Collections and Arrays,10,10,"A estrutura de armazenamento respeita os limites centrais do laboratório: 100 filmes na lista principal e 10 posições na HotList, com conversão correta entre posições de usuário e índices de array.","src/filmnow/FilmNow.java: constantes TAMANHO e TAMANHOHOT | src/filmnow/FilmNow.java: construtor FilmNow() | src/filmnow/FilmNow.java: cadastraFilme(int, String, String, String) | src/filmnow/FilmNow.java: addHotList(int, int)",high
S30,official_sample,redacted,llm,separation_of_concerns,Separation of Concerns,7,10,"Há separação parcial: a interface lê e imprime, `FilmNow` gerencia cadastro/detalhamento/HotList e `Filme` guarda os dados e a igualdade. Entretanto, parte da lógica de exibição e iteração sobre estruturas internas fica na interface, e `Filme` não assume a responsabilidade esperada de fornecer suas representações textuais.","src/filmnow/MainFilmNow.java: adicionaFilme, mostrarFilmes, detalharFilme, atribuirHot, removerHotList | src/filmnow/FilmNow.java: cadastraFilme, detalharFilme, addHotList, tirarDaHotList | src/filmnow/Filme.java | src/filmnow/FilmNow.java: detalharFilme(int) | src/filmnow/MainFilmNow.java: mostrarFilmes(FilmNow) | src/filmnow/MainFilmNow.java: exibirHotList(FilmNow) | src/filmnow/FilmNow.java: getFilmes() | src/filmnow/FilmNow.java: getHotList()",high
S30,official_sample,redacted,llm,readability_and_documentation,Readability and Documentation,7.5,10,"O código é compreensível, usa nomes em geral adequados e possui vários comentários Javadoc, mas a documentação é incompleta em `Filme` e ainda há trechos genéricos ou herdados que não descrevem precisamente o comportamento atual.","src/filmnow/Filme.java | src/filmnow/FilmNow.java | src/filmnow/MainFilmNow.java | src/filmnow/LeitorFilmNow.java | src/filmnow/LeitorFilmNow.java: carregaContatos(String, FilmNow) | src/filmnow/MainFilmNow.java: adicionaFilme(FilmNow, Scanner)",high
S31,official_sample,redacted,llm,basic_functionality,Basic Functionality,0,10,"A submissão não fecha o fluxo funcional do laboratório. Há uma tentativa parcial de cadastrar filmes com validação de posição, nome e local, mas o pacote não compila com a interface atual, a classe Filme não armazena dados, a duplicidade por nome/ano não funciona, não há listagem/detalhamento funcional e a HotList não foi implementada.","src/filmnow/FilmNow.java: atributo filmes e construtor | src/filmnow/FilmNow.java: método cadastraFilme | src/filmnow/MainFilmNow.java: métodos mostrarFilmes e detalharFilme | src/filmnow/Filme.java | src/filmnow/FilmNow.java: getFilmes retorna Filme[][] conceitualmente como Filme[] | src/filmnow/MainFilmNow.java: mostrarFilmes declara String[] filmes = fn.getFilmes() | src/filmnow/MainFilmNow.java: detalharFilme chama fn.getFilme(posicao) | src/filmnow/Filme.java: construtor vazio | src/filmnow/FilmNow.java: cadastraFilme cria novo Filme e usa f.equals(novoFilme) | src/filmnow/FilmNow.java: assinatura cadastraFilme(int posicao, String nome, int ano, String local) | src/filmnow/FilmNow.java: ausência de métodos de listar, detalhar e HotList | src/filmnow/MainFilmNow.java: menu contém apenas A, M, D e S | src/filmnow/MainFilmNow.java: mostrarFilmes e detalharFilme",high
S31,official_sample,redacted,llm,unit_tests,Unit Tests,0,10,"Não há arquivos de teste JUnit na submissão. Assim, não há evidência de testes para Filme, FilmNow, casos limite de cadastro/listagem/detalhamento ou HotList.","Árvore da submissão: nenhum arquivo de teste informado | Source Tree: apenas src/filmnow/Filme.java, FilmNow.java, LeitorFilmNow.java e MainFilmNow.java | Pacote da submissão: Test file count igual a 0 | Source Tree fornecida sem diretório ou arquivos de teste",high
S31,official_sample,redacted,llm,class_design,Class Design,3,10,"Há alguma evidência de tentativa de modelagem com Filme separado de FilmNow e composição por array de Filme. Porém, Filme é apenas nominal e sem estado, FilmNow não oferece a API completa do sistema, e MainFilmNow não está integrado ao novo modelo nem contém as opções da HotList.","src/filmnow/Filme.java | src/filmnow/FilmNow.java: atributo private Filme[] filmes | src/filmnow/FilmNow.java: construtor e cadastraFilme | src/filmnow/MainFilmNow.java: métodos menu, comando, adicionaFilme, mostrarFilmes e detalharFilme | src/filmnow/Filme.java: classe inteira | src/filmnow/FilmNow.java: métodos existentes limitados a getFilmes, adicionarFilmeEmposicao e cadastraFilme | src/filmnow/MainFilmNow.java: menu e comando | src/filmnow/MainFilmNow.java: mostrarFilmes e detalharFilme",high
S31,official_sample,redacted,llm,object_references,Object References and Composition,5,10,"A submissão demonstra parcialmente a ideia de composição ao trocar o armazenamento para Filme[] e criar objetos Filme em FilmNow. Entretanto, as referências não carregam estado útil porque Filme é vazio, a comparação por equals não funciona e não há qualquer estrutura de referências para a HotList.","src/filmnow/FilmNow.java: private Filme[] filmes | src/filmnow/FilmNow.java: this.filmes = new Filme[TAMANHO] | src/filmnow/FilmNow.java: Filme novoFilme = new Filme(nome, ano, local) | src/filmnow/Filme.java: construtor vazio e ausência de atributos | src/filmnow/FilmNow.java: laço de duplicidade com f.equals(novoFilme) | src/filmnow/FilmNow.java: ausência de atributo ou métodos de HotList | src/filmnow/MainFilmNow.java: ausência de comandos E, H e R",high
S31,official_sample,redacted,llm,collections_and_arrays,Collections and Arrays,7,10,O armazenamento principal de filmes usa um array Filme[] com tamanho 100 e mapeamento correto de posições 1 a 100 para índices  0 a 99 no cadastro. A principal perda neste critério é a ausência completa de estrutura para a HotList limitada a 10 posições.,src/filmnow/FilmNow.java: private static final int TAMANHO = 100 | src/filmnow/FilmNow.java: construtor | src/film/filmnow/FilmNow.java: cadastraFilme e adicionarFilmeEmposicao | src/filmnow/FilmNow.java: ausência de atributo de HotList | src/filmnow/MainFilmNow.java: ausência de comandos de HotList,high
S31,official_sample,redacted,llm,separation_of_concerns,Separation of Concerns,3,10,"Há uma divisão inicial entre MainFilmNow para interação e FilmNow para armazenamento/cadastro, mas ela é frágil. FilmNow imprime mensagens diretamente, Filme não assume sua responsabilidade de representação textual ou igualdade, e a interface tenta formatar/acessar dados de modo incompatível com o modelo.",src/filmnow/MainFilmNow.java | src/filmnow/FilmNow.java: cadastraFilme | src/filmnow/LeitorFilmNow.java | src/filmnow/FilmNow.java: adicionarFilmeEmposicao | src/filmnow/Filme.java | src/filmnow/MainFilmNow.java: formataFilme | src/filmnow/MainFilmNow.java: mostrarFilmes | src/filmnow/FilmNow.java: ausência de getFilme/listagem/detalhamento/HotList | src/filmnow/MainFilmNow.java: detalharFilme chama método inexistente,high
S31,official_sample,redacted,llm,readability_and_documentation,Readability and Documentation,3,10,"O código ainda é parcialmente legível por estar curto e por manter alguns nomes reconhecíveis, mas a qualidade geral é baixa: há inconsistências que impedem compilação, documentação herdada ou desatualizada, classe Filme sem Javadoc útil e métodos/nomes pouco cuidados.",src/filmnow/FilmNow.java | src/filmnow/MainFilmNow.java | src/filmnow/Filme.java | src/filmnow/FilmNow.java: getFilmes | src/filmnow/MainFilmNow.java: mostrarFilmes | src/filmnow/MainFilmNow.java: detalharFilme | src/filmnow/FilmNow.java: comentário antes de adicionarFilmeEmposicao | src/filmnow/Filme.java: método main | src/filmnow/FilmNow.java: adicionarFilmeEmposicao | src/filmnow/FilmNow.java: cadastraFilme,high
S32,official_sample,redacted,llm,basic_functionality,Basic Functionality,8,10,"A implementação cobre a maior parte do fluxo principal: cadastra filmes com validações importantes, detalha filmes, lista filmes pela interface e implementa a HotList com adição, remoção e marcação no detalhe. As perdas vêm de falhas localizadas no fluxo da HotList, no tratamento de posição vazia ao detalhar e na carga inicial por CSV.",src/filmnow/FilmNow.java::cadastraFilme | src/filmnow/FilmNow.java::getFilme | src/filmnow/FilmNow.java::atribuiHot | src/filmnow/FilmNow.java::removerHot | src/filmnow/MainFilmNow.java::mostrarFilmes | src/filmnow/MainFilmNow.java::mostrarHotList | src/filmnow/MainFilmNow.java::removeHot | src/filmnow/MainFilmNow.java::detalharFilme | src/filmnow/LeitorFilmNow.java::processaLinhaCsvFilmes,medium
S32,official_sample,redacted,llm,unit_tests,Unit Tests,7,10,"Há uma suíte relativamente ampla para `FilmNow` e alguns testes úteis para `Filme`, incluindo limites de posição, detalhes e HotList. A nota não é maior porque parte dos testes de `Filme` usa `assert` da linguagem em vez de asserções JUnit, há casos obrigatórios de adição/listagem não cobertos e alguns testes validam comportamento diferente do especificado.",testes/lab3FilmNow/FilmeTest.java | testes/lab3FilmNow/FilmNowTest.java | testes/lab3FilmNow/FilmeTest.java::testEquals | testes/lab3FilmNow/FilmeTest.java::testEqualsNull | testes/lab3FilmNow/FilmeTest.java::testNotEquals | testes/lab3FilmNow/FilmNowTest.java::testCadastraPosExistente | testes/lab3FilmNow/FilmNowTest.java::testHotFilmeNull | testes/lab3FilmNow/FilmNowTest.java::testRemoveHotNull,medium
S32,official_sample,redacted,llm,class_design,Class Design,8.5,10,"A modelagem central esperada está presente: há uma classe `Filme`, uma classe `FilmNow` composta por filmes e uma classe de interface com `main` modularizado. As perdas são localizadas na implementação de igualdade de `Filme` e em pequenos ruídos no modelo da entidade.",src/filmnow/Filme.java | src/filmnow/FilmNow.java | src/filmnow/MainFilmNow.java | src/filmnow/Filme.java::equals | src/filmnow/Filme.java::hashCode | src/filmnow/Filme.java::posicao,medium
S32,official_sample,redacted,llm,object_references,Object References and Composition,10,10,"A solução demonstra corretamente a ideia de composição e uso de referências: `FilmNow` mantém referências para objetos `Filme`, cria novos filmes no cadastro e reutiliza a mesma referência na HotList para que o status hot apareça no detalhamento.",src/filmnow/FilmNow.java::filmes | src/filmnow/FilmNow.java::hotList | src/filmnow/FilmNow.java::cadastraFilme | src/filmnow/FilmNow.java::atribuiHot | src/filmnow/MainFilmNow.java::main,medium
S32,official_sample,redacted,llm,collections_and_arrays,Collections and Arrays,9,10,"As estruturas principais respeitam os limites do enunciado: array de 100 filmes e HotList de 10 posições, com conversão geral de posições de usuário para índices internos. A principal perda é uma inconsistência possível entre a lista principal e a HotList quando um filme hot é sobrescrito na lista principal.",src/filmnow/FilmNow.java::TAMANHO | src/filmnow/FilmNow.java::filmes | src/filmnow/FilmNow.java::hotList | src/filmnow/FilmNow.java::getFilme | src/filmnow/FilmNow.java::cadastraFilme | src/filmnow/FilmNow.java::atribuiHot | src/filmnow/FilmNow.java::removerHot,medium
S32,official_sample,redacted,llm,separation_of_concerns,Separation of Concerns,8,10,"A separação geral entre interface, gerenciador e entidade existe: o `Main` lida com entrada/saída, `FilmNow` cadastra e gerencia filmes, e `Filme` representa detalhes. A perda ocorre porque a listagem e a HotList são montadas diretamente no `Main` a partir dos arrays, expondo detalhes internos e reduzindo a delegação ao modelo.",src/filmnow/MainFilmNow.java | src/filmnow/FilmNow.java | src/filmnow/Filme.java | src/filmnow/LeitorFilmNow.java | src/filmnow/MainFilmNow.java::mostrarFilmes | src/filmnow/MainFilmNow.java::mostrarHotList | src/filmnow/MainFilmNow.java::formataFilme | src/filmnow/MainFilmNow.java::formataHot | src/filmnow/FilmNow.java::getFilmes | src/filmnow/FilmNow.java::getHotList,medium
S32,official_sample,redacted,llm,readability_and_documentation,Readability and Documentation,8,10,"O código é em geral legível, com nomes compreensíveis e Javadocs em várias classes e métodos públicos. As perdas são por documentação incompleta em métodos adicionados e por pequenos problemas de manutenção que reduzem a clareza.",src/filmnow/Filme.java | src/filmnow/FilmNow.java | src/filmnow/MainFilmNow.java | src/filmnow/LeitorFilmNow.java | src/filmnow/FilmNow.java::removeFilme | src/filmnow/Filme.java::hashCode | src/filmnow/MainFilmNow.java::removeHot | src/filmnow/MainFilmNow.java::comando | testes/lab3FilmNow/FilmNowTest.java::testCadastraObjExistene | src/filmnow/FilmNow.java::cadastraFilme,medium
S33,official_sample,redacted,llm,basic_functionality,Basic Functionality,6,10,"A submissão implementa cadastro de filmes com limite de posições, detecção de repetidos por nome/ano, listagem simples, detalhamento no caminho normal e uma HotList parcial. Porém, há falhas funcionais relevantes em detalhamento de posições inválidas/vazias e principalmente nas regras da HotList.",src/filmnow/FilmNow.java::cadastraFilme | src/filmnow/Filme.java::equals | src/filmnow/Filme.java::toString | src/filmnow/MainFilmNow.java::mostrarFilmes | src/filmnow/MainFilmNow.java::detalharFilme | src/filmnow/FilmNow.java::cadastraHotList | src/filmnow/FilmNow.java::removeHotList | src/filmnow/FilmNow.java::getFilme | src/filmnow/FilmNow.java::detalharFilme | src/filmnow/MainFilmNow.java::exibirHotList | src/filmnow/MainFilmNow.java::formataFilme,high
S33,official_sample,redacted,llm,unit_tests,Unit Tests,5.5,10,"Há testes reais para `Filme` e um conjunto razoável de testes de cadastro em `FilmNow`, incluindo limites e repetição. Ainda assim, os testes são incompletos: quase não verificam detalhamento/listagem, não testam HotList e alguns casos de cadastro não confirmam o estado resultante.",testes/lab3FilmNow/FilmeTest.java | testes/lab3FilmNow/FilmNowTest.java | testes/lab3FilmNow/FilmeTest.java::testEquals | testes/lab3FilmNow/FilmeTest.java::testToString | testes/lab3FilmNow/FilmNowTest.java::testCadastraFilmePosExistente | testes/lab3FilmNow/FilmNowTest.java::testAdicionaFilmePosicaoLocalInvalido | testes/lab3FilmNow/FilmNowTest.java::testCadastraFilmePosVazia | testes/lab3FilmNow/FilmNowTest.java::testDetalharFilmeNulo,high
S33,official_sample,redacted,llm,class_design,Class Design,8,10,"O projeto contém as classes centrais esperadas: `Filme`, `FilmNow` com composição por array de objetos e uma interface com `main` modularizada. A modelagem principal está presente, mas o desenho ainda deixa responsabilidades importantes incompletas ou pouco encapsuladas.",src/filmnow/Filme.java | src/filmnow/FilmNow.java | src/filmnow/MainFilmNow.java | src/filmnow/FilmNow.java::detalharFilme | src/filmnow/FilmNow.java::getFilmes | src/filmnow/MainFilmNow.java::mostrarFilmes | src/filmnow/Filme.java::atributos | src/filmnow/Filme.java::toString | src/filmnow/MainFilmNow.java::formataFilme,high
S33,official_sample,redacted,llm,object_references,Object References and Composition,9,10,"A solução demonstra boa compreensão da composição: `FilmNow` armazena objetos `Filme`, cria filmes no cadastro e a HotList referencia filmes do catálogo. Há apenas uma falha localizada no gerenciamento do estado compartilhado dessas referências na HotList.",src/filmnow/FilmNow.java::filmes | src/filmnow/FilmNow.java::filmesHot | src/filmnow/FilmNow.java::cadastraFilme | src/filmnow/FilmNow.java::cadastraHotList | src/filmnow/Filme.java::setStatus,high
S33,official_sample,redacted,llm,collections_and_arrays,Collections and Arrays,8,10,"A estrutura de armazenamento principal está correta: arrays de tamanho 100 para o catálogo e 10 para a HotList, com mapeamento 1-based para o catálogo em grande parte dos métodos. As perdas vêm de inconsistências de índice e validação que afetam o respeito aos limites das estruturas.",src/filmnow/FilmNow.java::TAMANHO | src/filmnow/FilmNow.java::TAMANHOHOT | src/filmnow/FilmNow.java::cadastraFilme | src/filmnow/MainFilmNow.java::mostrarFilmes | src/filmnow/MainFilmNow.java::exibirHotList | src/filmnow/FilmNow.java::cadastraHotList | src/filmnow/FilmNow.java::getFilme | src/filmnow/FilmNow.java::getFilmeHot,high
S33,official_sample,redacted,llm,separation_of_concerns,Separation of Concerns,6.5,10,"Existe separação inicial entre interface, sistema e entidade, mas ela ainda é incompleta. O `MainFilmNow` faz parte da lógica de listagem, validação de detalhamento e formatação, enquanto `FilmNow` expõe arrays e possui métodos de domínio inacabados.",src/filmnow/MainFilmNow.java | src/filmnow/FilmNow.java | src/filmnow/Filme.java::toString | src/filmnow/MainFilmNow.java::mostrarFilmes | src/filmnow/MainFilmNow.java::exibirHotList | src/filmnow/MainFilmNow.java::detalharFilme | src/filmnow/FilmNow.java::getFilmes | src/filmnow/FilmNow.java::getHotList | src/filmnow/MainFilmNow.java::formataFilme | src/filmnow/Filme.java | src/filmnow/FilmNow.java::detalharFilme,high
S33,official_sample,redacted,llm,readability_and_documentation,Readability and Documentation,7,10,"O código é compreensível, tem nomes em geral adequados e apresenta Javadocs em várias classes e métodos públicos. As perdas decorrem de trechos inacabados, documentação imprecisa e alguns problemas de estilo que reduzem a clareza.",src/filmnow/Filme.java | src/filmnow/FilmNow.java | src/filmnow/MainFilmNow.java | src/filmnow/LeitorFilmNow.java | src/filmnow/Filme.java::atributos | src/filmnow/FilmNow.java::cadastraFilme | src/filmnow/FilmNow.java::detalharFilme | src//filmnow/FilmNow.java::getFilmeHot | src/filmnow/FilmNow.java::cadastraHotList | testes/lab3FilmNow/FilmNowTest.java::atributos | testes/lab3FilmNow/FilmeTest.java::atributos,high
S34,official_sample,redacted,llm,basic_functionality,Basic Functionality,8,10,"A implementação cobre a maior parte do fluxo funcional: adiciona filmes com validação de posição, nome/local e duplicidade por nome e ano; lista filmes pela interface; detalha filmes existentes; e implementa HotList com adicionar, exibir e remover. As perdas principais vêm de comportamentos especificados que ficam incorretos em casos de borda, especialmente detalhar posição válida vazia e a falta de resposta adequada em remoções inválidas da HotList.","src/filmnow/FilmNow.java: adicionaFilme(int,String,String,String) | src/filmnow/FilmNow.java: detalharFilme(int) | src/filmnow/FilmNow.java: atribuirHot(int,int), exibirHotList(), removerHot(int) | src/filmnow/MainFilmNow.java: mostrarFilmes(FilmNow), adicionaFilme(FilmNow,Scanner), detalharFilme(FilmNow,Scanner) | src/filmnow/Filme.java: equals(Object), nomeAno(), toString() | src/filmnow/Filme.java: toString(), nomeAno() | src/filmnow/FilmNow.java: removerHot(int) | src/filmnow/MainFilmNow.java: removerHot(FilmNow,Scanner)",high
S34,official_sample,redacted,llm,unit_tests,Unit Tests,7.5,10,"Há uma suíte JUnit ampla para `Filme` e `FilmNow`, com muitos casos independentes cobrindo adição, limites, duplicidade, detalhamento, igualdade e HotList. Entretanto, os testes também deixam lacunas importantes e em alguns pontos codificam comportamento divergente da especificação, especialmente posição válida vazia em detalhamento e exibição sem ano.","test/filmnow/FilmeTest.java | test/filmnow/FilmNowTest.java: testAdicionaFilmePosicaoValida, testAdicionaFilmePosicaoInvalidaAcima, testAdicionaFilmeJaExistente, testAdicionaFilmeSubstituiExistente | test/filmnow/FilmNowTest.java: testDetalharFilmeExistente, testDetalharFilmePosicaoVazia | test/filmnow/FilmNowTest.java: testAtribuirHot, testExibirHotListComUmFilme, testRemoverHot | test/filmnow/FilmeTest.java: testAnoVazio | src/filmnow/Filme.java: nomeAno(), toString() | test/filmnow/FilmNowTest.java: testDetalharFilmePosicaoVazia | test/filmnow/FilmNowTest.java: ausência de teste de listagem geral em FilmNow | test/filmnow/FilmNowTest.java: testRemoverHotPosicaoInvalidaAcima, testRemoverHotPosicaoInvalidaAbaixo, testAtribuirHotFilmeJaExistente | src/filmnow/FilmNow.java: removerHot(int), atribuirHot(int,int)",high
S34,official_sample,redacted,llm,class_design,Class Design,10,10,"A solução cria e usa as classes centrais esperadas para o laboratório. `Filme` representa a entidade de domínio com nome, ano, local, igualdade e representação textual; `FilmNow` compõe arrays de `Filme` para a lista principal e a HotList; e `MainFilmNow` mantém a interface textual em métodos estáticos auxiliares. Dentro do critério de criação/modelagem de classes, há evidência suficiente para pontuação máxima.","src/filmnow/Filme.java | src/filmnow/FilmNow.java: atributos filmes e hotList, construtor | src/filmnow/MainFilmNow.java: main(String[]), comando(String,FilmNow,Scanner) | src/filmnow/LeitorFilmNow.java: processaLinhaCsvFilmes(String[],FilmNow)",high
S34,official_sample,redacted,llm,object_references,Object References and Composition,9,10,"A composição principal foi implementada corretamente: `FilmNow` cria e armazena objetos `Filme`, a HotList guarda referências aos mesmos filmes e o uso de `static` fica concentrado no `main`, métodos auxiliares de interface e constantes. A perda é pequena e decorre da exposição direta dos arrays internos, que fragiliza o controle das referências pelo objeto `FilmNow`.","src/filmnow/FilmNow.java: adicionaFilme(int,String,String,String) | src/filmnow/FilmNow.java: atribuirHot(int,int), estaNaHotList(Filme), verificarDualidade(Filme) | src/filmnow/FilmNow.java: TAMANHO, TAMANHO_HOTLIST | src/filmnow/MainFilmNow.java: métodos estáticos de interface | src/filmnow/FilmNow.java: getFilmes() | src/filmnow/FilmNow.java: getHotList()",high
S34,official_sample,redacted,llm,collections_and_arrays,Collections and Arrays,10,10,"As estruturas de armazenamento atendem às restrições do laboratório: a lista principal tem 100 posições, a HotList tem 10 posições, e a conversão entre posições do usuário e índices internos é feita com `posicao - 1`, sem ignorar o índice 0. O uso dos arrays é coerente com as funcionalidades implementadas.","src/filmnow/FilmNow.java: atributos TAMANHO, TAMANHO_HOTLIST, filmes, hotList | src/filmnow/FilmNow.java: construtor FilmNow() | src/filmnow/FilmNow.java: adicionaFilme(int,String,String,String), detalharFilme(int), verificaFilme(int), verificaHot(int)",high
S34,official_sample,redacted,llm,separation_of_concerns,Separation of Concerns,8.5,10,"A separação geral é boa: entrada e saída ficam no `MainFilmNow`, `FilmNow` concentra cadastro, detalhamento e HotList, e `Filme` conhece suas representações textuais. A principal fragilidade é que a listagem de todos os filmes é feita pela interface acessando diretamente o array interno, em vez de ser oferecida como comportamento do sistema `FilmNow`.","src/filmnow/MainFilmNow.java: menu(Scanner), comando(String,FilmNow,Scanner), adicionaFilme(FilmNow,Scanner), detalharFilme(FilmNow,Scanner) | src/filmnow/FilmNow.java: adicionaFilme, detalharFilme, atribuirHot, exibirHotList, removerHot | src/filmnow/Filme.java: nomeAno(), toString() | src/filmnow/LeitorFilmNow.java: processaLinhaCsvFilmes(String[],FilmNow) | src/filmnow/MainFilmNow.java: mostrarFilmes(FilmNow) | src/filmnow/FilmNow.java: getFilmes()",high
S34,official_sample,redacted,llm,readability_and_documentation,Readability and Documentation,8.5,10,"O código é legível, usa nomes majoritariamente claros, separa métodos pequenos e possui Javadocs nas classes e métodos públicos. A perda é moderada-baixa por inconsistências pontuais de documentação/nomeação e por algumas descrições que prometem validações que não são realizadas na própria classe documentada.","src/filmnow/Filme.java | src/filmnow/FilmNow.java | src/filmnow/MainFilmNow.java | src/filmnow/LeitorFilmNow.java | src/filmnow/Filme.java: Filme(String,String,String) | src/filmnow/LeitorFilmNow.java: carregaContatos(String,FilmNow) | src/filmnow/FilmNow.java: detalharFilme(int), removerHot(int)",high
S35,official_sample,redacted,llm,basic_functionality,Basic Functionality,3.0,10,"Há uma implementação mínima de cadastro, armazenamento e recuperação de filmes, mas ela cobre apenas parte pequena do comportamento especificado. A adição funciona em casos simples, e a interface consegue imprimir alguns filmes cadastrados, porém faltam validações essenciais, a convenção de posições não segue o enunciado, os formatos de listagem/detalhamento não atendem bem à especificação e a HotList não foi implementada.","src/filmnow/FilmNow.java: atributo `private Filme[] filmes` e método `cadastraFilme` | src/filmnow/FilmNow.java: métodos `getFilmes` e `getFilme` | src/filmnow/MainFilmNow.java: métodos `adicionarFilme`, `mostrarFilmes`, `detalharFilme` e `comando` | src/filmnow/FilmNow.java: `cadastraFilme(int posicao, String nome, int ano, String local)` | src/filmnow/MainFilmNow.java: `adicionarFilme` sempre imprime `Filme adicionado com sucesso!` | src/filmnow/MainFilmNow.java: `mostrarFilmes` | src/filmnow/MainFilmNow.java: `detalharFilme` | src/filmnow/MainFilmNow.java: `formatarFilme` | src/filmnow/Filme.java: `toString` | src/filmnow/FilmNow.java: ausência de atributos e métodos de HotList | src/filmnow/MainFilmNow.java: menu e `comando` não possuem opções `E`, `H` ou `R`",high
S35,official_sample,redacted,llm,unit_tests,Unit Tests,0.0,10,"Não há arquivos de teste JUnit submetidos. Portanto, não há evidência de testes para `Filme`, `FilmNow`, cadastro, listagem, detalhamento, limites ou HotList.",Árvore da submissão: `Test file count` igual a 0 | Pacote submetido contém apenas arquivos em `src/filmnow` | Árvore da submissão: ausência de diretório ou arquivos de teste,high
S35,official_sample,redacted,llm,class_design,Class Design,7.0,10,"A submissão cria uma classe `Filme` e altera `FilmNow` para compor um vetor de filmes, o que demonstra a ideia central de modelagem orientada a objetos do laboratório. Contudo, a modelagem ainda é incompleta: `Filme` não implementa igualdade conforme o contrato e `FilmNow` não modela HotList nem concentra várias operações esperadas do sistema.","src/filmnow/Filme.java: classe `Filme`, atributos, construtor, getters e setters | src/filmnow/FilmNow.java: atributo `private Filme[] filmes` e construtor | src/filmnow/MainFilmNow.java: `main`, `menu`, `comando`, `adicionarFilme`, `mostrarFilmes`, `detalharFilme` | src/filmnow/Filme.java: ausência de `equals` | src/filmnow/Filme.java: `toString` retorna `nome + "" ("" + ano + "") - "" + local` | src/filmnow/FilmNow.java: métodos disponíveis `cadastraFilme`, `getFilmes`, `getFilme` | src/filmnow/FilmNow.java: ausência de estrutura e métodos de HotList",high
S35,official_sample,redacted,llm,object_references,Object References and Composition,8.0,10,"A solução demonstra uso básico correto de objetos: `FilmNow` cria objetos `Filme` e os armazena por referência em um array, e a aplicação instancia `FilmNow` e `LeitorFilmNow`. A principal fragilidade é que as referências internas do vetor são expostas diretamente e parte do código cliente passa a depender da estrutura interna do gerenciador.","src/filmnow/FilmNow.java: `filmes[posicao] = new Filme(nome, ano, local)` | src/filmnow/MainFilmNow.java: `FilmNow fn = new FilmNow()` | src/filmnow/MainFilmNow.java: `LeitorFilmNow leitor = new LeitorFilmNow()` | src/filmnow/Filme.java: atributos de instância `nome`, `ano`, `local` | src/filmnow/FilmNow.java: `public Filme[] getFilmes() { return filmes; }` | src/filmnow/MainFilmNow.java: `mostrarFilmes` percorre `Filme[] filmes = fn.getFilmes()`",high
S35,official_sample,redacted,llm,collections_and_arrays,Collections and Arrays,6.0,10,"A estrutura principal de armazenamento de filmes foi implementada com um array de 100 posições, o que atende parcialmente à restrição de capacidade. Porém, o mapeamento de posições não segue o contrato 1..100 e não existe nenhuma estrutura para a HotList de 10 posições.",src/filmnow/FilmNow.java: construtor `filmes = new Filme[100]` | src/filmnow/FilmNow.java: condições `posicao >= 0 && posicao < filmes.length` | src/filmnow/FilmNow.java: `if (posicao >= 0 && posicao < filmes.length)` | src/filmnow/MainFilmNow.java: `adicionarFilme` e `detalharFilme` repassam a posição diretamente para `FilmNow` | src/filmnow/FilmNow.java: ausência de atributo para HotList | src/filmnow/MainFilmNow.java: ausência de opções de menu para HotList,high
S35,official_sample,redacted,llm,separation_of_concerns,Separation of Concerns,5.0,10,"Há alguma separação inicial: `MainFilmNow` fica com a interação por console, `FilmNow` armazena filmes e `Filme` representa dados individuais. Entretanto, as regras do sistema estão muito pouco centralizadas em `FilmNow`, a interface acessa diretamente o array e faz formatação, e `Filme` não oferece claramente as representações exigidas para listagem e detalhamento.","src/filmnow/MainFilmNow.java: métodos de interface `menu`, `comando`, `adicionarFilme`, `mostrarFilmes`, `detalharFilme` | src/filmnow/FilmNow.java: `cadastraFilme` | src/filmnow/Filme.java: atributos e getters | src/filmnow/FilmNow.java: apenas `cadastraFilme`, `getFilmes`, `getFilme` | src/filmnow/MainFilmNow.java: `mostrarFilmes` percorre e decide o que imprimir | src/filmnow/Filme.java: `toString` | src/filmnow/MainFilmNow.java: `formatarFilme` e `detalharFilme`",high
S35,official_sample,redacted,llm,readability_and_documentation,Readability and Documentation,5.0,10,"O código é curto e, em geral, compreensível, com nomes razoáveis para as classes principais e métodos da interface. Porém, não há documentação Javadoc nas classes e métodos públicos, contrariando uma exigência explícita da entrega e limitando bastante a pontuação neste critério.","src/filmnow/Filme.java | src/filmnow/FilmNow.java | src/filmnow/MainFilmNow.java | src/filmnow/LeitorFilmNow.java | src/filmnow/Filme.java: ausência de Javadoc na classe, construtor e métodos públicos | src/filmnow/FilmNow.java: ausência de Javadoc na classe e métodos públicos | src/filmnow/LeitorFilmNow.java: ausência de Javadoc na classe e método público",high
S36,official_sample,redacted,llm,basic_functionality,Basic Functionality,6,10,"A submissão implementa as quatro frentes principais com comportamento parcial: há cadastro, listagem, detalhamento e HotList com retornos em String e sem impressão direta na classe de sistema. Porém, há falhas relevantes de conformidade com a especificação, principalmente a inconsistência entre posições 0-based e 1-based nos métodos públicos de FilmNow, além de casos especificados não tratados para ano vazio, posição válida sem filme e algumas regras da HotList.","src/filmnow/FilmNow.java: cadastraFilme(int, String, int, String) | src/filmnow/FilmNow.java: mostrarTodos() | src/filmnow/FilmNow.java: detalharFilme(int) | src/filmnow/FilmNow.java: adicionaHot(int, int), removerHot(int), exibirHotList() | src/filmnow/Filme.java: toString(), equals(Object) | src/filmnow/FilmNow.java: cadastraFilme valida posicao < 0 || posicao >= TAMANHO e armazena em filmes[posicao] | src/filmnow/FilmNow.java: detalharFilme acessa filmes[posicao - 1] | src/filmnow/FilmNow.java: adicionaHot acessa filmes[posFilme - 1] | src/filmnow/FilmNow.java: mostrarTodos imprime i + 1 | src/filmnow/FilmNow.java: assinatura cadastraFilme(int posicao, String nome, int ano, String plataforma) | src/filmnow/MainFilmNow.java: adicionarFilme usa Integer.parseInt para o ano | src/filmnow/FilmNow.java: detalharFilme combina filmes[posicao - 1] == null com posição inválida | src/filmnow/FilmNow.java: removerHot(int) apenas zera hotlist[posHot - 1] | src/filmnow/FilmNow.java: adicionaHot(int, int) retorna 'FILME JÁ NA HOTLIST' para duplicidade",medium
S36,official_sample,redacted,llm,unit_tests,Unit Tests,6,10,"Há testes reais em JUnit para Filme e FilmNow, com preparação independente por @BeforeEach e algumas verificações relevantes de toString, equals, cadastro, listagem, detalhamento e HotList. A cobertura, contudo, deixa de exercitar vários casos obrigatórios e alguns testes codificam a convenção incorreta de posição 0-based no cadastro, mascarando falhas importantes da implementação.","testes/lab3FilmNow/FilmeTest.java | testes/lab3FilmNow/FilmNowTest.java | testes/lab3FilmNow/FilmNowTest.java: testCadastraFilmeValido usa cadastraFilme(0, ...) | testes/lab3FilmNow/FilmNowTest.java: testCadastraFilmeRepetido usa posições 0 e 1",medium
S36,official_sample,redacted,llm,class_design,Class Design,9,10,"A modelagem central esperada está presente: Filme representa nome, ano e local/plataforma; FilmNow compõe arrays de Filme e gerencia o sistema; MainFilmNow existe e está modularizado. A principal perda é uma incoerência de API/modelagem em FilmNow, que mistura posições do domínio com índices internos e mantém o ano como int no cadastro, embora Filme já use String.","src/filmnow/Filme.java | src/filmnow/FilmNow.java | src/filmnow/MainFilmNow.java | src/filmnow/FilmNow.java: cadastraFilme(int, String, int, String) | src/filmnow/FilmNow.java: detalharFilme(int) | src/filmnow/Filme.java: atributo ano como String",medium
S36,official_sample,redacted,llm,object_references,Object References and Composition,10,10,"A submissão demonstra adequadamente o uso de referências e composição: FilmNow armazena referências para objetos Filme, cria novos objetos no cadastro e compartilha referências na HotList. O uso de static está concentrado no main, em métodos auxiliares da interface e em constantes, sem comprometer a modelagem de objetos.",src/filmnow/FilmNow.java: atributos filmes e hotlist | src/filmnow/FilmNow.java: cadastraFilme cria new Filme(...) | src/filmnow/FilmNow.java: adicionaHot usa Filme filme = filmes[posFilme - 1] | src/filmnow/Filme.java | src/filmnow/MainFilmNow.java,medium
S36,official_sample,redacted,llm,collections_and_arrays,Collections and Arrays,8.5,10,"A solução usa arrays adequados para os limites do problema: 100 filmes e 10 posições de HotList. A estrutura é simples e compatível com o estágio do curso. A perda está no uso inconsistente dos índices internos como se fossem posições públicas em parte da API, o que gera erros de fronteira e dificulta o uso correto da coleção.","src/filmnow/FilmNow.java: private static final int TAMANHO = 100 | src/filmnow/FilmNow.java: private static final int HOT_TAMANHO = 10 | src/filmnow/FilmNow.java: Filme[] filmes e Filme[] hotlist | src/filmnow/FilmNow.java: mostrarTodos(), exibirHotList(), getFilmes() | src/filmnow/FilmNow.java: cadastraFilme armazena em filmes[posicao] | src/filmnow/FilmNow.java: detalharFilme usa filmes[posicao - 1] | src/filmnow/FilmNow.java: adicionaHot usa filmes[posFilme - 1] | src/filmnow/FilmNow.java: mostrarTodos imprime i + 1",medium
S36,official_sample,redacted,llm,separation_of_concerns,Separation of Concerns,8.5,10,"A maior parte das responsabilidades está bem separada: MainFilmNow lida com entrada e saída, FilmNow gerencia filmes e HotList, e Filme define igualdade e representação textual dos detalhes. Há, porém, alguma duplicação de responsabilidade de exibição/listagem em MainFilmNow, que acessa o array de filmes e formata a listagem em vez de delegar ao método já existente em FilmNow ou à própria entidade Filme.","src/filmnow/MainFilmNow.java: menu, comando, adicionarFilme, detalharFilme, atribuirHot, removerHot | src/filmnow/FilmNow.java | src/filmnow/Filme.java: toString(), equals(Object) | src/filmnow/MainFilmNow.java: mostrarFilmes(FilmNow) | src/filmnow/MainFilmNow.java: formataFilme(int, Filme) | src/filmnow/FilmNow.java: mostrarTodos()",medium
S36,official_sample,redacted,llm,readability_and_documentation,Readability and Documentation,8,10,"O código é compreensível, com nomes geralmente adequados e Javadocs presentes nas classes e métodos principais. A documentação, entretanto, contém erros de escrita, trechos superficiais e algumas informações inconsistentes com o comportamento esperado ou com a própria modelagem, especialmente em torno de posição, ano e local/plataforma.","src/filmnow/Filme.java | src/filmnow/FilmNow.java | src/filmnow/MainFilmNow.java | src/filmnow/Filme.java: Javadoc de equals(Object) | src/filmnow/FilmNow.java: Javadocs de getFilme, cadastraFilme, detalharFilme | src/filmnow/Filme.java: atributo plataforma e getter getPlataforma | src/filmnow/FilmNow.java: parâmetro plataforma em cadastraFilme | src/filmnow/MainFilmNow.java: variável local em adicionarFilme | src/filmnow/FilmNow.java: Javadoc de cadastraFilme",medium
S37,official_sample,redacted,llm,basic_functionality,Basic Functionality,7.5,10,"A solução implementa o fluxo principal de cadastro, listagem, detalhamento e operações básicas da HotList, com retorno de mensagens e uso de objetos Filme. Há, porém, falhas funcionais relevantes em duplicidade por nome/ano, em detalhamento sem ano e em validações da HotList.","src/filmnow/FilmNow.java: cadastraFilme(int, String, String, String) | src/filmnow/FilmNow.java: detalharFilme(int) | src/filmnow/FilmNow.java: adicionaHot(int, int) e removeHot(int) | src/filmnow/Filme.java: detalhes(), equals(Object), isHot(), setHot(boolean) | src/filmnow/MainFilmNow.java: mostrarFilmes(FilmNow), mostrarHotList(FilmNow), detalharFilme(FilmNow, Scanner) | src/filmnow/Filme.java: equals(Object) | src/filmnow/FilmNow.java: existeFilme(Filme) | src/filmnow/Filme.java: detalhes() | Especificação: caso de teste de detalhar filme sem ano | src/filmnow/FilmNow.java: adicionaHot(int, int) | src/filmnow/FilmNow.java: removeHot(int) | src/filmnow/MainFilmNow.java: mostrarHotList(FilmNow) | src/filmnow/MainFilmNow.java: formataFilme(int, Filme)",high
S37,official_sample,redacted,llm,unit_tests,Unit Tests,7,10,"Há uma suíte real de testes JUnit para Filme e FilmNow, cobrindo vários casos normais e alguns limites importantes. A cobertura, entretanto, deixa lacunas em construtor/getters, listagem, detalhamento sem ano e validações críticas da HotList.","testes/lab3FilmNow/FilmNowTest.java | testes/lab3FilmNow/testFilme.java | testes/lab3FilmNow/FilmNowTest.java: testes de cadastro e detalhamento | testes/lab3FilmNow/FilmNowTest.java: testGetLista() | testes/lab3FilmNow/FilmNowTest.java: testAdicionaHot(), testAdicionaHotFilmeRepetido(), testRemoveHot()",high
S37,official_sample,redacted,llm,class_design,Class Design,9,10,"A modelagem central está bem representada: há classe Filme, classe FilmNow com composição por arrays de Filme e uma classe MainFilmNow modularizada para interface. A principal perda vem de uma implementação incorreta da igualdade do Filme, que é parte importante da modelagem da entidade.",src/filmnow/Filme.java | src/filmnow/FilmNow.java | src/filmnow/MainFilmNow.java | src/filmnow/Filme.java: equals(Object) | src/filmnow/Filme.java: hashCode(),high
S37,official_sample,redacted,llm,object_references,Object References and Composition,9,10,"O código demonstra bom uso de objetos e composição: FilmNow cria e armazena objetos Filme, e o uso de static fica restrito ao Main e a constantes. Há uma fragilidade de encapsulamento por exposição direta de referências internas da HotList.","src/filmnow/FilmNow.java: atributos filmes e hotList | src/filmnow/FilmNow.java: cadastraFilme(int, String, String, String) | src/filmnow/MainFilmNow.java: main(String[]), carregaFilmes(String, FilmNow) | src/filmnow/FilmNow.java: getHotList() | src/filmnow/MainFilmNow.java: mostrarHotList(FilmNow)",high
S37,official_sample,redacted,llm,collections_and_arrays,Collections and Arrays,8,10,"A estrutura principal de armazenamento respeita os tamanhos do enunciado: 100 filmes e 10 posições de HotList, com mapeamento de posição de usuário para índice interno. A perda está concentrada na ausência de validação robusta de índices nas operações da HotList.","src/filmnow/FilmNow.java: constantes TAMANHO e TAMANHOHOT | src/filmnow/FilmNow.java: construtor FilmNow() | src/filmnow/FilmNow.java: cadastraFilme(int, String, String, String) | src/filmnow/FilmNow.java: detalharFilme(int) | src/filmnow/FilmNow.java: adicionaHot(int, int) | src/filmnow/FilmNow.java: removeHot(int)",high
S37,official_sample,redacted,llm,separation_of_concerns,Separation of Concerns,8,10,"A divisão geral é boa para o nível do laboratório: Main cuida da interação, FilmNow gerencia filmes e Filme sabe se representar. Ainda assim, a interface acessa diretamente arrays do sistema para listar, e o estado de HotList fica parcialmente duplicado entre FilmNow e Filme, o que enfraquece a separação.","src/filmnow/MainFilmNow.java: adicionaFilme, mostrarFilmes, detalharFilme, mostrarHotList | src/filmnow/FilmNow.java: cadastraFilme, detalharFilme, adicionaHot, removeHot | src/filmnow/Filme.java: toString(), detalhes() | src/filmnow/MainFilmNow.java: mostrarFilmes(FilmNow) | src/filmnow/MainFilmNow.java: mostrarHotList(FilmNow) | src/filmnow/FilmNow.java: getFilmes(), getHotList() | src/filmnow/Filme.java: atributo isHot | src/filmnow/FilmNow.java: adicionaHot(int, int) | src/filmnow/FilmNow.java: cadastraFilme(int, String, String, String)",high
S37,official_sample,redacted,llm,readability_and_documentation,Readability and Documentation,8,10,"O código é geralmente legível, com nomes compreensíveis, métodos pequenos e muitos comentários Javadoc. As perdas vêm de documentação incompleta/superficial em alguns pontos e de inconsistências textuais que reduzem o polimento do código.","src/filmnow/Filme.java | src/filmnow/FilmNow.java | src/filmnow/MainFilmNow.java | src/filmnow/Filme.java: comentários iniciais, toString(), equals(Object), hashCode() | src/filmnow/FilmNow.java: getFilmes() | src/filmnow/FilmNow.java: retorno de adicionaHot(int, int) | src/filmnow/FilmNow.java: Javadoc de cadastraFilme | src/filmnow/MainFilmNow.java: Javadocs de métodos de HotList",high
S38,official_sample,redacted,llm,basic_functionality,Basic Functionality,8,10,"A submissão implementa o fluxo principal de cadastro, listagem, detalhamento e HotList, com retorno de mensagens e estruturas compatíveis com a maior parte da especificação. As principais perdas vêm de uma verificação de duplicidade baseada em identidade de String, falta de validação de limites em operações da HotList e uma quebra na interface ao detalhar posição vazia.","src/filmnow/FilmNow.java: cadastraFilme(int,String,String,String) | src/filmnow/FilmNow.java: getFilmes(), detalhaFilme(int), getFilme(int) | src/filmnow/FilmNow.java: adicionaHot(int,int), removerHot(int), getHotList() | src/filmnow/MainFilmNow.java: mostrarFilmes(FilmNow), detalharFilme(FilmNow,Scanner), exibirHotList(FilmNow) | src/filmnow/FilmNow.java: existeFilme(String,String,Filme[]) | src/filmnow/Filme.java: equals(Object) | src/filmnow/FilmNow.java: adicionaHot(int,int) | src/filmnow/FilmNow.java: removerHot(int) | src/filmnow/FilmNow.java: detalhaFilme(int) | src/filmnow/MainFilmNow.java: detalharFilme(FilmNow,Scanner)",high
S38,official_sample,redacted,llm,unit_tests,Unit Tests,8,10,"Há uma suíte JUnit ampla, independente e alinhada com muitos casos oficiais de cadastro, detalhamento, listagem e HotList. A cobertura, porém, ainda deixa lacunas em testes diretos de construção/acesso em Filme e em alguns limites importantes da HotList e igualdade por conteúdo.","testes/lab3FilmNow/FilmeTest.java | testes/lab3FilmNow/FilmNowTest.java | src/filmnow/Filme.java: getNome(), getNomeFilme(), getAnoLancamento(), getDisponivelEm() | src/filmnow/FilmNow.java: existeFilme(String,String,Filme[]) | src/filmnow/FilmNow.java: adicionaHot(int,int), removerHot(int)",high
S38,official_sample,redacted,llm,class_design,Class Design,9,10,"A modelagem central está bem encaminhada: há uma classe Filme com atributos próprios, equals e toString, uma classe FilmNow que compõe arrays de Filme e uma interface com main modularizado. A perda é localizada na inconsistência da API pública de recuperação de filme.","src/filmnow/Filme.java | src/filmnow/FilmNow.java: atributos filmes e filmesHot | src/filmnow/MainFilmNow.java: main, comando, adicionaFilme, mostrarFilmes, detalharFilme | src/filmnow/Filme.java: equals(Object), hashCode(), toString() | src/filmnow/FilmNow.java: getFilme(int) | src/filmnow/FilmNow.java: detalhaFilme(int)",high
S38,official_sample,redacted,llm,object_references,Object References and Composition,9,10,"A solução demonstra bom uso de objetos: FilmNow cria e guarda instâncias de Filme, a interface cria FilmNow, e não há uso problemático de estado estático no domínio. A principal falha conceitual é o uso de identidade de referência para comparar String em uma regra de igualdade.","src/filmnow/FilmNow.java: cadastraFilme(int,String,String,String) | src/filmnow/FilmNow.java: filmes, filmesHot | src/filmnow/MainFilmNow.java: main(String[]) | src/filmnow/LeitorFilmNow.java: processaLinhaCsvFilmes(String[],FilmNow) | src/filmnow/FilmNow.java: existeFilme(String,String,Filme[]) | src/filmnow/Filme.java: equals(Object)",high
S38,official_sample,redacted,llm,collections_and_arrays,Collections and Arrays,8.5,10,"A solução usa arrays de tamanho fixo compatíveis com os limites do enunciado e faz o mapeamento principal de posições 1 a 100 para índices 0 a 99. A perda está no acesso sem validação em alguns métodos, principalmente na HotList.","src/filmnow/FilmNow.java: private static final int TAMANHO = 100 | src/filmnow/FilmNow.java: constructor FilmNow() | src/filmnow/FilmNow.java: cadastraFilme(int,String,String,String) | src/filmnow/FilmNow.java: getFilmes(), getHotList() | src/filmnow/FilmNow.java: adicionaHot(int,int) | src/filmnow/FilmNow.java: removerHot(int) | src/filmnow/FilmNow.java: getFilme(int)",high
S38,official_sample,redacted,llm,separation_of_concerns,Separation of Concerns,9,10,"A separação geral é boa: MainFilmNow cuida de entrada e saída, FilmNow centraliza regras de cadastro e HotList, e Filme cuida da representação detalhada. A principal limitação é que a representação resumida usada em 'mostrar todos' fica espalhada entre FilmNow e Main, em vez de estar melhor encapsulada em Filme.","src/filmnow/MainFilmNow.java: comando(String,FilmNow,Scanner) | src/filmnow/MainFilmNow.java: adicionaFilme, mostrarFilmes, detalharFilme, exibirHotList, atribuirHot, removerHot | src/filmnow/FilmNow.java: cadastraFilme, detalhaFilme, adicionaHot, removerHot | src/filmnow/Filme.java: toString() | src/filmnow/FilmNow.java: getFilmes() | src/filmnow/MainFilmNow.java: mostrarFilmes(FilmNow), formataFilme(int,String) | src/filmnow/Filme.java: getNome(), toString()",high
S38,official_sample,redacted,llm,readability_and_documentation,Readability and Documentation,8.5,10,"O código é legível, com nomes em geral claros e Javadocs presentes nas classes principais. As deduções refletem inconsistências entre documentação e comportamento real e alguns resquícios de nomenclatura/documentação menos precisa.","src/filmnow/Filme.java | src/filmnow/FilmNow.java | src/filmnow/LeitorFilmNow.java | src/filmnow/MainFilmNow.java | src/filmnow/FilmNow.java: Javadoc de getFilme(int) | src/filmnow/FilmNow.java: getFilme(int) | src/filmnow/LeitorFilmNow.java: carregaContatos(String,FilmNow) | src/filmnow/FilmNow.java: Javadoc de adicionaHot(int,int)",high
S39,official_sample,redacted,llm,basic_functionality,Basic Functionality,7,10,"A implementação cobre parte importante do fluxo principal: adiciona filmes com validação de nome/local, evita duplicatas por nome e ano, lista filmes cadastrados e possui uma HotList funcional em cenários simples. Porém há falhas materiais em ano vazio, detalhamento de posições vazias/inválidas e remoção/validação da HotList.","src/filmnow/FilmNow.java: métodos `adicionaFilme`, `cadastraFilme`, `mostrarFilmes`, `detalharFilme`, `atribuiHot`, `exibirHotList`, `RemoverHot` | src/filmnow/Filme.java: métodos `equals` e `toString` | src/filmnow/MainFilmNow.java: métodos `adicionaFilme`, `detalharFilme`, `atribuiHot`, `RemoverHot` | src/filmnow/Filme.java: atributo `private int ano`, construtor `Filme(String nome, int ano, String local)`, método `toString` | src/filmnow/FilmNow.java: método `adicionaFilme(String nome, int ano, String local, int posicao)` | src/filmnow/MainFilmNow.java: método `adicionaFilme`, uso de `Integer.parseInt(ano)` | src/filmnow/FilmNow.java: método `detalharFilme(int posicao)` | src/filmnow/FilmNow.java: método privado `getFilme(int posicao)` | src/filmnow/FilmNow.java: métodos `atribuiHot`, `exibirHotList`, `RemoverHot` | src/filmnow/Filme.java: atributos `hot` e `posicionHot`",high
S39,official_sample,redacted,llm,unit_tests,Unit Tests,0,10,"Há apenas uma tentativa nominal de teste, mas ela não é compilável contra o código entregue e não há testes para `FilmNow`. Assim, não há evidência executável de testes de unidade cobrindo as funcionalidades exigidas.","testes/filmNow/FilmeTest.java | src/filmnow/Filme.java | src/filmnow/FilmNow.java | testes/filmNow/FilmeTest.java: pacote `filmNow`, uso de `Filme` sem import, chamada `nomeAno()` | src/filmnow/FilFilme.java: inexistente; referência correta é `src/filmnow/Filme.java`, onde não há `nomeAno()` e o construtor recebe `int` | src/filmnow/FilmNow.java: ausência de arquivo de teste correspondente",high
S39,official_sample,redacted,llm,class_design,Class Design,9,10,"A solução apresenta as classes principais esperadas e modela `Filme` como entidade separada de `FilmNow`, com composição por array de objetos. O `MainFilmNow` também existe e está modularizado. A principal limitação de desenho é a falta de representação adequada para o ano ausente, o que afeta a flexibilidade exigida pela especificação.","src/filmnow/Filme.java: classe `Filme`, atributos, construtor, `equals`, `toString` | src/filmnow/FilmNow.java: atributo `private Filme[] filmes`, construtor e métodos de gerenciamento | src/filmnow/MainFilmNow.java: métodos `main`, `menu`, `comando` e auxiliares | src/filmnow/Filme.java: atributo `private int ano`, construtor e método `toString`",high
S39,official_sample,redacted,llm,object_references,Object References and Composition,10,10,"Há uso adequado de objetos e referências para o escopo do laboratório: `FilmNow` compõe objetos `Filme`, os objetos são criados nos pontos apropriados, e o uso de `static` fica restrito a constantes e à classe de interface com usuário.","src/filmnow/FilmNow.java: atributo `private Filme[] filmes`, método `cadastraFilme`, método `adicionaFilme` | src/filmnow/Filme.java: classe de instância com atributos não estáticos | src/filmnow/MainFilmNow.java: criação de `FilmNow fn = new FilmNow()` e métodos estáticos apenas na interface",high
S39,official_sample,redacted,llm,collections_and_arrays,Collections and Arrays,8.5,10,A estrutura principal de armazenamento está correta: um array de `Filme[100]` é usado e a API principal de adição respeita o intervalo 1 a 100. As perdas vêm de validações incompletas em caminhos públicos e da representação frágil da HotList por posição marcada nos filmes.,"src/filmnow/FilmNow.java: constantes `TAMANHO` e `TAMANHOHOTLIST` | src/filmnow/FilmNow.java: construtor, `adicionaFilme`, `mostrarFilmes`, `atribuiHot`, `exibirHotList`, `cadastraFilme` | src/filmnow/FilmNow.java: método `atribuiHot` | src/filmnow/Filme.java: atributo `posicionHot` | src/filmnow/FilmNow.java: método `cadastraFilme(int posicao, String nome, int ano, String local)`",high
S39,official_sample,redacted,llm,separation_of_concerns,Separation of Concerns,8.5,10,"A separação geral de responsabilidades está boa para o nível do laboratório: o `Main` cuida da interação, `FilmNow` gerencia o sistema e `Filme` representa a entidade. Ainda assim, parte da formatação de filme fica espalhada em `FilmNow`, e o estado de pertencimento à HotList dentro de `Filme` mistura um pouco entidade e gerenciamento de coleção.","src/filmnow/MainFilmNow.java: métodos de menu e comandos | src/filmnow/FilmNow.java: métodos de lógica do sistema | src/filmnow/Filme.java: dados e métodos da entidade | src/filmnow/LeitorFilmNow.java: leitura de arquivo CSV | src/filmnow/FilmNow.java: método `formataFilme` e getters privados de dados do filme | src/filmnow/Filme.java: método `toString` | src/filmnow/Filme.java: atributos `hot` e `posicionHot` | src/filmnow/FilmNow.java: métodos `atribuiHot`, `exibirHotList`, `RemoverHot`",high
S39,official_sample,redacted,llm,readability_and_documentation,Readability and Documentation,7,10,"O código é em geral legível e possui Javadocs em classes e vários métodos públicos. As perdas vêm de inconsistências de estilo Java, nomes pouco padronizados e documentação/comentários que em alguns pontos são superficiais ou inadequados.","src/filmnow/Filme.java | src/filmnow/FilmNow.java | src/filmnow/MainFilmNow.java | src/filmnow/LeitorFilmNow.java | src/filmnow/FilmNow.java: métodos `RemoverHot`, `GettoStringFilme` | src/filmnow/Filme.java: atributo e métodos relacionados a `posicionHot` | src/filmnow/FilmNow.java: comentários dos getters privados e comentário dentro de `atribuiHot` | src/filmnow/Filme.java: comentários de getters/setters sem Javadoc completo | src/filmnow/FilmNow.java: métodos `formataFilme`, `getNomeFilme`, `GettoStringFilme`, `getAnoFilme`, `getHotFilme` | src/filmnow/Filme.java: método `toString`",high
S40,official_sample,redacted,llm,basic_functionality,Basic Functionality,8.5,10,"A implementação cobre bem o fluxo principal de cadastrar, listar e detalhar filmes, incluindo validações importantes e uso de HotList em cenários comuns. As perdas vêm principalmente de casos de borda da HotList que podem gerar exceções ou comportamento incorreto, e da formatação de detalhamento quando o ano está vazio.","src/filmnow/FilmNow.java: método cadastraFilme | src/filmnow/FilmNow.java: métodos exibirFilmes, detalharFilme, adicionaHotList, removeHotList, exibirHot | src/filmnow/Filme.java: métodos equals, toString, detalhes, setHot | testes/lab3FilmNow/testeFilmNow.java: testes de cadastro, detalhamento, listagem e HotList | src/filmnow/FilmNow.java: método adicionaHotList | src/filmnow/FilmNow.java: método removeHotList | src/filmnow/FilmNow.java: método exibirHot | src/filmnow/FilmNow.java: método getHotList e formataToString | src/filmnow/Filme.java: método toString | src/filmnow/Filme.java: método detalhes | testes/lab3FilmNow/testeFilmNow.java: teste testDetAnoNull espera o mesmo formato incorreto da implementação",high
S40,official_sample,redacted,llm,unit_tests,Unit Tests,8,10,"Há uma suíte de testes ampla para Filme e FilmNow, cobrindo cadastro, limites de posição, duplicidade, detalhamento, listagem e vários cenários de HotList. A cobertura ainda deixa escapar alguns defeitos reais, especialmente em bordas da HotList e no formato correto de filmes sem ano.","testes/lab3FilmNow/testeFilme.java | testes/lab3FilmNow/testeFilmNow.java | testes/lab3FilmNow/testeFilme.java: testes testDetalhesAnoNull2, testDetalhesHotAnoNull e grupo de equals | testes/lab3FilmNow/testeFilmNow.java: grupo de testes de cadastro | testes/lab3FilmNow/testeFilmNow.java: testes testAddHotlist, testAddHotPosLimiteSuperior, testAddHotPosLimiteInferior, testAddHotJaAdicionado, testRemoveHot e testMostrarHotList | src/filmnow/FilmNow.java: métodos adicionaHotList, removeHotList e exibirHot",high
S40,official_sample,redacted,llm,class_design,Class Design,10,10,"A submissão implementa as classes centrais esperadas: Filme modela os dados do filme e igualdade, FilmNow compõe e gerencia arrays de Filme e de HotList, e MainFilmNow mantém a interface textual modularizada em métodos auxiliares.","src/filmnow/Filme.java | src/filmnow/FilmNow.java: atributos filmes e hotList | src/filmnow/MainFilmNow.java: métodos main, menu, comando, adicionaFilme, mostrarFilmes, detalharFilme, atribuirHotList, removerHotList",high
S40,official_sample,redacted,llm,object_references,Object References and Composition,9,10,"O código demonstra entendimento de composição: FilmNow armazena referências para objetos Filme, cria objetos no cadastro e a interface instancia e usa FilmNow adequadamente. A perda é pequena e decorre de uma API que passa o próprio gerenciador como parâmetro para métodos de instância, o que enfraquece o uso natural de this.","src/filmnow/FilmNow.java: atributos filmes e hotList | src/filmnow/FilmNow.java: métodos cadastraFilme, adicionaHotList, removeHotList | src/filmnow/MainFilmNow.java: método main | src/filmnow/FilmNow.java: métodos exibirFilmes(FilmNow fn) e exibirHot(FilmNow fn) | src/filmnow/MainFilmNow.java: métodos mostrarFilmes e mostrarHotList",high
S40,official_sample,redacted,llm,collections_and_arrays,Collections and Arrays,9,10,"A estrutura de armazenamento principal está adequada: há arrays com limites corretos para os 100 filmes e as 10 posições da HotList, com conversão consistente das posições de usuário para índices. A perda é localizada na validação de índices da HotList antes do acesso aos arrays.","src/filmnow/FilmNow.java: constantes TAMANHO e TAMANHO_HOT | src/filmnow/FilmNow.java: construtor FilmNow | src/filmnow/FilmNow.java: métodos cadastraFilme, detalharFilme, exibirFilmes, exibirHot | src/filmnow/FilmNow.java: método adicionaHotList | src/filmnow/FilmNow.java: método removeHotList",high
S40,official_sample,redacted,llm,separation_of_concerns,Separation of Concerns,10,10,"As responsabilidades estão bem separadas para o nível do laboratório: MainFilmNow concentra entrada e saída, FilmNow concentra as regras de cadastro, listagem, detalhamento e HotList, e Filme concentra representação, igualdade e detalhes do objeto filme.","src/filmnow/MainFilmNow.java: métodos comando, adicionaFilme, mostrarFilmes, detalharFilme, atribuirHotList, removerHotList | src/filmnow/FilmNow.java: métodos cadastraFilme, detalharFilme, adicionaHotList, removeHotList, exibirFilmes, exibirHot | src/filmnow/Filme.java: métodos equals, toString e detalhes | src/filmnow/LeitorFilmNow.java",high
S40,official_sample,redacted,llm,readability_and_documentation,Readability and Documentation,8,10,"O código é compreensível, usa nomes majoritariamente claros e possui Javadocs em quase todos os componentes públicos. A documentação, porém, contém vários problemas de estilo e precisão, como tags incorretas, descrições redundantes ou fracas e pequenos erros textuais.","src/filmnow/Filme.java | src/filmnow/FilmNow.java | src/filmnow/MainFilmNow.java | src/filmnow/LeitorFilmNow.java | src/filmnow/Filme.java: Javadocs do construtor, equals, getAno e detalhes | src/filmnow/FilmNow.java: Javadocs do construtor, getFilme, cadastraFilme, adicionaHotList, exibirFilmes e exibirHot",high
S41,official_sample,redacted,llm,basic_functionality,Basic Functionality,8,10,"A submissão implementa de forma funcional o cadastro, a validação principal de posições e dados, a detecção de duplicidade por nome e ano, o detalhamento e a listagem simples. A HotList existe e funciona parcialmente, mas deixa de cumprir regras importantes da especificação, principalmente unicidade, exibição completa e tratamento de posição vazia em remoção.",submission/src/filmnow/FilmNow.java::cadastraFilme | submission/src/filmnow/FilmNow.java::filmeDetalhado | submission/src/filmnow/FilmNow.java::atribuirHot | submission/src/filmnow/FilmNow.java::removerHot | submission/src/filmnow/MainFilmNow.java::mostrarFilmes | submission/src/filmnow/MainFilmNow.java::mostrarHot,high
S41,official_sample,redacted,llm,unit_tests,Unit Tests,5.5,10,"Há uma suíte JUnit real e relativamente ampla para `FilmNow`, especialmente para cadastro, limites, detalhamento e algumas operações de HotList. Porém os testes de `Filme` cobrem praticamente só igualdade, e faltam casos importantes de listagem e HotList exigidos pela especificação.",submission/testes1/filmnow/FilmeTeste.java | submission/testes1/filmnow/FilmNowTeste.java | submission/src/filmnow/MainFilmNow.java::mostrarFilmes | submission/testes1/filmnow/FilmNowTeste.java::testeAtribuirHot | submission/testes1/filmnow/FilmNowTeste.java::removerHotInexistente,high
S41,official_sample,redacted,llm,class_design,Class Design,9,10,"O projeto contém as classes centrais esperadas: `Filme`, `FilmNow` com composição por array de filmes, e uma classe de interface com `main` organizada em métodos auxiliares. A modelagem principal está correta, com pequena perda por a entidade `Filme` ainda ser pouco completa como objeto do domínio.",submission/src/filmnow/Filme.java | submission/src/filmnow/FilmNow.java | submission/src/filmnow/MainFilmNow.java,high
S41,official_sample,redacted,llm,object_references,Object References and Composition,9,10,"A submissão demonstra o uso central de composição: `FilmNow` armazena objetos `Filme`, cria filmes no cadastro e usa referências no sistema e na interface. Não há abuso de membros estáticos fora de constantes e métodos de interface. A principal limitação é que a HotList guarda cópias e aceita objetos externos, em vez de representar claramente outra forma de acesso aos filmes cadastrados.",submission/src/filmnow/FilmNow.java::filmes | submission/src/filmnow/FilmNow.java::hotList | submission/src/filmnow/FilmNow.java::cadastraFilme | submission/src/filmnow/MainFilmNow.java::main | submission/src/filmnow/FilmNow.java::atribuirHot | submission/src/filmnow/MainFilmNow.java::atribuirHot,high
S41,official_sample,redacted,llm,collections_and_arrays,Collections and Arrays,9,10,"As estruturas de dados principais respeitam os limites do laboratório: 100 filmes e 10 posições de HotList, com mapeamento externo de posições 1..N para índices internos 0..N-1. Há uma inconsistência localizada no método público `getFilme`, que acessa o array diretamente sem validação e com semântica de índice interno.",submission/src/filmnow/FilmNow.java::TAMANHO | submission/src/filmnow/FilmNow.java::TAMANHOHOT | submission/src/filmnow/FilmNow.java::cadastraFilme | submission/src/filmnow/FilmNow.java::filmeDetalhado | submission/src/filmnow/MainFilmNow.java::mostrarFilmes | submission/src/filmnow/FilmNow.java::getFilme,high
S41,official_sample,redacted,llm,separation_of_concerns,Separation of Concerns,6.5,10,"Há separação razoável entre interface e sistema: a entrada e saída ficam majoritariamente no `MainFilmNow`, enquanto `FilmNow` gerencia cadastro, detalhe e HotList. Contudo, a formatação e a exposição de dados ficam espalhadas entre `MainFilmNow` e `FilmNow`, e `Filme` quase não assume responsabilidade pela própria exibição, que era uma expectativa importante do laboratório.",submission/src/filmnow/MainFilmNow.java::adicionaFilme | submission/src/filmnow/MainFilmNow.java::detalharFilme | submission/src/filmnow/MainFilmNow.java::mostrarFilmes | submission/src/filmnow/FilmNow.java::cadastraFilme | submission/src/filmnow/FilmNow.java::filmeDetalhado | submission/src/filmnow/Filme.java | submission/src/filmnow/MainFilmNow.java::formataFilme | submission/src/filmnow/MainFilmNow.java::mostrarHot | submission/src/filmnow/FilmNow.java::getFilmes | submission/src/filmnow/FilmNow.java::getHots | submission/src/filmnow/MainFilmNow.java::atribuirHot | submission/src/filmnow/FilmNow.java::atribuirHot,high
S41,official_sample,redacted,llm,readability_and_documentation,Readability and Documentation,7,10,"O código é compreensível, usa nomes em geral coerentes com o domínio e contém Javadocs em várias classes e métodos públicos. A nota é reduzida porque parte da documentação é superficial ou imprecisa, há inconsistências de estilo e alguns trechos dificultam manutenção e leitura.",submission/src/filmnow/Filme.java | submission/src/filmnow/FilmNow.java | submission/src/filmnow/MainFilmNow.java | submission/src/filmnow/LeitorFilmNow.java | submission/src/filmnow/Filme.java::getNome | submission/src/filmnow/FilmNow.java::checaFilme | submission/src/filmnow/FilmNow.java::existeFilme | submission/src/filmnow/FilmNow.java::cadastraFilme | submission/src/filmnow/FilmNow.java::filmeDetalhado | submission/src/filmnow/LeitorFilmNow.java::carregaContContatos | submission/src/filmnow/FilmNow.java::getHots | submission/src/filmnow/FilmNow.java::atribuirHot | submission/src/filmnow/FilmNow.java::removerHot,high
S42,official_sample,redacted,llm,basic_functionality,Basic Functionality,5.5,10,"Há implementação real das quatro funcionalidades principais em cenários simples: cadastrar, mostrar, detalhar e manipular uma HotList. Contudo, a execução completa não atende várias regras obrigatórias, especialmente validação de posições, duplicidade por nome/ano, tratamento de posições vazias e consistência da HotList.","submission/src/filmnow/FilmNow.java: cadastraFilme(int, String, String, String) | submission/src/filmnow/FilmNow.java: adicionaFilmeHot(int, int), exibirConteudoHot(), removeHot(int) | submission/src/filmnow/MainFilmNow.java: adicionaFilme(FilmNow, Scanner), mostrarFilmes(FilmNow), detalharFilme(FilmNow, Scanner) | submission/src/filmnow/Filme.java: construtor, getters, toString(), equals(Object) | submission/src/filmnow/FilmNow.java: filmeExiste(String, String) | submission/src/filmnow/Filme.java: equals(Object) | submission/src/filmnow/MainFilmNow.java: adicionaFilme(FilmNow, Scanner) | submission/src/filmnow/FilmNow.java: getFilme(int) | submission/src/filmnow/MainFilmNow.java: detalharFilme(FilmNow, Scanner) | submission/src/filmnow/MainFilmNow.java: mostrarFilmes(FilmNow) | submission/src/filmnow/FilmNow.java: adicionaFilmeHot(int, int) | submission/src/filmnow/FilmNow.java: exibirConteudoHot() | submission/src/filmnow/FilmNow.java: removeHot(int) | submission/src/filmnow/FilmNow.java: getHotList()",high
S42,official_sample,redacted,llm,unit_tests,Unit Tests,0,10,"Não há arquivos de teste na submissão. Assim, não há evidência de testes JUnit para Filme nem para FilmNow, apesar de o laboratório exigir testes para as classes com lógica testável.",Pacote da submissão: Test file count = 0 | Árvore de arquivos fornecida contém apenas submission/src/filmnow/*.java,high
S42,official_sample,redacted,llm,class_design,Class Design,7,10,"A submissão criou uma classe Filme real e evoluiu FilmNow para compor objetos Filme, além de manter uma classe MainFilmNow modularizada em métodos estáticos. A modelagem, porém, ainda é incompleta: parte importante da API de FilmNow não representa bem as operações exigidas, e Filme não concentra toda a representação textual esperada.","submission/src/filmnow/Filme.java | submission/src/filmnow/FilmNow.java: atributos filmes e listaHot | submission/src/filmnow/MainFilmNow.java: main(String[]), comando(String, FilmNow, Scanner) | submission/src/filmnow/LeitorFilmNow.java: processaLinhaCsvFilmes(String[], FilmNow) | submission/src/filmnow/Filme.java: toString() | submission/src/filmnow/Filme.java: equals(Object) | submission/src/filmnow/FilmNow.java: cadastraFilme(int, String, String, String) | submission/src/filmnow/MainFilmNow.java: adicionaFilme(FilmNow, Scanner) | submission/src/filmnow/MainFilmNow.java: detalharFilme(FilmNow, Scanner) | submission/src/filmnow/MainFilmNow.java: formataFilme(int, Filme)",high
S42,official_sample,redacted,llm,object_references,Object References and Composition,8,10,"O código usa objetos Filme dentro de FilmNow e cria instâncias de FilmNow, Filme e LeitorFilmNow de forma apropriada. O uso de static está concentrado no main, em auxiliares de interface e em constantes. A principal perda vem de comparações incorretas de referência em Strings, que afetam a igualdade entre filmes.","submission/src/filmnow/FilmNow.java: private Filme[] filmes; private Filme[] listaHot; | submission/src/filmnow/FilmNow.java: cadastraFilme(int, String, String, String) | submission/src/filmnow/MainFilmNow.java: main(String[]) | submission/src/filmnow/FilmNow.java: TAMANHO e tamanhoHOT | submission/src/filmnow/Filme.java: equals(Object) | submission/src/filmnow/FilmNow.java: filmeExiste(String, String)",high
S42,official_sample,redacted,llm,collections_and_arrays,Collections and Arrays,6,10,"A submissão usa arrays com capacidades compatíveis com o enunciado para a lista principal e a HotList. Entretanto, há erros relevantes de indexação, limite e contagem que comprometem o uso correto das estruturas, especialmente nas posições limite e em listas esparsas.","submission/src/filmnow/FilmNow.java: TAMANHO, tamanhoHOT, filmes, listaHot | submission/src/filmnow/FilmNow.java: constructor FilmNow() | submission/src/filmnow/FilmNow.java: getFilmes() | submission/src/filmnow/FilmNow.java: cadastraFilme(int, String, String, String) | submission/src/filmnow/FilmNow.java: getFilme(int) | submission/src/filmnow/MainFilmNow.java: formataFilme(int, Filme) | submission/src/filmnow/FilmNow.java: quantidadeFilmes | submission/src/filmnow/FilmNow.java: filmesExistentes(Filme[]) | submission/src/filmnow/FilmNow.java: adicionaFilmeHot(int, int) | submission/src/filmnow/FilmNow.java: removeHot(int) | submission/src/filmnow/FilmNow.java: getHotList()",high
S42,official_sample,redacted,llm,separation_of_concerns,Separation of Concerns,5.5,10,"Há separação inicial entre interface, sistema e entidade Filme, mas as responsabilidades ainda estão misturadas. A interface contém regras de negócio e formatação que deveriam estar em FilmNow/Filme, enquanto FilmNow imprime mensagens diretamente em alguns métodos da HotList.","submission/src/filmnow/MainFilmNow.java | submission/src/filmnow/FilmNow.java | submission/src/filmnow/Filme.java | submission/src/filmnow/FilmNow.java: adicionaFilmeHot(int, int) | submission/src/filmnow/FilmNow.java: removeHot(int) | submission/src/filmnow/MainFilmNow.java: adicionaFilme(FilmNow, Scanner) | submission/src/filmnow/MainFilmNow.java: detalharFilme(FilmNow, Scanner) | submission/src/filmnow/MainFilmNow.java: mostrarFilmes(FilmNow) | submission/src/filmnow/Filme.java: toString() | submission/src/filmnow/MainFilmNow.java: formataFilme(int, Filme)",high
S42,official_sample,redacted,llm,readability_and_documentation,Readability and Documentation,7,10,"O código é em geral legível, com nomes compreensíveis e Javadocs em várias classes e métodos. A perda ocorre por documentação incompleta ou imprecisa, inconsistências de estilo e alguns trechos que reduzem a clareza da manutenção.","submission/src/filmnow/Filme.java | submission/src/filmnow/FilmNow.java | submission/src/filmnow/MainFilmNow.java | submission/src/filmnow/LeitorFilmNow.java | submission/src/filmnow/Filme.java: getNome(), getAno(), getLocal(), toString(), equals(Object) | submission/src/filmnow/LeitorFilmNow.java: carregaContatos(String, FilmNow) | submission/src/filmnow/FilmNow.java: tamanhoHOT | submission/src/filmnow/MainFilmNow.java: mensagens de menu e comandos | submission/src/filmnow/MainFilmNow.java: detalharFilme(FilmNow, Scanner) | submission/src/filmnow/MainFilmNow.java: adicionaFilme(FilmNow, Scanner)",high
S43,official_sample,redacted,llm,basic_functionality,Basic Functionality,4,10,"A submissão implementa parcialmente cadastro e detalhamento de filmes, mas a listagem está praticamente quebrada para qualquer lista com posições vazias e a HotList não foi implementada. A adição tem validações importantes, porém a detecção de duplicidade depende de um equals incorreto para String de ano.","submission/src/filmnow/FilmNow.java: método adicionarFilme(int, String, String, String) | submission/src/filmnow/FilmNow.java: método detalhesFilme(int) | submission/src/filmnow/FIlme.java: método equals(Object) | submission/src/filmnow/FilmNow.java: laço de duplicidade em adicionarFilme | submission/src/filmnow/FilmNow.java: método listarFilmes() | submission/src/filmnow/FilmNow.java: ausência de atributos e métodos de HotList | submission/src/filmnow/MainFilmNow.java: menu contém apenas adicionar, listar, detalhar e sair",medium
S43,official_sample,redacted,llm,unit_tests,Unit Tests,0,10,"Não há arquivos de teste JUnit submetidos. Portanto, não há evidência de testes para Filme, FilmNow, casos limite, duplicidade, listagem, detalhamento ou HotList.",Pacote submetido: Test file count = 0 | Árvore de arquivos: apenas arquivos em submission/src/filmnow,medium
S43,official_sample,redacted,llm,class_design,Class Design,7.5,10,"Há modelagem central com Filme e FilmNow, e FilmNow compõe um array de Filme, o que demonstra entendimento básico do desenho esperado. As perdas principais vêm da ausência de modelagem da HotList e da interface principal concentrar todo o fluxo em um main monolítico.",submission/src/filmnow/FIlme.java: classe Filme | submission/src/filmnow/FilmNow.java: atributo private Filme[] listaFilmes | submission/src/filmnow/FilmNow.java: criação de new Filme em adicionarFilme | submission/src/filmfilmnow/MainFilmNow.java: classe MainFilmNow | submission/src/filmnow/FilmNow.java: ausência de estrutura de HotList | submission/src/filmnow/MainFilmNow.java: método main,medium
S43,official_sample,redacted,llm,object_references,Object References and Composition,8.5,10,A solução usa objetos de forma geral adequada: FilmNow armazena referências para Filme e cria instâncias conforme o cadastro. A principal falha conceitual em referências é a comparação de String por identidade no equals.,"submission/src/filmnow/FilmNow.java: atributo private static final int MAX_FILMES | submission/src/filmnow/FilmNow.java: atributo private Filme[] listaFilmes | submission/src/filmnow/FilmNow.java: new Filme(nome, anoLancamento, local) | submission/src/filmnow/MainFilmNow.java: new FilmNow() | submission/src/filmnow/FIlme.java: método equals(Object)",medium
S43,official_sample,redacted,llm,collections_and_arrays,Collections and Arrays,6.5,10,"A estrutura principal Filme[100] respeita o limite de 100 filmes e usa corretamente posições externas de 1 a 100 com índice interno posicao - 1. Porém, o uso da estrutura falha na iteração sobre posições vazias e não existe estrutura para a HotList limitada a 10 posições.",submission/src/filmnow/FilmNow.java: private static final int MAX_FILMES = 100 | submission/src/filmnow//FilmNow.java: private Filme[] listaFilmes | submission/src/filmnow/FilmNow.java: listaFilmes[posicao - 1] em adicionarFilme | submission/src/filmnow/FilmNow.java: listaFilmes[posicao - 1] em detalhesFilme | submission/src/filmnow/FilmNow.java: ausência de atributo de HotList | submission/src/filmnow/FilmNow.java: método listarFilmes(),medium
S43,official_sample,redacted,llm,separation_of_concerns,Separation of Concerns,7,10,"A submissão separa razoavelmente a entrada/saída em MainFilmNow e a lógica principal em FilmNow, sem imprimir diretamente dentro das classes de domínio principais. Ainda assim, Filme não fornece uma exibição reutilizável correta, a formatação de listagem fica concentrada em FilmNow e não há separação para responsabilidades de HotList.","submission/src/filmnow/MainFilmNow.java: método main com Scanner e System.out | submission/src/filmnow/FilmNow.java: métodos adicionarFilme, listarFilmes e detalhesFilme | submission/src/filmnow/FIlme.java: atributos e getters de Filme | submission/src/filmnow/FIlme.java: método toString() | submission/src/filmnow/FilmNow.java: método listarFilmes() | submission/src/filmnow/FilmNow.java: ausência de métodos de HotList | submission/src/filmnow/MainFilmNow.java: ausência de opções de HotList | submission/src/filmnow/MainFilmNow.java: método main",medium
S43,official_sample,redacted,llm,readability_and_documentation,Readability and Documentation,7,10,O código tem nomes em geral compreensíveis e há Javadocs em classes e métodos públicos. As perdas vêm de um problema potencialmente grave de nomenclatura de arquivo/classe e de documentação/comentários genéricos que nem sempre descrevem o comportamento real ou seus casos especiais.,"submission/src/filmnow/FIlme.java | submission/src/filmnow/FilmNow.java | submission/src/filmnow/MainFilmNow.java | submission/src/filmnow/LeitorFilmNow.java | submission/src/filmnow/FIlme.java: declaração public class Filme | submission/src/filmnow/FilmNow.java: Javadocs de adicionarFilme, listarFilmes e detalhesFilme",medium
S44,official_sample,redacted,llm,basic_functionality,Basic Functionality,5.5,10,"A submissão implementa parte do fluxo funcional: é possível criar objetos Filme, armazená-los em posições válidas, recuperar filmes, percorrer a lista e manter uma HotList básica. Entretanto, várias regras centrais da especificação não foram implementadas ou ficam apenas parcialmente atendidas, especialmente validação de cadastro, mensagens/retornos esperados, exibição resumida/detalhada e casos de erro da HotList.","submission/src/filmnow/FilmNow.java: método `cadastraFilme(int posicao, Filme filme)` | submission/src/filmnow/FilmNow.java: método `getFilme(int posicao)` | submission/src/filmnow/MainFilmNow.java: métodos `mostrarFilmes`, `detalharFilme`, `adicionarHot`, `removerHot`, `exibirHotList` | submission/src/filmnow/FilmNow.java: métodos `adicionarHot`, `removerHot`, `getHotList` | submission/src/filmnow/Filme.java: método `equals(Object obj)` existe, mas não é usado no cadastro para impedir duplicidade | submission/src/filmnow/MainFilmNow.java: método `mostrarFilmes` | submission/src/filmnow/MainFilmNow.java: método `detalharFilme` | submission/src/filmnow/FilmNow.java: ausência de métodos de listagem/detalhamento com retorno textual | submission/src/filmnow/FilmNow.java: método `adicionarHot(int posicao, Filme filme)` | submission/src/filmnow/FilmNow.java: método `removerHot(int posicao)` | submission/src/filmnow/MainFilmNow.java: métodos `exibirHotList`, `adicionarHot`, `removerHot`",high
S44,official_sample,redacted,llm,unit_tests,Unit Tests,0,10,"Não há arquivos de teste na submissão. Assim, não há evidência de testes JUnit para `Filme` ou `FilmNow`, nem de cobertura dos casos normais, limites e HotList exigidos pelo roteiro.",Pacote informado: `Test file count: 0` | Árvore de submissão contém apenas arquivos em `submission/src/filmnow`,high
S44,official_sample,redacted,llm,class_design,Class Design,8,10,"A solução demonstra a modelagem central esperada: há uma classe `Filme`, uma classe `FilmNow` com composição por arrays de filmes e uma classe principal modularizada. A perda decorre de a modelagem ainda ser incompleta para o domínio, especialmente porque `Filme` não define suas representações textuais e `FilmNow` não concentra adequadamente as operações de alto nível do sistema.","submission/src/filmnow/Filme.java: declaração da classe e atributos `nome`, `ano`, `local`, `isHot` | submission/src/filmnow/FilmNow.java: atributos `Filme[] filmes` e `Filme[] hotList` | submission/src/filmnow/MainFilmNow.java: métodos `menu`, `comando`, `adicionaFilme`, `mostrarFilmes`, `detalharFilme` | submission/src/filmnow/LeitorFilmNow.java: método `processaLinhaCsvFilmes` | submission/src/filmnow/Filme.java: ausência de `toString` ou métodos de detalhamento/listagem | submission/src/filmnow/FilmNow.java: métodos disponíveis limitados a cadastro simples, getters e HotList parcial | submission/src/filmnow/MainFilmNow.java: métodos `mostrarFilmes` e `detalharFilme` montam diretamente a saída",high
S44,official_sample,redacted,llm,object_references,Object References and Composition,9,10,"O código usa referências de objetos de forma majoritariamente adequada: `FilmNow` mantém arrays de `Filme`, a HotList guarda referências aos mesmos objetos e não há uso indevido de estado estático fora de constantes e métodos da classe principal. Há uma pequena inconsistência no controle do estado hot, pois o booleano no objeto pode ficar desalinhado da lista de referências.","submission/src/filmnow/FilmNow.java: atributos `private Filme[] filmes` e `private Filme[] hotList` | submission/src/filmnow/MainFilmNow.java: criação de `FilmNow fn = new FilmNow()` e criação de `Filme` em `adicionaFilme` | submission/src/filmnow/LeitorFilmNow.java: criação de `Filme` no método `processaLinhaCsvFilmes` | submission/src/filmnow/Filme.java: métodos `isHot` e `setHot` | submission/src/filmnow/FilmNow.java: método `adicionarHot(int posicao, Filme filme)` | submission/src/filmnow/Filme.java: atributo `private boolean isHot`",high
S44,official_sample,redacted,llm,collections_and_arrays,Collections and Arrays,10,10,"A submissão usa arrays adequados para as duas estruturas centrais do laboratório: 100 posições para filmes e 10 posições para a HotList. A conversão entre posições de usuário e índices internos é feita com `posicao - 1`, sem ignorar o índice zero internamente, e há retorno de cópias dos arrays nos getters.","submission/src/filmnow/FilmNow.java: constante `TAMANHO = 100` e atributo `private Filme[] filmes` | submission/src/filmnow/FilmNow.java: atributo `private Filme[] hotList = new Filme[10]` | submission/src/filmnow/FilmNow.java: métodos `getFilme`, `cadastraFilme`, `getFilmes`, `getHotList`",high
S44,official_sample,redacted,llm,separation_of_concerns,Separation of Concerns,4.5,10,"Há alguma separação estrutural entre interface, gerenciador e entidade, mas as responsabilidades não estão bem distribuídas. A interface cria e formata diretamente filmes, `FilmNow` imprime mensagens de console em operação de domínio, e `Filme` não assume a responsabilidade de sua representação textual.","submission/src/filmnow/MainFilmNow.java: métodos de menu e comandos | submission/src/filmnow/FilmNow.java: métodos de cadastro e HotList | submission/src/filmnow/Filme.java: atributos, getters e `equals` | submission/src/filmnow/Filme.java: ausência de `toString` ou métodos de exibição | submission/src/filmnow/MainFilmNow.java: métodos `mostrarFilmes`, `detalharFilme`, `exibirHotList` | submission/src/filmnow/FilmNow.java: método `adicionarHot` contém `System.out.println` | submission/src/filmnow/MainFilmNow.java: método `adicionaFilme` cria `new Filme` e decide mensagem | submission/src/filmnow/FilmNow.java: método `cadastraFilme(int posicao, Filme filme)` apenas insere o objeto recebido",high
S44,official_sample,redacted,llm,readability_and_documentation,Readability and Documentation,5,10,"O código é legível em termos de nomes e estrutura geral, mas a documentação exigida em Javadoc está ausente nas classes centrais `Filme` e `FilmNow`, e muitos comentários são superficiais, redundantes ou imprecisos. A organização permite leitura, mas não atende bem ao requisito de documentação clara e objetiva.",submission/src/filmnow/Filme.java | submission/src/filmnow/FilmNow.java | submission/src/filmnow/MainFilmNow.java | submission/src/filmnow/Filme.java: classe e métodos públicos sem Javadoc | submission/src/filmnow/FilmNow.java: classe e métodos públicos sem Javadoc | submission/src/filmnow/Filme.java: comentários como `// Retorna o nome do filme` e `// Define se o filme está em alta ou não` | submission/src/filmnow/FilmNow.java: comentários que repetem atribuições e retornos | submission/src/filmnow/Filme.java: comentários sobre `local` como `Local de filmagem` | submission/src/filmnow/LeitorFilmNow.java: método `carregaContatos`,high
S45,official_sample,redacted,llm,basic_functionality,Basic Functionality,8.5,10,"A implementação cobre bem cadastro, listagem, detalhamento de filmes existentes e operações centrais da HotList. As principais perdas estão em casos especificados de posição válida sem filme e em retornos de erro da HotList que não seguem a semântica exigida.",submission/src/filmnow/FilmNow.java::cadastraFilme | submission/src/filmnow/FilmNow.java::getFilmes | submission/src/filmnow/FilmNow.java::getFilme | submission/src/filmnow/FilmNow.java::adicionaHot | submission/src/filmnow/FilmNow.java::hotToString | submission/src/filmnow/FilmNow.java::deletaHot | submission/src/filmnow/MainFilmNow.java::mostrarFilmes | submission/src/filmnow/MainFilmNow.java::detalharFilme,high
S45,official_sample,redacted,llm,unit_tests,Unit Tests,5.5,10,"Há uma suíte JUnit real e vários testes independentes, especialmente para cadastro e parte da HotList. Porém, a classe de filme é testada quase só por igualdade, e faltam testes importantes de listagem, detalhamento bem-sucedido e estados completos da HotList.",submission/testes/filmnow/FilmeTest.java | submission/testes/filmnow/FilmNowTest.java::testCadastraFilme0 a testCadastraFilme12 | submission/testes/filmnow/FilmNowTest.java::testAdicionaHot1 a testAdicionaHot7_2 | submission/testes/filmnow/FilmNowTest.java::testDeletaHot1 a testDeletaHot4 | submission/testes/filmnow/FilmNowTest.java::testGetFilme1 a testGetFilme4 | submission/testes/filmnow/FilmNowTest.java | submission/testes/filmnow/FilmNowTest.java::testHotToString1 | submission/testes/filmnow/FilmNowTest.java::testDeletaHot4,high
S45,official_sample,redacted,llm,class_design,Class Design,10,10,"A submissão cria uma classe equivalente a Filme, mantém `FilmNow` como gerenciador composto por filmes e possui uma classe de interface com `main` modularizada. A estrutura central esperada pelo laboratório está presente e funcional.",submission/src/filmnow/Filmes.java | submission/src/filmnow/FilmNow.java::FilmNow | submission/src/filmnow/MainFilmNow.java::main | submission/src/filmnow/MainFilmNow.java::comando | submission/src/filmnow/LeitorFilmNow.java::processaLinhaCsvFilmes,high
S45,official_sample,redacted,llm,object_references,Object References and Composition,10,10,"O código demonstra uso adequado de referências de objetos: `FilmNow` cria e armazena objetos `Filmes`, a HotList referencia filmes existentes e não há estado de domínio estático indevido.",submission/src/filmnow/FilmNow.java::cadastraFilme | submission/src/filmnow/FilmNow.java::adicionaHot | submission/src/filmnow/FilmNow.java::ehHot | submission/src/filmnow/MainFilmNow.java::main | submission/src/filmnow/LeitorFilmNow.java::carregaContatos,high
S45,official_sample,redacted,llm,collections_and_arrays,Collections and Arrays,10,10,"As estruturas de armazenamento atendem diretamente às restrições do laboratório: 100 filmes no sistema e 10 posições na HotList, com conversão correta das posições públicas 1-based para índices internos 0-based.",submission/src/filmnow/FilmNow.java::TAMANHO | submission/src/filmnow/FilmNow.java::FilmNow | submission/src/filmnow/FilmNow.java::ehPosicaoValida | submission/src/filmnow/FilmNow.java::ehPosicaoHotValida | submission/src/filmnow/FilmNow.java::cadastraFilme | submission/src/filmnow/FilmNow.java::adicionaHot,high
S45,official_sample,redacted,llm,separation_of_concerns,Separation of Concerns,8,10,"A separação geral entre interface, gerenciador e entidade está bem encaminhada: o `Main` lida com entrada/saída e `FilmNow` gerencia as regras. A principal fragilidade é que a entidade de filme não assume a responsabilidade de formatar suas próprias representações, que ficam espalhadas entre `FilmNow` e `MainFilmNow`.",submission/src/filmnow/MainFilmNow.java::menu | submission/src/filmnow/MainFilmNow.java::comando | submission/src/filmnow/FilmNow.java::cadastraFilme | submission/src/filmnow/FilmNow.java::getFilme | submission/src/filmnow/FilmNow.java::hotToString | submission/src/filmnow/Filmes.java::detalhesString | submission/src/filmnow/MainFilmNow.java::formataFilme | submission/src/filmnow/Filmes.java,high
S45,official_sample,redacted,llm,readability_and_documentation,Readability and Documentation,8,10,"O código é compreensível, usa nomes majoritariamente claros e contém Javadocs em boa parte das classes e métodos. Há perdas por documentação incompleta ou superficial em alguns pontos e por inconsistências de nomes/termos que reduzem a clareza.",submission/src/filmnow/Filmes.java | submission/src/filmnow/FilmNow.java | submission/src/filmnow/MainFilmNow.java | submission/src/filmnow/LeitorFilmNow.java | submission/src/filmnow/MainFilmNow.java::atribuiHot | submission/src/filmnow/MainFilmNow.java::exibeHot | submission/src/filmnow/MainFilmNow.java::removeHot | submission/src/filmnow/FilmNow.java::getFilme | submission/src/filmnow/FilmNow.java::hotToString | submission/src/filmnow/LeitorFilmNow.java::carregaContatos | submission/src/filmnow/FilmNow.java::ehPosicaoHotValida | submission/src/filmnow/FilmNow.java::ehAnoValido,high
S46,official_sample,redacted,llm,basic_functionality,Basic Functionality,6.5,10,"A submissão implementa o fluxo central de cadastro, listagem, detalhamento válido e operações básicas de HotList, mas há falhas funcionais relevantes em casos de borda exigidos pelo enunciado, especialmente posições limite, posições vazias/inválidas e ano vazio.","submission/src/filmnow/FilmNow.java: cadastraFilme(int,String,int,String) | submission/src/filmnow/FilmNow.java: mostrarFilmes() | submission/src/filmnow/FilmNow.java: detalharFilme(int) | submission/src/filmnow/FilmNow.java: atribuirHotFilme(int,int), removerHotFilme(int), exibirHotList() | submission/src/filmnow/Filme.java: equals(Object), toString(), nomeAno() | submission/src/filmnow/MainFilmNow.java: adicionaFilme(FilmNow,Scanner) | submission/src/filmnow/FilmNow.java: getFilme(int) | submission/src/filmnow/FilmNow.java: existeFilme(Filme,Filme[]) | submission/src/filmnow/FilmNow.java: atribuirHotFilme(int,int) | submission/src/filmnow/FilmNow.java: removerHotFilme(int) | submission/src/filmnow/FilmNow.java: exibirHotList() | submission/src/filmnow/FilmNow.java: formataFilme(int,Filme)",high
S46,official_sample,redacted,llm,unit_tests,Unit Tests,6.0,10,"Há testes reais em JUnit para Filme e FilmNow, cobrindo alguns caminhos normais e parte dos erros. Contudo, a cobertura deixa de exercitar vários casos limite explicitamente pedidos e alguns testes são fracos por reproduzirem a implementação em vez de verificar propriedades esperadas independentes.","submission/testes/FilmeTest.java | submission/testes/FilmNowTest.java: addFilme() | submission/testes/FilmNowTest.java: detalharFilme(), MostrarFilmes() | submission/testes/FilmNowTest.java: AdicionarHostList(), ExibirHostList(), RemoverHostList() | submission/testes/FilmeTest.java: testNomeAno() | submission/testes/FilmeTest.java: testEquals() | submission/testes/FilmeTest.java: testToString() | submission/testes/FilmNowTest.java: detalharFilme() | submission/testes/FilmNowTest.java: MostrarFilmes() | submission/testes/FilmNowTest.java: AdicionarHostList() | submission/testes/FilmNowTest.java: ExibirHostList() | submission/testes/FilmNowTest.java: RemoverHostList()",high
S46,official_sample,redacted,llm,class_design,Class Design,9.0,10,"A solução cria uma classe Filme efetiva, usa FilmNow como gerenciador composto por filmes e mantém uma classe MainFilmNow modularizada. A modelagem central esperada pelo laboratório está presente, com pequena perda por encapsulamento fraco na entidade Filme.","submission/src/filmnow/Filme.java | submission/src/filmnow/FilmNow.java: atributos filmes e hotFilmes | submission/src/filmnow/MainFilmNow.java: main(String[]), menu(Scanner), comando(String,FilmNow,Scanner) | submission/src/filmnow/Filme.java: atributos nome, ano, local | submission/src/filmnow/Filme.java: setNome(String), setAno(int), setLocal(String)",high
S46,official_sample,redacted,llm,object_references,Object References and Composition,8.5,10,A composição principal está correta: FilmNow armazena referências para objetos Filme e cria objetos Filme no cadastro. A perda vem de exposição direta das estruturas internas e de um pequeno uso de static fora de main/constantes.,"submission/src/filmnow/FilmNow.java: cadastraFilme(int,String,int,String) | submission/src/filmnow/FilmNow.java: atribuirHotFilme(int,int) | submission/src/filmnow/MainFilmNow.java: main(String[]) | submission/src/filmnow/MainFilmNow.java: carregaFilmes(String,FilmNow) | submission/src/filmnow/FilmNow.java: getFilmes() | submission/src/filmnow/FilmNow.java: getHotFilmes() | submission/src/filmnow/FilmNow.java: formataFilme(int,Filme)",high
S46,official_sample,redacted,llm,collections_and_arrays,Collections and Arrays,7.0,10,"A submissão escolhe arrays com os tamanhos máximos exigidos e os usa para lista principal e HotList. Porém, a conversão entre posições do usuário e índices do array está incorreta, causando problemas nos limites superiores e ignorando o índice 0.","submission/src/filmnow/FilmNow.java: TAMANHO, TAMANHO_HOT | submission/src/filmnow/FilmNow.java: filmes, hotFilmes | submission/src/filmnow/FilmNow.java: mostrarFilmes() | submission/src/filmnow/FilmNow.java: exibirHotList() | submission/src/filmnow/FilmNow.java: cadastraFilme(int,String,int,String) | submission/src/filmnow/FilmNow.java: atribuirHotFilme(int,int) | submission/src/filmnow/FilmNow.java: removerHotFilme(int) | submission/src/filmnow/FilmNow.java: getFilme(int) | submission/src/filmnow/FilmNow.java: detalharFilme(int)",high
S46,official_sample,redacted,llm,separation_of_concerns,Separation of Concerns,8.5,10,"A separação geral é boa: MainFilmNow concentra entrada/saída, FilmNow gerencia o sistema e Filme representa o objeto de domínio. A principal perda é que parte da formatação resumida dos filmes fica em FilmNow em vez de estar na própria classe Filme.","submission/src/filmnow/MainFilmNow.java: adicionaFilme(FilmNow,Scanner), mostrarFilmes(FilmNow), detalharFilme(FilmNow,Scanner) | submission/src/filmnow/FilmNow.java: cadastraFilme, mostrarFilmes, detalharFilme, atribuirHotFilme | submission/src/filmnow/Filme.java: toString(), equals(Object) | submission/src/filmnow/FilmNow.java: formataFilme(int,Filme) | submission/src/filmnow/FilmNow.java: mostrarFilmes() | submission/src/filmnow/FilmNow.java: exibirHotList() | submission/src/filmnow/Filme.java: nomeAno(), toString()",high
S46,official_sample,redacted,llm,readability_and_documentation,Readability and Documentation,7.0,10,"O código é compreensível, usa nomes em geral adequados e possui Javadocs em várias classes e métodos. A nota é reduzida por documentação pública incompleta e por comentários/nomes imprecisos que dificultam a leitura em alguns pontos.","submission/src/filmnow/Filme.java | submission/src/filmnow/FilmNow.java | submission/src/filmnow/MainFilmNow.java | submission/src/filmnow/Filme.java: getNome(), setNome(String), getAno(), setAno(int), getLocal(), setLocal(String), nomeAno(), equals(Object), toString() | submission/src/filmnow/FilmNow.java: atribuirHotFilme(int,int) | submission/src/filmnow/FilmNow.java: detalharFilme(int), mostrarFilmes(), exibirHotList() | submission/src/filmnow/MainFilmNow.java: detalharFilme(FilmNow,Scanner), adicionaFilme(FilmNow,Scanner)",high
S47,official_sample,redacted,llm,basic_functionality,Basic Functionality,8.5,10,"A implementação cobre bem as funcionalidades principais de cadastro, detalhamento, listagem pela interface e marcação de filmes como hot. As validações centrais de filme e posições foram implementadas. A principal perda está em inconsistências de comportamento/mensagens em casos de erro da HotList e na remoção pela interface, que afetam parte do fluxo especificado.","submission/src/filmnow/FilmNow.java: método cadastraFilme | submission/src/filmnow/FilmNow.java: método detalharFilme | submission/src/filmnow/FilmNow.java: métodos cadastraHot, removeHot, isHot, getHotList | submission/src/filmnow/MainFilmNow.java: métodos mostrarFilmes, exibeHot, atribuiHot, removeHot | submission/src/filmnow/Filme.java: métodos equals e toString | submission/src/filmnow/FilmNow.java: método cadastraHot | submission/src/filmnow/FilmNow.java: método removeHot | submission/src/filmnow/MainFilmNow.java: método removeHot",high
S47,official_sample,redacted,llm,unit_tests,Unit Tests,7,10,"Há uma suíte considerável de testes JUnit para Filme e FilmNow, cobrindo muitos casos de cadastro, limites, detalhamento e algumas operações de HotList. Ainda assim, a cobertura fica incompleta em aspectos pedidos no roteiro, principalmente listagem/mostrar todos, sobrescrita efetiva de filme, cenários mais completos de HotList e testes mais variados da classe Filme.","submission/testes/FilmNowTest.java: testes testAdicionarFilmePosicaoVazia até testAdicionarFilmeNomeVazio | submission/testes/FilmNowTest.java: testes testDetalharFilmeCompleto até testDetalharFilmeHotList | submission/testes/FilmNowTest.java: testes testCadastrarFilmeHotListPosicaoValida até testRemoverFilmeHotListPosicaoVazia | submission/testes/FilmeTest.java: testes testNomeAno, testEqualsTrue, testEqualsFalse, testToString | submission/testes/FilmeTest.java | submission/testes/FilmNowTest.java",high
S47,official_sample,redacted,llm,class_design,Class Design,9,10,"A submissão cria uma classe Filme própria, usa FilmNow como gerenciador composto por filmes e mantém uma classe MainFilmNow com métodos auxiliares. O desenho atende ao núcleo esperado do laboratório. A pequena perda ocorre porque alguns detalhes de representação, como a posição armazenada dentro de Filme e a exposição das estruturas por getters, deixam o modelo um pouco mais acoplado à organização interna da lista.","submission/src/filmnow/Filme.java | submission/src/filmnow/FilmNow.java: atributos filmes e hotList; construtor; método cadastraFilme | submission/src/filmnow/MainFilmNow.java: métodos main, menu, comando, adicionaFilme, detalharFilme, mostrarFilmes | submission/src/filmnow/LeitorFilmNow.java: método processaLinhaCsvFilmes | submission/src/filmnow/Filme.java: atributo posicao e método toString | submission/src/filmnow/FilmNow.java: métodos getFilmes e getHotList | submission/src/filmnow/MainFilmNow.java: métodos mostrarFilmes e exibeHot",high
S47,official_sample,redacted,llm,object_references,Object References and Composition,10,10,"O código demonstra corretamente a ideia de composição: FilmNow mantém referências para objetos Filme, cria novos filmes no cadastro e a HotList reutiliza referências aos filmes cadastrados. Não há uso inadequado de atributos estáticos para armazenar estado de domínio.","submission/src/filmnow/FilmNow.java: atributos TAMANHO, TAMANHO_HOTLIST, filmes e hotList | submission/src/filmnow/FilmNow.java: métodos cadastraFilme e cadastraHot | submission/src/filmnow/Filme.java",high
S47,official_sample,redacted,llm,collections_and_arrays,Collections and Arrays,9,10,"As estruturas principais respeitam os limites do enunciado: 100 filmes e 10 posições de HotList, com mapeamento correto das posições de usuário para índices internos na maior parte dos métodos. A dedução é localizada no método público getFilme, que usa convenção de índice diferente do restante da API.","submission/src/filmnow/FilmNow.java: constantes TAMANHO e TAMANHO_HOTLIST | submission/src/filmnow/FilmNow.java: construtor | submission/src/filmnow/FilmNow.java: métodos cadastraFilme, detalharFilme, cadastraHot, removeHot, getFilmes e getHotList | submission/src/filmnow/FilmNow.java: método getFilme",high
S47,official_sample,redacted,llm,separation_of_concerns,Separation of Concerns,7.5,10,"Há separação básica entre interface, gerenciador e entidade: MainFilmNow lida com entrada/saída, FilmNow concentra regras principais e Filme representa os dados do filme. Porém, parte da lógica de listagem e exibição da HotList fica na interface usando arrays expostos, e a formatação de detalhes fica no gerenciador em vez de ser delegada de forma mais clara ao Filme.","submission/src/filmnow/MainFilmNow.java: métodos menu, comando, adicionaFilme, detalharFilme, mostrarFilmes, exibeHot | submission/src/filmnow/FilmNow.java: métodos cadastraFilme, detalharFilme, cadastraHot, removeHot, isHot | submission/src/filmnow/Filme.java: métodos toString, nomeAno e equals | submission/src/filmnow/MainFilmNow.java: métodos mostrarFilmes e exibeHot | submission/src/filmnow/FilmNow.java: métodos getFilmes e getHotList | submission/src/filmnow/FilmNow.java: método detalharFilme | submission/src/filmnow/Filme.java: métodos toString e nomeAno",high
S47,official_sample,redacted,llm,readability_and_documentation,Readability and Documentation,6,10,"O código é relativamente simples, com nomes em geral compreensíveis e métodos curtos. Entretanto, as classes principais implementadas não possuem documentação Javadoc pública, embora o enunciado exigisse documentação adequada, o que limita bastante a pontuação neste critério.",submission/src/filmnow/Filme.java | submission/src/filmnow/FilmNow.java | submission/src/filmnow/MainFilmNow.java,high
S48,official_sample,redacted,llm,basic_functionality,Basic Functionality,1.5,10,"Há uma tentativa real de implementar cadastro, detalhamento e HotList usando objetos Filme, mas a submissão tem uma falha de compilação na integração das classes e a HotList está substancialmente fora da especificação. Mesmo ignorando a compilação, cadastro e detalhamento são apenas parcialmente corretos, e mostrar todos apresenta erro de posição.","submission/src/filmnow/FilmNow.java: cadastraFilme(int, String, String, String) | submission/src/filmnow/FilmNow.java: detalharFilme(int), cadastraHot(int), removeHot(int) | submission/src/filmnow/MainFilmNow.java: comando, mostrarFilmes, mostrarHots, adicionaHot, removeHot | submission/src/filmnow/LeitorFilmNow.java: processaLinhaCsvFilmes | submission/src/filmnow/FilmNow.java: atributo hot | submission/src/filmnow/FilmNow.java: cadastraHot(int) | submission/src/filmnow/FilmNow.java: removeHot(int) | submission/src/filmnow/MainFilmNow.java: adicionaHot, removeHot | submission/src/filmnow/Filme.java: equals(Object) | submission/src/filmnow/MainFilmNow.java: mostrarFilmes, formataFilme",medium
S48,official_sample,redacted,llm,unit_tests,Unit Tests,4,10,"Há bons indícios de testes para cadastro e detalhamento em FilmNow, incluindo vários casos limite do enunciado. Contudo, parte do conjunto de testes está desatualizada e tende a não compilar, e faltam testes relevantes para mostrar todos e para a HotList completa.","submission/testes/filmnow/FilmNowTeste.java: adicionaTeste1 a adicionaTeste10 | submission/testes/filmnow/FilmNowTeste.java: detalhaTeste1 a detalhaTeste6 | submission/testes/filmnow/FilmeTeste.java: testNomeAno, testEquals, testToString | submission/testes/FilmeTeste.java | submission/testes/FilmNowTeste.java | submission/testes/FilmeTeste.java: preparaFilmes, testEquals | submission/testes/FilmNowTeste.java: adicionaTeste | submission/src/filmnow/Filme.java: construtor Filme(String, String, String) | submission/src/filmnow/FilmNow.java: cadastraFilme(int, String, String, String) | submission/testes/filmnow/FilmNowTeste.java | submission/src/filmnow/FilmNow.java: cadastraHot(int), removeHot(int), getHots() | submission/testes/filmnow/FilmeTeste.java | submission/src/filmnow/Filme.java: equals(Object), toString(), nomeAno()",medium
S48,official_sample,redacted,llm,class_design,Class Design,7,10,"A submissão demonstra a ideia central de modelar Filme separadamente e compor FilmNow com objetos Filme, além de manter uma classe Main com métodos auxiliares. As principais perdas vêm de inconsistências de API entre classes, de uma modelagem incompleta da HotList e de encapsulamento fraco em Filme.","submission/src/filmnow/Filme.java | submission/src/filmnow/FilmNow.java: atributos filmes e hot, construtor, cadastraFilme | submission/src/filmnow/MainFilmNow.java: main, comando, adicionaFilme, mostrarFilmes, detalharFilme | submission/src/filmnow/Filme.java: construtor | submission/src/filmnow/FilmNow.java: cadastraFilme | submission/src/filmnow/LeitorFilmNow.java: processaLinhaCsvFilmes | submission/src/filmnow/FilmNow.java: atributos hot e ultimoHot | submission/src/filmnow/FilmNow.java: cadastraHot(int), removeHot(int) | submission/src/filmnow/Filme.java: atributo public boolean isHot | submission/src/filmnow/FilmNow.java: detalharFilme",medium
S48,official_sample,redacted,llm,object_references,Object References and Composition,8,10,"O código usa objetos Filme dentro de FilmNow e não abusa de static fora do main e de constantes. A principal falha conceitual de referências aparece no equals, que compara String por referência, além de expor diretamente o estado Hot.","submission/src/filmnow/FilmNow.java: construtor, cadastraFilme, getFilmes, getHots | submission/src/filmnow/MainFilmNow.java: main e métodos estáticos de interface | submission/src/filmnow/Filme.java: equals(Object), isHot | submission/src/filmnow/Filme.java: equals(Object) | submission/src/filmnow/Filme.java: public boolean isHot | submission/src/filmnow/FilmNow.java: detalharFilme(int)",medium
S48,official_sample,redacted,llm,collections_and_arrays,Collections and Arrays,6,10,"O armazenamento principal de filmes em Filme[100] com conversão de posição de usuário para índice interno está parcialmente correto. A maior perda está na estrutura da HotList, que não respeita o tamanho, a posição nem a remoção exigidos pelo enunciado.","submission/src/filmnow/FilmNow.java: TAMANHO, filmes, hot, construtor | submission/src/filmnow/FilmNow.java: cadastraFilme | submission/src/filmnow/FilmNow.java: getFilmes, getHots | submission/src/filmnow/MainFilmNow.java: mostrarFilmes, mostrarHots | submission/src/filmnow/FilmNow.java: private Filme[] hot | submission/src/filmnow/FilmNow.java: construtor | submission/src/filmnow/FilmNow.java: cadastraHot(int) | submission/src/filmnow/FilmNow.java: removeHot(int) | submission/src/filmnow/MainFilmNow.java: mostrarFilmes, formataFilme",medium
S48,official_sample,redacted,llm,separation_of_concerns,Separation of Concerns,7,10,"Há separação básica entre interface, gerenciador e entidade Filme: Main lida com entrada/saída, FilmNow cadastra e detalha, e Filme formata sua representação. Ainda assim, a interface acessa arrays crus e contém parte considerável da lógica de listagem e HotList, reduzindo a separação esperada.","submission/src/filmnow/MainFilmNow.java: menu, comando, adicionaFilme, detalharFilme | submission/src/filmnow/FilmNow.java: cadastraFilme, detalharFilme, cadastraHot, removeHot | submission/src/filmnow/Filme.java: toString, nomeAno | submission/src/filmnow/MainFilmNow.java: mostrarFilmes, mostrarHots | submission/src/filmnow/FilmNow.java: getFilmes, getHots | submission/src/filmnow/MainFilmNow.java: adicionaHot, removeHot | submission/src/filmnow/FilmNow.java: cadastraHot(int), removeHot(int)",medium
S48,official_sample,redacted,llm,readability_and_documentation,Readability and Documentation,5,10,"O código é em geral compreensível e usa nomes razoáveis, mas a documentação Javadoc é bastante incompleta nas partes novas, há sinais de API não mantida de forma consistente e alguns detalhes de estilo reduzem a clareza e a manutenibilidade.","submission/src/filmnow/Filme.java | submission/src/filmnow/FilmNow.java | submission/src/filmnow/MainFilmNow.java | submission/src/filmnow/LeitorFilmNow.java | submission/src/filmnow/FilmNow.java: getHots, cadastraHot, removeHot, temFilme | submission/src/filmnow/Filme.java: construtor | submission/src/filmnow/LeitorFilmNow.java: carregaContatos, processaLinhaCsvFilmes | submission/testes/FilmNowTeste.java | submission/testes/FilmeTeste.java | submission/src/filmnow/Filme.java: public boolean isHot, toString()",medium
S49,official_sample,redacted,llm,basic_functionality,Basic Functionality,9,10,"A implementação cobre bem o fluxo principal de adicionar, mostrar, detalhar e manipular a HotList. As três primeiras funcionalidades estão essencialmente corretas e a HotList funciona nos casos normais, mas há desvios materiais nas respostas para posições válidas sem filme em operações da HotList e falta proteção em um método público de exibição direta da HotList.",submission/src/filmnow/FilmNow.java::cadastraFilme | submission/src/filmnow/FilmNow.java::detalhaFilme | submission/src/filmnow/FilmNow.java::cadastraHotList | submission/src/filmnow/FilmNow.java::removeHotList | submission/src/filmnow/FilmNow.java::exibeFilmeHot | submission/src/filmnow/MainFilmNow.java::mostrarFilmes | submission/src/filmnow/MainFilmNow.java::exibirHotList,high
S49,official_sample,redacted,llm,unit_tests,Unit Tests,7,10,"Há uma suíte JUnit real e relativamente ampla, especialmente para cadastro, detalhamento e parte da HotList. Porém, os testes da classe Filme são parciais, a listagem/mostrar todos praticamente não é testada, o caso de sobrescrita não verifica de fato a sobrescrita, e alguns testes de HotList consolidam comportamento diferente do especificado.",submission/testes/FilmeTest.java | submission/testes/FilmNowTest.java | submission/testes/FilmeTest.java::setUp | submission/testes/FilmeTest.java::testToString | submission/testes/FilmeTest.java::testEqualsTrue | submission/testes/FilmeTest.java::testEqualsFalse | submission/testes/FilmNowTest.java::cadastraFilme2 | submission/src/filmnow/MainFilmNow.java::mostrarFilmes | submission/testes/FilmNowTest.java::cadastraHotList2 | submission/testes/FilmNowTest.java::cadastraHotList5 | submission/testes/FilmNowTest.java::removeHotList2 | submission/testes/FilmNowTest.java::exibeFilmeHot1,high
S49,official_sample,redacted,llm,class_design,Class Design,10,10,"A solução apresenta as classes centrais esperadas e modela corretamente Filme como entidade separada e FilmNow como sistema que compõe e gerencia objetos Filme. A classe principal existe e está modularizada em métodos auxiliares, ultrapassando claramente a estrutura inicial.",submission/src/filmnow/Filme.java | submission/src/filmnow/FilmNow.java | submission/src/filmnow/MainFilmNow.java | submission/src/filmnow/LeitorFilmNow.java::processaLinhaCsvFilmes,high
S49,official_sample,redacted,llm,object_references,Object References and Composition,10,10,"A implementação demonstra uso adequado de objetos e referências: FilmNow cria e armazena objetos Filme, a HotList referencia os mesmos filmes cadastrados, e não há uso problemático de estado estático para substituir objetos do domínio.",submission/src/filmnow/FilmNow.java::cadastraFilme | submission/src/filmnow/FilmNow.java::cadastraHotList | submission/src/filmnow/FilmNow.java::temFilme | submission/src/filmnow/FilmNow.java::temFilmeHt | submission/src/filmnow/Filme.java::equals | submission/src/filmnow/MainFilmNow.java,high
S49,official_sample,redacted,llm,collections_and_arrays,Collections and Arrays,10,10,As estruturas de armazenamento atendem aos limites do enunciado: 100 filmes na lista principal e 10 posições na HotList. A implementação usa índices internos de 0 a n-1 com conversão correta a partir das posições externas de 1 a 100/10.,submission/src/filmnow/FilmNow.java::TAMANHO | submission/src/filmnow/FilmNow.java::TAMANHO_HT | submission/src/filmnow/FilmNow.java::cadastraFilme | submission/src/filmnow/FilmNow.java::getFilme | submission/src/filmnow/FilmNow.java::cadastraHotList | submission/src/filmnow/Film.java,high
S49,official_sample,redacted,llm,separation_of_concerns,Separation of Concerns,8,10,"A separação geral está boa: Main cuida da interação, FilmNow gerencia cadastros e HotList, e Filme encapsula dados e igualdade. Ainda assim, parte da lógica de listagem depende de arrays expostos ao Main, e a formatação detalhada do filme fica em FilmNow usando getters em vez de ser melhor delegada ao Filme.",submission/src/filmnow/MainFilmNow.java::comando | submission/src/filmnow/MainFilmNow.java::adicionarFilme | submission/src/filmnow/MainFilmNow.java::mostrarFilmes | submission/src/filmnow/FilmNow.java::cadastraFilme | submission/src/filmnow/FilmNow.java::detalhaFilme | submission/src/filmnow/Filme.java::toString | submission/src/filmnow/Filme.java::equals | submission/src/filmnow/MainFilmNow.java::exibirHotList | submission/src/filmnow/FilmNow.java::getFilmes | submission/src/filmnow/FilmNow.java::getHotList | submission/src/filmnow/FilmNow.java::exibeFilmeHot,high
S49,official_sample,redacted,llm,readability_and_documentation,Readability and Documentation,8.5,10,"O código é legível, com nomes majoritariamente claros, organização simples e Javadocs em quase todos os métodos relevantes. As perdas são localizadas: alguns métodos públicos não têm Javadoc e há pequenas inconsistências de nomenclatura/documentação que podem confundir a leitura.",submission/src/filmnow/Filme.java | submission/src/filmnow/FilmNow.java | submission/src/filmnow/MainFilmNow.java | submission/src/filmnow/LeitorFilmNow.java | submission/src/filmnow/Filme.java::getNome | submission/src/filmnow/Filme.java::setNome | submission/src/filmnow/Filme.java::getAno | submission/src/filmnow/Filme.java::setAno | submission/src/filmnow/Filme.java::getPlataforma | submission/src/filmnow/Filme.java::setPlataforma | submission/src/filmnow/LeitorFilmNow.java::carregaContatos | submission/src/filmnow/Filme.java::class Javadoc | submission/src/filmnow/FilmNow.java::class Javadoc | submission/src/filmnow/MainFilmNow.java::class Javadoc,high
S50,official_sample,redacted,llm,basic_functionality,Basic Functionality,8,10,"A implementação cobre a maior parte do fluxo funcional: cadastro com validação de posições e duplicidade, detalhamento, listagem e operações principais da HotList. As perdas vêm de falhas localizadas, mas materialmente observáveis, sobretudo na exibição da HotList, em alguns casos-limite e na representação de filmes sem ano em certos caminhos.",submission/src/filmnow/FilmNow.java::cadastraFilme | submission/src/filmnow/FilmNow.java::verificaFilmeExistente | submission/src/filmnow/FilmNow.java::detalhaFilme | submission/src/filmnow/FilmNow.java::adicionaHot | submission/src/filmnow/FilmNow.java::removeHot | submission/src/filmnow/Filme.java::equals | submission/src/filmnow/Filme.java::toString | submission/src/filmnow/FilmNow.java::exibeFilmes | submission/src/filmnow/Filme.java::nomeAno | submission/testes/testes/FilmNowTest.java::testDetalharFilmeHotListSemAno | submission/src/filmnow/FilmNow.java::exibirListaHot | submission/src/filmnow/FilmNow.java::verificaFilmeHot,high
S50,official_sample,redacted,llm,unit_tests,Unit Tests,8,10,"Há uma suíte ampla de testes de FilmNow e alguns testes relevantes de Filme, incluindo vários casos-limite de cadastro, detalhamento e HotList. A cobertura ainda deixa passar falhas importantes da própria implementação, principalmente na exibição não vazia da HotList, em posições vazias da HotList e em casos específicos de Filme.",submission/testes/testes/FilmNowTest.java | submission/testes/testes//FilmeTest.java | submission/testes/testes/FilmeTest.java | submission/testes/testes/FilmNowTest.java::testExibeListaHotSemFilmes | submission/src/filmnow/FilmNow.java::exibirListaHot | submission/src/filmnow/FilmNow.java::exibeFilmes,high
S50,official_sample,redacted,llm,class_design,Class Design,9.5,10,"A solução modela adequadamente Filme, FilmNow e a interface principal, com composição de FilmNow por objetos Filme. A perda é pequena e se deve à modelagem pouco flexível de representações textuais e do estado hot dentro de Filme.",submission/src/filmnow/Filme.java | submission/src/filmnow/FilmNow.java | submission/src/filmnow/MainFilmNow.java | submission/src/filmnow/LeitorFilmNow.java::processaLinhaCsvFilmes | submission/src/filmnow/Filme.java::toString | submission/src/filmnow/Filme.java::setHot | submission/src/filmnow/FilmNow.java::exibirListaHot,high
S50,official_sample,redacted,llm,object_references,Object References and Composition,10,10,"A submissão demonstra uso adequado de referências e composição: FilmNow armazena referências para objetos Filme, cria novos objetos no cadastro e manipula essas referências na HotList. Não há uso indevido relevante de static nas classes de domínio.",submission/src/filmnow/FilmNow.java::filmes | submission/src/filmnow/FilmNow.java::filmesHot | submission/src/filmnow/FilmNow.java::cadastraFilme | submission/src/filmnow/FilmNow.java::adicionaHot | submission/src/filmnow/MainFilmNow.java,high
S50,official_sample,redacted,llm,collections_and_arrays,Collections and Arrays,9.5,10,"A estrutura de dados principal atende ao laboratório: array de 100 filmes e HotList com 10 posições, com mapeamento adequado entre posições de usuário e índices internos. Há apenas um erro localizado de limite na varredura da lista principal.",submission/src/filmnow/FilmNow.java::FilmNow | submission/src/filmnow/FilmNow.java::verificaPosicao | submission/src/filmnow/FilmNow.java::verificaPosicaoHot | submission/src/filmnow/FilmNow.java::getFilme | submission/src/filmnow/FilmNow.java::getFilmeHot | submission/src/filmnow/FilmNow.java::exibeFilmes,high
S50,official_sample,redacted,llm,separation_of_concerns,Separation of Concerns,9,10,"A separação geral está boa: MainFilmNow concentra entrada e saída, FilmNow gerencia o sistema e Filme representa a entidade. A principal limitação é que a exibição resumida de filmes para listagem não foi bem delegada para Filme, o que reduz a clareza das responsabilidades de apresentação da entidade.",submission/src/filmnow/MainFilmNow.java::comando | submission/src/filmnow/MainFilmNow.java::adicionaFilme | submission/src/filmnow/FilmNow.java | submission/src/filmnow/Filme.java | submission/src/filmnow/LeitorFilmNow.java::processaLinhaCsvFilmes | submission/src/filmnow/FilmNow.java::exibeFilmes | submission/src/filmnow/Filme.java::nomeAno | submission/src/filmnow/Filme.java::toString,high
S50,official_sample,redacted,llm,readability_and_documentation,Readability and Documentation,8,10,"O código é legível, usa nomes compreensíveis e possui Javadocs em boa parte das classes e métodos públicos principais. As perdas decorrem de documentação incompleta em métodos públicos e de alguns padrões de implementação frágeis que reduzem clareza e robustez.",submission/src/filmnow/Filme.java | submission/src/filmnow/FilmNow.java | submission/src/filmnow/MainFilmNow.java | submission/src/filmnow/LeitorFilmNow.java | submission/src/filmnow/Filme.java::getNome | submission/src/filmnow/Filme.java::getAnoLancamento | submission/src/filmnow/Filme.java::getLocal | submission/src/filmnow/Filme.java::setHot | submission/src/filmnow/Filme.java::isHot | submission/src/filmnow/Filme.java::nomeAno | submission/src/filmnow/FilmNow.java::verificaFilmeExistente | submission/src/filmnow/FilmNow.java::exibeFilmes | submission/src/filmnow/FilmNow.java::exibirListaHot,high
S51,official_sample,redacted,llm,basic_functionality,Basic Functionality,7,10,"A solução implementa o fluxo principal de cadastro, listagem, detalhamento e parte da HotList. O cadastro e a listagem funcionam nos casos comuns, e o detalhamento usa a representação de Filme. As perdas vêm principalmente de validações frágeis com String, formatação incorreta para filme sem ano e falhas relevantes de validação/consistência na HotList.",submission/src/filmnow/FilmNow.java::cadastraFilme | submission/src/filmnow/FilmNow.java::getFilmesEmString | submission/src/filmnow/FilmNow.java::getFilmeDetalhado | submission/src/filmnow/FilmNow.java::setFilmeHotlist | submission/src/filmnow/FilmNow.java::removeFilmeHotList | submission/src/filmnow/FilmNow.java::toStringHotList | submission/src/filmnow/Filme.java::toString | submission/src/filmnow/Filme.java::equals | submission/srcTeste/testes/FilmNowTeste.java::testeDetalhaFilmeSemAno,high
S51,official_sample,redacted,llm,unit_tests,Unit Tests,7,10,"Há uma suíte JUnit razoável para Filme e FilmNow, com vários testes independentes para cadastro, detalhamento e HotList. Ainda faltam casos centrais do enunciado, especialmente equals de Filme, listagem completa e alguns limites/erros da HotList; além disso, alguns testes validam mensagens ou formatos diferentes dos especificados.",submission/srcTeste/testes/FilmeTeste.java | submission/srcTeste/testes/FilmNowTeste.java | submission/src/filmnow/Filme.java::equals | submission/srcTeste/testes/FilmNowTeste.java::cadastrarFilme | submission/srcTeste/testes/FilmNowTeste.java::cadastrarFilmeDuplicado | submission/src/filmnow/FilmNow.java::getFilmesEmString | submission/src/filmnow/FilmNow.java::setFilmeHotlist | submission/src/filmnow/FilmNow.java::removeFilmeHotList,high
S51,official_sample,redacted,llm,class_design,Class Design,9,10,"A submissão cria uma classe Filme com atributos próprios, uma classe FilmNow que compõe arrays de Filme e uma classe MainFilmNow modularizada para a interface. A modelagem central esperada está presente. A principal perda é localizada na implementação de igualdade de Filme, que não modela corretamente igualdade por valor para todos os atributos relevantes.",submission/src/filmnow/Filme.java | submission/src/filmnow/FilmNow.java | submission/src/filmnow/MainFilmNow.java | submission/src/filmnow/LeitorFilmNow.java::processaLinhaCsvFilmes | submission/src/filmnow/Filme.java::equals,high
S51,official_sample,redacted,llm,object_references,Object References and Composition,8.5,10,"O código demonstra composição real: FilmNow cria e armazena objetos Filme, e a HotList referencia os mesmos objetos, permitindo que o detalhamento reflita o estado hot. Há bom uso geral de objetos e ausência de estado estático indevido nas classes de domínio. As perdas vêm de confusão localizada entre igualdade de referência e igualdade de conteúdo, além de efeitos colaterais de aliasing na HotList.",submission/src/filmnow/FilmNow.java::cadastraFilme | submission/src/filmnow/FilmNow.java::setFilmeHotlist | submission/src/filmnow/Filme.java | submission/src/filmnow/MainFilmNow.java::main | submission/src/filmnow/Filme.java::equals,high
S51,official_sample,redacted,llm,collections_and_arrays,Collections and Arrays,8,10,"A estrutura principal respeita bem o enunciado: há um array de 100 filmes e um array de 10 posições para a HotList, usando posições externas de 1 a N convertidas para índices internos. A perda ocorre porque a HotList não valida limites e posições vazias de forma segura antes de acessar o array.",submission/src/filmnow/FilmNow.java::FilmNow | submission/src/filmnow/FilmNow.java::cadastraFilme | submission/src/filmnow/FilmNow.java::setFilmeHotlist | submission/src/filmnow/FilmNow.java::removeFilmeHotList,high
S51,official_sample,redacted,llm,separation_of_concerns,Separation of Concerns,8.5,10,"A divisão geral é boa para o nível do laboratório: MainFilmNow concentra entrada e saída, FilmNow gerencia os filmes e Filme encapsula dados e representação detalhada. As perdas são pequenas a moderadas porque parte da formatação de exibição de filmes fica em FilmNow e o marcador visual da HotList é armazenado diretamente no objeto Filme.",submission/src/filmnow/MainFilmNow.java | submission/src/filmnow/FilmNow.java | submission/src/filmnow/Filme.java::toString | submission/src/filmnow/FilmNow.java::getFilmesEmString | submission/src/filmnow/FilmNow.java::toStringHotList | submission/src/filmnow/Filme.java | submission/src/filmnow/Filme.java::hot | submission/src/filmnow/Filme.java::setHot | submission/src/filmnow/FilmNow.java::setFilmeHotlist,high
S51,official_sample,redacted,llm,readability_and_documentation,Readability and Documentation,7.5,10,"O código é compreensível, usa nomes em geral relacionados ao domínio e possui Javadocs em várias classes e métodos. A documentação, porém, é frequentemente superficial ou imprecisa, há inconsistências de estilo e algumas duplicações/organização simples que reduzem a clareza.",submission/src/filmnow/Filme.java | submission/src/filmnow/FilmNow.java | submission/src/filmnow/MainFilmNow.java | submission/src/filmnow/LeitorFilmNow.java | submission/src/filmnow/MainFilmNow.java::detalharFilme | submission/srcTeste/testes/FilmeTeste.java | submission/src/filmnow/FilmNow.java::cadastraFilme | submission/src/filmnow/FilmNow.java::setFilmeHotlist | submission/src/filmnow/MainFilmNow.java::exibirHotList | submission/src/filmnow/FilmNow.java::tamanhoFilmes | submission/src/filmnow/FilmNow.java::tamanhoHotList,high
S52,official_sample,redacted,llm,basic_functionality,Basic Functionality,5.5,10,"A submissão implementa parte relevante do fluxo: cadastro de filmes com validações principais, detalhamento de filmes cadastrados e operações básicas de HotList. Contudo, a listagem geral fica quebrada por um acesso indevido em getFilmes, o detalhamento não respeita casos de posição vazia/inválida conforme a especificação, e a HotList tem lacunas em mensagens, remoção inválida e formato de exibição.",submission/src/filmnow/FilmNow.java:cadastraFilme | submission/src/filmnow/Filme.java:toString | submission/src/filmnow/Filme.java:equals | submission/src/filmnow/FilmNow.java:cadastraHot | submission/src/filmnow/FilmNow.java:removeHot | submission/src/filmnow/MainFilmNow.java:mostrarFilmes | submission/src/filmnow/MainFilmNow.java:exibirHotList | submission/src/filmnow/FilmNow.java:getFilmes | submission/src/filmnow/FilmNow.java:getFilme | submission/testes/filmnow/FilmNowTest.java:testDetalharFilmePosicaoSemFilme,high
S52,official_sample,redacted,llm,unit_tests,Unit Tests,6.0,10,"Há uma suíte JUnit real e relativamente extensa para FilmNow, principalmente para cadastro, limites, duplicidade, detalhamento e parte da HotList. Ainda assim, os testes de Filme são incompletos, não há cobertura efetiva da listagem geral, e alguns testes consolidam comportamentos divergentes da especificação em vez de detectar os defeitos.",submission/testes/filmnow/FilmNowTest.java | submission/testes/filmnow/FilmeTest.java | submission/testes/filmnow/FilmNowTest.java:testDetalharFilme | submission/testes/filmnow/FilmNowTest.java:testDetalharFilmePosicaoSemFilme | submission/src/filmnow/FilmNow.java:getFilmes | submission/testes/filmnow/FilmNowTest.java:testAdicionarFilmeHotList | submission/testes/filmnow/FilmNowTest.java:testRemoveHot | submission/src/filmnow/MainFilmNow.java:exibirHotList,high
S52,official_sample,redacted,llm,class_design,Class Design,10,10,A submissão apresenta as classes centrais esperadas e modela adequadamente Filme como entidade separada de FilmNow. FilmNow compõe arrays de Filme e há uma classe de interface com usuário modularizada por métodos auxiliares.,submission/src/filmnow/Filme.java | submission/src/filmnow/FilmNow.java | submission/src/filmnow/MainFilmNow.java | submission/src/filmnow/LeitorFilmNow.java:processaLinhaCsvFilmes,high
S52,official_sample,redacted,llm,object_references,Object References and Composition,10,10,"O código demonstra uso adequado de referências de objetos: FilmNow cria objetos Filme, armazena referências em arrays e a HotList reutiliza referências aos mesmos filmes, permitindo que o estado hot apareça no detalhamento.",submission/src/filmnow/FilmNow.java:filmes | submission/src/filmnow/FilmNow.java:hotList | submission/src/filmnow/FilmNow.java:cadastraFilme | submission/src/filmnow/FilmNow.java:cadastraHot | submission/src/filmnow/FilmNow.java:removeHot,high
S52,official_sample,redacted,llm,collections_and_arrays,Collections and Arrays,10,10,"A estrutura de armazenamento principal respeita os limites do enunciado: 100 filmes e 10 posições na HotList. A conversão de posição de usuário para índice interno é feita com posicao - 1, sem ignorar o índice 0 do array.",submission/src/filmnow/FilmNow.java:TAMANHO | submission/src/filmnow/FilmNow.java:TAMANHOHOTLIST | submission/src/filmnow/FilmNow.java:posicaoValida | submission/src/filmnow/FilmNow.java:cadastraFilme | submission/src/filmnow/FilmNow.java:cadastraHot,high
S52,official_sample,redacted,llm,separation_of_concerns,Separation of Concerns,7.0,10,"Existe separação básica entre interface, gerenciador e entidade: MainFilmNow lida com o usuário, FilmNow gerencia os filmes e Filme sabe gerar sua representação. Porém, a implementação mistura saída com lógica de sistema em getFilmes e deixa a interface conhecer diretamente os arrays e parte da formatação das listas.",submission/src/filmnow/MainFilmNow.java | submission/src/filmnow/FilmNow.java | submission/src/filmnow/Filme.java | submission/src/filmnow/FilmNow.java:getFilmes | submission/src/filmnow/FilmNow.java:getHotList | submission/src/filmnow/MainFilmNow.java:mostrarFilmes | submission/src/filmnow/MainFilmNow.java:exibirHotList,high
S52,official_sample,redacted,llm,readability_and_documentation,Readability and Documentation,8.5,10,"O código é, em geral, compreensível, com nomes adequados nas classes centrais e Javadoc presente em vários métodos. As perdas se concentram em documentação pública incompleta ou herdada/inconsistente e em alguns nomes/comentários que reduzem clareza.",submission/src/filmnow/Filme.java | submission/src/filmnow/FilmNow.java | submission/src/filmnow/MainFilmNow.java | submission/src/filmnow/LeitorFilmNow.java | submission/src/filmnow/Filme.java:getNome | submission/src/filmnow/Filme.java:getAno | submission/src/filmnow/FilmNow.java:getFilmes | submission/src/filmnow/FilmNow.java:getHotList | submission/src/filmnow/LeitorFilmNow.java:carregaContatos | submission/src/filmnow/MainFilmNow.java:detalharFilme,high
S53,official_sample,redacted,llm,basic_functionality,Basic Functionality,6,10,"A submissão implementa uma parte relevante do fluxo: cria filmes, impede duplicidade por nome e ano, lista itens a partir do array e possui operações de HotList. Porém há falhas funcionais materiais em posições-limite, validação de entradas, detalhamento de posições vazias/inválidas e regras específicas da HotList.","submission/src/filmnow/FilmNow.java: método cadastraFilme | submission/src/filmnow/FilmNow.java: método comparaFilme | submission/src/filmnow/FilmNow.java: métodos adicionarHot, removerHot e exibirHotList | submission/src/filmnow/MainFilmNow.java: métodos mostrarFilmes, detalharFilme e isHot | submission/src/filmnow/Filme.java: método equals | submission/src/filmnow/FilmNow.java: cadastraFilme usa this.filmes[posicao] | submission/src/filmnow/FilmNow.java: getFilme retorna filmes[posicao] | submission/src/filmnow/MainFilmNow.java: detalharFilme chama fn.getFilme(posicao) sem tratar limites | submission/src/filmnow/FilmNow.java: condição nome == """" || local == """" | submission/src/filmnow/MainFilmNow.java: adicionaFilme usa Integer.parseInt(ano) | submission/src/filmnow/Filme.java: atributo ano do tipo int | submission/src/filmnow/MainFilmNow.java: detalharFilme declara String local = filme.getLocal() antes do if (filme != null) | submission/src/filmnow/FilmNow.java: adicionarHot chama removerHot(filme) antes de inserir | submission/src/filmnow/FilmNow.java: adicionarHot retorna FILME NÃO ENCONTRADO para filme ausente",high
S53,official_sample,redacted,llm,unit_tests,Unit Tests,5.5,10,"Há testes JUnit reais para Filme e FilmNow, incluindo igualdade, toString, cadastro, duplicidade e várias operações de HotList. A cobertura, porém, é incompleta em pontos centrais do roteiro: não há testes efetivos de listagem/detalhamento no FilmNow, faltam vários limites de cadastro e faltam cenários importantes da HotList.","submission/testes/FilmeTest.java: métodos testGetters, testNomeAno, testEquals, testHashCode e testToString | submission/testes/FilmNowTest.java: métodos testCadastraFilmePosicaoInvalida, testCadastraFilmeNomeLocalVazio, testCadastraFilmeJaAdicionado e testCadastraFilmeSucesso | submission/testes/FilmNowTest.java: métodos testAdicionarHotSucesso, testRemoverHotSucesso e testExibirHotList | submission/testes/FilmNowTest.java: ausência de testes para métodos de listagem/detalhamento | submission/src/filmnow/MainFilmNow.java: detalharFilme contém lógica não coberta pelos testes | submission/testes/FilmeTest.java: método testEquals cobre apenas filmes iguais e diferentes | submission/testes/FilmNowTest.java: testes de HotList não cobrem duplicidade nem detalhamento hot",high
S53,official_sample,redacted,llm,class_design,Class Design,8,10,"A solução modela explicitamente Filme e FilmNow, usando composição com arrays de Filme e uma classe MainFilmNow separada. O desenho central esperado está presente, mas há fragilidades de modelagem, especialmente exposição de representação interna e ausência de operações de domínio para listar/detalhar de forma testável.","submission/src/filmnow/Filme.java: classe Filme | submission/src/filmnow/FilmNow.java: atributos Filme[] filmes e Filme[] hotList | submission/src/filmnow/FilmNow.java: construtor e método cadastraFilme | submission/src/filmnow/MainFilmNow.java: métodos menu, comando, adicionaFilme, mostrarFilmes e detalharFilme | submission/src/filmnow/Filme.java: atributos nome, ano e local sem modificador private | submission/src/filmnow/Filme.java: setters públicos | submission/src/filmnow/Filme.java: toString e nomeAno sempre retornam nome + ano | submission/src/filmnow/FilmNow.java: getFilmes retorna this.filmes | submission/src/filmnow/FilmNow.java: getHotList retorna this.hotList | submission/src/filmnow/MainFilmNow.java: mostrarFilmes e isHot percorrem arrays recebidos de FilmNow",high
S53,official_sample,redacted,llm,object_references,Object References and Composition,8.5,10,"A submissão usa objetos de forma adequada no núcleo: FilmNow instancia Filme e mantém referências em arrays, e não há estado global estático indevido nas classes de domínio. A principal perda vem da exposição direta das referências internas, que enfraquece o encapsulamento da composição.","submission/src/filmnow/FilmNow.java: private static final int TAMANHO e HOTLIST_TAMANHO | submission/src/filmnow/FilmNow.java: new Filme(nome, ano, local) em cadastraFilme | submission/src/filmnow/FilmNow.java: atributos Filme[] filmes e Filme[] hotList | submission/src/filmnow/MainFilmNow.java: FilmNow fn = new FilmNow() | submission/src/filmnow/FilmNow.java: getFilmes retorna this.filmes | submission/src/filmnow/FilmNow.java: getHotList retorna this.hotList | submission/src/filmnow/MainFilmNow.java: mostrarFilmes e isHot consomem diretamente esses arrays",high
S53,official_sample,redacted,llm,collections_and_arrays,Collections and Arrays,8,10,"A estrutura de armazenamento principal está alinhada ao roteiro: há um array limitado a 100 filmes e um array limitado a 10 itens da HotList. A perda principal é o uso incorreto do índice para a lista de filmes, que ignora a posição 0 e quebra a posição pública 100.",submission/src/filmnow/FilmNow.java: constantes TAMANHO = 100 e HOTLIST_TAMANHO = 10 | submission/src/filmnow/FilmNow.java: construtor inicializa new Filme[TAMANHO] e new Filme[HOTLIST_TAMANHO] | submission/src/filmnow/FilmNow.java: adicionarHot usa hotList[posicaoHot - 1] | submission/src/filmnow/FilmNow.java: exibirHotList percorre HOTLIST_TAMANHO | submission/src/filmnow/FilmNow.java: cadastraFilme usa this.filmes[posicao] | submission/src/filmnow/FilmNow.java: getFilme usa filmes[posicao] | submission/src/filmnow/MainFilmNow.java: formataFilme recebe o índice bruto do loop,high
S53,official_sample,redacted,llm,separation_of_concerns,Separation of Concerns,7,10,"Existe uma separação básica entre interface, sistema e entidade: MainFilmNow cuida da interação, FilmNow guarda e cadastra filmes, e Filme define igualdade e representação resumida. Ainda assim, parte relevante da lógica de listar, detalhar e verificar HotList ficou no Main, e FilmNow expõe estruturas internas em vez de oferecer operações de domínio mais claras.","submission/src/filmnow/MainFilmNow.java: métodos de interação com Scanner e System.out | submission/src/filmnow/FilmNow.java: métodos cadastraFilme, adicionarHot, removerHot e exibirHotList | submission/src/filmnow/Filme.java: métodos equals e toString | submission/src/filmnow/MainFilmNow.java: mostrarFilmes percorre fn.getFilmes() | submission/src/filmnow/MainFilmNow.java: detalharFilme monta detalhes e consulta local | submission/src/filmnow/MainFilmNow.java: isHot percorre fn.getHotList() | submission/src/filmnow/Filme.java: toString e nomeAno | submission/src/filmnow/MainFilmNow.java: detalharFilme monta prefixo, filme e local",high
S53,official_sample,redacted,llm,readability_and_documentation,Readability and Documentation,6,10,"O código é em geral legível, com nomes compreensíveis e divisão em métodos. Entretanto, a documentação Javadoc exigida está incompleta, especialmente em Filme e nos métodos de HotList, e há problemas de estilo/encapsulamento que reduzem a qualidade do código.","submission/src/filmnow/FilmNow.java | submission/src/filmnow/MainFilmNow.java | submission/src/filmnow/Filme.java | submission/testes/FilmNowTest.java | submission/testes/FilmeTest.java | submission/src/filmnow/Filme.java: ausência de Javadoc | submission/src/filmnow/FilmNow.java: métodos adicionarHot, removerHot, exibirHotList e getHotList sem Javadoc | submission/src/filmnow/LeitorFilmNow.java: método carregaContatos usa nomenclatura de contatos | submission/src/filmnow/FilmNow.java: ausência de documentação específica das regras de HotList | submission/src/filmnow/Filme.java: atributos nome, ano e local sem private | submission/src/filmnow/FilmNow.java: condição nome == """" || local == """" | submission/src/filmnow/FilmNow.java: getFilmes e getHotList retornam arrays internos",high
S54,official_sample,redacted,llm,basic_functionality,Basic Functionality,5.5,10,"A submissão implementa caminhos interativos básicos para adicionar, listar, detalhar e manipular HotList, mas a funcionalidade fica bastante incompleta nas validações exigidas, nos limites de posição e na consistência da HotList. Os casos normais simples em posições internas tendem a funcionar, porém vários casos especificados falham ou podem lançar exceção.","submission/src/filmnow/FilmNow.java: construtor, getFilme, cadastraFilme, atribuirHot, removeHot | submission/src/filmnow/Hotlist.java: construtor, cadastraHot, removeHotlist | submission/src/filmnow/MainFilmNow.java: adicionaFilme, mostrarFilmes, detalharFilme, mostrarHotlist, atribuirHot, removerHot | FilmNow.java: filmes, locais, anos e hot criados com TAMANHO = 100 | Hotlist.java: filmeshot criado com TAMANHOHOT = 10 | MainFilmNow.java: adicionaFilme aceita posição <= 100 e chama fn.cadastraFilme(Integer.parseInt(posicao), ...) | MainFilmNow.java: atribuirHot chama hl.cadastraHot(..., Integer.parseInt(pos), ...) | FilmNow.java: cadastraFilme apenas atribui nome, ano e local aos arrays | MainFilmNow.java: adicionaFilme usa Integer.parseInt(ano) e faz a verificação de duplicidade fora de FilmNow | MainFilmNow.java: detalharFilme imprime POSIÇÃO INVÁLIDA quando fn.getFilme(posicao) retorna null | Hotlist.java: removeHotlist chama fn.removeHot(this.filmeshot[posicaohotlist]) mesmo quando o valor pode ser -1 | MainFilmNow.java: atribuirHot não verifica se fn.getFilme(filme) existe antes de marcar hot | MainFilmNow.java: mostrarHotlist imprime formataFilme(i, filmes[filmeshot[i]]) sem incluir ano",high
S54,official_sample,redacted,llm,unit_tests,Unit Tests,0,10,"Não há arquivos de teste na submissão. Portanto, não há evidência de testes JUnit para Filme, FilmNow ou HotList.",Pacote informado: Test file count = 0 | Árvore de submissão contém apenas arquivos em submission/src/filmnow | Source Tree da submissão,high
S54,official_sample,redacted,llm,class_design,Class Design,3,10,"Há classes FilmNow, Hotlist e MainFilmNow, mas o projeto não cria a entidade Filme nem uma abstração equivalente. O sistema usa arrays paralelos de tipos primitivos/String, o que enfraquece a modelagem orientada a objetos central do laboratório.","submission/src/filmnow/FilmNow.java | submission/src/filmnow/Hotlist.java | submission/src/filmnow/MainFilmNow.java | FilmNow.java: atributos filmes, locais, anos e hot | Ausência de submission/src/filmnow/Filme.java | FilmNow.java: cadastraFilme | MainFilmNow.java: adicionaFilme contém verificações de posição, nome, duplicidade e local",high
S54,official_sample,redacted,llm,object_references,Object References and Composition,7,10,"O uso de static está basicamente restrito ao main, métodos auxiliares de interface e constantes, o que é adequado. Também há criação de objetos FilmNow e Hotlist. Entretanto, não há criação nem uso de objetos Filme, e a composição central esperada entre FilmNow e Filme não aparece.","MainFilmNow.java: main cria new FilmNow() e new Hotlist() | FilmNow.java: TAMANHO como static final e arrays como atributos de instância | Hotlist.java: TAMANHOHOT como static final e filmeshot como atributo de instância | FilmNow.java: atributos String[] filmes, String[] locais, int[] anos | FilmNow.java: cadastraFilme não cria objeto Filme | Ausência de classe Filme na árvore de arquivos",high
S54,official_sample,redacted,llm,collections_and_arrays,Collections and Arrays,7,10,"A submissão usa arrays para limitar a lista principal a 100 posições e a HotList a 10 posições, o que está alinhado em parte com o laboratório. Porém, a indexação direta das posições externas e a duplicação de estado entre arrays tornam a estrutura incorreta em casos de borda e em algumas atualizações.",FilmNow.java: construtor inicializa arrays de tamanho TAMANHO | Hotlist.java: construtor inicializa filmeshot com -1 | FilmNow.java: getFilmes e getAnos | Hotlist.java: getHotlist | FilmNow.java: TAMANHO = 100 | Hotlist.java: TAMANHOHOT = 10 | MainFilmNow.java: adicionaFilme aceita posição 100 | MainFilmNow.java: atribuirHot usa a posição da HotList sem conversão | FilmNow.java: atributo boolean[] hot | Hotlist.java: atributo int[] filmeshot | Hotlist.java: removeHotlist chama removeHot com valor armazenado na HotList,high
S54,official_sample,redacted,llm,separation_of_concerns,Separation of Concerns,4,10,"Há separação física entre interface, armazenamento principal e HotList, mas a maior parte das regras de negócio está concentrada em MainFilmNow. FilmNow deveria gerenciar os filmes e a classe Filme deveria definir suas formas de exibição, mas isso não ocorre de modo adequado.","MainFilmNow.java: menu, comando, adicionaFilme, mostrarFilmes, detalharFilme | FilmNow.java: getFilme e cadastraFilme | Hotlist.java: cadastraHot e removeHotlist | MainFilmNow.java: adicionaFilme contém validações e verificação de duplicidade | MainFilmNow.java: atribuirHot contém verificação de duplicidade na HotList | FilmNow.java: cadastraFilme apenas atribui valores aos arrays | Ausência de classe Filme | FilmNow.java: getFilme monta a string de detalhes | MainFilmNow.java: formataFilme monta a string de listagem",high
S54,official_sample,redacted,llm,readability_and_documentation,Readability and Documentation,6.5,10,"O código é compreensível e possui comentários Javadoc em várias classes e métodos, mas a documentação é frequentemente superficial ou imprecisa, e há problemas de estilo, nomes e artefatos de depuração que reduzem a clareza.","FilmNow.java: comentários Javadoc da classe e métodos | Hotlist.java: comentários Javadoc da classe e métodos | MainFilmNow.java: comentários Javadoc e métodos auxiliares | FilmNow.java: Javadoc de atribuirHot e removeHot | MainFilmNow.java: Javadocs de atribuirHot e removerHot | Hotlist.java: Javadocs de cadastraHot e removeHotlist | FilmNow.java: import java.util.Arrays não utilizado | MainFilmNow.java: import java.util.Arrays não utilizado | MainFilmNow.java: variáveis filmeadicionado, filmesarr, anosarr | MainFilmNow.java: adicionaFilme imprime System.out.println(nome) antes de FILME ADICIONADO",high
S55,official_sample,redacted,llm,basic_functionality,Basic Functionality,8,10,"A submissão implementa as quatro funcionalidades centrais em nível majoritariamente correto: cadastro, listagem pela interface, detalhamento e HotList. Há, porém, falhas funcionais localizadas: a detecção de filmes duplicados depende de uma implementação incorreta de igualdade para o ano, posições vazias no detalhamento podem imprimir `null` na interface, e alguns casos inválidos da HotList retornam mensagens semanticamente diferentes das especificadas.","submission/src/filmnow/FilmNow.java: cadastraFilme(int,String,String,String) | submission/src/filmnow/FilmNow.java: detalhaFilme(int) | submission/src/filmnow/FilmNow.java: atribuirHot(int,int), removerHot(int), constaHot(Filme) | submission/src/filmnow/MainFilmNow.java: mostrarFilmes(FilmNow), exibirHotList(FilmNow), comando(String,FilmNow,Scanner) | submission/src/filmnow/Filme.java: equals(Object), toString() | submission/src/filmnow/Filme.java: equals(Object) | submission/src/filmnow/FilmNow.java: cadastraFilme(int,String,String,String) chama constaFilme(Filme) | submission/src/filmnow/MainFilmNow.java: detalharFilme(FilmNow,Scanner) | submission/src/filmnow/FilmNow.java: atribuirHot(int,int) | submission/src/filmnow/FilmNow.java: removerHot(int)",high
S55,official_sample,redacted,llm,unit_tests,Unit Tests,8,10,"Há uma suíte ampla de testes JUnit para `Filme` e `FilmNow`, cobrindo muitos casos normais, limites e inválidos. As lacunas principais são a ausência de testes efetivos para a listagem/exibição de todos os filmes e da HotList, além de testes de igualdade que não capturam o erro de comparação de `String` por referência.","submission/testes/FilmeTest.java | submission/testes/FilmNowTest.java: testes de cadastro | submission/testes/FilmNowTest.java: testes de detalhamento | submission/testes/FilmNowTest.java: testes de HotList | submission/testes/FilmNowTest.java | submission/src/filmnow/MainFilmNow.java: mostrarFilmes(FilmNow), exibirHotList(FilmNow) | submission/testes/FilmeTest.java: testEquals, testEqualsLocaisDiferentes, testEqualsAnosVaziosIguais | submission/src/filmnow/Filme.java: equals(Object)",high
S55,official_sample,redacted,llm,class_design,Class Design,9,10,"A solução cria e usa as classes centrais esperadas: `Filme`, `FilmNow` e uma interface com `main` modularizado. O modelo geral está adequado para o laboratório, com composição entre `FilmNow` e `Filme`. A principal imperfeição de modelagem está no contrato de igualdade de `Filme`, especialmente pela inconsistência entre `equals` e `hashCode`.",submission/src/filmnow/Filme.java | submission/src/filmilmnow/FilmNow.java | submission/src/filmnow/FilmNow.java | submission/src/filmnow/MainFilmNow.java | submission/src/filmnow/Filme.java: equals(Object) | submission/src/filmnow/Filme.java: hashCode(),high
S55,official_sample,redacted,llm,object_references,Object References and Composition,9,10,"A solução usa objetos e referências de forma adequada no núcleo do sistema: `FilmNow` cria e armazena objetos `Filme`, e a HotList referencia filmes já cadastrados. O desconto é pequeno e se deve à exposição direta dos arrays internos, o que enfraquece o encapsulamento das referências.","submission/src/filmnow/FilmNow.java: atributos filmes e hotList | submission/src/filmnow/FilmNow.java: cadastraFilme(int,String,String,String) | submission/src/filmnow/FilmNow.java: atribuirHot(int,int) | submission/src/filmnow/MainFilmNow.java | submission/src/filmnow/FilmNow.java: getFilmes() | submission/src/filmnow/FilmNow.java: getHotList()",high
S55,official_sample,redacted,llm,collections_and_arrays,Collections and Arrays,9,10,"Os arrays usados sustentam corretamente a lista principal de filmes e a HotList, respeitando os limites funcionais de 100 filmes e 10 itens hot. O único desconto é o uso deliberado de arrays com uma posição extra e índice 0 ignorado, penalidade prevista na correção oficial.","submission/src/filmnow/FilmNow.java: TAMANHO = 101, TAMANHOHOT = 11 | submission/src/filmnow/FilmNow.java: filmes, hotList | submission/src/filmnow/FilmNow.java: cadastraFilme(int,String,String,String) | submission/src/filmnow/FilmNow.java: atribuirHot(int,int), removerHot(int) | submission/src/filmnow/FilmNow.java: constantes TAMANHO e TAMANHOHOT | submission/src/filmnow/FilmNow.java: validações com `posicao < 1` e `posicao >= getTamanhoFilmes()`",high
S55,official_sample,redacted,llm,separation_of_concerns,Separation of Concerns,8,10,"A separação geral é boa: `MainFilmNow` cuida da interação, `FilmNow` concentra boa parte das regras de cadastro, detalhe e HotList, e `Filme` representa a entidade. A principal falha é que a listagem e a formatação da HotList ficam na interface, apoiadas em acesso direto aos arrays internos, em vez de serem oferecidas por métodos testáveis do domínio ou delegadas ao próprio `Filme`.","submission/src/filmnow/MainFilmNow.java: menu, comando, adicionaFilme, detalharFilme | submission/src/filmnow/FilmNow.java: cadastraFilme, detalhaFilme, atribuirHot, removerHot | submission/src/filmnow/Filme.java: toString | submission/src/filmnow/MainFilmNow.java: mostrarFilmes(FilmNow) | submission/src/filmnow/MainFilmNow.java: exibirHotList(FilmNow) | submission/src/filmnow/MainFilmNow.java: formataFilme(int,Filme) | submission/src/filmnow/FilmNow.java: getFilmes(), getHotList()",high
S55,official_sample,redacted,llm,readability_and_documentation,Readability and Documentation,8.5,10,"O código é legível, com nomes compreensíveis e documentação Javadoc em grande parte dos métodos principais. O desconto decorre de documentação pública incompleta ou inconsistente em alguns pontos, especialmente getters sem Javadoc e uma descrição incorreta sobre o intervalo de posições em `detalhaFilme`.","submission/src/filmnow/Filme.java | submission/src/filmnow/FilmNow.java | submission/src/filmnow/MainFilmNow.java | submission/src/filmnow/LeitorFilmNow.java | submission/src/filmnow/Filme.java: getNome(), getAno(), getLocal() | submission/src/filmnow/FilmNow.java: Javadoc de detalhaFilme(int)",high
S56,official_sample,redacted,llm,basic_functionality,Basic Functionality,8,10,"A submissão implementa bem o fluxo central de cadastrar, listar e detalhar filmes cadastrados, com validações relevantes de posição, duplicidade, nome e local. A HotList existe e funciona em parte no caso feliz, mas deixa de cumprir regras importantes de duplicidade, exibição e tratamento de posições sem filme. Há também uma falha no detalhamento de posição válida vazia e limitações de entrada na interface textual.","submission/src/filmnow/FilmNow.java: cadastraFilme(int,String,int,String) | submission/src/filmnow/FilmNow.java: getFilmes(), getFilme(int), adicionarHot(int,int), removerHot(int), ehHot(int) | submission/src/filmnow/Filme.java: exibiFilme(), exibiFilmeHot(), toString() | submission/src/filmnow/MainFilmNow.java: mostrarFilmes(FilmNow), detalharFilme(FilmNow,Scanner), atribuirHot(FilmNow,Scanner), exibirHotList(FilmNow) | submission/src/filmnow/FilmNow.java: adicionarHot(int,int) | submission/src/filmnow/FilmNow.java: getFilmesHot() | submission/src/filmnow/MainFilmNow.java: exibirHotList(FilmNow) | submission/src/filmnow/FilmNow.java: getFilme(int) | submission/src/filmnow/MainFilmNow.java: detalharFilme(FilmNow,Scanner) | submission/src/filmnow/MainFilmNow.java: adicionaFilme(FilmNow,Scanner)",high
S56,official_sample,redacted,llm,unit_tests,Unit Tests,5,10,"Há uma suíte de testes real, com boa cobertura dos principais casos de cadastro de filme e alguns cenários de detalhamento e HotList. Porém, os testes da classe Filme são muito incompletos e os testes de FilmNow não verificam adequadamente listagem, distinção entre posição vazia e inválida, nem regras críticas da HotList.","submission/teste/FilmNowTest.java: testAdicionarFilmeEmPosicaoVazia até testAdicionarFilmeComNomeVazio | submission/teste/FilmNowTest.java: testDetalharFilmeAdicionadoComTodosDados, testDetalharFilmeAdicionadoSemAnoLancamento, testDetalharFilmeHotList | submission/teste/FilmNowTest.java: testAdicionarFilmeNaHotList, testRemoverFilmeDaHotList | submission/teste/FilmeTest.java: testExibiFilme(), testExibiFilmeHot() | submission/teste/FilmeTest.java | submission/teste/FilmNowTest.java: testDetalharFilmeEmPosicaoVazia | submission/teste/FilmNowTest.java: testDetalharFilmeEmPosicaoAbaixoDoLimiteInferior | submission/teste/FilmNowTest.java: testDetalharFilmeEmPosicaoAcimaDoLimiteSuperior | submission/teste/FilmNowTest.java: testDetalharFilmeHotList | submission/teste/FilmNowTest.java: testAdicionarFilmeNaHotList | submission/teste/FilmNowTest.java: testRemoverFilmeDaHotList",high
S56,official_sample,redacted,llm,class_design,Class Design,10,10,"A submissão cria e usa as classes centrais esperadas: Filme representa a entidade com nome, ano e local; FilmNow compõe um array de objetos Filme e gerencia a coleção; MainFilmNow existe como interface textual modularizada em métodos auxiliares. A modelagem central pedida pelo laboratório está presente.",submission/src/filmnow/Filme.java | submission/src/filmnow/FilmNow.java | submission/src/filmnow/MainFilmNow.java,high
S56,official_sample,redacted,llm,object_references,Object References and Composition,10,10,"O código demonstra composição adequada: FilmNow mantém referências para objetos Filme, cria objetos no cadastro e a HotList referencia filmes já existentes. Não há uso inadequado de atributos estáticos no domínio além de constantes.","submission/src/filmnow/FilmNow.java: atributos filmes, hotList e TAMANHO | submission/src/filmnow/FilmNow.java: construtor e cadastraFilme(int,String,int,String) | submission/src/filmnow/FilmNow.java: adicionarHot(int,int), ehHot(int) | submission/src/filmnow/MainFilmNow.java: main(String[])",high
S56,official_sample,redacted,llm,collections_and_arrays,Collections and Arrays,8,10,"A estrutura principal de armazenamento cumpre bem a restrição de 100 filmes e converte corretamente posições de usuário para índices de array. A HotList também usa array de 10 posições, mas as operações não aplicam corretamente esse limite, o que compromete parte do critério de estrutura de dados.","submission/src/filmnow/FilmNow.java: TAMANHO, filmes, hotList | submission/src/filmnow/FilmNow.java: getFilmes(), cadastraFilme(int,String,int,String), getFilme(int) | submission/src/filmnow/FilmNow.java: adicionarHot(int,int), getFilmesHot(), removerHot(int) | submission/src/filmnow/FilmNow.java: adicionarHot(int,int) | submission/src/filmnow/FilmNow.java: removerHot(int)",high
S56,official_sample,redacted,llm,separation_of_concerns,Separation of Concerns,8,10,"Há separação geral entre interface, gerenciador e entidade: MainFilmNow cuida da interação, FilmNow gerencia cadastros e HotList, e Filme fornece representações de exibição. Ainda assim, parte das regras de detalhamento e de status hot fica espalhada entre Main, FilmNow e Filme, o que gera acoplamento e dificulta cumprir corretamente os casos de erro.","submission/src/filmnow/MainFilmNow.java: menu(Scanner), comando(String,FilmNow,Scanner), adicionaFilme(FilmNow,Scanner), mostrarFilmes(FilmNow), detalharFilme(FilmNow,Scanner) | submission/src/filmnow/FilmNow.java: cadastraFilme, getFilmes, adicionarHot, removerHot, ehHot | submission/src/filmnow/Filme.java: exibiFilme(), exibiFilmeHot(), toString() | submission/src/filmnow/MainFilmNow.java: detalharFilme(FilmNow,Scanner) | submission/src/filmnow/FilmNow.java: getFilme(int), ehHot(int) | submission/src/filmnow/Filme.java: exibiFilme(), exibiFilHot()/exibiFilmeHot(), toString() | submission/src/filmnow/FilmNow.java: getFilmes(), getFilmesHot() | submission/src/filmnow/MainFilmNow.java: formataFilme(int,String), exibirHotList(FilmNow)",high
S56,official_sample,redacted,llm,readability_and_documentation,Readability and Documentation,7,10,"O código é em geral compreensível e possui Javadocs em várias classes e métodos públicos. Entretanto, a documentação é frequentemente genérica ou incompleta, há inconsistências de nomenclatura e alguns problemas de organização e estilo que reduzem a clareza.","submission/src/filmnow/Filme.java | submission/src/filmnow/FilmNow.java | submission/src/filmnow/MainFilmNow.java | submission/src/filmnow/LeitorFilmNow.java | submission/src/filmnow/Filme.java: construtor, exibiFilme() | submission/src/filmnow/FilmNow.java: cadastraFilme(), getFilmesHot(), ehHot() | submission/src/filmnow/Filme.java: atributo name, métodos exibiFilme(), exibiFilmeHot() | submission/src/filmnow/LeitorFilmNow.java: carregaContatos(String,FilmNow) | submission/src/filmnow/FilmNow.java: getFilmes(), getFilmesHot(), adicionarHot(int,int) | submission/src/filmnow/MainFilmNow.java: detalharFilme(FilmNow,Scanner)",high
S57,official_sample,redacted,llm,basic_functionality,Basic Functionality,5.5,10,"A submissão implementa parte relevante do fluxo: cadastro de filmes com validação de posição, nome/local e duplicidade por nome/ano; listagem básica; e uma estrutura inicial de HotList. Porém, detalhamento e HotList têm falhas funcionais importantes, principalmente por inconsistências de índice, ausência de validações de limite e comportamento incorreto para posições vazias ou filmes hot.","submission/src/filmnow/FilmNow.java: cadastraFilme(int,String,int,String) | submission/src/filmnow/FilmNow.java: verificaParametros(int,String,String) | submission/src/filmnow/FilmNow.java: existeFilme(Filme) | submission/src/filmnow/MainFilmNow.java: mostrarFilmes(FilmNow) | submission/src/filmnow/FilmNow.java: atribuiHot(int,int), removerHot(int), getHotFilmes() | submission/src/filmnow/MainFilmNow.java: detalharFilme(FilmNow,Scanner), mostrarHots(FilmNow) | submission/src/filmnow/MainFilmNow.java: adicionaFilme(FilmNow,Scanner) | submission/src/filmnow/Filme.java: campo ano do tipo int e toString() | submission/src/filmnow/MainFilmNow.java: formataFilme(int,Filme) | submission/src/filmnow/MainFilmNow.java: detalharFilme(FilmNow,Scanner) | submission/src/filmnow/FilmNow.java: getFilme(int) | submission/src/filmnow/FilmNow.java: eHot(int) | submission/src/filmnow/FilmNow.java: atribuiHot(int,int) | submission/src/filmnow/FilmNow.java: verificaParametrosHot(int,int) | submission/src/filmnow/FilmNow.java: removerHot(int) | submission/src/filmnow/MainFilmNow.java: mostrarHots(FilmNow)",high
S57,official_sample,redacted,llm,unit_tests,Unit Tests,0,10,"Não há arquivos de teste na submissão. Assim, não há evidência de testes JUnit para Filme nem para FilmNow, incluindo os casos de cadastro, detalhamento, listagem e HotList exigidos no roteiro.",Pacote informado: Test file count = 0 | Árvore de submissão contém apenas arquivos em submission/src/filmnow,high
S57,official_sample,redacted,llm,class_design,Class Design,8.0,10,"A solução demonstra a modelagem central esperada: existe uma classe Filme com dados próprios, equals e toString; FilmNow usa composição com arrays de Filme; e MainFilmNow está separado da lógica principal. As perdas vêm de uma API de FilmNow inconsistente quanto às posições e de uma modelagem de exibição ainda incompleta.","submission/src/filmnow/Filme.java | submission/src/filmnow/FilmNow.java: atributos filmes e hotList | submission/src/filmnow/MainFilmNow.java: main, menu, comando, adicionaFilme, mostrarFilmes, detalharFilme | submission/src/filmnow/FilmNow.java: getFilme(int) | submission/src/filmnow/FilmNow.java: getHotFilme(int) | submission/src/filmnow/FilmNow.java: cadastraFilme(int,String,int,String) | submission/src/filmnow/Filme.java: toString() | submission/src/filmnow/MainFilmNow.java: formataFilme(int,Filme)",high
S57,official_sample,redacted,llm,object_references,Object References and Composition,10,10,"A solução usa referências a objetos de forma adequada para o nível do laboratório: FilmNow compõe objetos Filme, cria novos filmes no cadastro, mantém referências na HotList e não usa static indevidamente fora do main, de métodos auxiliares da interface ou de constantes.","submission/src/filmnow/FilmNow.java: cadastraFilme(int,String,int,String) | submission/src/filmnow/FilmNow.java: atributos filmes e hotList | submission/src/filmnow/FilmNow.java: atribuiHot(int,int) | submission/src/filmnow/MainFilmNow.java: métodos estáticos de interface | submission/src/filmnow/FilmNow.java: private static final int TAMANHO",high
S57,official_sample,redacted,llm,collections_and_arrays,Collections and Arrays,7.0,10,"A estrutura principal atende à ideia do laboratório, com um array de 100 filmes e outro de 10 posições para a HotList. Contudo, há erros importantes de indexação e de manutenção da restrição de unicidade da HotList, o que compromete parte do uso correto das estruturas.","submission/src/filmnow/FilmNow.java: private static final int TAMANHO = 100 | submission/src/filmnow/FilmNow.java: this.filmes = new Filme[TAMANHO] | submission/src/filmnow/FilmNow.java: this.hotList = new Filme[10] | submission/src/filmnow/FilmNow.java: this.filmes[posicao - 1] = filme | submission/src/filmnow/FilmNow.java: this.hotList[posicao - 1] = this.filmes[filme - 1] | submission/src/filmnow/FilmNow.java: getFilme(int) | submission/src/filmnow/FilmNow.java: getHotFilme(int) | submission/src/filmnow/FilmNow.java: eHot(int) | submission/src/filmnow/FilmNow.java: verificaParametrosHot(int,int) | submission/src/filmnow/FilmNow.java: atribuiHot(int,int)",high
S57,official_sample,redacted,llm,separation_of_concerns,Separation of Concerns,6.5,10,"Há uma separação inicial adequada entre interface, gerenciador e entidade Filme. Ainda assim, parte da lógica de domínio e de formatação ficou concentrada no MainFilmNow, que percorre arrays, decide mensagens de erro e monta representações, em vez de delegar essas responsabilidades a FilmNow e Filme.","submission/src/filmnow/MainFilmNow.java: adicionaFilme, mostrarFilmes, detalharFilme, mostrarHots | submission/src/filmnow/FilmNow.java: cadastraFilme, existeFilme, atribuiHot, removerHot | submission/src/filmnow/Filme.java: equals(Object), toString() | submission/src/filmnow/MainFilmNow.java: mostrarFilmes(FilmNow) | submission/src/filmnow/MainFilmNow.java: mostrarHots(FilmNow) | submission/src/filmnow/MainFilmNow.java: detalharFilme(FilmNow,Scanner) | submission/src/filmnow/FilmNow.java: getFilmes(), getHotFilmes(), getFilme(int) | submission/src/filmnow/MainFilmNow.java: formataFilme(int,Filme) | submission/src/filmnow/Filme.java: toString()",high
S57,official_sample,redacted,llm,readability_and_documentation,Readability and Documentation,6.0,10,"O código é em geral legível, com nomes compreensíveis e alguma documentação herdada ou adicionada. A nota é reduzida pela ausência de Javadoc em classe/métodos importantes, comentários que não seguem o formato Javadoc, documentação imprecisa e trechos redundantes que dificultam a leitura.","submission/src/filmnow/Filme.java | submission/src/filmnow/FilmNow.java | submission/src/filmnow/MainFilmNow.java | submission/src/filmnow/LeitorFilmNow.java | submission/src/filmnow/FilmNow.java: getHotFilmes(), getHotFilme(int), eHot(int), atribuiHot(int,int), removerHot(int) | submission/src/filmnow/FilmNow.java: cadastraFilme(int,String,int,String) | submission/src/filmnow/MainFilmNow.java: atribuirHot(FilmNow,Scanner) | submission/src/filmnow/LeitorFilmNow.java: carregaContatos(String,FilmNow) | submission/src/filmnow/MainFilmNow.java: comentários de detalharFilme e adicionaFilme | submission/src/filmnow/FilmNow.java: comentários de eHot e verificaParametrosHot",high
S58,official_sample,redacted,llm,basic_functionality,Basic Functionality,8.0,10,"A implementação cobre de forma substancial o fluxo principal: cadastro com validações centrais, detalhamento, listagem via interface e operações básicas da HotList. As perdas vêm de falhas localizadas em mostrar todos, tratamento de ano vazio e validações/saídas da HotList.",submission/src/filmnow/FilmNow.java::cadastraFilme | submission/src/filmnow/FilmNow.java::detalhaFilme | submission/src/filmnow/FilmNow.java::cadastraHotList | submission/src/filmnow/FilmNow.java::deletarHotList | submission/src/filmnow/MainFilmNow.java::comando | submission/src/filmnow/MainFilmNow.java::mostrarFilmes | submission/src/filmnow/MainFilmNow.java::mostrarHotList | submission/src/filmnow/MainFilmNow.java::formataFilme | submission/src/filmnow/Filme.java::toString | submission/src/filmnow/Filme.java::filmeDetalhado,high
S58,official_sample,redacted,llm,unit_tests,Unit Tests,6.0,10,"Há uma suíte considerável para FilmNow, principalmente cadastro, detalhamento e HotList, mas os testes de Filme são muito restritos e faltam testes importantes de listagem/exibição completa.",submission/Teste/filmnow/FilmeTest.java | submission/Teste/filmnow/FilmNowTeste.java::testarCadastrarFilmeEmPosicaoVazia | submission/Teste/filmnow/FilmNowTeste.java::testarCadastrarFilmePosicaoLimiteAlto | submission/Teste/filmnow/FilmNowTeste.java::testarDetalhaFilmeHotList | submission/Teste/filmnow/FilmNowTeste.java::testarCadastrarHotListLimiteAlto | submission/Teste/filmnow/FilmNowTeste.java::testarDeletarHotList | submission/Teste/filmnow/FilmNowTeste.java,high
S58,official_sample,redacted,llm,class_design,Class Design,9.0,10,"A solução modela Filme, FilmNow e MainFilmNow de forma compatível com o laboratório, com composição explícita entre FilmNow e Filme. A principal perda é a modelagem incompleta das representações públicas de exibição/listagem.",submission/src/filmnow/Filme.java | submission/src/filmnow/FilmNow.java::filmes | submission/src/filmnow/FilmNow.java::hotList | submission/src/filmnow/MainFilmNow.java | submission/src/filmnow/Filme.java::toString | submission/src/filmnow/Filme.java::filmeDetalhado | submission/src/filmnow/FilmNow.java::getFilmes | submission/src/filmnow/FilmNow.java::gethotList,high
S58,official_sample,redacted,llm,object_references,Object References and Composition,10.0,10,"A implementação demonstra uso adequado de objetos e composição: FilmNow mantém referências a objetos Filme, cria filmes no cadastro e a HotList referencia filmes já cadastrados. O uso de static fica restrito ao main, métodos auxiliares de interface e constantes.",submission/src/filmnow/FilmNow.java::filmes | submission/src/filmnow/FilmNow.java::hotList | submission/src/filmnow/FilmNow.java::cadastraFilme | submission/src/filmnow/FilmNow.java::conferirFilme | submission/src/filmnow/FilmNow.java::conferirHotList | submission/src/filmnow/MainFilmNow.java,high
S58,official_sample,redacted,llm,collections_and_arrays,Collections and Arrays,10.0,10,"As estruturas de armazenamento atendem às restrições centrais do laboratório: 100 filmes e 10 posições de HotList, com conversão adequada das posições externas de 1 a 100/10 para índices internos de array.",submission/src/filmnow/FilmNow.java::TAMANHO | submission/src/filmnow/FilmNow.java::FilmNow | submission/src/filmnow/FilmNow.java::cadastraFilme | submission/src/filmnow/FilmNow.java::detalhaFilme | submission/src/filmnow/FilmNow.java::cadastraHotList | submission/src/filmnow/FilmNow.java::deletarHotList,high
S58,official_sample,redacted,llm,separation_of_concerns,Separation of Concerns,7.0,10,"Há separação básica entre interface, gerenciador e entidade Filme, mas parte da formatação e do gerenciamento de consistência ficou espalhada entre MainFilmNow, FilmNow e Filme.",submission/src/filmnow/MainFilmNow.java::menu | submission/src/filmnow/MainFilmNow.java::comando | submission/src/filmnow/MainFilmNow.java::adicionaFilme | submission/src/filmnow/FilmNow.java | submission/src/filmnow/Filme.java | submission/src/filmnow/MainFilmNow.java::mostrarFilmes | submission/src/filmnow/MainFilmNow.java::mostrarHotList | submission/src/filmnow/FilmNow.java::getFilmes | submission/src/filmnow/FilmNow.java::gethotList | submission/src/filmnow/MainFilmNow.java::removerFilme | submission/src/filmnow/FilmNow.java::deletarSobrescritoHotList | submission/src/filmnow/FilmNow.java::cadastraFilme | submission/src/filmnow/FilmNow.java::removeFilme | submission/src/filmnow/Filme.java::toString | submission/src/filmnow/MainFilmNow.java::formataFilme,high
S58,official_sample,redacted,llm,readability_and_documentation,Readability and Documentation,7.0,10,"O código é em geral compreensível e há bastante Javadoc em FilmNow e MainFilmNow, mas a documentação não é uniforme e há problemas de estilo Java, nomes e clareza em alguns pontos.",submission/src/filmnow/FilmNow.java | submission/src/filmnow/MainFilmNow.java | submission/src/filmnow/Filme.java | submission/src/filmnow/FilmNow.java::BuscaFilme | submission/src/filmnow/FilmNow.java::gethotList | submission/src/filmnow/MainFilmNow.java::artribuiHotList | submission/src/filmnow/FilmNow.java::deletarSobrescritoHotList | submission/src/filmnow/FilmNow.java::formatarSaidaCadastro,high
S59,official_sample,redacted,llm,basic_functionality,Basic Functionality,5.5,10,"A submissão implementa parte relevante do fluxo: cadastra filmes em um array de 100 posições, lista nomes cadastrados e possui uma HotList de 10 posições. Porém há falhas funcionais importantes em mensagens e casos especificados de adição, no detalhamento de filmes e na validação/manipulação da HotList.","submission/src/filmnow/FilmNow.java: cadastraFilme(int,String,int,String) | submission/src/filmnow/FilmNow.java: getFilmes() | submission/src/filmnow/FilmNow.java: adicionaHot(int,int), removeHot(int) | submission/src/filmnow/MainFilmNow.java: mostrarFilmes(FilmNow), exibirHotList(FilmNow), detalharFilme(FilmNow,Scanner) | submission/src/filmnow/Filme.java: equals(Object), toString() | submission/src/filmnow/MainFilmNow.java: adicionaFilme(FilmNow,Scanner) | submission/src/filmnow/Filme.java: campo anoLancamento int | submission/src/filmnow/MainFilmNow.java: detalharFilme(FilmNow,Scanner) | submission/src/filmnow/FilmNow.java: getDadosFilme(int) | submission/src/filmnow/Filme.java: toString() | submission/src/filmnow/FilmNow.java: adicionaHot(int,int) | submission/src/filmnow/FilmNow.java: removeHot(int) | submission/src/filmnow/FilmNow.java: getFilmesHotList() | submission/src/filmnow/Filme.java: setNome(String), equals(Object)",high
S59,official_sample,redacted,llm,unit_tests,Unit Tests,6,10,"Há testes reais em JUnit para Filme e FilmNow, com várias asserções sobre getters, equals, cadastro simples e operações básicas de HotList. A cobertura, porém, deixa de fora vários casos obrigatórios do roteiro, especialmente limites, sobrescrita, duplicidade, detalhamento válido/vazio e cenários inválidos da HotList.","submission/Testes/TesteFilme.java | submission/Testes/TesteFilmNow.java | submission/Testes/TesteFilme.java: testToString(), testes de equals | submission/src/filmnow/Filme.java: toString() | submission/Testes/TesteFilmNow.java: testCadastrarFilmeValido(), testCadastrarFilmePosicaoInvalida(), testGetDadosFilmePosicaoInvalida() | submission/Testes/TesteFilmNow.java: testAdicionarHotFilme(), testAdicionarHotFilmeJaNaLista(), testRemoverHotFilme()",high
S59,official_sample,redacted,llm,class_design,Class Design,8,10,"A solução cria a classe Filme, mantém FilmNow como gerenciador com composição por arrays de Filme e preserva uma classe MainFilmNow modularizada. O desenho, contudo, mistura alguns conceitos dentro de Filme e não oferece representações de domínio suficientemente claras para todos os usos do sistema.","submission/src/filmnow/Filme.java | submission/src/filmnow/FilmNow.java: atributos arrayFilmes e hotList | submission/src/filmnow/MainFilmNow.java: main(String[]), comando(String,FilmNow,Scanner) | submission/src/filmnow/Filme.java: campos posicao e anoLancamento | submission/src/filmnow/Filme.java: verificaPosicao(), veririficaHot() | submission/src/filmnow/FilmNow.java: getFilmes(), getFilmesHotList(), getDadosFilme(int) | submission/src/filmnow/Filme.java: toString() | submission/src/filmnow/MainFilmNow.java: formataFilme(int,String)",high
S59,official_sample,redacted,llm,object_references,Object References and Composition,8.5,10,"A composição principal foi implementada: FilmNow contém referências para objetos Filme, cria objetos de forma adequada no cadastro e a HotList reutiliza referências aos filmes. A principal fragilidade está no uso da referência compartilhada para alterar o nome do filme e representar o estado hot.","submission/src/filmnow/FilmNow.java: private Filme[] arrayFilmes; private Filme[] hotList | submission/src/filmnow/FilmNow.java: cadastraFilme(int,String,int,String) | submission/src/filmnow/FilmNow.java: adicionaHot(int,int), removeHot(int) | submission/src/filmnow/FilmNow.java: TAMANHO, TAMANHOHOT | submission/src/filmnow/FilmNow.java: adicionaHot(int,int) | submission/src/filmnow/FilmNow.java: removeHot(int) | submission/src/filmnow/Filme.java: setNome(String), equals(Object)",high
S59,official_sample,redacted,llm,collections_and_arrays,Collections and Arrays,8,10,"A estrutura de armazenamento segue a restrição principal do laboratório: array de 100 filmes e HotList de 10 posições, com mapeamento 1-based para índices internos. As falhas estão principalmente na ausência de validação segura antes de indexar e em alguns tratamentos incorretos de posições vazias.","submission/src/filmnow/FilmNow.java: TAMANHO, TAMANHOHOT | submission/src/filmnow/FilmNow.java: constructor FilmNow() | submission/src/filmnow/FilmNow.java: cadastraFilme(int,String,int,String) | submission/src/filmnow/FilmNow.java: getFilmes(), getFilmesHotList() | submission/src/filmnow/FilmNow.java: adicionaHot(int,int) | submission/src/filmnow/FilmNow.java: removeHot(int) | submission/src/filmnow/FilmNow.java: getDadosFilme(int)",high
S59,official_sample,redacted,llm,separation_of_concerns,Separation of Concerns,7,10,"A solução separa minimamente interface, gerenciador e entidade: MainFilmNow lida com o menu, FilmNow gerencia os arrays e Filme representa os dados. Ainda assim, há mistura de responsabilidades de entrada/saída e regras de gerência dentro das classes de domínio.","submission/src/filmnow/MainFilmNow.java: menu(Scanner), comando(String,FilmNow,Scanner), adicionaFilme(FilmNow,Scanner) | submission/src/filmnow/FilmNow.java: cadastraFilme(int,String,int,String), adicionaHot(int,int), removeHot(int) | submission/src/filmnow/Filme.java | submission/src/filmnow/FilmNow.java: cadastraFilme(int,String,int,String) | submission/src/filmnow/Filme.java: posicao, verificaPosicao(), veririficaHot() | submission/src/filmnow/FilmNow.java: adicionaHot(int,int) | submission/src/filmnow/Filme.java: toString() | submission/src/filmnow/FilmNow.java: getFilmes(), getFilmesHotList() | submission/src/filmnow/MainFilmNow.java: formataFilme(int,String)",high
S59,official_sample,redacted,llm,readability_and_documentation,Readability and Documentation,8,10,"O código é geralmente compreensível, usa nomes em português coerentes e contém Javadocs em quase todos os métodos públicos. As perdas decorrem de documentação por vezes imprecisa e de alguns problemas de estilo/nomeação que dificultam a manutenção.","submission/src/filmnow/Filme.java | submission/src/filmnow/FilmNow.java | submission/src/filmnow/MainFilmNow.java | submission/src/filmnow/FilmNow.java: getFilmes(), getDadosFilme(int) | submission/src/filmnow/LeitorFilmNow.java: carregaContatos(String,FilmNow) | submission/src/filmnow/Filme.java: veririficaHot() | submission/src/filmnow/MainFilmNow.java: detalharFilme(FilmNow,Scanner), comando(String,FilmNow,Scanner) | submission/src/filmnow/FilmNow.java: adicionaHot(int,int), removeHot(int)",high
S60,official_sample,redacted,llm,basic_functionality,Basic Functionality,7,10,"A submissão implementa parte substancial do fluxo funcional: cadastro com validações principais, detalhamento, listagem pela interface e operações normais de HotList. As perdas vêm de falhas materiais em duplicidade de filmes, formatação de detalhes e validação das operações da HotList.",submission/src/filmnow/FilmNow.java::cadastraFilme | submission/src/filmnow/FilmNow.java::detalhaFilme | submission/src/filmnow/FilmNow.java::adicionaHot | submission/src/filmnow/FilmNow.java::removeHot | submission/src/filmnow/MainFilmNow.java::mostrarFilmes | submission/src/filmnow/MainFilmNow.java::exibirHot | submission/src/filmnow/Filme.java::equals | submission/src/filmnow/FilmNow.java::checaIgual | submission/src/filmnow/Filme.java::toString,high
S60,official_sample,redacted,llm,unit_tests,Unit Tests,6,10,"Há uma suíte relevante de testes JUnit para FilmNow e Filme, especialmente para cadastro e detalhamento. A cobertura, porém, fica incompleta em pontos centrais do laboratório, principalmente igualdade de Filme, listagem e operações completas de HotList.",submission/test/filmnow/FilmNowTest.java::testCadastraFilmePadrao | submission/test/filmnow/FilmNowTest.java::testCadastraFilmePosicaoLimite | submission/test/filmnow/FilmNowTest.java::testDetalhaFilmeHotlist | submission/test/filmnow/FilmTest.java::testToString | submission/test/filmnow/FilmTest.java::testAdicionaHot | submission/test/filmnow/FilmTest.java | submission/test/filmnow/FilmNowTest.java | submission/test/filmnow/FilmNowTest.java::testCadastraFilmeJaCadastrado | submission/test/filmnow/FilmNowTest.java::testCadastraFilmePosicaoExistente,high
S60,official_sample,redacted,llm,class_design,Class Design,10,10,"A solução contém as classes centrais esperadas e modela Filme como entidade separada de FilmNow, com FilmNow compondo objetos Filme. A interface com usuário também foi mantida em classe própria e modularizada em métodos auxiliares.",submission/src/filmnow/Filme.java | submission/src/filmnow/FilmNow.java | submission/src/filmnow/MainFilmNow.java | submission/src/filmnow/LeitorFilmNow.java::processaLinhaCsvFilmes,high
S60,official_sample,redacted,llm,object_references,Object References and Composition,10,10,"A implementação demonstra uso adequado de referências: FilmNow armazena referências a Filme, cria novos filmes no cadastro, e a interface cria e usa um objeto FilmNow. Não há uso de estado estático de domínio substituindo objetos.",submission/src/filmnow/FilmNow.java::filmes | submission/src/filmnow/FilmNow.java::hotlist | submission/src/filmnow/FilmNow.java::cadastraFilme | submission/src/filmnow/MainFilmNow.java::main,high
S60,official_sample,redacted,llm,collections_and_arrays,Collections and Arrays,10,10,"As estruturas de armazenamento atendem às restrições principais do laboratório: 100 posições para filmes e 10 posições para a HotList, usando arrays de objetos Filme e mapeamento correto de posições do usuário para índices internos.",submission/src/filmnow/FilmNow.java::TAMANHO | submission/src/filmnow/FilmNow.java::TAMANHOHOTLIST | submission/src/filmnow/FilmNow.java::FilmNow | submission/src/filmnow/FilmNow.java::getFilmes | submission/src/filmnow/FilmNow.java::getHot,high
S60,official_sample,redacted,llm,separation_of_concerns,Separation of Concerns,8,10,"A separação geral está boa para o nível do laboratório: Main lida com entrada e saída, FilmNow gerencia o sistema e Filme encapsula dados. A principal perda é que a interface ainda conhece e percorre os arrays, assumindo parte da lógica de listagem e formatação.",submission/src/filmnow/MainFilmNow.java::comando | submission/src/filmnow/MainFilmNow.java::adicionaFilme | submission/src/filmnow/FilmNow.java::cadastraFilme | submission/src/filmnow/FilmNow.java::detalhaFilme | submission/src/filmnow/Filme.java::toString | submission/src/filmnow/MainFilmNow.java::mostrarFilmes | submission/src/filmnow/MainFilmNow.java::exibirHot | submission/src/filmnow/MainFilmNow.java::formataFilme | submission/src/filmnow/FilmNow.java::getFilmes | submission/src/filmnow/FilmNow.java::getHot,high
S60,official_sample,redacted,llm,readability_and_documentation,Readability and Documentation,8,10,"O código é compreensível, com nomes em geral relacionados ao domínio e Javadocs presentes nas classes e métodos públicos. Há perda moderada por documentação superficial/inconsistente e alguns detalhes de clareza de API e estilo.",submission/src/filmnow/Filme.java | submission/src/filmnow/FilmNow.java | submission/src/filmnow/MainFilmNow.java | submission/src/filmnow/LeitorFilmNow.java | submission/src/filmnow/FilmNow.java::cadastraFilme | submission/src/filmnow/FilmNow.java::checaIgual | submission/src/filmnow/MainFilmNow.java::formataFilme | submission/src/filmnow/Filme.java::nomefilme | submission/src/filmnow/Filme.java::getHotlist,high
S61,official_sample,redacted,llm,basic_functionality,Basic Functionality,6,10,"A submissão implementa parte do fluxo principal: é possível cadastrar filmes válidos, recuperar filmes por posição, listar pela interface, detalhar um filme existente e manter uma HotList simples. Porém há falhas materiais em regras especificadas de cadastro, detalhamento/listagem e HotList, especialmente sobrescrita de posição, validação no modelo, igualdade por nome e ano, exibição de ano ausente e tratamento de posições sem filme.","submission/src/filmnow/FilmNow.java: cadastraFilme(int,String,int,String) | submission/src/filmnow/FilmNow.java: getFilme(int) | submission/src/filmnow/FilmNow.java: atribuirHot(Filme,int), removerHot(int), isHot(Filme) | submission/src/filmnow/MainFilmNow.java: mostrarFilmes(FilmNow), detalharFilme(FilmNow,Scanner), exibirHotList(FilmNow) | submission/src/filmnow/Filme.java: toString() | submission/src/filmnow/Filme.java: equals(Object) | submission/src/filmnow/MainFilmNow.java: adicionaFilme(FilmNow,Scanner) | submission/src/filmnow/MainFilmNow.java: detalharFilme(FilmNow,Scanner) | submission/src/filmnow/MainFilmNow.java: mostrarFilmes(FilmNow) | submission/src/filmnow/FilmNow.java: atribuirHot(Filme,int) | submission/src/filmnow/MainFilmNow.java: atribuirHot(FilmNow,Scanner) | submission/src/filmnow/MainFilmNow.java: exibirHotList(FilmNow)",high
S61,official_sample,redacted,llm,unit_tests,Unit Tests,1,10,"Há arquivos com intenção de testes e algumas asserções, mas os métodos de teste e de preparação não estão anotados com `@Test` e `@BeforeEach`, então a suíte JUnit não exercita efetivamente esses casos. Além disso, vários testes têm expectativas incorretas ou não cobrem casos centrais do roteiro.",submission/testes/FilmeTest.java | submission/testes/FilmNowTest.java | submission/testes/LeitorFilmNowTest.java | submission/testes/FilmeTest.java: métodos setUp e test* sem anotações | submission/testes/FilmNowTest.java: métodos setUp e test* sem anotações | submission/testes/LeitorFilmNowTest.java: métodos setUp e test* sem anotações | submission/testes/FilmNowTest.java: testExibirHotList() | submission/testes/FilmNowTest.java: testExibirHotListVazia() | submission/src/filmnow/FilmNow.java: getFilmesHot() | Roteiro: casos de teste para Adicionar Filme e Detalhar Filme,high
S61,official_sample,redacted,llm,class_design,Class Design,8,10,"A estrutura principal foi criada: existe uma classe `Filme`, uma classe `FilmNow` que compõe filmes e uma classe `MainFilmNow` modularizada. O desenho demonstra compreensão básica de modelagem, mas há imperfeições relevantes na modelagem de igualdade e na API de sistema para operações como listar/detalhar.","submission/src/filmnow/Filme.java | submission/src/filmnow/FilmNow.java | submission/src/filmnow/MainFilmNow.java | submission/src/filmnow/Filme.java: equals(Object) | submission/src/filmnow/MainFilmNow.java: mostrarFilmes(FilmNow), detalharFilme(FilmNow,Scanner)",high
S61,official_sample,redacted,llm,object_references,Object References and Composition,8,10,"A submissão usa objetos e composição de forma clara: `FilmNow` mantém referências para objetos `Filme`, a HotList também referencia filmes e o `main` cria um objeto `FilmNow`. As perdas vêm principalmente do uso inconsistente da igualdade/referências para regras de duplicidade e HotList.","submission/src/filmnow/FilmNow.java: atributos filmes e filmesHot | submission/src/filmnow/FilmNow.java: cadastraFilme(int,String,int,String) | submission/src/filmnow/FilmNow.java: atribuirHot(Filme,int), isHot(Filme) | submission/src/filmnow/MainFilmNow.java: main(String[]) | submission/src/filmnow/Filme.java: equals(Object) | submission/src/filmnow/FilmNow.java: atribuirHot(Filme,int) | submission/src/filmnow/MainFilmNow.java: atribuirHot(FilmNow,Scanner)",high
S61,official_sample,redacted,llm,collections_and_arrays,Collections and Arrays,10,10,"As estruturas de armazenamento atendem ao núcleo do requisito: há um array de 100 posições para filmes, um array de 10 posições para HotList, e as posições informadas pelo usuário são convertidas corretamente para índices internos com `posicao - 1`. As falhas de regras de negócio associadas a cadastro e HotList foram consideradas em funcionalidade, não como erro de estrutura de dados.","submission/src/filmnow/FilmNow.java: construtor FilmNow() | submission/src/filmnow/FilmNow.java: getFilme(int) | submission/src/filmnow/FilmNow.java: cadastraFilme(int,String,int,String) | submission/src/filmnow/FilmNow.java: atribuirHot(Filme,int), removerHot(int)",high
S61,official_sample,redacted,llm,separation_of_concerns,Separation of Concerns,6,10,"Existe separação básica entre interface, sistema e entidade, mas regras de negócio e formatação de funcionalidades centrais ficaram concentradas em `MainFilmNow`. `FilmNow` não expõe operações completas de listagem/detalhamento, e `Filme` não fornece uma representação resumida para o caso de mostrar todos.","submission/src/filmnow/MainFilmNow.java | submission/src/filmnow/FilmNow.java | submission/src/filmnow/Filme.java | submission/src/filmnow/MainFilmNow.java: adicionaFilme(FilmNow,Scanner) | submission/src/filmnow/MainFilmNow.java: mostrarFilmes(FilmNow) | submission/src/filmnow/MainFilmNow.java: detalharFilme(FilmNow,Scanner) | submission/src/filmnow/MainFilmNow.java: exibirHotList(FilmNow) | submission/src/filmnow/MainFilmNow.java: mostrarFilmes(FilmNow), detalharFilme(FilmNow,Scanner) | submission/src/filmnow/Filme.java: toString(), getNome() | submission/src/filmnow/MainFilmNow.java: formataFilme(int,String), mostrarFilmes(FilmNow)",high
S61,official_sample,redacted,llm,readability_and_documentation,Readability and Documentation,8,10,"O código é em geral legível, com nomes compreensíveis e Javadoc em classes e métodos públicos. Ainda assim, há algumas inconsistências e trechos confusos que reduzem a clareza, especialmente documentação/nomes que não refletem totalmente o comportamento e pequenos resíduos de implementação.","submission/src/filmnow/Filme.java | submission/src/filmnow/FilmNow.java | submission/src/filmnow/MainFilmNow.java | submission/src/filmnow/LeitorFilmNow.java | submission/src/filmnow/Filme.java: Javadoc de equals(Object) | submission/src/filmnow/LeitorFilmNow.java: carregaContatos(String,FilmNow) | submission/src/filmnow/MainFilmNow.java: mostrarFilmes(FilmNow) | submission/src/filmnow/MainFilmNow.java: exibirHotList(FilmNow)",high
S62,official_sample,redacted,llm,basic_functionality,Basic Functionality,8,10,"A implementação cobre bem o cadastro de filmes e o detalhamento, incluindo limites principais, filme vazio e indicação de filme hot. A listagem geral existe, mas imprime a representação detalhada do filme em vez de uma versão apropriada para lista. A HotList funciona em alguns casos felizes, porém fica incompleta em validações, exibição e controle robusto de duplicidade.",submission/src/filmnow/FilmNow.java::cadastraFilme | submission/src/filmnow/FilmNow.java::detalhaFilme | submission/src/filmnow/FilmNow.java::cadastraHotList | submission/src/filmnow/FilmNow.java::removerHotList | submission/src/filmnow/MainFilmNow.java::mostrarFilmes | submission/src/filmnow/MainFilmNow.java::exibirHotList | submission/src/filmnow/MainFilmNow.java::adicionaHotList | submission/src/filmnow/MainFilmNow.java::formataFilme | submission/src/filmnow/Filme.java::toString | submission/src/filmnow/FilmNow.java::comparaHot,high
S62,official_sample,redacted,llm,unit_tests,Unit Tests,7,10,"Há uma suíte relevante de testes JUnit, especialmente para cadastro e detalhamento em `FilmNow`, incluindo vários casos-limite do roteiro. Ainda assim, os testes de `Filme` não cobrem todos os grupos esperados, a listagem de filmes praticamente não é testada e os casos problemáticos da HotList ficam pouco explorados.",submission/testes/FilmNowTest.java::testCadastraFilme | submission/testes/FilmNowTest.java::testCadastraFilmeSubstituir | submission/testes/FilmNowTest.java::testCadastraFilmeJaAdicionado | submission/testes/FilmNowTest.java::testCadastraFilmeJaAdicionado2 | submission/testes/FilmNowTest.java::testDetalharFilme | submission/testes/FilmNowTest.java::testDetalharFilmeHotLst | submission/testes/FilmeTest.java::representacaoTextual | submission/testes/FilmeTest.java::representacaoTextualSemAno | submission/testes/FilmeTest.java::testEqualsTrue | submission/testes/FilmeTest.java | submission/src/filmnow/Filme.java::equals | submission/testes/FilmNowTest.java | submission/src/filmnow/MainFilmNow.java::mostrarFilmes | submission/testes/FilmNowTest.java::testRemoverFilmeHotLst | submission/testes/FilmNowTest.java::adicionaFilmeHotLstLimiteSuperior,high
S62,official_sample,redacted,llm,class_design,Class Design,8,10,"A solução cria uma classe `Filme` com dados próprios, uma classe `FilmNow` com composição por arrays de `Filme` e mantém uma classe de interface com `main` modularizado. O desenho principal está presente, mas há problemas no modelo de igualdade de `Filme` e a classe `FilmNow` não oferece todas as operações de alto nível para listagem e HotList de forma bem encapsulada.",submission/src/filmnow/Filme.java | submission/src/filmnow/FilmNow.java | submission/src/filmnow/MainFilmNow.java::main | submission/src/filmnow/MainFilmNow.java::comando | submission/src/filmnow/Filme.java::equals | submission/src/filmnow/Filme.java::hashcode | submission/src/filmnow/MainFilmNow.java::mostrarFilmes | submission/src/filmnow/MainFilmNow.java::exibirHotList,high
S62,official_sample,redacted,llm,object_references,Object References and Composition,10,10,"A solução demonstra adequadamente o uso de referências e composição: `FilmNow` armazena referências para objetos `Filme`, cria novos filmes no cadastro e a HotList referencia filmes existentes. Não há uso indevido de atributos estáticos de domínio; os estáticos relevantes estão em constantes e na classe de interface.",submission/src/filmnow/FilmNow.java::filmes | submission/src/filmnow/FilmNow.java::hotList | submission/src/filmnow/FilmNow.java::cadastraFilme | submission/src/filmnow/FilmNow.java::cadastraHotList | submission/src/filmnow/MainFilmNow.java::main,high
S62,official_sample,redacted,llm,collections_and_arrays,Collections and Arrays,7.5,10,"A solução usa arrays de `Filme` para a lista principal e a HotList, respeitando em grande parte a ideia de armazenamento limitado. Porém, opta por arrays de tamanho 101 e 11 ignorando o índice 0 e não protege adequadamente os acessos da HotList contra posições inválidas.",submission/src/filmnow/FilmNow.java::TAMANHO | submission/src/filmnow/FilmNow.java::TAMANHOHOT | submission/src/filmnow/FilmNow.java::filmes | submission/src/filmnow/FilmNow.java::hotList | submission/src/filmnow/FilmNow.java::cadastraFilme | submission/src/filmnow/FilmNow.java::detalhaFilme | submission/src/filmnow/MainFilmNow.java::formataFilme | submission/src/filmnow/FilmNow.java::cadastraHotList | submission/src/filmnow/FilmNow.java::removerHotList | submission/src/filmnow/FilmNow.java::comparaHot,high
S62,official_sample,redacted,llm,separation_of_concerns,Separation of Concerns,6.5,10,"Há separação básica entre interface, sistema e entidade, mas ela é incompleta. O `Main` ainda percorre arrays e formata listagens, enquanto regras de HotList ficam divididas entre `Main` e `FilmNow`. `Filme` define uma representação textual detalhada, mas não oferece claramente uma representação separada para listagem.",submission/src/filmnow/MainFilmNow.java | submission/src/filmnow/FilmNow.java::cadastraFilme | submission/src/filmnow/FilmNow.java::detalhaFilme | submission/src/filmnow/Filme.java::toString | submission/src/filmnow/MainFilmNow.java::mostrarFilmes | submission/src/filmnow/MainFilmNow.java::exibirHotList | submission/src/filmnow/FilmNow.java::getFilmes | submission/src/filmnow/FilmNow.java::getHotList | submission/src/filmnow/MainFilmNow.java::adicionaHotList | submission/src/filmnow/FilmNow.java::comparaHot | submission/src/filmnow/FilmNow.java::cadastraHotList,high
S62,official_sample,redacted,llm,readability_and_documentation,Readability and Documentation,6.5,10,"O código é em geral compreensível e possui vários comentários e Javadocs, especialmente em `FilmNow` e `MainFilmNow`. Contudo, há documentação ausente em membros públicos importantes de `Filme`, textos com muitos erros ou descrições superficiais, além de nomes e formatação que prejudicam a clareza.",submission/src/filmnow/Filme.java | submission/src/filmnow/FilmNow.java | submission/src/filmnow/MainFilmNow.java | submission/src/filmnow/LeitorFilmNow.java | submission/src/filmnow/FilmNow.java::compara | submission/src/filmnow/FilmNow.java::comparaHot | submission/src/filmnow/Filme.java::getAnolancamento | submission/src/filmnow/Filme.java::hashcode | submission/src/filmnow/FilmNow.java::percorrer | submission/src/filmnow/MainFilmNow.java::adicionaHotList | submission/src/filmnow/LeitorFilmNow.java::processaLinhaCsvFilmes,high
S63,official_sample,redacted,llm,basic_functionality,Basic Functionality,7.5,10,"A submissão implementa boa parte do fluxo principal: cadastro de filmes com validação de posição, nome/local vazios, duplicidade por nome e ano, sobrescrita de posição e exibição básica. A listagem simples funciona pela interface. Entretanto, o detalhamento tem erros em posições vazias e em valores limite, e a HotList funciona apenas em cenários comuns, com problemas relevantes de indexação, validação e remoção.","submission/src/filmnow/FilmNow.java: cadastraFilme(int, String, String, String) | submission/src/filmnow/Filme.java: toString() e equals(Object) | submission/src/filmnow/MainFilmNow.java: mostrarFilmes(FilmNow) | submission/src/filmnow/FilmNow.java: cadastraHot(int, int), verHotOuFilme(int), removendoHot(int) | submission/src/filmnow/MainFilmNow.java: mostrarHot(FilmNow), atribuirHot(FilmNow, Scanner), removerHot(FilmNow, Scanner) | submission/src/filmnow/MainFilmNow.java: detalharFilme(FilmNow, Scanner) | submission/src/filmnow/FilmNow.java: verHotOuFilme(int) | submission/src/filmnow/FilmNow.java: getFilme(int) | submission/src/filmnow/FilmNow.java: cadastraHot(int, int) | submission/src/filmnow/FilmNow.java: removendoHot(int) | submission/src/filmnow/MainFilmNow.java: mostrarHot(FilmNow) | submission/src/filmnow/MainFilmNow.java: removerHot(FilmNow, Scanner)",high
S63,official_sample,redacted,llm,unit_tests,Unit Tests,5.0,10,"Há uma suíte JUnit com vários testes úteis, especialmente para cadastro de filmes, duplicidade e posições limite. Porém, os testes da classe Filme não estão bem isolados, não há teste real de listagem de filmes, os testes de detalhamento cobrem parcialmente a especificação e a HotList é testada apenas em um cenário simples.","submission/testes/FilmeTest.java: testAdicionarFilmePosicaoVazia até testAdicionarFilmeComNomeVazio | submission/testes/FilmeTest.java: testDetalharFilmeComTodosOsDados, testDetalharFilmeSemAno | submission/testes/FilmeTest.java: testDetalharFilmePosicaoVazia, testDetalharFilmePosicaoAbaixoLimite, testDetalharFilmePosicaoAcimaLimite | submission/testes/FilmeTest.java: testDetalharFilmeHotList | submission/testes/FilmeTest.java | submission/src/filmnow/Filme.java: constructor, getters, toString(), equals(Object) | submission/src/filmnow/FilmNow.java: getFilme(int), verHotOuFilme(int) | submission/src/filmnow/FilmNow.java: cadastraHot(int, int), removendoHot(int), getHot()",high
S63,official_sample,redacted,llm,class_design,Class Design,9.0,10,"A solução apresenta a modelagem central esperada: uma classe Filme para representar filmes, uma classe FilmNow que compõe e gerencia objetos Filme, e uma classe MainFilmNow modularizada para interação. A principal falha de projeto está na implementação inconsistente de hashCode em relação a equals.","submission/src/filmnow/Filme.java | submission/src/filmnow/FilmNow.java: atributos filmes e hotList, constructor | submission/src/filmnow/Filme.java: equals(Object) | submission/src/filmnow/MainFilmNow.java: main(String[]), comando(String, FilmNow, Scanner), adicionaFilme, mostrarFilmes, detalharFilme | submission/src/filmnow/Filme.java: hashCode()",high
S63,official_sample,redacted,llm,object_references,Object References and Composition,10,10,"A submissão demonstra uso adequado de objetos e referências para o nível do laboratório. FilmNow mantém referências para objetos Filme, MainFilmNow cria e usa um objeto FilmNow, e não há uso indevido de atributos ou métodos estáticos nas classes de domínio além de constante.","submission/src/filmnow/FilmNow.java: cadastraFilme(int, String, String, String) | submission/src/filmnow/FilmNow.java: cadastraHot(int, int), getFilme(int) | submission/src/filmnow/MainFilmNow.java: main(String[]) | submission/src/filmnow/FilmNow.java: static final int TAMANHO",high
S63,official_sample,redacted,llm,collections_and_arrays,Collections and Arrays,8.0,10,"A estrutura principal de armazenamento dos filmes está correta: um array de 100 posições e conversão adequada de posição de usuário para índice interno. A HotList também tem tamanho 10, mas seu uso de índices não respeita integralmente as posições 1 a 10 especificadas, e a remoção não protege adequadamente os limites do array.","submission/src/filmnow/FilmNow.java: atributos filmes e hotList | submission/src/filmnow/FilmNow.java: constructor | submission/src/filmnow/FilmNow.java: cadastraFilme(int, String, String, String) | submission/src/filmnow/FilmNow.java: cadastraHot(int, int), removendoHot(int), getFilmes(), getHot() | submission/src/filmnow/FilmNow.java: cadastraHot(int, int) | submission/src/filmnow/FilmNow.java: removendoHot(int) | submission/src/filmnow/MainFilmNow.java: mostrarHot(FilmNow)",high
S63,official_sample,redacted,llm,separation_of_concerns,Separation of Concerns,7.0,10,"Existe uma separação geral entre interface, gerenciador e entidade: MainFilmNow lida majoritariamente com entrada/saída, FilmNow gerencia cadastro e HotList, e Filme fornece representação textual. Ainda assim, algumas regras e saídas estão espalhadas entre Main e FilmNow, e a listagem/detalhamento não ficaram completamente encapsulados no sistema de domínio.","submission/src/filmnow/MainFilmNow.java: menu(Scanner), comando(String, FilmNow, Scanner), adicionaFilme(FilmNow, Scanner) | submission/src/filmnow/FilmNow.java: cadastraFilme, cadastraHot, getFilme, verHotOuFilme | submission/src/filmnow/Filme.java: toString() | submission/src/filmnow/FilmNow.java: removendoHot(int) | submission/src/filmnow/MainFilmNow.java: detalharFilme(FilmNow, Scanner) | submission/src/filmnow/MainFilmNow.java: mostrarFilmes(FilmNow) | submission/src/filmnow/MainFilmNow.java: mostrarHot(FilmNow)",high
S63,official_sample,redacted,llm,readability_and_documentation,Readability and Documentation,6.0,10,"O código é em geral compreensível e usa nomes relacionados ao domínio, com alguns Javadocs em FilmNow e MainFilmNow. Porém, a classe Filme não está documentada, a documentação de novos métodos é irregular e há problemas de estilo, nomenclatura e formatação que reduzem a clareza.","submission/src/filmnow/FilmNow.java | submission/src/filmnow/MainFilmNow.java | submission/src/filmnow/Filme.java | submission/src/filmnow/FilmNow.java: cadastraHot(int, int), verificarFilmeHotList(Filme), verHotOuFilme(int), removendoHot(int) | submission/src/filmnow/Filme.java: isEhHot(), setEhHot(boolean) | submission/src/filmnow/FilmNow.java: cadastraFilme, removendoHot",high
S64,official_sample,redacted,llm,basic_functionality,Basic Functionality,6.5,10,"O cadastro de filmes está quase completo e o detalhamento funciona para casos comuns, incluindo filme sem ano e indicação de filme hot. Entretanto, a listagem geral usa posições incorretas e omite a posição 1, e a HotList está apenas parcialmente funcional, com exibição e remoção quebradas.","submission/src/filmnow/FilmNow.java: método cadastraFilme | submission/src/filmnow/FilmNow.java: método filmeExiste | submission/src/filmnow/FilmNow.java: método getFilmes | submission/src/filmnow/FilmNow.java: métodos getFilme, adicionaHot, mostrarHot, removeHot | submission/src/filmnow/Filme.java: método toString | submission/src/filmnow/FilmNow.java: método primeiroFilme | submission/src/filmnow/FilmNow.java: métodos adicionaHot, mostrarHot, removeHot, existeHot | submission/src/filmnow/FilmNow.java: método getFilme | submission/src/filmnow/MainFilmNow.java: método detalharFilme",high
S64,official_sample,redacted,llm,unit_tests,Unit Tests,5.5,10,"Há uma suíte real de JUnit, com muitos testes de cadastro e alguns testes de detalhamento. Porém, os testes de `Filme` são bastante incompletos, a listagem geral praticamente não é testada, e a HotList recebe apenas um teste superficial de detalhamento hot.","submission/testes/filmnow/FilmNowTest.java: testes testCadastrarLimite1, testSobscreverFilme, testVerificarFilme1, testVerificarFilme2, testCadastrarLimite100, testCadastrarLimite101, testCadastrarLimite0 | submission/testes/filmnow/FilmNowTest.java: testes testCadastrarSemLocal, testCadastrarSemAno, testCadastrarSemNome | submission/testes/filmnow/FilmNowTest.java: testes testDetalharFilme, testDetalharFilmeSemAno, testDetalharFilmeInexistente100, testDetalharFilmePosicao0, testDetalharFilmePosicao101, testDetalharFilmHotList | submission/testes/filmnow/FilmeTest.java: testes testToString e testEqualsObject | submission/testes/filmnow/FilmeTest.java: método testEqualsObject | submission/testes/filmnow/FilmeTest.java: método testToString | submission/testes/filmnow/FilmNowTest.java: ausência de chamadas a getFilmes | submission/testes/filmnow/FilmNowTest.java: método testDetalharFilmHotList | submission/src/filmnow/FilmNow.java: métodos mostrarHot e removeHot sem cobertura nos testes",high
S64,official_sample,redacted,llm,class_design,Class Design,10,10,"A submissão cria e usa as classes centrais esperadas: `Filme`, `FilmNow` e uma interface com `main`. A modelagem principal separa a entidade filme do gerenciador do sistema e utiliza composição entre `FilmNow` e objetos `Filme`.","submission/src/filmnow/Filme.java | submission/src/filmnow/FilmNow.java: atributos filmes e hotList; construtor; métodos de cadastro e consulta | submission/src/filmnow/MainFilmNow.java: métodos main, menu, comando, adicionaFilme, mostrarFilmes, detalharFilme, atribuirHot, mostrarHot, removerHot",high
S64,official_sample,redacted,llm,object_references,Object References and Composition,9,10,"A solução demonstra bom uso de composição: `FilmNow` cria e armazena objetos `Filme`, e a HotList usa referências aos mesmos objetos. O uso de `static` fica essencialmente restrito à interface e a constantes. Há, porém, uma falha localizada no gerenciamento das referências compartilhadas da HotList.","submission/src/filmnow/FilmNow.java: atributos filmes e hotList | submission/src/filmnow/FilmNow.java: método cadastraFilme | submission/src/filmnow/FilmNow.java: método adicionaHot | submission/src/filmnow/Filme.java: métodos setHot, equals e hashCode | submission/src/filmnow/MainFilmNow.java: métodos estáticos de interface | submission/src/filmnow/FilmNow.java: métodos adicionaHot e removeHot",high
S64,official_sample,redacted,llm,collections_and_arrays,Collections and Arrays,6,10,"Foram usados arrays com os tamanhos exigidos para a lista principal e para a HotList, e o cadastro/detalhamento principal usam a conversão `posicao - 1` em vários casos. Contudo, há erros importantes de índice, iteração e validação, especialmente na listagem e na HotList.","submission/src/filmnow/FilmNow.java: construtor | submission/src/filmnow/FilmNow.java: método cadastraFilme | submission/src/filmnow/FilmNow.java: método getFilme | submission/src/filmnow/FilmNow.java: método filmeExiste | submission/src/filmnow/FilmNow.java: métodos getFilmes, mostrarHot, removeHot | submission/src/filmnow/FilmNow.java: métodos getFilmes e getAno | submission/src/filmnow/FilmNow.java: métodos mostrarHot e removeHot | submission/src/filmnow/FilmNow.java: método adicionaHot",high
S64,official_sample,redacted,llm,separation_of_concerns,Separation of Concerns,9,10,"A divisão geral é boa para o nível do laboratório: o `MainFilmNow` concentra entrada e saída, `FilmNow` gerencia os filmes e `Filme` define sua representação textual. Há apenas uma mistura localizada de saída e estado visual dentro das classes de domínio.","submission/src/filmnow/MainFilmNow.java: métodos menu, comando, adicionaFilme, mostrarFilmes, detalharFilme, atribuirHot, mostrarHot, removerHot | submission/src/filmnow/FilmNow.java: métodos cadastraFilme, getFilmes, getFilme, adicionaHot, mostrarHot, removeHot | submission/src/filmnow/Filme.java: método toString | submission/src/filmnow/FilmNow.java: método mostrarHot | submission/src/filmnow/Filme.java: atributo hot e método setHot",high
S64,official_sample,redacted,llm,readability_and_documentation,Readability and Documentation,7,10,"O código é compreensível em sua estrutura geral e possui Javadocs em várias classes e métodos públicos. As perdas vêm de documentação imprecisa e de trechos de implementação confusos, com nomes ambíguos, condições estranhas e inconsistências de índice que dificultam a leitura.",submission/src/filmnow/Filme.java | submission/src/filmnow/FilmNow.java | submission/src/filmnow/MainFilmNow.java | submission/src/filmnow/LeitorFilmNow.java | submission/src/filmnow/Filme.java: Javadoc do construtor | submission/src/filmnow/FilmNow.java: Javadocs de cadastraFilme e mostrarHot | submission/src/filmnow/FilmNow.java: métodos cadastraFilme e getFilmes | submission/src/filmnow/Filme.java: método getFilme,high
S65,official_sample,redacted,llm,basic_functionality,Basic Functionality,8.5,10,"A funcionalidade principal de cadastro, detalhamento e listagem básica está majoritariamente implementada. O cadastro valida posições, nome e local, permite ano vazio e impede duplicidade por nome e ano. O detalhamento também sinaliza filmes da HotList. A principal perda está na HotList, que funciona em parte, mas tem comportamentos incompatíveis em posições vazias e uma exibição incompleta em relação ao exemplo do enunciado.","submission/src/filmnow/FilmNow.java: método cadastraFilme | submission/src/filmnow/FilmNow.java: métodos detalhaFilme, addHot, popHot, getHot | submission/src/filmnow/MainFilmNow.java: métodos mostrarFilmes, exibirHotList, atribuirHot, removeHot | submission/src/filmnow/Filme.java: métodos equals e toString | submission/src/filmnow/FilmNow.java: método addHot | submission/src/filmnow/FilmNow.java: método popHot | submission/src/filmnow/MainFilmNow.java: método exibirHotList | submission/src/filmnow/MainFilmNow.java: método formataFilme",high
S65,official_sample,redacted,llm,unit_tests,Unit Tests,4,10,"Há uma quantidade significativa de testes para FilmNow e alguns testes para Filme, incluindo vários casos-limite do roteiro. Contudo, a suíte entregue contém um arquivo de teste com erro sintático, o que provavelmente impede a compilação dos testes. Além disso, os testes de Filme são bastante incompletos e alguns comportamentos de listagem e HotList não são cobertos adequadamente.","submission/testes/FilmNowTest.java: testes add1 a add10 | submission/testes/FilmNowTest.java: testes det1 a det6 | submission/testes/FilmNowTest.java: testes testAddHotSucesso, testAddHotDuplicado, testPopHot, testGetHot | submission/testes/FilmeTest.java: testes testNomeAno e testEquals | submission/testes/MainFilmNowTest.java: método testAdicionaFilme | submission/testes/FilmeTest.java | submission/testes/FilmNowTest.java | submission/src/filmnow/MainFilmNow.java: métodos mostrarFilmes e exibirHotList",high
S65,official_sample,redacted,llm,class_design,Class Design,10,10,"A submissão cria e usa as classes centrais esperadas: Filme representa a entidade com nome, ano e local; FilmNow compõe e gerencia objetos Filme; MainFilmNow está modularizado em métodos para a interação por menu. A modelagem principal está alinhada ao objetivo do laboratório.",submission/src/filmnow/Filme.java | submission/src/filmnow/FilmNow.java | submission/src/filmnow/MainFilmNow.java,high
S65,official_sample,redacted,llm,object_references,Object References and Composition,10,10,"O código demonstra uso adequado de referências e composição: FilmNow armazena objetos Filme, cria esses objetos ao cadastrar e a HotList referencia filmes existentes. O uso de static está restrito a constantes nas classes de domínio e aos métodos auxiliares da interface com main, compatíveis com a estrutura esperada do laboratório.",submission/src/filmnow/FilmNow.java: atributos filmes e hotList | submission/src/filmnow/FilmNow.java: construtor FilmNow | submission/src/filmnow/FilmNow.java: método cadastraFilme | submission/src/filmnow/FilmNow.java: método addHot,high
S65,official_sample,redacted,llm,collections_and_arrays,Collections and Arrays,10,10,"As estruturas de armazenamento atendem às restrições do laboratório: há um array de 100 posições para filmes e uma HotList de 10 posições. As posições externas de 1 a 100 e 1 a 10 são convertidas corretamente para índices internos a partir de 0, sem desperdiçar a primeira posição do array.","submission/src/filmnow/FilmNow.java: constantes TAMANHO e TAMANHO_HOT | submission/src/filmnow/FilmNow.java: construtor FilmNow | submission/src/filmnow/FilmNow.java: métodos cadastraFilme, detalhaFilme, addHot, popHot",high
S65,official_sample,redacted,llm,separation_of_concerns,Separation of Concerns,8,10,"Há separação geral entre interface, gerenciador e entidade: MainFilmNow faz entrada e saída, FilmNow gerencia cadastro/detalhamento/HotList e Filme define dados e representação detalhada. A perda ocorre porque a listagem normal e a HotList são montadas na interface a partir dos arrays e getters, em vez de serem melhor delegadas a FilmNow e Filme.","submission/src/filmnow/MainFilmNow.java: métodos menu, comando, adicionaFilme, mostrarFilmes, detalharFilme, exibirHotList | submission/src/filmnow/FilmNow.java: métodos cadastraFilme, detalhaFilme, addHot, popHot | submission/src/filmnow/Filme.java: método toString | submission/src/filmnow/MainFilmNow.java: método mostrarFilmes | submission/src/filmnow/MainFilmNow.java: método exibirHotList | submission/src/filmnow/MainFilmNow.java: método formataFilme | submission/src/filmnow/FilmNow.java: métodos getFilmes e getHot",high
S65,official_sample,redacted,llm,readability_and_documentation,Readability and Documentation,8.5,10,"O código é legível, usa nomes geralmente claros e contém Javadoc na maioria das classes e métodos públicos importantes. As perdas são localizadas: alguns métodos públicos não têm documentação, há pequenos vestígios de nomenclatura do código base e algumas descrições são superficiais ou inconsistentes.","submission/src/filmnow/Filme.java | submission/src/filmnow/FilmNow.java | submission/src/filmnow/MainFilmNow.java | submission/src/filmnow/LeitorFilmNow.java | submission/src/filmnow/Filme.java: métodos getNome, getAno, getLocal | submission/src/filmnow/MainFilmNow.java: Javadoc da classe | submission/src/filmnow/LeitorFilmNow.java: método carregaContatos",high
S66,official_sample,redacted,llm,basic_functionality,Basic Functionality,7,10,"A submissão implementa boa parte do fluxo funcional: cadastro com limite principal, substituição de posição, listagem simples, detalhamento de filmes existentes e operações básicas de HotList. A nota é reduzida por falhas materiais em casos de borda do detalhamento, fragilidade no ano vazio e validações incompletas da HotList.","submission/src/filmnow/FilmNow.java: cadastraFilme(int,String,String,String) | submission/src/filmnow/FilmNow.java: descreveFilme(int) | submission/src/filmnow/FilmNow.java: cadastraHot(int,int), removeHot(int), temHot(...) | submission/src/filmnow/MainFilmNow.java: mostrarFilmes(FilmNow), detalharFilme(FilmNow,Scanner), exibirHot(FilmNow) | submission/src/filmnow/Filme.java: Filme(String,String) | submission/src/filmnow/FilmNow.java: getFilme(int) | submission/src/filmnow/MainFilmNow.java: detalharFilme(FilmNow,Scanner) | submission/src/filmnow/FilmNow.java: cadastraHot(int,int) | submission/src/filmnow/FilmNow.java: removeHot(int) | submission/src/filmnow/MainFilmNow.java: atribuirHot(FilmNow,Scanner)",high
S66,official_sample,redacted,llm,unit_tests,Unit Tests,7,10,"Há uma suíte JUnit real para Filme e FilmNow, cobrindo vários casos importantes de cadastro, duplicidade, limites, detalhamento e HotList simples. A cobertura, porém, ainda deixa lacunas relevantes, especialmente listagem, posições vazias e regras completas da HotList; alguns testes também verificam estado interno em vez das mensagens/contratos esperados.","submission/testes/FilmeTest.java | submission/testes/FilmNowTest.java | submission/testes/FilmeTest.java: testNomeAno, testeNomeLocal, testDescricao | submission/testes/FilmNowTest.java: testes 1 a 14 | submission/testes/FilmNowTest.java: teste15, teste16",high
S66,official_sample,redacted,llm,class_design,Class Design,8,10,"A solução cria e usa as classes centrais esperadas, com Filme separado de FilmNow e uma classe MainFilmNow para interface. O projeto demonstra composição e modelagem básica adequada, mas tem inconsistências na representação de Filme e ainda deixa operações importantes do gerenciador pouco completas ou dependentes de montagem externa.","submission/src/filmnow/Filme.java | submission/src/filmnow/FilmNow.java | submission/src/filmnow/MainFilmNow.java | submission/src/filmnow/Filme.java: Filme(String,String,String) | submission/src/filmnow/Filme.java: Filme(String,String) | submission/src/filmnow/FilmNow.java: cadastraFilme(int,String,String,String) | submission/src/filmnow/FilmNow.java: getFilmes(), getHot(), cadastraHot(int,int) | submission/src/filmnow/MainFilmNow.java: mostrarFilmes(FilmNow), exibirHot(FilmNow)",high
S66,official_sample,redacted,llm,object_references,Object References and Composition,10,10,"A submissão demonstra corretamente a ideia principal de composição: FilmNow armazena referências a objetos Filme, cria esses objetos ao cadastrar e a HotList reutiliza referências aos filmes existentes. O uso de static fica restrito a constantes e à classe de interface com main, o que é aceitável neste laboratório.","submission/src/filmnow/FilmNow.java: atributos filmes e HotList | submission/src/filmnow/FilmNow.java: cadastraFilme(int,String,String,String) | submission/src/filmnow/FilmNow.java: cadastraHot(int,int) | submission/src/filmnow/MainFilmNow.java: main(String[]) | submission/src/filmnow/LeitorFilmNow.java: processaLinhaCsvFilmes(String[],FilmNow)",high
S66,official_sample,redacted,llm,collections_and_arrays,Collections and Arrays,8,10,"A estrutura de armazenamento principal é adequada: um array de 100 filmes e uma HotList de 10 posições, com conversão geral de posições de usuário para índices internos. A perda vem do uso incompleto de validações em acessos aos arrays, especialmente em getFilme e HotList.","submission/src/filmnow/FilmNow.java: TAMANHO, filmes, HotList | submission/src/filmnow/FilmNow.java: constructor FilmNow() | submission/src/filmnow/FilmNow.java: cadastraFilme(int,String,String,String) | submission/src/filmnow/FilmNow.java: getFilme(int) | submission/src/filmnow/FilmNow.java: cadastraHot(int,int) | submission/src/filmnow/FilmNow.java: removeHot(int)",high
S66,official_sample,redacted,llm,separation_of_concerns,Separation of Concerns,7,10,"Há uma separação básica entre interface, gerenciador e entidade Filme, mas a divisão não está totalmente alinhada ao contrato: a interface ainda monta listagens e detalhes a partir dos arrays, algumas regras de negócio ficam no Main ou desaparecem quando FilmNow é chamado diretamente, e Filme não concentra as representações textuais esperadas.","submission/src/filmnow/MainFilmNow.java | submission/src/filmnow/FilmNow.java | submission/src/filmnow/Filme.java | submission/src/filmnow/MainFilmNow.java: mostrarFilmes(FilmNow) | submission/src/filmnow/MainFilmNow.java: detalharFilme(FilmNow,Scanner) | submission/src/filmnow/MainFilmNow.java: exibirHot(FilmNow) | submission/src/filmnow/MainFilmNow.java: atribuirHot(FilmNow,Scanner) | submission/src/filmnow/FilmNow.java: cadastraHot(int,int) | submission/src/filmnow/Filme.java: toString() | submission/src/filmnow/MainFilmNow.java: formataFilme(int,Filme), descreveFilme(Filme) | submission/src/filmnow/FilmNow.java: descreveFilme(int)",high
S66,official_sample,redacted,llm,readability_and_documentation,Readability and Documentation,8,10,"O código é compreensível, usa nomes majoritariamente adequados e contém Javadocs em classes e métodos públicos. A nota não é máxima por inconsistências de estilo, pequenos trechos desorganizados e documentação por vezes superficial ou imprecisa.","submission/src/filmnow/Filme.java | submission/src/filmnow/FilmNow.java | submission/src/filmnow/MainFilmNow.java | submission/src/filmnow/FilmNow.java: atributo HotList | submission/src/filmnow/MainFilmNow.java: adicionaFilme(FilmNow,Scanner) | submission/src/filmnow/Filme.java: Javadocs de construtores e getters | submission/src/filmnow/FilmNow.java: Javadocs de cadastraFilme, descreveFilme, cadastraHot e removeHot",high
S67,official_sample,redacted,llm,basic_functionality,Basic Functionality,7.5,10,"A implementação cobre boa parte do fluxo principal: cadastro com validações, detalhamento, menu, listagem simples e operações básicas da HotList. As perdas vêm de casos especificados que ainda quebram ou produzem estado incorreto, especialmente ano vazio, posição válida sem filme e substituição na HotList.","submission/src/filmnow/FilmNow.java: método cadastraFilme(int, String, String, String) | submission/src/filmnow/FilmNow.java: métodos detalhaFilme(int), cadastraHot(int, int), removeHot(int) | submission/src/filmnow/Filme.java: métodos equals(Object) e toString() | submission/src/filmnow/MainFilmNow.java: métodos comando, mostrarFilmes, mostrarHotList | submission/src/filmnow/FilmNow.java: cadastraFilme chama jaExisteFilme antes de converter ano em branco para null | submission/src/filmnow/FilmNow.java: jaExisteFilme cria Filme temporário e compara com filmes existentes | submission/src/filmnow/Filme.java: equals(Object) usa this.ano.equals(oFilme.getAno()) | submission/src/filmnow/FilmNow.java: método detalhaFilme(int) | submission/src/filmnow/FilmNow.java: método cadastraHot(int, int) sobrescreve hotList[posicaoHot] sem limpar o item anterior | submission/src/filmnow/MainFilmNow.java: métodos mostrarHotList e formataFilme usam apenas filme.getNome()",high
S67,official_sample,redacted,llm,unit_tests,Unit Tests,7,10,"Há uma suíte de testes real e relativamente extensa para Filme e FilmNow, cobrindo cadastro, limites, duplicidade, detalhamento e operações básicas da HotList. A cobertura ainda deixa lacunas importantes e um caso especificado foi testado com expectativa incorreta.","submission/testes/filmnow/FilmeTest.java | submission/testes/filmnow/FilmNowTest.java | submission/src/filmnow/Filme.java: métodos getNome, getAno, getLocal, setHot, getHot, equals | submission/testes/filmnow/FilmNowTest.java: testaDetalharFilmePosicaoInvalida | submission/src/filmnow/MainFilmNow.java: mostrarFilmes | submission/testes/filmnow/FilmNowTest.java: grupo de testes de HotList | submission/src/filmnow/FilmNow.java: cadastraHot(int, int) | submission/src/filmnow/MainFilmNow.java: mostrarHotList",high
S67,official_sample,redacted,llm,class_design,Class Design,10,10,"A submissão modela explicitamente Filme e FilmNow, com composição de FilmNow por objetos Filme, além de manter uma classe de interface com main modularizada. A estrutura atende ao objetivo central de criação das classes do laboratório.",submission/src/filmnow/Filme.java | submission/src/filmnow/FilmNow.java | submission/src/filmnow/MainFilmNow.java | submission/src/filmnow/LeitorFilmNow.java: processaLinhaCsvFilmes,high
S67,official_sample,redacted,llm,object_references,Object References and Composition,9.5,10,"O código usa referências de objetos de forma adequada: FilmNow mantém arrays de Filme, cria filmes no cadastro e a HotList armazena referências aos filmes cadastrados. Há apenas um uso desnecessário de static fora do main/constantes.",submission/src/filmnow/FilmNow.java: atributos filmes e hotList | submission/src/filmnow/FilmNow.java: métodos cadastraFilme e cadastraHot | submission/src/filmnow/MainFilmNow.java: main e comando | submission/src/filmnow/FilmNow.java: método posicaoValidaHot(int),high
S67,official_sample,redacted,llm,collections_and_arrays,Collections and Arrays,10,10,"As estruturas de armazenamento atendem às restrições do laboratório: lista principal com 100 posições, HotList com 10 posições e conversão correta entre posições de usuário e índices internos.","submission/src/filmnow/FilmNow.java: constantes TAMANHO e TAMANHOHOTLIST | submission/src/filmnow/FilmNow.java: atributos filmes e hotList | submission/src/filmnow/FilmNow.java: métodos posicaoValida, posicaoValidaHot, cadastraFilme, cadastraHot, removeHot",high
S67,official_sample,redacted,llm,separation_of_concerns,Separation of Concerns,7.5,10,"Há separação razoável entre interface e lógica: MainFilmNow coleta entradas e imprime saídas, FilmNow gerencia cadastros e HotList, e Filme possui representação textual básica. A principal limitação é que parte da lógica de exibição/listagem fica espalhada entre Main, FilmNow e Filme, reduzindo a delegação esperada.","submission/src/filmnow/MainFilmNow.java: adicionaFilme, mostrarFilmes, detalharFilme, adicionaHot, removerHot, mostrarHotList | submission/src/filmnow/FilmNow.java: cadastraFilme, detalhaFilme, cadastraHot, removeHot | submission/src/filmnow/Filme.java: toString e equals | submission/src/filmnow/MainFilmNow.java: mostrarFilmes, mostrarHotList e formataFilme | submission/src/filmnow/FilmNow.java: formataFilme e detalhaFilme | submission/src/filmnow/Filme.java: toString",high
S67,official_sample,redacted,llm,readability_and_documentation,Readability and Documentation,8,10,"O código é compreensível, usa nomes majoritariamente adequados e apresenta Javadocs em muitas classes e métodos. As perdas são por documentação pública incompleta e por alguns textos/nomeações imprecisos.","submission/src/filmnow/Filme.java | submission/src/filmnow/FilmNow.java | submission/src/filmnow/MainFilmNow.java | submission/src/filmnow/LeitorFilmNow.java | submission/src/filmnow/Filme.java: métodos getNome, getAno, getLocal, setHot, getHot | submission/src/filmnow/Filme.java: Javadoc da classe e construtores | submission/src/filmnow/LeitorFilmNow.java: método carregaContatos",high
S68,official_sample,redacted,llm,basic_functionality,Basic Functionality,8,10,"A implementação central em FilmNow cobre bem cadastro, duplicidade por nome/ano, posições limite e detalhamento, inclusive ano vazio e marcação de filme hot. A HotList existe e funciona em caminhos básicos, mas tem lacunas relevantes de validação e de exibição. A integração pelo Main também apresenta inconsistências que prejudicam o uso fim a fim, embora a API principal contenha boa parte do comportamento esperado.",submission/src/filmnow/FilmNow.java::cadastraFilme | submission/src/filmnow/FilmNow.java::verificaFilme | submission/src/filmnow/FilmNow.java::detalharFilme | submission/src/filmnow/FilmNow.java::adicionarHot | submission/src/filmnow/FilmNow.java::removerHot | submission/src/filmnow/FilmNow.java::exibirHotList | submission/src/filmnow/MainFilmNow.java::detalharFilme | submission/src/filmnow/MainFilmNow.java::mostrarFilmes | submission/src/filmnow/MainFilmNow.java::formataFilme | submission/src/filmnow/MainFilmNow.java::adicionaFilme,high
S68,official_sample,redacted,llm,unit_tests,Unit Tests,8,10,"Há uma suíte relevante de testes JUnit para Filme e FilmNow, incluindo muitos casos exigidos de cadastro e detalhamento. Os testes de Filme cobrem construtor/getters, toString e equals. As principais lacunas estão na ausência de testes efetivos para listagem/mostrar todos e na cobertura muito limitada da HotList.",submission/testes/filmnow/FilmeTest.java | submission/testes/filmnow/FilmNowTest.java::testAdicionarNovoFilmeEmPosicaoVazia | submission/testes/filmnow/FilmNowTest.java::testAdicionarFilmeEmPosicaoExistente | submission/testes/filmnow/FilmNowTest.java::testAdicionarFilmeJaAdicionado | submission/testes/filmnow/FilmNowTest.java::testDetalharFilmeComTodosOsDados | submission/testes/filmnow/FilmNowTest.java::testDetalharFilmeHotList | submission/testes/filmnow/FilmNowTest.java | submission/src/filmnow/FilmNow.java::mostrarFilmes | submission/src/filmnow/FilmNow.java::adicionarHot | submission/src/filmnow/FilmNow.java::removerHot | submission/src/filmnow/FilmNow.java::exibirHotList,high
S68,official_sample,redacted,llm,class_design,Class Design,9,10,"A solução cria a classe Filme e usa FilmNow como classe gerenciadora composta por arrays de Filme, além de manter uma classe Main com métodos auxiliares. O modelo principal está adequado ao laboratório. A perda é pequena e se deve a decisões que enfraquecem encapsulamento e modelagem, sem invalidar a estrutura central.",submission/src/filmnow/Filme.java | submission/src/filmnow/FilmNow.java::filmes | submission/src/filmnow/FilmNow.java::hotList | submission/src/filmnow/FilmNow.java::cadastraFilme | submission/src/filmnow/MainFilmNow.java | submission/src/filmnow/Filme.java::posicao | submission/src/filmnow/Filme.java::getPosicao | submission/src/filmnow/FilmNow.java::setFilmes,high
S68,official_sample,redacted,llm,object_references,Object References and Composition,10,10,"O código demonstra corretamente a composição central do laboratório: FilmNow mantém referências para objetos Filme, cria filmes no cadastro e reutiliza as mesmas referências na HotList. O uso de static fica restrito a constantes e aos métodos auxiliares estáticos da classe de interface, compatíveis com o padrão do laboratório.",submission/src/filmnow/FilmNow.java::filmes | submission/src/filmnow/FilmNow.java::hotList | submission/src/filmnow/FilmNow.java::cadastraFilme | submission/src/filmnow/FilmNow.java::detalharFilme | submission/src/filmnow/Filme.java::equals,high
S68,official_sample,redacted,llm,collections_and_arrays,Collections and Arrays,10,10,"As estruturas de armazenamento atendem ao enunciado: há um array de 100 filmes e um array de 10 posições para a HotList, com conversão adequada das posições externas de 1 a 100/10 para índices internos baseados em zero. As falhas de validação da HotList foram consideradas em funcionalidade, não na escolha da estrutura de dados.",submission/src/filmnow/FilmNow.java::FILMES | submission/src/filmnow/FilmNow.java::HOTLIST | submission/src/filmnow/FilmNow.java::FilmNow | submission/src/filmnow/FilmNow.java::cadastraFilme | submission/src/filmnow/FilmNow.java::detalharFilme | submission/src/filmnow/FilmNow.java::getFilmes,high
S68,official_sample,redacted,llm,separation_of_concerns,Separation of Concerns,6,10,"A separação existe em parte: Filme representa a entidade, FilmNow concentra cadastro/detalhamento/HotList e Main contém o menu. Porém há mistura relevante entre lógica de sistema e saída no console, e o Main duplica regras de apresentação em vez de delegar consistentemente a FilmNow/Filme. Isso gera inconsistências funcionais e torna a lógica menos testável.",submission/src/filmnow/Filme.java | submission/src/filmnow/FilmNow.java | submission/src/filmnow/MainFilmNow.java | submission/src/filmnow/FilmNow.java::mostrarFilmes | submission/src/filmnow/FilmNow.java::adicionarHot | submission/src/filmnow/FilmNow.java::removerHot | submission/src/filmnow/FilmNow.java::exibirHotList | submission/src/filmnow/MainFilmNow.java::mostrarFilmes | submission/src/filmnow/MainFilmNow.java::detalharFilme | submission/src/filmnow/MainFilmNow.java::formataFilme | submission/src/filmnow/FilmNow.java::detalharFilme | submission/src/filmnow/Filme.java::toString,high
S68,official_sample,redacted,llm,readability_and_documentation,Readability and Documentation,8,10,"O código é legível, usa nomes majoritariamente compreensíveis e contém Javadocs nas classes e métodos principais. A documentação é suficiente para entender a intenção geral. As perdas vêm de inconsistências de nomenclatura, alguns nomes herdados ou imprecisos e documentação que nem sempre explica efeitos, retornos e casos de erro de forma clara.",submission/src/filmnow/Filme.java | submission/src/filmnow/FilmNow.java | submission/src/filmnow/MainFilmNow.java | submission/src/filmnow/LeitorFilmNow.java | submission/src/filmnow/LeitorFilmNow.java::carregaContatos | submission/src/filmnow/MainFilmNow.java::formataFilme | submission/src/filmnow/FilmNow.java::FILMES | submission/src/filmnow/FilmNow.java::HOTLIST | submission/src/filmnow/FilmNow.java::getFilme | submission/src/filmnow/FilmNow.java::cadastraFilme | submission/src/filmnow/FilmNow.java::adicionarHot | submission/src/filmnow/FilmNow.java::removerHot | submission/src/filmnow/FilmNow.java::exibirHotList,high
S69,official_sample,redacted,llm,basic_functionality,Basic Functionality,8,10,"A submissão implementa de forma substancial o fluxo principal: cadastro de filmes com limite de posições, verificação de duplicidade por nome e ano, detalhamento, listagem via interface e uma HotList funcional em casos simples. As perdas concentram-se em falhas de borda e na HotList, que não trata adequadamente posições sem filme, remoção inválida e substituição de itens já marcados como hot.",submission/src/filmnow/FilmNow.java::cadastraFilme | submission/src/filmnow/FilmNow.java::detalhando | submission/src/filmnow/FilmNow.java::adicionaNaHotList | submission/src/filmnow/FilmNow.java::removerHot | submission/src/filmnow/MainFilmNow.java::mostrarFilmes | submission/src/filmnow/MainFilmNow.java::mostrarHot | submission/src/filmnow/MainFilmNow.java::adicionaFilme | submission/src/filmnow/MainFilmNow.java::detalharFilme,high
S69,official_sample,redacted,llm,unit_tests,Unit Tests,4,10,"Há uma suíte real de testes para FilmNow, principalmente cobrindo cadastro e vários casos de detalhamento. Porém não há testes para a classe Filme, a listagem de filmes não é testada e a HotList é testada apenas de forma muito parcial.",submission/testes/filmnow/FilmNowTest.java::setUp | submission/testes/filmnow/FilmNowTest.java::testaCadastraFilmeEmPosicaoVazia | submission/testes/filmnow/FilmNowTest.java::testaAcimaDaPocicaoLimite | submission/testes/filmnow/FilmNowTest.java::detalhaFilmeComTodosOsDados | submission/testes/filmnow/FilmNowTest.java::detalhaFilmeHot | submission/testes/filmnow/FilmNowTest.java | submission/src/filmnow/Filme.java | submission/src/filmnow/MainFilmNow.java::mostrarFilmes | submission/src/filmnow/FilmNow.java::adicionaNaHotList | submission/src/filmnow/FilmNow.java::removerHot,high
S69,official_sample,redacted,llm,class_design,Class Design,8.5,10,"A modelagem central esperada está presente: Filme representa a entidade, FilmNow compõe arrays de Filme e MainFilmNow está separado como interface textual. As perdas vêm de inconsistências de API e de um contrato Java de igualdade parcialmente incorreto.",submission/src/filmnow/Filme.java | submission/src/filmnow/FilmNow.java::filmes | submission/src/filmnow/FilmNow.java::hotList | submission/src/filmnow/MainFilmNow.java::main | submission/src/filmnow/MainFilmNow.java::comando | submission/src/filmnow/FilmNow.java::getFilme | submission/src/filmnow/FilmNow.java::cadastraFilme | submission/src/filmnow/FilmNow.java::adicionaNaHotList | submission/src/filmnow/Filme.java::equals | submission/src/filmnow/Filme.java::hashCode,high
S69,official_sample,redacted,llm,object_references,Object References and Composition,9,10,"A solução demonstra bom uso de composição e criação de objetos: FilmNow cria e mantém referências para objetos Filme, e o uso de static fica essencialmente restrito à interface e constantes. A principal perda é uma exposição direta de referência interna da HotList.",submission/src/filmnow/FilmNow.java::cadastraFilme | submission/src/filmnow/FilmNow.java::filmes | submission/src/filmnow/FilmNow.java::hotList | submission/src/filmnow/Filme.java::setHot | submission/src/filmnow/FilmNow.java::detalhando | submission/src/filmnow/FilmNow.java::getHotList | submission/src/filmnow/MainFilmNow.java::mostrarHot,high
S69,official_sample,redacted,llm,collections_and_arrays,Collections and Arrays,10,10,"A solução usa arrays fixos com os tamanhos exigidos, mapeia corretamente as posições de usuário para índices internos na maior parte das operações principais e respeita os limites de 100 filmes e 10 itens na HotList como estrutura de armazenamento.",submission/src/filmnow/FilmNow.java::TAMANHO | submission/src/filmnow/FilmNow.java::TAMANHOHOT | submission/src/filmnow/FilmNow.java::cadastraFilme | submission/src/filmnow/MainFilmNow.java::mostrarFilmes,high
S69,official_sample,redacted,llm,separation_of_concerns,Separation of Concerns,7,10,"Há uma separação razoável: MainFilmNow cuida da interação com usuário, FilmNow cadastra e gerencia filmes, e Filme representa os dados e o detalhamento. Entretanto, a interface ainda conhece e percorre arrays internos para listar, e parte da formatação que poderia pertencer ao domínio fica no Main.",submission/src/filmnow/MainFilmNow.java::adicionaFilme | submission/src/filmnow/MainFilmNow.java::mostrarFilmes | submission/src/filmnow/FilmNow.java::cadastraFilme | submission/src/filmnow/FilmNow.java::detalhando | submission/src/filmnow/Filme.java::toString | submission/src/filmnow/MainFilmNow.java::mostrarHot | submission/src/filmnow/FilmNow.java::getFilmes | submission/src/filmnow/FilmNow.java::getHotList | submission/src/filmnow/MainFilmNow.java::formataFilme | submission/src/filmnow/Filme.java::getNome,high
S69,official_sample,redacted,llm,readability_and_documentation,Readability and Documentation,7.5,10,"O código é compreensível, usa nomes majoritariamente claros e possui Javadocs em boa parte das classes e métodos principais. A documentação ainda é incompleta em métodos públicos simples e há inconsistências de nomenclatura, pequenos erros de escrita e comentários genéricos.",submission/src/filmnow/Filme.java | submission/src/filmnow/FilmNow.java | submission/src/filmnow/MainFilmNow.java | submission/src/filmnow/LeitorFilmNow.java | submission/src/filmnow/Filme.java::getNome | submission/src/filmnow/Filme.java::getAno | submission/src/filmnow/Filme.java::getLocal | submission/src/filmnow/Filme.java::getHot | submission/src/filmnow/Filme.java::setHot | submission/src/filmnow/FilmNow.java::detalhando | submission/testes/filmnow/FilmNowTest.java::testaPocicaoLimite | submission/src/filmnow/Filme.java::class Javadoc,high
S70,official_sample,redacted,llm,basic_functionality,Basic Functionality,8,10,"A submissão implementa o fluxo principal de cadastro, detalhamento, listagem via interface e manipulação da HotList com comportamento majoritariamente correto. As perdas se concentram em casos especificados de formatação/retorno no detalhamento sem ano e em alguns casos da HotList, sem comprometer o funcionamento geral do sistema.",submission/src/filmnow/FilmNow.java::cadastraFilme | submission/src/filmnow/FilmNow.java::detalharFilme | submission/src/filmnow/FilmNow.java::adicionaHot | submission/src/filmnow/FilmNow.java::removeHot | submission/src/filmnow/MainFilmNow.java::mostrarFilmes | submission/src/filmnow/MainFilmNow.java::exibirHotList | submission/src/filmnow/Filme.java::toString | submission/testes/filmnow/filmNowTest.java::testDetalharFilmeSemAno | submission/testes/filmnow/filmNowTest.java::testAdicionaHotPosicaoSemFilme | submission/testes/filmnow/filmNowTest.java::testAdicionaHotFilmeExistenteNaHotlist,high
S70,official_sample,redacted,llm,unit_tests,Unit Tests,8,10,"Há uma suíte JUnit ampla para Filme e FilmNow, cobrindo muitos casos normais, limites e erros do roteiro. A nota não é máxima porque alguns comportamentos especificados não são testados, e pelo menos um teste consolida uma saída contrária ao enunciado para ano vazio.",submission/testes/filmnow/filmeTest.java | submission/testes/filmnow/filmNowTest.java | submission/testes/filmnow/filmNowTest.java::testDetalharFilmeSemAno | submission/src/filmnow/Filme.java::toString | submission/src/filmnow/MainFilmNow.java::mostrarFilmes | submission/testes/filmnow/filmNowTest.java::testRemoveHot | submission/testes/filmnow/filmNowTest.java::testAdicionaHot | submission/src/filmnow/FilmNow.java::adicionaHot | submission/src/filmnow/MainFilmNow.java::exibirHotList,high
S70,official_sample,redacted,llm,class_design,Class Design,9,10,"A solução cria as classes centrais esperadas e modela Filme e FilmNow com composição de forma clara. A perda é pequena e decorre de escolhas de modelagem menos robustas, não da ausência das classes ou da estrutura principal.",submission/src/filmnow/Filme.java | submission/src/filmnow/FilmNow.java | submission/src/filmnow/MainFilmNow.java | submission/src/filmnow/LeitorFilmNow.java::processaLinhaCsvFilmes | submission/src/filmnow/Filme.java::hot | submission/src/filmnow/Filme.java::setHot | submission/src/filmnow/Filme.java::setNome | submission/src/filmnow/Filme.java::setAno | submission/src/filmnow/Filme.java::setLocal,high
S70,official_sample,redacted,llm,object_references,Object References and Composition,10,10,A submissão demonstra composição entre FilmNow e Filme e cria objetos de forma adequada. Não há uso problemático de estado estático nas classes de domínio; os atributos estáticos relevantes são constantes.,submission/src/filmnow/FilmNow.java::filmes | submission/src/filmnow/FilmNow.java::filmesHots | submission/src/filmnow/FilmNow.java::cadastraFilme | submission/src/filmnow/FilmNow.java::adicionaHot | submission/src/filmnow/FilmNow.java::TAMANHO | submission/src/filmnow/FilmNow.java::TAMANHOHOT,high
S70,official_sample,redacted,llm,collections_and_arrays,Collections and Arrays,10,10,A solução usa arrays de forma adequada para os dois limites do problema: 100 filmes no sistema e 10 posições na HotList. As posições informadas pelo usuário são convertidas corretamente para índices internos.,submission/src/filmnow/FilmNow.java::TAMANHO | submission/src/filmnow/FilmNow.java::TAMANHOHOT | submission/src/filmnow/FilmNow.java::filmes | submission/src/filmnow/FilmNow.java::filmesHots | submission/src/filmnow/FilmNow.java::cadastraFilme | submission/src/filmnow/FilmNow.java::detalharFilme | submission/src/filmnow/FilmNow.java::adicionaHot | submission/src/filmnow/FilmNow.java::removeHot,high
S70,official_sample,redacted,llm,separation_of_concerns,Separation of Concerns,7,10,"A separação geral entre interface, gerenciador e entidade existe: MainFilmNow lida com entrada/saída, FilmNow cadastra e gerencia filmes, e Filme representa os dados. A principal perda está no fato de a interface acessar arrays e montar listagens diretamente, em vez de delegar melhor a lógica de apresentação de listas ao domínio.",submission/src/filmnow/MainFilmNow.java::comando | submission/src/filmnow/MainFilmNow.java::adicionaFilme | submission/src/filmnow/MainFilmNow.java::detalharFilme | submission/src/filmnow/FilmNow.java::cadastraFilme | submission/src/filmnow/FilmNow.java::detalharFilme | submission/src/filmnow/FilmNow.java::adicionaHot | submission/src/filmnow/Filme.java::toString | submission/src/filmnow/Filme.java::equals | submission/src/filmnow/MainFilmNow.java::mostrarFilmes | submission/src/filmnow/MainFilmNow.java::formataFilme | submission/src/filmnow/MainFilmNow.java::exibirHotList | submission/src/filmnow/FilmNow.java::getFilmes | submission/src/filmnow/FilmNow.java::getHotList,high
S70,official_sample,redacted,llm,readability_and_documentation,Readability and Documentation,8,10,"O código é legível, com nomes em geral compreensíveis e Javadocs em várias classes e métodos públicos importantes. As perdas vêm de documentação incompleta ou imprecisa em pontos públicos e de alguns nomes herdados/inconsistentes que reduzem a clareza.",submission/src/filmnow/Filme.java | submission/src/filmnow/FilmNow.java | submission/src/filmnow/MainFilmNow.java | submission/src/filmnow/LeitorFilmNow.java | submission/src/filmnow/Filme.java::getNome | submission/src/filmnow/Filme.java::setNome | submission/src/filmnow/Filme.java::getAno | submission/src/filmnow/Filme.java::setAno | submission/src/filmnow/Filme.java::getLocal | submission/src/filmnow/Filme.java::setLocal | submission/src/filmnow/FilmNow.java::adicionaHot | submission/src/filmnow/LeitorFilmNow.java::carregaContatos,high
S71,official_sample,redacted,llm,basic_functionality,Basic Functionality,7,10,"A submissão implementa a maior parte do fluxo básico com Filme, FilmNow e HotList: adiciona filmes, detecta duplicidade por nome e ano, detalha filmes e marca/desmarca hot. Ainda há falhas funcionais relevantes em posições limite, no retorno/mensagem do fluxo de adição e em validações da HotList.","submission/src/filmnow/FilmNow.java: verificaFilme, cadastraFilme, detalhaFilme, cadastraFilmeHotList, removeHotList | submission/src/filmnow/Filme.java: nomeAno, toString, equals | submission/src/filmnow/MainFilmNow.java: comando, adicionaFilme, mostrarFilmes, detalharFilme, atribuirHot, removerHot, exibirHotList | submission/src/filmnow/FilmNow.java: cadastraFilme usa filme[posicao] | submission/src/filmnow/FilmNow.java: getFilme usa filme[posicao] | submission/src/filmnow/FilmNow.java: cadastraFilmeHotList usa hotList[posicaohot] | submission/src/filmnow/FilmNow.java: verificaFilme aceita posicao == 100 | submission/src/filmnow/MainFilmNow.java: adicionaFilme | submission/src/filmnow/FilmNow.java: cadastraFilme | submission/src/filmnow/FilmNow.java: verificaFilme | submission/src/filmnow/FilmNow.java: verificaFilmeHot | submission/src/filmnow/FilmNow.java: removeHotList | submission/src/filmnow/MainFilmNow.java: atribuirHot | submission/src/filmnow/MainFilmNow.java: exibirHotList",high
S71,official_sample,redacted,llm,unit_tests,Unit Tests,7,10,"Há uma suíte real de testes para Filme e FilmNow, cobrindo igualdade, validações de adição, detalhamento e parte da HotList. A cobertura é, porém, incompleta em construtor/acessores, listagem, casos limite efetivos e cenários inválidos da HotList.","submission/testes/FilmeTest.java: testEquals, testEqualsLocal, testEqualsAnosDiferentes, testEqualsNomesDiferentes, testHashcode | submission/testes/FilmNowTest.java: testPosicaoVazia, testJaAdicionado, testLocalDiferente, testAcimaLimite, testAbaixoLimite, testFilmeSemNome | submission/testes/FilmNowTest.java: testDetalha, testDetalhaSemLocal, testDetalhaSemFilme, testDetalhaHot | submission/testes/FilmNowTest.java: testAtribuirHot, testRemoverHot, testHotPosicaoExistente, testHotExistente | submission/testes/FilmeTest.java | submission/src/filmnow/Filme.java: toString, getNome, getAno, getLocal | submission/testes/FilmNowTest.java: testPosicaoLimite | submission/testes/FilmNowTest.java: testPosicaoVazia | submission/testes/FilmNowTest.java: ausência de testes de mostrar/listar todos | submission/testes/FilmNowTest.java: testAtribuirHot, testRemoverHot, testHotExistente | submission/src/filmnow/FilmNow.java: verificaFilmeHot, removeHotList",high
S71,official_sample,redacted,llm,class_design,Class Design,9,10,"A solução modela adequadamente Filme, FilmNow e MainFilmNow, com composição entre FilmNow e objetos Filme. A perda é pequena porque a interface pública de FilmNow fica menos coesa ao separar verificação e cadastro e ao expor detalhes de armazenamento.","submission/src/filmnow/Filme.java | submission/src/filmnow/FilmNow.java | submission/src/filmnow/MainFilmNow.java | submission/src/filmnow/LeitorFilmNow.java: processaLinhaCsvFilmes | submission/src/filmnow/FilmNow.java: verificaFilme, cadastraFilme, getFilmes, getHotList | submission/src/filmnow/MainFilmNow.java: mostrarFilmes, exibirHotList",high
S71,official_sample,redacted,llm,object_references,Object References and Composition,9,10,"A composição principal está correta: FilmNow cria e armazena objetos Filme, e a HotList reutiliza referências aos mesmos filmes para refletir o estado hot. A dedução se concentra no vazamento de referências internas mutáveis.","submission/src/filmnow/FilmNow.java: atributos filme e hotList | submission/src/filmnow/FilmNow.java: cadastraFilme, cadastraFilmeHotList | submission/src/filmnow/Filme.java: atributo hot, setHot, toString | submission/src/filmnow/MainFilmNow.java: main e métodos estáticos de interface | submission/src/filmnow/FilmNow.java: getFilmes | submission/src/filmnow/FilmNow.java: getHotList",high
S71,official_sample,redacted,llm,collections_and_arrays,Collections and Arrays,8,10,"A solução usa arrays com os tamanhos exigidos para filmes e HotList, mas há erro sistemático de indexação ao tratar posições de usuário como índices internos, o que afeta os limites obrigatórios.","submission/src/filmnow/FilmNow.java: constantes TAMANHO e TAMANHOHOTLIST | submission/src/filmnow/FilmNow.java: atributos filme e hotList | submission/src/filmnow/MainFilmNow.java: mostrarFilmes, exibirHotList | submission/src/filmnow/FilmNow.java: cadastraFilmeHotList | submission/src/filmnow/FilmNow.java: cadastraFilme | submission/src/filmnow/FilmNow.java: getFilme | submission/src/filmnow/FilmNow.java: detalhaFilme | submission/src/filmnow/FilmNow.java: removeHotList",high
S71,official_sample,redacted,llm,separation_of_concerns,Separation of Concerns,8,10,"Há separação geral entre interface, gerente e entidade: Main lida com entrada/saída, FilmNow mantém os filmes e Filme formata seus dados. Ainda assim, Main conhece demais a estrutura interna para listar filmes e HotList, e parte das regras fica espalhada entre Main e FilmNow.","submission/src/filmnow/MainFilmNow.java: menu, comando, adicionaFilme, detalharFilme | submission/src/filmnow/FilmNow.java: verificaFilme, detalhaFilme, cadastraFilmeHotList | submission/src/filmnow/Filme.java: nomeAno, toString | submission/src/filmnow/MainFilmNow.java: mostrarFilmes | submission/src/filmnow/MainFilmNow.java: exibirHotList | submission/src/filmnow/MainFilmNow.java: adicionaFilme | submission/src/filmnow/FilmNow.java: getFilmes, getHotList, verificaFilme, cadastraFilme",high
S71,official_sample,redacted,llm,readability_and_documentation,Readability and Documentation,8,10,"O código é em geral legível, com nomes compreensíveis e Javadocs em várias classes e métodos. Há, contudo, documentação desigual e alguns problemas de estilo/clareza que tornam a manutenção mais difícil.","submission/src/filmnow/Filme.java | submission/src/filmnow/FilmNow.java | submission/src/filmnow/MainFilmNow.java | submission/src/filmnow/LeitorFilmNow.java | submission/src/filmnow/Filme.java: getters e setters | submission/src/filmnow/FilmNow.java: getHotList | submission/src/filmnow/FilmNow.java: comentários dos atributos filme e hotList | submission/src/filmnow/FilmNow.java: atributo filme | submission/src/filmnow/FilmNow.java: cadastraFilmeHotList, removeHotList | submission/src/filmnow/Filme.java: nomeAno",high
S72,official_sample,redacted,llm,basic_functionality,Basic Functionality,8,10,"A submissão implementa o fluxo principal de cadastro, detalhamento e parte da HotList com comportamento coerente em cenários comuns. A adição valida limites, nome e local vazios, permite ano vazio e substituição de posição. O detalhamento funciona, inclusive com marcação de filme hot. As perdas vêm principalmente da comparação incorreta de ano no equals, que torna a detecção de duplicados não confiável fora de literais, e da HotList sem validações de posição/filme inexistente.",submission/src/filmnow/FilmNow.java::cadastraFilme | submission/src/filmnow/FilmNow.java::detalhaFilme | submission/src/filmnow/FilmNow.java::adicionaHot | submission/src/filmnow/FilmNow.java::removeHot | submission/src/filmnow/MainFilmNow.java::mostrarFilmes | submission/src/filmnow/MainFilmNow.java::exibirHot | submission/src/filmnow/Filme.java::toString | submission/src/filmnow/Filme.java::equals | submission/src/filmnow/FilmNow.java::checaIgual | submission/src/filmnow/MainFilmNow.java::formataFilme,high
S72,official_sample,redacted,llm,unit_tests,Unit Tests,6.5,10,"Há uma suíte real de JUnit para Filme e FilmNow, com bons testes de cadastro, limites de posição, detalhes e ano vazio. Entretanto, os testes da classe Filme não cobrem igualdade, e os testes da classe FilmNow deixam lacunas relevantes em listagem e HotList, especialmente remoção, exibição, duplicidade na HotList e entradas inválidas.",submission/testes/filmnow/FilmNowTest.java | submission/testes/filmnow/FilmeTest.java | submission/testes/filmnow/FilmNowTest.java::testCadastraFilmePosicaoAcima | submission/testes/filmnow/FilmNowTest.java::testCadastraFilmeJaCadastrado | submission/testes/filmnow/FilmNowTest.java::testDetalhaFilmeHotlist | submission/testes/filmnow/FilmeTest.java::testToStringAnoVazio | submission/src/filmnow/Filme.java::equals | submission/src/filmnow/FilmNow.java::adicionaHot | submission/src/filmnow/FilmNow.java::removeHot | submission/src/filmnow/MainFilmNow.java::mostrarFilmes,high
S72,official_sample,redacted,llm,class_design,Class Design,9,10,"O desenho principal está bem alinhado ao laboratório: há uma classe Filme com nome, ano, local e comportamento textual; FilmNow compõe arrays de Filme e gerencia cadastro e HotList; MainFilmNow permanece como interface textual modularizada. A principal perda é que parte da representação resumida para listagens não foi bem modelada na entidade ou no gerenciador, deixando a interface conhecer detalhes de formatação e limitando a coesão do modelo.",submission/src/filmnow/Filme.java | submission/src/filmnow/FilmNow.java | submission/src/filmnow/MainFilmNow.java | submission/src/filmnow/LeitorFilmNow.java::processaLinhaCsvFilmes | submission/src/filmnow/Filme.java::toString | submission/src/filmnow/Filme.java::getNome | submission/src/filmnow/MainFilmNow.java::formataFilme,high
S72,official_sample,redacted,llm,object_references,Object References and Composition,9,10,"A solução demonstra boa compreensão de composição: FilmNow armazena referências para objetos Filme e a HotList reutiliza as mesmas referências, de modo que a marcação hot aparece no detalhamento. O uso de objetos é adequado no fluxo principal. A perda se concentra no uso incorreto de referência em comparação de String no equals.",submission/src/filmnow/FilmNow.java::filmes | submission/src/filmnow/FilmNow.java::hotlist | submission/src/filmnow/FilmNow.java::cadastraFilme | submission/src/filmnow/FilmNow.java::adicionaHot | submission/src/filmnow/MainFilmNow.java::main | submission/src/filmnow/Filme.java::equals,high
S72,official_sample,redacted,llm,collections_and_arrays,Collections and Arrays,8.5,10,"A implementação usa arrays de arrays de tamanho fixo para os requisitos centrais: 100 filmes e 10 posições de HotList, com mapeamento correto de posições do usuário para índices internos. A perda ocorre porque algumas operações públicas acessam arrays sem validação de limites e nulidade, principalmente na HotList.",submission/src/filmnow/FilmNow.java::TAMANHO | submission/src/filmnow/FilmNow.java::TAMANHOHOTLIST | submission/src/filmnow/FilmNow.java::filmes | submission/src/filmnow/FilmNow.java::hotlist | submission/src/filmnow/FilmNow.java::cadastraFilme | submission_refs adicionais: submission/src/filmnow/MainFilmNow.java::mostrarFilmes | submission/src/filmnow/FilmNow.java::getFilme | submission/src/filmnow/FilmNow.java::existeFilme | submission/src/filmnow/FilmNow.java::adicionaHot | submission/src/filmnow/FilmNow.java::removeHot,high
S72,official_sample,redacted,llm,separation_of_concerns,Separation of Concerns,7.5,10,"A separação geral é razoável: MainFilmNow lida com entrada e saída, FilmNow concentra cadastro, detalhamento e HotList, e Filme representa dados e detalhes textuais. Ainda assim, a listagem e a formatação resumida ficam excessivamente na interface, que acessa arrays e decide como imprimir filmes e HotList; isso reduz a coesão do modelo e dificulta testes de unidade dessas funcionalidades.",submission/src/filmnow/MainFilmNow.java::adicionaFilme | submission/src/filmnow/MainFilmNow.java::mostrarFilmes | submission/src/filmnow/MainFilmNow.java::exibirHot | submission/src/filmnow/FilmNow.java::cadastraFilme | submission/src/filmnow/FilmNow.java::detalhaFilme | submission/src/filmnow/Filme.java::toString | submission/src//filmnow/MainFilmNow.java::exibirHot | submission/src/filmnow/MainFilmNow.java::formataFilme | submission/src/filmnow/FilmNow.java::getFilmes | submission/src/filmnow/FilmNow.java::getHot,high
S72,official_sample,redacted,llm,readability_and_documentation,Readability and Documentation,8,10,"O código é compreensível, com nomes majoritariamente adequados e Javadocs em classes e métodos públicos. A organização é compatível com o laboratório. As perdas são por documentação incompleta ou imprecisa em alguns pontos e por trechos de implementação com aninhamento e validações pouco centralizadas, que reduzem clareza e manutenção.",submission/src/filmnow/Filme.java | submission/src/filmnow/FilmNow.java | submission/src/filmnow/MainFilmNow.java | submission/src/filmnow/LeitorFilmNow.java | submission/src/filmnow/FilmNow.java::checaIgIgual | submission/src/filmnow/FilmNow.java::getFilme | submission/src/filmnow/LeitorFilmNow.java::carregaContatos | submission/src/filmnow/FilmNow.java::cadastraFilme | submission/src/filmnow/FilmNow.java::detalhaFilme | submission/src/filmnow/FilmNow.java::adicionaHot | submission/src/filmnow/FilmNow.java::removeHot,high
S73,official_sample,redacted,llm,basic_functionality,Basic Functionality,4.5,10,"Há implementação parcial das operações principais: filmes podem ser armazenados, sobrescritos, listados por nome, detalhados e marcados como hot em alguns casos. Porém, a validação de posições, mensagens, duplicidade, ano vazio e várias regras da HotList estão incorretas ou fora da classe de sistema, o que impede aderência consistente à especificação.","submission/src/filmnow/FilmNow.java: atributos `filmes` e `hotList` | submission/src/filmnow/FilmNow.java: métodos `cadastraFilme`, `getNomes`, `detalharFilmeIsHot`, `cadastraHot`, `removeHot` | submission/src/filmnow/MainFilmNow.java: métodos `adicionaFilme`, `mostrarFilmes`, `detalharFilme`, `exibirHot`, `atribuirHot`, `removerHot` | submission/src/filmnow/FilmNow.java: `cadastraFilme(int posicao, String nome, int ano, String local)` | submission/src/filmnow/MainFilmNow.java: `adicionaFilme(FilmNow fn, Scanner scanner)` | submission/src/filmnow/FilmNow.java: `existeFilme(String nome, int ano)` | submission/src/filmnow/MainFilmNow.java: `mostrarFilmes` e `formataFilme` | submission/src/filmnow/MainFilmNow.java: `detalharFilme` | submission/src/filmnow/FilmNow.java: `detalharFilmeIsHot(int posicao)` | submission/src/filmnow/FilmNow.java: atributo `hotList` | submission/src/filmnow/FilmNow.java: `cadastraHot`, `getNomesHot`, `getAnoHot`, `removeHot` | submission/src/filmnow/MainFilmNow.java: `atribuirHot`, `exibirHot`, `removerHot`",high
S73,official_sample,redacted,llm,unit_tests,Unit Tests,2.0,10,"Há uma suíte JUnit com testes independentes para alguns métodos de `FilmNow`, incluindo cadastro, sobrescrita, limites simples, detalhamento e um caso hot. Entretanto, não há testes de `Filme`, muitos testes validam comportamentos contrários à especificação e a cobertura de listagem e HotList é bastante incompleta.","submission/teste/FilmNowTest.java: classe `FilmNowTest` | submission/teste/FilmNowTest.java: métodos `testAdicionarPosicaoVazia`, `testAdicionarPosicaoExistente`, `testAdicionarAcimaLimite`, `testDetalharFilmeHotList` | submission/src/filmnow: ausência de `Filme.java` | submission/teste/FilmNowTest.java: única suíte de testes entregue | submission/teste/FilmNowTest.java: `testAdicionarAdicionado` | submission/teste/FilmNowTest.java: `testAdicionarMesmoNomeAnoLocal` | submission/teste/FilmNowTest.java: `testAdicionarLocalVazio` | submission/teste/FilmNowTest.java: `testAdicionarNomeVazio` | submission/teste/FilmNowTest.java: ausência de testes para `getNomes`, `getNomesHot`, `getAnoHot` e `removeHot` | submission/teste/FilmNowTest.java: `testDetalharFilmeHotList`",high
S73,official_sample,redacted,llm,class_design,Class Design,4.0,10,"A submissão mantém uma classe `FilmNow` com responsabilidades de sistema e uma interface `MainFilmNow` modularizada. Contudo, não cria a classe `Filme` nem um equivalente orientado a objetos; os filmes são representados por matrizes de `String`, o que compromete a modelagem central esperada no laboratório.",submission/src/filmnow/FilmNow.java | submission/src/filmnow/MainFilmNow.java | submission/src/filmnow/LeitorFilmNow.java | submission/src/filmnow: ausência de `Filme.java` | submission/src/film/FilmNow.java: uso de `String[][]` para representar filmes | submission/src/filmnow/FilmNow.java: atributos `private String[][] filmes` e `private String[][] hotList`,high
S73,official_sample,redacted,llm,object_references,Object References and Composition,6.5,10,"O código evita estado estático indevido nas classes de domínio e instancia `FilmNow` e `LeitorFilmNow` de forma comum. Porém, a composição principal com objetos `Filme` não existe, e há exposição/aliasing de estruturas internas que fragiliza o uso de referências.","submission/src/filmnow/FilmNow.java: constantes `TAMANHO_LISTA` e `TAMANHO_COLUNA` | submission/src/filmnow/MainFilmNow.java: `main` e `carregaFilmes` | submission/src/filmnow/FilmNow.java: `cadastraFilme` | submission/src/filmnow/FilmNow.java: atributos `filmes` e `hotList` | submission/src/filmnow/FilmNow.java: `getHotList()` | submission/src/filmnow/FilmNow.java: `cadastraHot(int posicaoFilme, int posicaoHot)`",high
S73,official_sample,redacted,llm,collections_and_arrays,Collections and Arrays,6.0,10,"A submissão usa uma matriz para armazenar até 100 filmes e consegue percorrer a estrutura para obter nomes e anos. Ainda assim, a estrutura da HotList não respeita o limite de 10 posições, a convenção de posições está incompatível com o enunciado e a remoção pode corromper a estrutura interna.","submission/src/filmnow/FilmNow.java: `private String[][] filmes = new String[TAMANHO_LISTA][TAMANHO_COLUNA]` | submission/src/filmnow/FilmNow.java: `getNomes`, `getNomesHot`, `getAnoHot` | submission/src/filmnow/FilmNow.java: `cadastraFilme`, `cadastraHot` | submission/src/filmnow/FilmNow.java: atributo `hotList` | submission/src/filmnow/FilmNow.java: `cadastraHot` | submission/src/filmnow/MainFilmNow.java: `atribuirHot` | submission/src/filmnow/FilmNow.java: `cadastraFilme` | submission/src/filmnow/FilmNow.java: `getFilme` | submission/src/filmnow/MainFilmNow.java: `adicionaFilme` | submission/src/filmnow/FilmNow.java: `removeHot` | submission/src/filmnow/FilmNow.java: `getNomesHot` | submission/src/filmnow/FilmNow.java: `getAnoHot`",high
S73,official_sample,redacted,llm,separation_of_concerns,Separation of Concerns,4.0,10,"Há alguma separação entre interface, leitura de arquivo e classe de sistema, e o menu está dividido em métodos. Porém, regras de negócio importantes ficam no `Main`, a classe `FilmNow` não encapsula corretamente as validações, não existe `Filme` para cuidar da representação de um filme e a classe de sistema chega a imprimir mensagem diretamente.","submission/src/filmnow/MainFilmNow.java: `menu`, `comando`, `adicionaFilme`, `mostrarFilmes`, `detalharFilme` | submission/src/filmnow/FilmNow.java: métodos de cadastro, consulta e HotList | submission/src/filmnow/LeitorFilmNow.java | submission/src/filmnow/MainFilmNow.java: `adicionaFilme`, `atribuirHot`, `removerHot` | submission/src/filmnow/FilmNow.java: `cadastraFilme`, `cadastraHot` | submission/src/filmnow/MainFilmNow.java: `formataFilme` | submission/src/filmnow/FilmNow.java: `detalharFilmeIsHot` | submission/src/filmnow: ausência de `Filme.java` | submission/src/filmnow/FilmNow.java: `removeHot(int posicaoHot)`",high
S73,official_sample,redacted,llm,readability_and_documentation,Readability and Documentation,6.0,10,"O código é em geral compreensível, com nomes de métodos majoritariamente descritivos e Javadocs em várias operações públicas. As perdas vêm de documentação imprecisa, inconsistências de nomenclatura e estrutura interna baseada em matrizes cruas que dificulta entender e manter as regras.","submission/src/filmnow/FilmNow.java | submission/src/filmnow/MainFilmNow.java | submission/src/filmnow/LeitorFilmNow.java | submission/src/filmnow/FilmNow.java: Javadoc de `cadastraHot`, `removeHot`, `detalharFilmeIsHot` | submission/src/filmnow/MainFilmNow.java: Javadoc de `carregaFilmes` | submission/src/filmnow/FilmNow.java: comentários de `detalharFilmeIsHot` e `cadastraFilme` | submission/src/filmnow/MainFilmNow.java: `adicionaFilme`, `atribuirHot` | submission/src/filmnow/FilmNow.java: uso recorrente de `filmes[i][0]`, ` `filmes[i][1]`, `filmes[i][2]` e campos equivalentes de `hotList`",high
S74,official_sample,redacted,llm,basic_functionality,Basic Functionality,6,10,"A submissão implementa todas as funcionalidades principais em algum grau: cadastro, listagem, detalhamento e HotList existem e operam sobre objetos Filme. Entretanto, há falhas funcionais relevantes em igualdade de filmes, formatos de exibição, tratamento de posição vazia no detalhamento e validações da HotList.","submission/src/filmnow/FilmNow.java: método cadastraFilme(int, Filme) | submission/src/filmnow/FilmNow.java: método mostrarTodos() | submission/src/filmnow/FilmNow.java: método detalharFilme(int) | submission/src/filmnow/FilmNow.java: métodos adicionarHot(int, int), exibirHotList(), removerHot(int) | submission/src/filmnow/Filme.java: método equals(Object) e toString() | submission/src/filmnow/Filme.java: método equals(Object) compara ano, local e nome | submission/src/filmnow/FilmNow.java: método cadastraFilme(int, Filme) usa filme.equals(novoFilme) para detectar duplicidade | submission/src/filmnow/Filme.java: método toString() retorna ""Filme [nome=..., ano=..., local=...]"" | submission/src/filmnow/FilmNow.java: método mostrarTodos() imprime ""posição - "" + filmes[i] | submission/src/filmnow/FilmNow.java: método detalharFilme(int) imprime POSIÇÃO INVÁLIDA! também quando filmes[posicao - 1] == null | submission/src/filmnow/FilmNow.java: método adicionarHot(int, int) acessa filmes[posicaoFilme - 1] sem validar posicaoFilme | submission/src/filmnow/FilmNow.java: método adicionarHot(int, int) imprime FILME NAO EXISTE e FILME JA NA HOTLIST | submission/src/filmnow/FilmNow.java: método exibirHotList() imprime hotList[i] usando Filme.toString()",high
S74,official_sample,redacted,llm,unit_tests,Unit Tests,0,10,"Não há arquivos de teste na submissão, portanto não há evidência de testes JUnit para Filme nem para FilmNow.","Pacote informado: Test file count = 0 | Árvore de arquivos contém apenas submission/src/filmnow/Filme.java, FilmNow.java, LeitorFilmNow.java e MainFilmNow.java | Source Tree sem diretório ou arquivos de teste",high
S74,official_sample,redacted,llm,class_design,Class Design,8,10,"A solução cria uma classe Filme separada, mantém FilmNow como gerenciador com composição de filmes e possui uma classe MainFilmNow modularizada. A principal perda vem da modelagem incompleta dos comportamentos de domínio de Filme, especialmente igualdade e representação textual.","submission/src/filmnow/Filme.java: classe Filme | submission/src/filmnow/FilmNow.java: atributos Filme[] filmes e Filme[] hotList | submission/src/filmnow/MainFilmNow.java: métodos main, adicionarFilme, detalharFilme, atribuirHot e removerHot | submission/src/filmnow/Filme.java: métodos equals(Object), hashCode() e toString()",high
S74,official_sample,redacted,llm,object_references,Object References and Composition,10,10,"A submissão demonstra corretamente o uso de referências de objetos: FilmNow compõe arrays de Filme, a HotList referencia objetos Filme e não há uso indevido relevante de atributos estáticos fora de constantes.",submission/src/filmnow/FilmNow.java: constantes MAX_FILMES e MAX_HOTLIST | submission/src/filmnow/FilmNow.java: atributos Filme[] filmes e Filme[] hotList | submission/src/filmnow/MainFilmNow.java: criação de new FilmNow() e new Filme(...) | submission/src/filmnow/LeitorFilmNow.java: criação de new Filme(...),high
S74,official_sample,redacted,llm,collections_and_arrays,Collections and Arrays,10,10,"As estruturas de armazenamento seguem diretamente as restrições do lab: há um array de 100 filmes e uma HotList de 10 posições, com mapeamento de posições de usuário para índices internos por posicao - 1.","submission/src/filmnow/FilmNow.java: constantes MAX_FILMES = 100 e MAX_HOTLIST = 10 | submission/src/filmnow/FilmNow.java: construtor FilmNow() | submission/src/filmnow/FilmNow.java: métodos cadastraFilme(int, Filme), adicionarHot(int, int) e removerHot(int)",high
S74,official_sample,redacted,llm,separation_of_concerns,Separation of Concerns,5.5,10,"Há alguma separação estrutural entre MainFilmNow, FilmNow e Filme, mas a lógica de domínio mistura saída no console dentro de FilmNow, a criação de Filme fica nas classes de interface/leitura e Filme não assume adequadamente as representações de exibição esperadas.","submission/src/filmnow/MainFilmNow.java: métodos de leitura de entrada | submission/src/filmnow/FilmNow.java: métodos cadastraFilme, mostrarTodos, detalharFilme, adicionarHot, exibirHotList e removerHot | submission/src/filmnow/Filme.java: atributos e getters | submission/src/filmnow/FilmNow.java: System.out.println em cadastraFilme, mostrarTodos, detalharFilme, adicionarHot, exibirHotList e removerHot | submission/src/filmnow/MainFilmNow.java: método adicionarFilme cria new Filme(...) | submission/src/filmnow/LeitorFilmNow.java: método processaLinhaCsvFilmes cria new Filme(...) | submission/src/filmnow/FilmNow.java: método cadastraFilme(int, Filme) | submission/src/filmnow/Filme.java: método toString() | submission/src/filmnow/FilmNow.java: métodos mostrarTodos() e detalharFilme(int)",high
S74,official_sample,redacted,llm,readability_and_documentation,Readability and Documentation,4,10,"O código é relativamente compreensível em nomes e organização básica, mas a documentação Javadoc exigida está ausente na maior parte do código implementado e a documentação existente é muito limitada. A legibilidade também é prejudicada por representações textuais auto-geradas no domínio.","submission/src/filmnow/Filme.java | submission/src/filmnow/FilmNow.java | submission/src/filmnow/MainFilmNow.java | submission/src/filmnow/Filme.java: ausência de Javadoc na classe, construtor e métodos | submission/src/filmnow/FilmNow.java: métodos cadastraFilme, mostrarTodos, detalharFilme, adicionarHot, exibirHotList e removerHot sem Javadoc | submission/src/filmnow/MainFilmNow.java: ausência de Javadoc na classe e métodos auxiliares | submission/src/filmnow/FilmNow.java: Javadoc apenas na classe e no construtor | submission/src/filmnow/LeitorFilmNow.java: documentação limitada ao carregamento CSV, sem cobrir a lógica principal implementada",high
S75,official_sample,redacted,llm,basic_functionality,Basic Functionality,7.5,10,"A submissão implementa o fluxo principal de cadastro, listagem, detalhamento e uma HotList funcional para casos normais. As maiores perdas estão em validações de entradas vazias e, principalmente, nas regras de erro da HotList, que estão incompletas ou retornam valores diferentes do contrato.","submission/src/filmnow/FilmNow.java: cadastraFilme(int,String,String,String) | submission/src/filmnow/FilmNow.java: getFilmes() e getFilme(int) | submission/src/filmnow/FilmNow.java: adicionaHot(int,int), getHotList(), removerHot(int) | submission/src/filmnow/MainFilmNow.java: mostrarFilmes, detalharFilme, cadastraHotList, exibirHotList, removerHotList | submission/src/filmnow/Filme.java: toString() | submission/testes/testes/filmeNowTest.java: testes de detalhar sem ano estão comentados | submission/src/filmnow/FilmNow.java: adicionaHot(int,int) | submission/src/filmnow/FilmNow.java: removerHot(int) | submission/src/filmnow/FilmNow.java: existeHotList(int)",medium
S75,official_sample,redacted,llm,unit_tests,Unit Tests,6,10,"Há uma quantidade relevante de testes JUnit para `FilmNow` e alguns testes para `Filme`, cobrindo muitos casos normais e de limite. Porém, a suíte deixa lacunas importantes, comenta casos especificados e em alguns pontos valida comportamentos incorretos da própria implementação, especialmente na HotList.",submission/testes/testes/FilmeTest.java | submission/testes/testes/filmeNowTest.java | submission/testes/testes/filmeNowTest.java: testes de HotList,medium
S75,official_sample,redacted,llm,class_design,Class Design,9,10,"A solução modela corretamente as classes centrais: `Filme` representa a entidade com nome, ano, local, `equals` e `hashCode`; `FilmNow` compõe arrays de `Filme`; e a interface com usuário está separada em `MainFilmNow`. A perda é pequena e ligada à API de representação de filmes, que ainda não separa bem todas as formas de exibição previstas.","submission/src/filmnow/Filme.java | submission/src/filmnow/FilmNow.java | submission/src/filmnow/MainFilmNow.java | submission/src/filmnow/Filme.java: toString(), getters | submission/src/filmnow/FilmNow.java: getFilmes(), getHotList()",medium
S75,official_sample,redacted,llm,object_references,Object References and Composition,10,10,"A submissão demonstra o uso central esperado de referências: `FilmNow` mantém referências para objetos `Filme`, a HotList também armazena objetos `Filme`, e a criação de objetos ocorre nos pontos adequados. O uso de `static` está concentrado na constante e nos métodos da classe de interface, o que é aceitável para este laboratório.","submission/src/filmnow/FilmNow.java: atributos filmes e hotList | submission/src/filmnow/FilmNow.java: cadastraFilme(int,String,String,String) | submission/src/filmnow/FilmNow.java: adicionaHot(int,int) | submission/src/filmnow/MainFilmNow.java: main(String[])",medium
S75,official_sample,redacted,llm,collections_and_arrays,Collections and Arrays,8.5,10,"A estrutura principal de armazenamento está adequada: array de 100 filmes e array de 10 itens para a HotList, com conversão correta de posições de usuário para índices internos. A principal falha está no tratamento incompleto de limites em métodos da HotList, que pode levar a acessos inválidos ao array.","submission/src/filmnow/FilmNow.java: construtor | submission/src/filmnow/FilmNow.java: cadastraFilme(int,String,String,String) | submission/src/filmnow/FilmNow.java: getFilme(int) | submission/src/filmnow/FilmNow.java: adicionaHot(int,int), removerHot(int) | submission/src/filmnow/FilmNow.java: adicionaHot(int,int) | submission/src/filmnow/FilmNow.java: removerHot(int)",medium
S75,official_sample,redacted,llm,separation_of_concerns,Separation of Concerns,8.5,10,"Há boa separação geral: `MainFilmNow` concentra entrada e saída, `FilmNow` gerencia o estado do sistema e `Filme` encapsula os dados do filme. A perda decorre de a representação de listagem e HotList ainda ser parcialmente montada fora de `Filme`, em vez de a entidade oferecer métodos próprios para esses formatos.","submission/src/filmnow/MainFilmNow.java | submission/src/filmnow/FilmNow.java | submission/src/filmnow/Filme.java | submission/src/filmnow/FilmNow.java: getFilmes(), getHotList() | submission/src/filmnow/Filme.java: toString() | submission/src/filmnow/MainFilmNow.java: formataFilme(int,String)",medium
S75,official_sample,redacted,llm,readability_and_documentation,Readability and Documentation,6.5,10,"O código é em geral compreensível e usa nomes razoáveis para classes, métodos e variáveis. Entretanto, a documentação é irregular: a classe `Filme` não tem Javadocs, vários comentários são vagos ou imprecisos, e há sinais de pouca limpeza no código.","submission/src/filmnow/Filme.java | submission/src/filmnow/FilmNow.java | submission/src/filmnow/MainFilmNow.java | submission/src/filmnow/FilmNow.java: Javadocs de existeFilme, existeHotList, getHotList e adicionaHot | submission/src/filmnow/FilmNow.java: import java.util.Scanner e comentário da constante TAMANHO | submission/src/filmnow/MainFilmNow.java: construtor MainFilmNow com TODO e comentário `// syso`",medium
S76,official_sample,redacted,llm,basic_functionality,Basic Functionality,7,10,"A submissão implementa a maior parte do fluxo principal: cadastro com limites e duplicidade, listagem via interface, detalhamento básico e operações de HotList. As principais perdas vêm de casos especificados que não fecham corretamente, especialmente ano vazio e detalhamento de posição válida sem filme.","submission/src/filmnow/FilmNow.java: método cadastraFilme | submission/src/filmnow/FilmNow.java: métodos detalharFilme, adicionarHot, removerHot, isHot | submission/src/filmnow/MainFilmNow.java: métodos mostrarFilmes, exibirHotList, detalharFilme | submission/src/filmnow/Filme.java: métodos equals, toString, detalhaFilme | submission/src/filmnow/FilmNow.java: cadastraFilme(int posicao, String nome, int ano, String local) | submission/src/filmnow/MainFilmNow.java: método adicionaFilme | submission/src/filmnow/Filme.java: atributo anoDeLancamento int | submission/src/filmnow/FilmNow.java: método detalharFilme | submission/src/filmnow/Filme.java: método detalhaFilme",high
S76,official_sample,redacted,llm,unit_tests,Unit Tests,2,10,"Há uma suíte JUnit com bons casos de cadastro em FilmNow, incluindo limites, duplicidade e sobrescrita. Porém, não há testes para Filme, nem para detalhamento/listagem ou HotList, que compõem grande parte do laboratório.","submission/testes/FilmNowTest.java: classe FilmNowTest | submission/testes/FilmNowTest.java: métodos testAdicionarFilmeEmPosicaoVazia, testAdicionarFilmeEmPosicaoExistente, testAdicionarFilmeJaAdicionadoEmOutraPosicao, testAdicionarFilmeNaPosicaoLimite | submission/testes/FilmNowTest.java | submission/src/filmnow/Filme.java | submission/src/filmnow/FilmNow.java: método detalharFilme | submission/src/filmnow/FilmNow.java: métodos adicionarHot, removerHot, detalharFilme",high
S76,official_sample,redacted,llm,class_design,Class Design,8.5,10,"A solução cria uma classe Filme real, usa FilmNow como gerenciador com composição por arrays de Filme e mantém uma classe MainFilmNow modularizada. A modelagem é substancialmente adequada, mas a interface pública de FilmNow ainda expõe arrays e deixa parte da listagem fora do modelo do sistema.","submission/src/filmnow/Filme.java | submission/src/filmnow/FilmNow.java: atributos filmes e hotList; construtor; métodos cadastraFilme e adicionarHot | submission/src/filmnow/MainFilmNow.java: métodos menu, comando, adicionaFilme, mostrarFilmes, detalharFilme | submission/src/filmnow/FilmNow.java: métodos getFilmes e getHotList | submission/src/filmnow/MainFilmNow.java: métodos mostrarFilmes e exibirHotList",high
S76,official_sample,redacted,llm,object_references,Object References and Composition,10,10,"A submissão demonstra corretamente o uso de referências: FilmNow contém referências para objetos Filme, cria filmes no cadastro e a HotList referencia os mesmos objetos cadastrados, preservando a ideia de composição exigida.",submission/src/filmnow/FilmNow.java: atributos filmes e hotList | submission/src/filmnow/FilmNow.java: método cadastraFilme | submission/src/filmnow/FilmNow.java: método adicionarHot | submission/src/filmnow/MainFilmNow.java: método main,high
S76,official_sample,redacted,llm,collections_and_arrays,Collections and Arrays,10,10,"As estruturas de armazenamento respeitam os limites do enunciado: 100 filmes e 10 posições de HotList. A conversão entre posição informada pelo usuário e índice interno é feita com posicao - 1, sem ignorar o índice 0 do array.","submission/src/filmnow/FilmNow.java: constantes TAMANHO e tamanhoDaHotList | submission/src/filmnow/FilmNow.java: construtor | submission/src/filmnow/FilmNow.java: métodos cadastraFilme, adicionarHot, removerHot",high
S76,official_sample,redacted,llm,separation_of_concerns,Separation of Concerns,7,10,"Há separação básica entre entidade Filme, gerenciador FilmNow e interface MainFilmNow. Contudo, FilmNow ainda imprime mensagens diretamente, e MainFilmNow percorre arrays e monta parte da lógica de listagem, o que mistura responsabilidades.","submission/src/filmnow/MainFilmNow.java: métodos menu, comando, adicionaFilme, detalharFilme | submission/src/filmnow/FilmNow.java: métodos cadastraFilme, adicionarHot, removerHot, detalharFilme | submission/src/filmnow/Filme.java: métodos toString e detalhaFilme | submission/src/filmnow/FilmNow.java: método cadastraFilme | submission/src/filmnow/FilmNow.java: métodos adicionarHot e removerHot | submission/src/filmnow/MainFilmNow.java: métodos mostrarFilmes e exibirHotList | submission/src/filmnow/FilmNow.java: métodos getFilmes e getHotList",high
S76,official_sample,redacted,llm,readability_and_documentation,Readability and Documentation,7,10,"O código é legível, com nomes em geral compreensíveis e organização simples. A perda vem principalmente da documentação incompleta, especialmente na classe Filme e em métodos públicos adicionados, além de alguns comentários herdados ou imprecisos.","submission/src/filmnow/Filme.java | submission/src/filmnow/FilmNow.java | submission/src/filmnow/MainFilmNow.java | submission/src/filmnow/LeitorFilmNow.java | submission/src/filmnow/FilmNow.java: métodos getHotList, detalharFilme, adicionarHot, removerHot | submission/src/filmnow/LeitorFilmNow.java: método carregaContatos | submission/src/filmnow/MainFilmNow.java: Javadoc do método detalharFilme",high
S77,official_sample,redacted,llm,basic_functionality,Basic Functionality,4.0,10,"Há implementação parcial de cadastro e detalhamento em FilmNow, incluindo limite de posições e algumas mensagens esperadas. Porém a entrega não fecha o fluxo executável porque MainFilmNow contém uma chamada a método inexistente, e a HotList tem falhas funcionais centrais de validação, identidade e exibição.","submission/src/filmnow/FilmNow.java::cadastraFilme | submission/src/filmnow/FilmNow.java::toString(int) | submission/src/filmnow/FilmNow.java::colocarHotlist | submission/src/filmnow/MainFilmNow.java::mostrarFilmes | submission/src/filmnow/MainFilmNow.java::AdicionarHot, ExibirHotList, RemoverHot | submission/src/filmnow/FilmNow.java::formataFilme | submission/src/filmnow/FilmNow.java::Hotlist | submission/src/filmnow/FilmNow.java::cadastraHotlist | submission/src/filmnow/FilmNow.java::removerHot | submission/src/filmnow/MainFilmNow.java::ExibirHotList | submission/src/filmnow/MainFilmNow.java::adicionaFilme",high
S77,official_sample,redacted,llm,unit_tests,Unit Tests,4.5,10,"A submissão contém uma quantidade relevante de testes para cadastro e detalhamento em FilmNow, incluindo vários limites pedidos no roteiro. Entretanto, há um teste placeholder que falha sempre, os testes de Filme são praticamente ausentes e a cobertura de listagem e HotList é muito limitada.",submission/testes/filmnow/FilmNowteste.java::testAdicionarNome a testAdicionarNome9 | submission/testes/filmnow/FilmNowteste.java::testDetalharFilme a testDetalharFilme6 | submission/testes/filmnow/Filmteste.java | submission/testes/filmnow/Filmteste.java::test | submission/testes/filmnow/FilmNowteste.java::testNomeAno | submission/src/filmnow/Filme.java | submission/testes/filmnow/FilmNowteste.java::testDetalharFilme6 | submission/src/filmnow/FilmNow.java::colocarHotlist | submission/src/filmnow/FilmNow.java::removerHot,high
S77,official_sample,redacted,llm,class_design,Class Design,7.0,10,A solução evolui além do starter ao criar a classe Filme e usar composição em FilmNow com um array de filmes. Também mantém uma classe MainFilmNow modularizada. As principais perdas estão na modelagem incompleta de Filme e na HotList modelada como nomes soltos em vez de filmes.,submission/src/filmnow/Filme.java | submission/src/filmnow/FilmNow.java::filmes | submission/src/filmnow/FilmNow.java::cadastraFilme | submission/src/filmnow/MainFilmNow.java | submission/src/filmnow/FilmNow.java::Hotlist | submission/src/filmnow/FilmNow.java::cadastraHotlist | submission/src/filmnow/FilmNow.java::equals1 | submission/src/filmnow/FilmNow.java::toString(int) | submission/src/filmnow/FilmNow.java::getFilmes,high
S77,official_sample,redacted,llm,object_references,Object References and Composition,8.0,10,"A solução demonstra entendimento básico de composição ao manter objetos Filme dentro de FilmNow e criar instâncias no cadastro. O uso de static não aparece como estado global indevido. A maior deficiência está na HotList, que abandona referências a objetos e trabalha com nomes, além da ausência de equals adequado em Filme.","submission/src/filmnow/FilmNow.java::filmes | submission/src/filmnow/FilmNow.java::cadastraFilme | submission/src/filmnow/MainFilmNow.java::main | submission/src/filmnow/FilmNow.java::TAMANHO, TAMANINHO | submission/src/filmnow/FilmNow.java::Hotlist | submission/src/filmnow/FilmNow.java::EmHotlist | submission/src/filmnow/FilmNow.java::cadastraHotlist | submission/src/filmnow/Filme.java::hashcode | submission/src/filmnow/FilmNow.java::equals1",high
S77,official_sample,redacted,llm,collections_and_arrays,Collections and Arrays,7.0,10,"O array principal de filmes respeita o limite de 100 posições e usa corretamente a conversão das posições públicas 1..100 para índices internos em várias operações. A HotList também tem tamanho 10, mas seu uso é inconsistente e sem validação suficiente.",submission/src/filmnow/FilmNow.java::TAMANHO | submission/src/filmnow/FilmNow.java::TAMANINHO | submission/src/filmnow/FilmNow.java::filmes | submission/src/filmnow/FilmNow.java::Hotlist | submission/src/filmnow/FilmNow.java::getFilmes | submission/src/filmnow/FilmNow.java::getHotlist | submission/src/filmnow/FilmNow.java::colocarHotlist | submission/src/filmnow/FilmNow.java::removerHot | submission/src/filmnow/FilmNow.java::cadastraHotlist | submission/src/filmnow/MainFilmNow.java::ExibirHotList | submission/src/filmnow/FilmNow.java::getFilme | submission/src/filmnow/FilmNow.java::getAno | submission/src/filmnow/FilmNow.java::getLocal,high
S77,official_sample,redacted,llm,separation_of_concerns,Separation of Concerns,7.0,10,"A divisão geral existe: MainFilmNow cuida da entrada e saída, FilmNow concentra boa parte das regras de cadastro e detalhamento, e Filme representa os dados. Entretanto, a formatação e a listagem ficam espalhadas, e Filme quase não assume responsabilidade pelas suas próprias representações.",submission/src/filmnow/MainFilmNow.java::menu | submission/src/filmnow/MainFilmNow.java::comando | submission/src/filmnow/MainFilmNow.java::adicionaFilme | submission/src/filmnow/FilmNow.java::cadastraFilme | submission/src/filmnow/FilmNow.java::toString(int) | submission/src/filmnow/LeitorFilmNow.java | submission/src/filmnow/Filme.java | submission/src/filmnow/MainFilmNow.java::mostrarFilmes | submission/src/filmnow/FilmNow.java::getFilmes,high
S77,official_sample,redacted,llm,readability_and_documentation,Readability and Documentation,5.0,10,"O código é parcialmente compreensível e há alguma documentação Javadoc em FilmNow e MainFilmNow. Mesmo assim, a documentação é irregular, Filme não está documentada, há comentários pouco objetivos, nomes fora do estilo Java e sinais de baixo acabamento que prejudicam a leitura e manutenção.",submission/src/filmnow/FilmNow.java | submission/src/filmnow/MainFilmNow.java | submission/src/filmnow/Filme.java | submission/src/filmnow/FilmNow.java::EmHotlist | submission/src/filmnow/FilmNow.java::equals1 | submission/src/filmnow/FilmNow.java::cadastraFilme | submission/src/filmnow/FilmNow.java::Hotlist | submission/src/filmnow/FilmNow.java::TAMANINHO | submission/src/filmnow/MainFilmNow.java::AdicionarHot | submission/src/filmnow/Filme.java::hashcode | submission/src/filmnow/MainFilmNow.java::mostrarFilmes | submission/src/filmnow/MainFilmNow.java::carregaFilmes() | submission/src/filmnow/MainFilmNow.java::imports,high
S78,official_sample,redacted,llm,basic_functionality,Basic Functionality,7,10,"A submissão implementa o fluxo principal de cadastro, detalhamento, listagem básica no menu e parte da HotList. As funcionalidades de adicionar, detalhar e mostrar filmes têm evidência real de funcionamento em casos comuns, mas há falhas materiais em casos inválidos e a HotList fica bastante incompleta em relação às regras especificadas.",submission/src/filmnow/FilmNow.java::cadastraFilme | submission/src/filmnow/FilmNow.java::detalharFilmeNow | submission/src/filmnow/MainFilmNow.java::mostrarFilmes | submission/src/filmnow/FilmNow.java::cadastraHot | submission/src/filmnow/FilmNow.java::removerHot | submission/src/filmnow/Filme.java::Filme | submission/src/filmnow/MainFilmNow.java::adicionaFilme | submission/src/filmnow/FilmNow.java::inHot,high
S78,official_sample,redacted,llm,unit_tests,Unit Tests,6,10,"Há uma quantidade relevante de testes JUnit cobrindo igualdade, toString, vários casos de cadastro, detalhamento e alguns cenários de HotList. Entretanto, a cobertura é incompleta, muitos testes verificam apenas mensagens sem verificar estado, e os testes usam a palavra-chave `assert` de Java em vez das asserções JUnit, reduzindo a confiabilidade da suíte.",submission/testes/FilmNowTest.java::verificaIgualdade | submission/testes/FilmNowTest.java::toStringTest | submission/testes/FilmNowTest.java::adicionaFilme01 a adicionaFilme10 | submission/testes/FilmNowTest.java::detalharFilme01 a detelharFilme06 | submission/testes/FilmNowTest.java::removerFilmeHot | submission/testes/FilmNowTest.java::inHotTest | submission/testes/FilmNowTest.java::adicionaFilme03 | submission/testes/FilmNowTest.java::adicionaFilme04 | submission/testes/FilmNowTest.java,high
S78,official_sample,redacted,llm,class_design,Class Design,8,10,"A solução demonstra a modelagem central esperada: há uma classe Filme com atributos e igualdade, uma classe FilmNow com composição por arrays de Filme, e uma classe MainFilmNow modularizada para interação. As perdas decorrem de misturar detalhes de armazenamento dentro de Filme e de uma modelagem ainda pouco coesa para operações de listagem e HotList.",submission/src/filmnow/Filme.java | submission/src/filmnow/FilmNow.java | submission/src/filmnow/MainFilmNow.java | submission/src/filmnow/LeitorFilmNow.java::processaLinhaCsvFilmes | submission/src/filmnow/Filme.java::posicao | submission/src/filmnow/Filme.java::Filme | submission/src/filmnow/Filme.java::toString | submission/src/filmnow/FilmNow.java::getFilmes | submission/src/filmnow/FilmNow.java::getFilmesHot | submission/src/filmnow/MainFilmNow.java::mostrarFilmes | submission/src/filmnow/MainFilmNow.java::exibeHot,high
S78,official_sample,redacted,llm,object_references,Object References and Composition,8.5,10,"A submissão usa objetos de forma majoritariamente adequada: FilmNow cria e armazena referências para Filme, a HotList referencia filmes já cadastrados, e o uso de `static` fica restrito ao main, auxiliares de interface e constantes. As principais falhas são usos inadequados de comparação por referência em contextos nos quais igualdade de valor seria mais correta.",submission/src/filmnow/FilmNow.java::cadastraFilme | submission/src/filmnow/FilmNow.java::cadastraHot | submission/src/filmnow/FilmNow.java::inHot | submission/src/filmnow/Filme.java::equals | submission/src/filmnow/MainFilmNow.java::main,high
S78,official_sample,redacted,llm,collections_and_arrays,Collections and Arrays,7,10,"A solução usa arrays com os tamanhos esperados para os 100 filmes e as 10 posições da HotList, e converte corretamente a maior parte das posições externas para índices internos. Porém, a manipulação da HotList apresenta erros de índice e não mantém invariantes importantes da estrutura.",submission/src/filmnow/FilmNow.java::filmes | submission/src/filmnow/FilmNow.java::filmesHot | submission/src/filmnow/FilmNow.java::cadastraFilme | submission/src/filmnow/FilmNow.java::getFilmes | submission/src/filmnow/FilmNow.java::getFilmesHot | submission/src/filmnow/FilmNow.java::cadastraHot | submission/src/filmnow/FilmNow.java::removerHot | submission/src/filmnow/FilmNow.java::inHot,high
S78,official_sample,redacted,llm,separation_of_concerns,Separation of Concerns,7.5,10,"Há separação básica entre interface, sistema e entidade: MainFilmNow lida com entrada/saída, FilmNow concentra cadastro e parte da HotList, e Filme define a representação detalhada e igualdade. Ainda assim, parte da lógica de listagem e formatação está na interface, e Filme conhece a posição de armazenamento, o que enfraquece a divisão esperada.",submission/src/filmnow/MainFilmNow.java | submission/src/filmnow/FilmNow.java | submission/src/filmnow/Filme.java::toString | submission/src/filmnow/Filme.java::equals | submission/src/filmnow/MainFilmNow.java::mostrarFilmes | submission/src/filmnow/MainFilmNow.java::formataFilme | submission/src/filmnow/MainFilmNow.java::exibeHot | submission/src/filmnow/FilmNow.java::getFilmes | submission/src/filmnow/FilmNow.java::getFilmesHot | submission/src/filmnow/Filme.java::posicao,high
S78,official_sample,redacted,llm,readability_and_documentation,Readability and Documentation,7.5,10,"O código é compreensível, usa nomes em geral relacionados ao domínio e contém Javadocs em várias classes e métodos. As perdas vêm de documentação superficial ou imprecisa, alguns erros de escrita, números mágicos e inconsistências que dificultam manutenção, especialmente na HotList.",submission/src/filmnow/Filme.java | submission/src/filmnow/FilmNow.java | submission/src/filmnow/MainFilmNow.java | submission/src/filmnow/FilmNow.java::TAMANHO | submission/src/filmnow/FilmNow.java::cadastraHot | submission/src/filmnow/FilmNow.java::removerHot | submission/src/filmnow/FilmNow.java::detalharFilmeNow,high
S79,official_sample,redacted,llm,basic_functionality,Basic Functionality,5,10,"A submissão implementa parte do fluxo principal: cria filmes, consegue listar nomes cadastrados, detalha filmes existentes e possui uma marcação simples de filme hot. Porém, há falhas relevantes em validações, duplicidade, posições limite, ano vazio, detalhamento de posições inválidas/vazias e principalmente na HotList, que não é uma lista limitada e posicionada como exigido.","submission/src/filmnow/FilmNow.java: cadastraFilme, getFilme, getFilmes, adicionaHot, removeHot | submission/src/filmnow/MainFilmNow.java: adicionaFilme, mostrarFilmes, detalharFilme, exibirHotList, atribuirHot, removerHot | submission/src/filmnow/Filme.java: toString, getHot, setHot | submission/src/filmnow/MainFilmNow.java: adicionaFilme | submission/src/filmnow/FilmNow.java: cadastraFilme | submission/src/filmnow/FilmNow.java: verificaSeFilmeJaFoiInserido | submission/src/filmnow/MainFilmNow.java: detalharFilme | submission/src/filmnow/FilmNow.java: getFilme | submission/src/filmnow/Filme.java: atributo hot, getHot, setHot | submission/src/filmnow/FilmNow.java: adicionaHot, removeHot | submission/src/filmnow/MainFilmNow.java: atribuirHot, removerHot, exibirHotList",high
S79,official_sample,redacted,llm,unit_tests,Unit Tests,4,10,"Há testes JUnit reais para `Filme` e `FilmNow`, com uso de `BeforeEach` e asserções. Contudo, a cobertura é bastante incompleta em relação aos casos obrigatórios: quase não há testes de adição com limites e duplicidade, não há testes de listar/detalhar, e os testes de HotList não verificam corretamente o estado hot nem a lista exigida.",submission/test/FilmeTest.java | submission/test/FilmNowTeste.java | submission/test/FilmeTest.java: testToString | submission/test/FilmeTest.java: testEquals | submission/src/filmnow/Filme.java: equals | submission/test/FilmNowTeste.java: testAdicionaHot | submission/test/FilmNowTeste.java: testRemoveHot | submission/test/FilmNowTeste.java: testVerificaSePosicaoEstaVazia | submission/test/FilmNowTeste.java: testVerificaSeFilmeJaFoiInserido,high
S79,official_sample,redacted,llm,class_design,Class Design,7,10,"A solução cria uma classe `Filme` com atributos próprios e uma classe `FilmNow` composta por um array de filmes, além de manter uma classe de interface modularizada. Isso demonstra entendimento básico da modelagem esperada. As perdas vêm de decisões de modelagem que prejudicam requisitos centrais, especialmente a igualdade de filmes e a ausência de uma estrutura própria para HotList.","submission/src/filmnow/Filme.java | submission/src/filmnow/FilmNow.java: atributo filmes, construtor, cadastraFilme | submission/src/filmnow/MainFilmNow.java: main, menu, comando e métodos auxiliares | submission/src/filmnow/Filme.java: equals | submission/src/filmnow/Filme.java: hashCode | submission/src/filmnow/Filme.java: atributo hot | submission/src/filmnow/FilmNow.java: adicionaHot, removeHot | submission/src/filmnow/MainFilmNow.java: exibirHotList",high
S79,official_sample,redacted,llm,object_references,Object References and Composition,8,10,"O código usa objetos de forma majoritariamente adequada: `FilmNow` mantém referências para objetos `Filme`, `MainFilmNow` cria um `FilmNow`, e o uso de `static` fica restrito à interface e a constantes. A principal falha conceitual de referências está na comparação de strings e na não delegação da igualdade de filmes à própria classe `Filme`.","submission/src/filmnow/FilmNow.java: private Filme[] filmes, cadastraFilme | submission/src/filmnow/MainFilmNow.java: main | submission/src/filmnow/LeitorFilmNow.java: constantes de coluna | submission/src/filmnow/FilmNow.java: verificaSeFilmeJaFoiInserido | submission/src/filmnow/Filme.java: equals",high
S79,official_sample,redacted,llm,collections_and_arrays,Collections and Arrays,5,10,"A solução usa um array de 100 filmes, o que está alinhado com a ideia do laboratório, mas a manipulação das posições está incorreta e a HotList não possui estrutura de dados própria. Assim, a estrutura principal existe, porém não respeita plenamente os limites e posições especificados.","submission/src/filmnow/FilmNow.java: TAMANHO, filmes, construtor, getFilmes | submission/src/filmnow/MainFilmNow.java: mostrarFilmes, exibirHotList | submission/src/filmnow/FilmNow.java: getFilme, cadastraFilme, verificaSePosicaoEstaVazia | submission/src/filmnow/MainFilmNow.java: verificaPosicaoEhValida, adicionaFilme | submission/src/filmnow/Filme.java: atributo hot | submission/src/filmnow/FilmNow.java: ausência de estrutura HotList, adicionaHot, removeHot | submission/src/filmnow/MainFilmNow.java: exibirHotList",high
S79,official_sample,redacted,llm,separation_of_concerns,Separation of Concerns,5.5,10,"Há alguma separação: `MainFilmNow` concentra entrada e saída, `FilmNow` armazena filmes e `Filme` sabe gerar sua representação detalhada. Entretanto, várias regras de domínio e formatações ficam na interface, e `FilmNow` não oferece operações de alto nível para listar, detalhar e manipular a HotList conforme esperado.","submission/src/filmnow/MainFilmNow.java | submission/src/filmnow/FilmNow.java | submission/src/filmnow/Filme.java: toString | submission/src/filmnow/MainFilmNow.java: adicionaFilme, mostrarFilmes, detalharFilme, exibirHotList, formataFilme, verificaPosicaoEhValida | submission/src/filmnow/FilmNow.java: getFilmes, getFilme, cadastraFilme, adicionaHot, removeHot | submission/src/filmnow/MainFilmNow.java: mostrarFilmes, exibirHotList",high
S79,official_sample,redacted,llm,readability_and_documentation,Readability and Documentation,8,10,"O código é em geral legível, com nomes compreensíveis, organização simples e Javadocs em boa parte dos métodos e classes. As perdas são por documentação superficial ou inconsistente em alguns pontos e por pequenos problemas de clareza em nomes e testes.","submission/src/filmnow/Filme.java | submission/src/filmnow/FilmNow.java | submission/src/filmnow/MainFilmNow.java | submission/test/FilmeTest.java | submission/test/FilmNowTeste.java | submission/src/filmnow/Filme.java: Javadocs de atributos e métodos | submission/src/filmnow/MainFilmNow.java: Javadocs de detalharFilme, verificaPosicaoEhValida, adicionaFilme | submission/src/filmnow/LeitorFilmNow.java: carregaContatos | submission/src/filmnow/FilmNow.java: getFilme, cadastraFilme, verificaSeFilmeJaFoiInserido, adicionaHot, removeHot | submission/src/filmnow/Filme.java: equals, toString",high
S80,official_sample,redacted,llm,basic_functionality,Basic Functionality,8,10,"A submissão implementa o fluxo principal de cadastro, detalhamento, listagem via interface e operações básicas da HotList. A maior perda está em casos importantes da HotList: posições válidas sem filme podem causar exceção, remoção de posição vazia é aceita, e substituir uma posição da HotList não remove corretamente o status hot do filme antigo. Há ainda uma falha pequena na formatação de detalhes quando o ano é vazio.",submission/src/filmnow/FilmNow.java::cadastraFilme | submission/src/filmnow/FilmNow.java::detalharFilme | submission/src/filmnow/FilmNow.java::cadastraHot | submission/src/filmnow/FilmNow.java::removerHot | submission/src/filmnow/MainFilmNow.java::mostrarFilmes | submission/src/filmnow/MainFilmNow.java::exibirHotList | submission/src/filmnow/Filme.java::setHot | submission/src/filmnow/Filme.java::toString | submission/testes/filmnow/FilmNowTest.java::testDetalharFilmeSemAno,high
S80,official_sample,redacted,llm,unit_tests,Unit Tests,7,10,"Há uma suíte considerável de testes para FilmNow e alguns testes relevantes para Filme, cobrindo muitos casos de cadastro, detalhamento e HotList. Ainda assim, os testes de Filme são parciais e os testes de FilmNow não cobrem adequadamente listagem nem alguns casos de borda importantes da HotList, incluindo situações em que a implementação atual falha.",submission/testes/filmnow/FilmeTest.java | submission/testes/filmnow/FilmNowTest.java::testCadastraFilme | submission/testes/filmnow/FilmNowTest.java::testDetalharFilme | submission/testes/filmnow/FilmNowTest.java::testCadastraHot | submission/testes/filmnow/FilmNowTest.java::testRemoverHot | submission/testes/filmnow/FilmNowTest.java::testGetFilmes | submission/testes/filmnow/FilmNowTest.java::testGetFilmesHot,high
S80,official_sample,redacted,llm,class_design,Class Design,10,10,A submissão apresenta as classes centrais esperadas e modela adequadamente Filme como entidade separada de FilmNow. FilmNow compõe arrays de Filme e a classe MainFilmNow permanece como interface textual modularizada por métodos auxiliares.,submission/src/filmnow/Filme.java | submission/src/filmnow/FilmNow.java | submission/src/filmnow/MainFilmNow.java,high
S80,official_sample,redacted,llm,object_references,Object References and Composition,10,10,"O código demonstra uso adequado de referências entre objetos: FilmNow armazena e manipula objetos Filme, MainFilmNow cria e usa um objeto FilmNow, e o uso de static fica restrito a constantes e à interface textual com main/métodos auxiliares.",submission/src/filmnow/FilmNow.java::filmes | submission/src/filmnow/FilmNow.java::filmesHot | submission/src/filmnow/FilmNow.java::cadastraFilme | submission/src/filmnow/FilmNow.java::cadastraHot | submission/src/filmnow/MainFilmNow.java::main,high
S80,official_sample,redacted,llm,collections_and_arrays,Collections and Arrays,10,10,"A solução usa arrays com os tamanhos exigidos para a lista principal e para a HotList, respeitando os limites de 100 filmes e 10 itens hot. As posições externas de 1 a 100/10 são corretamente mapeadas para índices internos de 0 a 99/9.",submission/src/filmnow/FilmNow.java::TAMANHO | submission/src/filmnow/FilmNow.java::TAMANHOHOT | submission/src/filmnow/FilmNow.java::filmes | submission/src/filmnow/FilmNow.java::filmesHot | submission/src/filmnow/FilmNow.java::cadastraFilme | submission/src/filmnow/FilmNow.java::detalharFilme,high
S80,official_sample,redacted,llm,separation_of_concerns,Separation of Concerns,8.5,10,"A separação geral é boa: MainFilmNow concentra entrada e saída, FilmNow gerencia os filmes e Filme define a representação detalhada. A perda ocorre porque parte da lógica de exibição/listagem fica no Main por meio de acesso direto aos arrays e getters, em vez de ser melhor encapsulada em FilmNow/Filme.",submission/src/filmnow/MainFilmNow.java::comando | submission/src/filmnow/MainFilmNow.java::adicionaFilme | submission/src/filmnow/MainFilmNow.java::mostrarFilmes | submission/src/filmnow/MainFilmNow.java::formataFilme | submission/src/filmnow/FilmNow.java | submission/src/filmnow/Filme.java::toString | submission/src/filmnow/MainFilmNow.java::exibirHotList | submission/src/filmnow/MainFilmNow.java::formataHot | submission/src/filmnow/FilmNow.java::getFilmes | submission/src/filmnow/FilmNow.java::getFilmesHot,high
S80,official_sample,redacted,llm,readability_and_documentation,Readability and Documentation,8.5,10,"O código é legível, usa nomes em geral claros e contém Javadocs relevantes nas classes e em vários métodos públicos. As perdas são moderadas e concentradas em documentação incompleta de alguns métodos públicos e pequenos problemas de clareza/polimento.",submission/src/filmnow/Filme.java | submission/src/filmnow/FilmNow.java | submission/src/filmnow/MainFilmNow.java | submission/src/filmnow/LeitorFilmNow.java | submission/src/filmnow/Filme.java::getNome | submission/src/filmnow/Filme.java::setNome | submission/src/filmnow/Filme.java::getAno | submission/src/filmnow/Filme.java::setAno | submission/src/filmnow/Filme.java::getLocal | submission/src/filmnow/Filme.java::setLocal | submission/src/filmnow/Filme.java::setHot | submission/src/filmnow/LeitorFilmNow.java::carregaContatos | submission/src/filmnow/MainFilmNow.java::removeHot | submission/src/filmnow/FilmNow.java comentários de classe e métodos,high
S81,official_sample,redacted,llm,basic_functionality,Basic Functionality,6.5,10,"A submissão implementa parte substancial do cadastro de filmes, alguma listagem, detalhamento simples e uma HotList com caminho feliz. Porém há falhas funcionais relevantes em integração com a interface, tratamento de posições vazias/inválidas, ano ausente e consistência da HotList.","submission/src/filmnow/FilmNow.java: cadastraFilme(int,String,int,String) | submission/src/filmnow/FilmNow.java: existeFilme(Filme) | submission/src/filmnow/MainFilmNow.java: mostrarFilmes(FilmNow) | submission/src/filmnow/MainFilmNow.java: detalharFilme(FilmNow,Scanner) | submission/src/filmnow/Filme.java: detalhesFilme() | submission/src/filmnow/FilmNow.java: adicionaHot(int,int), removeHot(int) | submission/src/filmnow/MainFilmNow.java: adicionaFilme(FilmNow,Scanner) | submission/src/filmnow/FilmNow.java: getFilme(int) | submission/src/filmnow/FilmNow.java: adicionaHot(int,int) | submission/src/filmnow/FilmNow.java: removeHot(int) | submission/src/filmnow/MainFilmNow.java: adicionaHotList(FilmNow,Scanner) | submission/src/filmnow/MainFilmNow.java: removeHotList(FilmNow,Scanner)",high
S81,official_sample,redacted,llm,unit_tests,Unit Tests,4,10,"Há testes reais e independentes para parte do cadastro de filmes e para `equals` de `Filme`, mas a suíte cobre apenas uma fração das funcionalidades do laboratório. Faltam testes para detalhamento/listagem no `FilmNow`, HotList e vários aspectos básicos da classe `Filme`.","submission/Test/FilmNowTest.java: setUp() | submission/Test/FilmNowTest.java: testAdicionarFilmeEmPosicaoVazia() a testAdicionarFilmeComNomeVazio() | submission/Test/FilmTest.java: testEqualsFilmeIgual(), testEqualsFilmeDiferente(), testEqualsFilmeNulo(), testEqualsComAnosDiferentes(), testEqualsComNomesDiferentes() | submission/Test/FilmTest.java: testDetalhesFilmeSendoHotComLocalVazio(), testDetalhesFilmeSendoHotComAnoZero(), testDetalhesFilmeComAnoZero() | submission/Test/FilmNowTest.java | submission/Test/FilmTest.java",high
S81,official_sample,redacted,llm,class_design,Class Design,8,10,"A solução cria uma classe `Filme` com atributos e igualdade próprios, mantém `FilmNow` composto por arrays de `Filme` e possui uma classe de interface com métodos auxiliares. A modelagem, contudo, ainda deixa operações importantes fora do gerente do sistema e representa mal o caso de ano ausente.","submission/src/filmnow/Filme.java | submission/src/filmnow/FilmNow.java: atributos filmes e hotList; construtor; cadastraFilme | submission/src/filmnow/MainFilmNow.java: main, menu, comando e métodos auxiliares | submission/src/filmnow/FilmNow.java | submission/src/filmnow/MainFilmNow.java: mostrarFilmes(FilmNow), detalharFilme(FilmNow,Scanner), exibeHotList(FilmNow,Scanner) | submission/src/filmnow/Filme.java: atributo ano; construtor; detalhesFilme(); toString()",high
S81,official_sample,redacted,llm,object_references,Object References and Composition,8,10,"A solução demonstra entendimento central de composição, usando `FilmNow` com arrays de arrays de objetos `Filme` e criando objetos adequadamente. As perdas vêm de exposição de referências internas e de um estado hot duplicado que pode ficar inconsistente.","submission/src/filmnow/FilmNow.java: private static final int TAMANHO; private Filme[] filmes; private Filme[] hotList | submission/src/filmnow/FilmNow.java: cadastraFilme(int,String,int,String) | submission.submission/src/filmnow/FilmNow.java: adicionaHot(int,int) | submission/src/filmnow/MainFilmNow.java: main(String[]) | submission/src/filmnow/FilmNow.java: getFilmes() | submission/src/filmnow/FilmNow.java: getHotList() | submission/src/filmnow/FilmNow.java: setHotList(Filme[]) | submission/src/filmnow/Filme.java: atributo isHot; setIsHot(boolean) | submission/src/filmnow/FilmNow.java: adicionaHot(int,int)",high
S81,official_sample,redacted,llm,collections_and_arrays,Collections and Arrays,8,10,"A estrutura principal de armazenamento está adequada ao problema: há array de 100 filmes e HotList de 10 posições, com indexação 1..100 convertida para 0..99. Entretanto, as operações sobre a HotList e alguns acessos diretos não respeitam os limites e posições vazias de forma consistente.","submission/src/filmnow/FilmNow.java: TAMANHO, TAMANHO_HOTLIST, construtor | submission/src/filmnow/FilmNow.java: cadastraFilme(int,String,int,String) | submission/src/filmnow/MainFilmNow.java: mostrarFilmes(FilmNow) | submission/src/filmnow/MainFilmNow.java: exibeHotList(FilmNow,Scanner) | submission/src/filmnow/FilmNow.java: getFilme(int) | submission/src/filmnow/FilmNow.java: adicionaHot(int,int) | submission/src/filmnow/FilmNow.java: removeHot(int)",high
S81,official_sample,redacted,llm,separation_of_concerns,Separation of Concerns,7,10,"Existe uma separação básica entre entidade (`Filme`), sistema (`FilmNow`) e interface (`MainFilmNow`). Contudo, a interface ainda manipula detalhes internos do sistema, percorre arrays, formata estruturas e faz validações que deveriam estar no gerente de domínio.","submission/src/filmnow/MainFilmNow.java: comando(String,FilmNow,Scanner), adicionaFilme(FilmNow,Scanner), mostrarFilmes(FilmNow), detalharFilme(FilmNow,Scanner) | submission/src/filmnow/FilmNow.java: cadastraFilme, adicionaHot, removeHot | submission/src/filmnow/Filme.java: equals, toString, detalhesFilme | submission/src/filmnow/LeitorFilmNow.java | submission/src/filmnow/MainFilmNow.java: mostrarFilmes(FilmNow) | submission/src/filmnow/MainFilmNow.java: detalharFilme(FilmNow,Scanner) | submission/src/filmnow/MainFilmNow.java: exibeHotList(FilmNow,Scanner) | submission/src/filmnow/FilmNow.java",high
S81,official_sample,redacted,llm,readability_and_documentation,Readability and Documentation,7.5,10,"O código é em geral legível, com nomes compreensíveis e documentação Javadoc em várias classes e métodos. As perdas decorrem de inconsistências de nomenclatura/contrato e documentação por vezes superficial ou imprecisa.","submission/src/filmnow/Filme.java | submission/src/filmnow/FilmNow.java | submission/src/filmnow/MainFilmNow.java | submission/src/filmnow/LeitorFilmNow.java | submission/src/filmnow/FilmNow.java: adicionaHot(int,int) | submission/src/filmnow/MainFilmNow.java: adicionaHotList(FilmNow,Scanner) | submission/src/filmnow/Filme.java: Javadocs de local/getLocal | submission/src/filmnow/FilmNow.java: Javadocs de classe, cadastraFilme, adicionaHot, removeHot",high
S82,official_sample,redacted,llm,basic_functionality,Basic Functionality,4.5,10,"Há implementação parcial das funcionalidades principais: filmes podem ser criados e armazenados, a listagem simples percorre os filmes cadastrados, detalhes de um filme existente podem ser impressos e existe uma HotList com adição, exibição e remoção básicas. Porém, grande parte dos comportamentos especificados de validação, mensagens, posições-limite e tratamento de posições vazias/invalidas não foi implementada, e alguns fluxos podem lançar exceção em vez de retornar a mensagem esperada.","submission/src/filmnow/FilmNow.java: cadastraFilme, getFilmes, getFilmeOBJ, cadastraHot, removerHot, adicionadoHot | submission/src/filmnow/MainFilmNow.java: adicionaFilme, mostrarFilmes, detalharFilme, adicionarHot, exibirHot, removeHot | submission/src/filmnow/Filme.java: toString, equals | submission/src/filmnow/FilmNow.java: cadastraFilme | submission/src/filmnow/MainFilmNow.java: adicionaFilme | submission/src/filmnow/MainFilmNow.java: detalharFilme | submission/src/filmnow/MainFilmNow.java: mostrarFilmes | submission/src/filmnow/Filme.java: toString | submission/src/filmnow/FilmNow.java: cadastraHot, verificaRemover, removerHot, adicionadoHot | submission/src/filmnow/MainFilmNow.java: adicionarHot, exibirHot, removeHot",high
S82,official_sample,redacted,llm,unit_tests,Unit Tests,0,10,"Não há arquivos de teste JUnit na submissão. Portanto, não há evidência de testes para Filme nem para FilmNow, incluindo os casos obrigatórios de adição, listagem, detalhamento e HotList.",Árvore da submissão: Test file count = 0 | submission/src/filmnow/Filme.java | submission/src/filmnow/FilmNow.java | Árvore da submissão: nenhum arquivo de teste informado,high
S82,official_sample,redacted,llm,class_design,Class Design,8,10,"A submissão criou a classe Filme, manteve a classe FilmNow com composição por arrays de Filme e preservou uma classe de interface com main modularizada em métodos auxiliares. Isso demonstra compreensão básica da modelagem pedida. A principal limitação é que FilmNow ficou mais próximo de um armazenamento direto de arrays do que de uma classe de sistema completa com as operações e regras do domínio.","submission/src/filmnow/Filme.java: classe Filme, atributos, construtor, toString, equals | submission/src/filmnow/FilmNow.java: atributos Filme[] filmes e Filme[] filmesHot, construtor | submission/src/filmnow/MainFilmNow.java: main, menu, comando e métodos auxiliares | submission/src/filmnow/FilmNow.java: cadastraFilme, getFilme, getFilmeOBJ, cadastraHot, verificaRemover",high
S82,official_sample,redacted,llm,object_references,Object References and Composition,9,10,"O uso de referências é majoritariamente adequado: não há estado estático indevido, FilmNow cria objetos Filme e mantém composição com arrays de objetos, e a HotList referencia os mesmos filmes cadastrados. A perda é pequena e se deve à exposição direta de objetos mutáveis para a interface, enfraquecendo o encapsulamento das referências.","submission/src/filmnow/FilmNow.java: TAMANHO, TAMANHOHOT, Filme[] filmes, Filme[] filmesHot | submission/src/filmnow/FilmNow.java: cadastraFilme cria new Filme | submission/src/filmnow/FilmNow.java: cadastraHot usa filmesHot[posicaoHot] = filmes[posicao] | submission/src/filmnow/FilmNow.java: getFilmeOBJ, getFilmes, getHot | submission/src/filmnow/MainFilmNow.java: detalharFilme, adicionarHot",high
S82,official_sample,redacted,llm,collections_and_arrays,Collections and Arrays,7,10,"A estrutura de dados principal está presente e respeita nominalmente os tamanhos do enunciado, com array de 100 filmes e array de 10 filmes Hot. Entretanto, as posições externas do sistema são usadas diretamente como índices internos, o que viola os limites 1 a 100 e 1 a 10 e causa erros nas bordas especificadas.","submission/src/filmnow/FilmNow.java: constantes TAMANHO e TAMANHOHOT | submission/src/filmnow/FilmNow.java: atributos filmes e filmesHot | submission/src/filmnow/MainFilmNow.java: mostrarFilmes, exibirHot | submission/src/filmnow/FilmNow.java: cadastraFilme usa filmes[posicao] | submission/src/filmnow/FilmNow.java: cadastraHot usa filmesHot[posicaoHot] e filmes[posicao] | submission/src/filmnow/FilmNow.java: getFilmeOBJ usa filmes[posicao] | submission/src/filmnow/MainFilmNow.java: mostrarFilmes e exibirHot imprimem o índice interno diretamente",high
S82,official_sample,redacted,llm,separation_of_concerns,Separation of Concerns,5,10,"Existe alguma separação estrutural: Filme representa dados, FilmNow armazena filmes e MainFilmNow concentra a interação com o usuário. Porém, muitas regras e formatações foram colocadas na interface, enquanto FilmNow não centraliza as operações do sistema. Isso reduz bastante a separação esperada entre lógica de domínio e entrada/saída.","submission/src/filmnow/MainFilmNow.java: menu, comando, adicionaFilme, mostrarFilmes, detalharFilme | submission/src/filmnow/FilmNow.java: construtor, cadastraFilme, cadastraHot | submission/src/filmnow/Filme.java: toString, equals | submission/src/filmnow/MainFilmNow.java: mostrarFilmes, detalharFilme, adicionarHot, exibirHot, removeHot | submission/src/filmnow/FilmNow.java: getFilmes, getFilmeOBJ, getHot | submission/src/filmnow/MainFilmNow.java: formataFilme, formataHot | submission/src/filmnow/Filme.java: toString",high
S82,official_sample,redacted,llm,readability_and_documentation,Readability and Documentation,8,10,"O código é em geral legível, com nomes compreensíveis e Javadocs presentes na maioria dos métodos públicos. A documentação, porém, é parcialmente superficial ou imprecisa em alguns pontos, e há inconsistências de estilo e nomenclatura que reduzem a qualidade sem impedir a compreensão geral.","submission/src/filmnow/Filme.java: Javadocs de classe, construtor, getters, setters, toString e equals | submission/src/filmnow/FilmNow.java: Javadocs de classe e métodos públicos | submission/src/filmnow/MainFilmNow.java: métodos auxiliares documentados | submission/src/filmnow/FilmNow.java: getFilme, getFilmeOBJ, cadastraFilme | submission/src/filmnow/Filme.java: toString | submission/src/filmnow/FilmNow.java: getFilmeOBJ, TAMANHOHOT | submission/src/filmnow/LeitorFilmNow.java: carregaContatos",high
S83,official_sample,redacted,llm,basic_functionality,Basic Functionality,6.5,10,"A submissão implementa o fluxo central de cadastro, listagem simples, detalhamento e uma HotList funcional em cenários básicos. Porém há falhas materiais em validação de entradas, no formato/semântica do detalhamento e em operações importantes da HotList, especialmente remoção e posições inválidas.",submission/src/filmnow/FilmNow.java::cadastraFilme | submission/src/filmnow/Filmes.java::equals | submission/src/filmnow/MainFilmNow.java::mostrarFilmes | submission/src/filmnow/FilmNow.java::detalhar | submission/src/filmnow/FilmNow.java::adicionaHotList | submission/src/filmnow/MainFilmNow.java::exibirHotList | submission/src/filmnow/Filmes.java::toString | submission/src/filmnow/MainFilmNow.java::detalharFilme | submission/src/filmnow/FilmNow.java::removeHotList,high
S83,official_sample,redacted,llm,unit_tests,Unit Tests,4,10,"Há testes JUnit reais para alguns cenários de cadastro, detalhamento e representação textual, mas a suíte é incompleta e parte dos testes de Filme não verifica nada efetivamente. A HotList e a listagem ficam pouco ou nada cobertas.",submission/src/filmnow/FilmNowTeste.java | submission/src/filmnow/FilmNowDetalhar.java | submission/src/filmnow/FilmesTeste.java | submission/src/filmnow/FilmesTeste.java::testEqualsObject1 | submission/src/filmnow/FilmesTeste.java::testEqualsObject2 | submission/src/filmnow/FilmesTeste.java::testEqualsObject3 | submission/src/filmnow/FilmesTeste.java::assertboolean | submission/src/filmnow/FilmNow.java::adicionaHotList | submission/src/filmnow/FilmNow.java::removeHotList | submission/src/filmnow/FilmNowDetalhar.java::testDetalhar1 | submission/src/filmnow/FilmNowDetalhar.java::testDetalhar5,high
S83,official_sample,redacted,llm,class_design,Class Design,9,10,"A solução demonstra claramente a modelagem central esperada: há uma classe para filme, uma classe gerenciadora FilmNow com composição e uma interface MainFilmNow modularizada. A perda é pequena e se concentra na ausência de representações mais específicas para os diferentes usos de exibição do filme.",submission/src/filmnow/Filmes.java | submission/src/filmnow/FilmNow.java | submission/src/filmnow/MainFilmNow.java | submission/src/filmnow/Filmes.java::equals | submission/src/filmnow/Filmes.java::hashCode | submission/src/filmnow/Filmes.java::toString | submission/src/filmnow/FilmNow.java::detalhar | submission/src/filmnow/MainFilmNow.java::mostrarFilmes,high
S83,official_sample,redacted,llm,object_references,Object References and Composition,8,10,"O código usa objetos e composição de forma substancialmente correta, com FilmNow criando e armazenando Filmes. A principal falha conceitual de referências aparece na manipulação da HotList, especialmente ao remover o estado hot de um objeto diferente do armazenado na lista quente.",submission/src/filmnow/FilmNow.java::filmes | submission/src/filmnow/FilmNow.java::hotList | submission/src/filmnow/FilmNow.java::cadastraFilme | submission/src/filmnow/FilmNow.java::adicionaHotList | submission/src/filmnow/FilmNow.java::removeHotList,high
S83,official_sample,redacted,llm,collections_and_arrays,Collections and Arrays,8,10,A solução usa arrays com os tamanhos exigidos e mapeia corretamente as posições externas para índices internos em partes importantes do sistema. As perdas decorrem de acesso sem validação em métodos públicos e da manipulação frágil dos índices da HotList.,submission/src/filmnow/FilmNow.java::TAMANHO | submission/src/filmnow/FilmNow.java::FilmNow | submission/src/filmnow/FilmNow.java::cadastraFilme | submission/src/filmnow/FilmNow.java::detalhar | submission/src/filmnow/MainFilmNow.java::mostrarFilmes | submission/src/filmnow/FilmNow.java::getFilme | submission/src/filmnow/FilmNow.java::adicionaHotList | submission/src/filmnow/FilmNow.java::removeHotList,high
S83,official_sample,redacted,llm,separation_of_concerns,Separation of Concerns,7,10,"Há separação básica entre interface, gerenciador e entidade, e as classes de domínio não imprimem diretamente. Ainda assim, parte da lógica de listagem e de formatação da HotList fica no Main, enquanto FilmNow expõe arrays e strings parciais para que a interface monte resultados.",submission/src/filmnow/MainFilmNow.java | submission/src/filmnow/FilmNow.java | submission/src/filmnow/Filmes.java | submission/src/filmnow/MainFilmNow.java::mostrarFilmes | submission/src/filmnow/MainFilmNow.java::exibirHotList | submission/src/filmnow/FilmNow.java::getFilmes | submission/src/filmnow/FilmNow.java::getHotList | submission/src/filmnow/Filmes.java::toString | submission/src/filmnow/MainFilmNow.java::formataFilme,high
S83,official_sample,redacted,llm,readability_and_documentation,Readability and Documentation,7,10,"O código é compreensível, possui nomes em grande parte descritivos e contém Javadoc em muitas classes e métodos. A nota é reduzida por documentação imprecisa, erros frequentes de escrita e organização/nomeação que dificultam a leitura.",submission/src/filmnow/Filmes.java | submission/src/filmnow/FilmNow.java | submission/src/filmnow/MainFilmNow.java | submission/src/filmnow/Filmes.java::toString | submission/src/filmnow/Filmes.java::removeHot | submission/src/filmnow/FilmNow.java::analisaIguais | submission/src/filmnow/MainFilmNow.java::exibirHotList | submission/src/filmnow/FilmNowDetalhar.java | submission/src/filmnow/FilmNow.java::cadastraFilme | submission/src/filmnow/FilmNow.java::getFilmes,high
S84,official_sample,redacted,llm,basic_functionality,Basic Functionality,5.5,10,"A submissão implementa parte relevante do fluxo de cadastro e detalhamento de filmes, com classe Filme, controle de duplicidade por nome/ano e armazenamento limitado. Porém, a listagem tem erro de posição e representação, o detalhamento de posição vazia diverge da especificação e a HotList está substancialmente incompleta ou inconsistente com o comportamento pedido.",submission/src/filmnow/FilmNow.java::cadastraFilme | submission/src/filmnow/FilmNow.java::existeFilme | submission/src/filmnow/FilmNow.java::detalhaFilme | submission/src/filmnow/Filme.java::equals | submission/src/filmnow/MainFilmNow.java::mostrarFilmes | submission/src/filmnow/FilmNow.java::atribuirHot | submission/src/filmnow/FilmNow.java::removerHot | submission/src/filmnow/MainFilmNow.java::atribuirHot | submission/src/filmnow/MainFilmNow.java::removerHot | submission/src/filmnow/FilmNow.java::getFilmes | submission/src/filmnow/MainFilmNow.java::adicionaFilme,high
S84,official_sample,redacted,llm,unit_tests,Unit Tests,5,10,"Há uma suíte JUnit real, com vários testes de cadastro, limites, detalhamento e igualdade de Filme. Entretanto, a cobertura é incompleta para listagem e HotList, há expectativas contrárias à especificação em alguns casos, e parte da suíte entregue tende a falhar contra o próprio código submetido.",submission/testes/filmnow/FilmNowTest.java | submission/testes/filmnow/FilmTest.java | submission/testes/filmnow/FilmNowTest.java::testAdicionarFilmePosicaoVazia | submission/testes/filmnow/FilmNowTest.java::testDetalharFilmeAdicionadoComTodosDados | submission/testes/filmnow/FilmTest.java::testEqualsMesmoNomeEAno | submission/testes/filmnow/FilmTest.java::testToStringSemAno | submission/testes/filmnow/FilmTest.java::testHashCodeIgualParaFilmesIguais | submission/src/filmnow/Filme.java::hashCode | submission/src/filmnow/Filme.java::equals | submission/testes/filmnow/FilmNowTest.java::testDetalharFilmePosicaoSemFilme | submission/testes/filmnow/FilmNowTest.java::testAdicionarFilmeAnoVazio | submission/testes/filmnow/FilmNowTest.java::testDetalharFilmeHotList | submission/src/filmnow/FilmNow.java::atribuirHot | submission/src/filmnow/FilmNow.java::removerHot,high
S84,official_sample,redacted,llm,class_design,Class Design,8,10,"A solução demonstra a modelagem central esperada: Filme existe como entidade própria, FilmNow compõe filmes por meio de um array de objetos e MainFilmNow organiza a interface textual. As perdas vêm de problemas de encapsulamento e de uma modelagem insuficiente da HotList como operação especificada do sistema.",submission/src/filmnow/Filme.java | submission/src/filmnow/FilmNow.java | submission/src/filmnow/MainFilmNow.java | submission/src/filmnow/LeitorFilmNow.java::processaLinhaCsvFilmes | submission/src/filmnow/FilmNow.java::atribuirHot | submission/src/filmnow/MainFilmNow.java::atribuirHot | submission/src/filmnow/FilmNow.java::getFilmes | submission/src/filmnow/FilmNow.java::getHotFilmes | submission/src/filmnow/FilmNow.java::getFilme,high
S84,official_sample,redacted,llm,object_references,Object References and Composition,8.5,10,Há bom uso da ideia principal de composição: FilmNow armazena referências para objetos Filme e cria esses objetos ao cadastrar. Não há uso indevido de estático nas classes de domínio. As perdas são principalmente por exposição direta das referências internas e inconsistência no acesso por posição.,submission/src/filmnow/FilmNow.java::filmes | submission/src/filmnow/FilmNow.java::hotList | submission/src/filmnow/FilmNow.java::cadastraFilme | submission/src/filmnow/FilmNow.java::atribuirHot | submission/src/filmnow/MainFilmNow.java::main | submission/src/filmnow/FilmNow.java::getFilmes | submission/src/filmnow/FilmNow.java::getHotFilmes | submission/src/filmnow/MainFilmNow.java::mostrarFilmes | submission/src/filmnow/MainFilmNow.java::exibirHot | submission/src/filmnow/FilmNow.java::getFilme,high
S84,official_sample,redacted,llm,collections_and_arrays,Collections and Arrays,8,10,"A estrutura principal de armazenamento está presente e respeita os tamanhos gerais do enunciado: 100 filmes e 10 posições de HotList. Contudo, as operações sobre o array da HotList não respeitam todas as restrições de posição e duplicidade, e os arrays são expostos diretamente.",submission/src/filmnow/FilmNow.java::TAMANHO | submission/src/filmnow/FilmNow.java::HOT_TAMANHO | submission/src/filmnow/FilmNow.java::filmes | submission/src/filmnow/FilmNow.java::hotList | submission/src/filmnow/FilmNow.java::cadastraFilme | submission/src/filmnow/FilmNow.java::existeFilme | submission/src/filmnow/FilmNow.java::atribuirHot | submission/src/filmnow/MainFilmNow.java::atribuirHot | submission/src/filmnow/MainFilmNow.java::mostrarFilmes | submission/src/filmnow/MainFilmNow.java::removerHot | submission/src/filmnow/FilmNow.java::removerHot,high
S84,official_sample,redacted,llm,separation_of_concerns,Separation of Concerns,7,10,"A divisão geral existe: Main lida com entrada/saída, FilmNow concentra parte das regras de cadastro e detalhamento, e Filme sabe representar seus próprios detalhes. Porém, a listagem e a exibição da HotList vazam estrutura interna para o Main, que passa a percorrer arrays e formatar regras do domínio.",submission/src/filmnow/MainFilmNow.java::menu | submission/src/filmnow/MainFilmNow.java::comando | submission/src/filmnow/MainFilmNow.java::adicionaFilme | submission/src/filmnow/FilmNow.java::cadastraFilme | submission/src/filmnow/FilmNow.java::detalhaFilme | submission/src/filmnow/Filme.java::toString | submission/src/filmnow/MainFilmNow.java::mostrarFilmes | submission/src/filmnow/MainFilmNow.java::exibirHot | submission/src/filmnow/FilmNow.java::getFilmes | submission/src/filmnow/FilmNow.java::getHotFilmes,high
S84,official_sample,redacted,llm,readability_and_documentation,Readability and Documentation,7,10,"O código é em geral legível, com nomes compreensíveis, constantes para tamanhos e Javadocs em várias classes e métodos. As perdas decorrem de inconsistências de implementação que dificultam manutenção e de documentação por vezes superficial, imprecisa ou desalinhada com o comportamento real.",submission/src/filmnow/Filme.java | submission/src/filmnow/FilmNow.java | submission/src/filmnow/MainFilmNow.java | submission/src/filmnow/LeitorFilmNow.java | submission/src/filmnow/FilmNow.java::cadastraFilme | submission/src/filmnow/Filme.java::hashCode | submission/src/filmnow/Filme.java::equals | submission/src/filmnow/FilmNow.java::getFilme | submission/src/filmnow/FilmNow.java::atribuirHot | submission/src/filmnow/Filme.java::Filme | submission/src/filmnow/FilmNow.java::removerHot | submission/src/filmnow/FilmNow.java::detalhaFilme,high
