submission_id,role,original_repository,evaluator_type,criterion_id,criterion_name,score,max_score,justification,evidence_refs,confidence
S01,official_sample,redacted,human,basic_functionality,Basic Functionality,8.0,10,"No método cadastraFilmeHotList, caso não tenha um filme na posição indicada deveria retornar ""POSIÇÃO INVÁLIDA"".",src/filmnow/FilmNow.java,
S01,official_sample,redacted,human,unit_tests,Unit Tests,0.0,10,Testes não implementados.,tests/,
S01,official_sample,redacted,human,class_design,Class Design,7.0,10,A classe FilmNow deveria apenas manter a lógica de negócio.,src/filmnow/FilmNow.java,
S01,official_sample,redacted,human,object_references,Object References,10.0,10,Não se deve usar '==' para comparar 2 strings.,src/filmnow/,
S01,official_sample,redacted,human,collections_and_arrays,Collections And Arrays,10.0,10,Critério atendido.,,
S01,official_sample,redacted,human,separation_of_concerns,Separation Of Concerns,9.0,10,A variável booleana 'hot' na classe Filme não deveria estar nela.,src/filmnow/Filme.java,
S01,official_sample,redacted,human,readability_and_documentation,Readability And Documentation,10.0,10,Critério atendido.,,
S02,official_sample,redacted,human,basic_functionality,Basic Functionality,10.0,10,Critério atendido.,,
S02,official_sample,redacted,human,unit_tests,Unit Tests,9.5,10,Faltou testar detalhar um filme ex hot.,tests/,
S02,official_sample,redacted,human,class_design,Class Design,7.0,10,"O método estático confereExistencia não deveria ser estático; a responsabilidade de verificar se um filme já existe é da classe FilmeNow. Além disso, o sistema armazena filmes como String[] em vez de Filme[], descartando as instâncias após gerar a string.",src/filmnow/FilmeNow.java,
S02,official_sample,redacted,human,object_references,Object References,3.0,10,O array de hotlist está sendo inicializado duas vezes e não está diminuindo -1 da posição passada ao acessar os arrays.,src/filmnow/FilmeNow.java,
S02,official_sample,redacted,human,collections_and_arrays,Collections And Arrays,10.0,10,Critério atendido.,,
S02,official_sample,redacted,human,separation_of_concerns,Separation Of Concerns,9.0,10,A classe Main deve lidar apenas com a entrada e saída.,src/filmnow/Main.java,
S02,official_sample,redacted,human,readability_and_documentation,Readability And Documentation,10.0,10,Critério atendido.,,
S03,official_sample,redacted,human,basic_functionality,Basic Functionality,8.5,10,"Nos métodos de Hot, as posições de entrada vão de 1-10, não de 0-9. Em detalharFilme ele deveria retornar uma String vazia caso não tenha nenhum filme naquela posição mas no código está 'POSIÇÃO INVÁLIDA'.",src/filmnow/FilmNow.java,
S03,official_sample,redacted,human,unit_tests,Unit Tests,6.0,10,"Nos testes da classe Filme faltou testar o toString, e nos testes da classe FilmNow, os métodos de listagem da lista de filmes e da hotlist, adicionar e remover da hotlist não foram implementados.",tests/,
S03,official_sample,redacted,human,class_design,Class Design,7.0,10,"Classe Filme bem implementada, um único ponto é que posição do filme na lista não deveria ser armazenada dentro de filme.",src/filmnow/Filme.java,
S03,official_sample,redacted,human,object_references,Object References,10.0,10,Critério atendido.,,
S03,official_sample,redacted,human,collections_and_arrays,Collections And Arrays,10.0,10,Critério atendido.,,
S03,official_sample,redacted,human,separation_of_concerns,Separation Of Concerns,7.0,10,"A classe Main deve lidar apenas com a entrada e saída, detalhes como verificar se o filme já está na hotlist devem estar no FilmNow.",src/filmnow/Main.java,
S03,official_sample,redacted,human,readability_and_documentation,Readability And Documentation,9.0,10,Na documentação procure deixar mais claro quais os parâmetros e o que aquele método faz.,src/filmnow/,
S04,official_sample,redacted,human,basic_functionality,Basic Functionality,9.0,10,"Caso o usuário tentasse adicionar um filme com local vazio deveria retornar ""FILME INVALIDO"".",src/filmnow/FilmNow.java,
S04,official_sample,redacted,human,unit_tests,Unit Tests,9.5,10,Faltou testar detalhar um filme que foi removido da hotlist.,tests/,
S04,official_sample,redacted,human,class_design,Class Design,10.0,10,Critério atendido.,,
S04,official_sample,redacted,human,object_references,Object References,10.0,10,Critério atendido.,,
S04,official_sample,redacted,human,collections_and_arrays,Collections And Arrays,10.0,10,Critério atendido.,,
S04,official_sample,redacted,human,separation_of_concerns,Separation Of Concerns,9.0,10,HotList deveria ser uma lista dentro de FilmNow não uma classe separada. A variável booleana 'hot' na classe Filme não deveria estar nela.,src/filmnow/HotList.java | src/filmnow/Filme.java,
S04,official_sample,redacted,human,readability_and_documentation,Readability And Documentation,10.0,10,Critério atendido.,,
S05,official_sample,redacted,human,basic_functionality,Basic Functionality,9.0,10,Atribuir hot a um filme que não existe numa posição válida deveria retornar 'POSIÇÃO INVÁLIDA'.,src/filmnow/FilmNow.java,
S05,official_sample,redacted,human,unit_tests,Unit Tests,9.5,10,Faltou testar detalhar um filme ex hot.,tests/,
S05,official_sample,redacted,human,class_design,Class Design,8.0,10,"O método equals de Filme usa == para comparar o atributo ano (String), comprometendo a verificação de duplicidade com entradas do usuário.",,
S05,official_sample,redacted,human,object_references,Object References,10.0,10,Critério atendido.,,
S05,official_sample,redacted,human,collections_and_arrays,Collections And Arrays,10.0,10,Critério atendido.,,
S05,official_sample,redacted,human,separation_of_concerns,Separation Of Concerns,9.0,10,A variável booleana 'hot' na classe Filme não deveria estar nela.,src/filmnow/Filme.java,
S05,official_sample,redacted,human,readability_and_documentation,Readability And Documentation,9.0,10,Tags Javadoc com descrições de @param e @return deixadas em branco em alguns métodos.,,
S06,official_sample,redacted,human,basic_functionality,Basic Functionality,8.5,10,Falta verificação de posição vazia nos métodos da HotList — posições válidas sem filme não retornam POSIÇÃO INVÁLIDA.,,
S06,official_sample,redacted,human,unit_tests,Unit Tests,9.0,10,"Faltaram testes específicos para hotFilme, ex-hot e diferentes versões de dados.",tests/,
S06,official_sample,redacted,human,class_design,Class Design,10.0,10,Critério atendido.,,
S06,official_sample,redacted,human,object_references,Object References,10.0,10,Critério atendido.,,
S06,official_sample,redacted,human,collections_and_arrays,Collections And Arrays,10.0,10,Critério atendido.,,
S06,official_sample,redacted,human,separation_of_concerns,Separation Of Concerns,10.0,10,Critério atendido.,,
S06,official_sample,redacted,human,readability_and_documentation,Readability And Documentation,9.0,10,Faltou documentação da classe Filme.,src/filmnow/Filme.java,
S07,official_sample,redacted,human,basic_functionality,Basic Functionality,10.0,10,Critério atendido.,,
S07,official_sample,redacted,human,unit_tests,Unit Tests,8.5,10,"Critério atendido. Além disso, faltam testes para o construtor e getters da classe Filme.",,
S07,official_sample,redacted,human,class_design,Class Design,9.0,10,A variável booleana 'temHot' na classe Filme não deveria estar nela.,src/filmnow/Filme.java,
S07,official_sample,redacted,human,object_references,Object References,9.0,10,"O hashcode está sendo gerado com base no nome e local, mas deveria ser nome e ano para manter consistência com o equals.",src/filmnow/Filme.java,
S07,official_sample,redacted,human,collections_and_arrays,Collections And Arrays,10.0,10,Critério atendido.,,
S07,official_sample,redacted,human,separation_of_concerns,Separation Of Concerns,9.0,10,A variável booleana 'temHot' não deveria estar na classe Filme (já contabilizado em class_design).,src/filmnow/Filme.java,
S07,official_sample,redacted,human,readability_and_documentation,Readability And Documentation,9.5,10,O método getLocal de Filme está com documentação incorreta.,src/filmnow/Filme.java,
S08,official_sample,redacted,human,basic_functionality,Basic Functionality,9.0,10,"O método detalharFilme não deveria imprimir ""POSIÇÃO INVÁLIDA"" para posições válidas sem filme.",src/filmnow/Main.java#detalharFilme,
S08,official_sample,redacted,human,unit_tests,Unit Tests,8.5,10,Faltou testar a exibição da hot list.,tests/,
S08,official_sample,redacted,human,class_design,Class Design,9.0,10,Atributos não utilizados na classe FilmNow.,src/filmnow/FilmNow.java,
S08,official_sample,redacted,human,object_references,Object References,10.0,10,Critério atendido.,,
S08,official_sample,redacted,human,collections_and_arrays,Collections And Arrays,10.0,10,Faltou verificação ao cadastrar filme na hotlist.,src/filmnow/FilmNow.java,
S08,official_sample,redacted,human,separation_of_concerns,Separation Of Concerns,10.0,10,Critério atendido.,,
S08,official_sample,redacted,human,readability_and_documentation,Readability And Documentation,6.0,10,Documentação incompleta.,src/filmnow/,
S09,official_sample,redacted,human,basic_functionality,Basic Functionality,9.0,10,"Nos métodos de hotlist, caso seja passada uma posição que não possui um filme deveria retornar 'POSIÇÃO INVÁLIDA'.",src/filmnow/FilmNow.java,
S09,official_sample,redacted,human,unit_tests,Unit Tests,9.5,10,Faltou testar detalhar um filme ex hot.,tests/,
S09,official_sample,redacted,human,class_design,Class Design,10.0,10,Critério atendido.,,
S09,official_sample,redacted,human,object_references,Object References,10.0,10,Critério atendido.,,
S09,official_sample,redacted,human,collections_and_arrays,Collections And Arrays,10.0,10,Critério atendido.,,
S09,official_sample,redacted,human,separation_of_concerns,Separation Of Concerns,9.0,10,A variável booleana 'hot' na classe Filme não deveria estar nela.,src/filmnow/Filme.java,
S09,official_sample,redacted,human,readability_and_documentation,Readability And Documentation,10.0,10,Critério atendido.,,
S10,official_sample,redacted,human,basic_functionality,Basic Functionality,10.0,10,Critério atendido.,,
S10,official_sample,redacted,human,unit_tests,Unit Tests,8.0,10,Faltaram testes de construtor e detalhar filme na Hotlist.,tests/,
S10,official_sample,redacted,human,class_design,Class Design,10.0,10,Critério atendido.,,
S10,official_sample,redacted,human,object_references,Object References,10.0,10,Critério atendido.,,
S10,official_sample,redacted,human,collections_and_arrays,Collections And Arrays,10.0,10,Critério atendido.,,
S10,official_sample,redacted,human,separation_of_concerns,Separation Of Concerns,9.0,10,A variável booleana 'hot' não deveria estar na classe Filme.,src/filmnow/Filme.java,
S10,official_sample,redacted,human,readability_and_documentation,Readability And Documentation,10.0,10,Critério atendido.,,
S11,official_sample,redacted,human,basic_functionality,Basic Functionality,10.0,10,Critério atendido.,,
S11,official_sample,redacted,human,unit_tests,Unit Tests,8.0,10,Faltou testar os métodos de exibir lista de filmes e exibir hot list.,tests/,
S11,official_sample,redacted,human,class_design,Class Design,8.0,10,"O método equals de Filme usa == para comparar o atributo anoDeLancamento (String), comprometendo a verificação de duplicidade.",,
S11,official_sample,redacted,human,object_references,Object References,10.0,10,Critério atendido.,,
S11,official_sample,redacted,human,collections_and_arrays,Collections And Arrays,10.0,10,Critério atendido.,,
S11,official_sample,redacted,human,separation_of_concerns,Separation Of Concerns,10.0,10,Critério atendido.,,
S11,official_sample,redacted,human,readability_and_documentation,Readability And Documentation,10.0,10,Critério atendido.,,
S12,official_sample,redacted,human,basic_functionality,Basic Functionality,9.0,10,"Nos métodos de hotlist, caso seja passada uma posição que não possui um filme deveria retornar 'POSIÇÃO INVÁLIDA'. Não está diminuindo -1 da posição passada ao acessar os arrays.",src/filmnow/FilmNow.java,
S12,official_sample,redacted,human,unit_tests,Unit Tests,5.0,10,"Não testou os métodos de hotlist, nem os métodos de mostrar a lista de filmes, nem de detalhar um filme.",tests/,
S12,official_sample,redacted,human,class_design,Class Design,10.0,10,Critério atendido.,,
S12,official_sample,redacted,human,object_references,Object References,10.0,10,Critério atendido.,,
S12,official_sample,redacted,human,collections_and_arrays,Collections And Arrays,7.0,10,"exibir hot está com muita lógica em filmnow, Filme que deveria ser responsável pelos detalhes de exibição.",src/filmnow/FilmNow.java,
S12,official_sample,redacted,human,separation_of_concerns,Separation Of Concerns,6.0,10,"A classe Main deve lidar apenas com a entrada e saída, verificações como posição inválida devem estar dentro de FilmNow.",src/filmnow/Main.java,
S12,official_sample,redacted,human,readability_and_documentation,Readability And Documentation,3.0,10,Não documentou a classe Filme e documentação da classe FilmNow incompleta.,src/filmnow/,
S13,official_sample,redacted,human,basic_functionality,Basic Functionality,8.5,10,Validação de posições na HotList usa || incorretamente e não verifica nulidade do filme. Detalhar posição vazia retorna POSIÇÃO INVÁLIDA em vez de vazio.,,
S13,official_sample,redacted,human,unit_tests,Unit Tests,9.5,10,Faltou testar a remoção da hotlist e exibir filme ex-hot.,tests/,
S13,official_sample,redacted,human,class_design,Class Design,10.0,10,Critério atendido.,,
S13,official_sample,redacted,human,object_references,Object References,10.0,10,Critério atendido.,,
S13,official_sample,redacted,human,collections_and_arrays,Collections And Arrays,10.0,10,Critério atendido.,,
S13,official_sample,redacted,human,separation_of_concerns,Separation Of Concerns,9.0,10,A variável booleana 'isHot' na classe Filme não deveria estar nela.,src/filmnow/Filme.java,
S13,official_sample,redacted,human,readability_and_documentation,Readability And Documentation,10.0,10,Critério atendido.,,
S14,official_sample,redacted,human,basic_functionality,Basic Functionality,8.0,10,MainFilmNow não imprime o retorno de detalhaFilme e adicionaHot. removeHot não valida limites nem nulidade.,,
S14,official_sample,redacted,human,unit_tests,Unit Tests,9.0,10,Não testou o equals da classe Filme nem exibir filme ex-hot.,tests/,
S14,official_sample,redacted,human,class_design,Class Design,10.0,10,Critério atendido.,,
S14,official_sample,redacted,human,object_references,Object References,10.0,10,Critério atendido.,,
S14,official_sample,redacted,human,collections_and_arrays,Collections And Arrays,10.0,10,Critério atendido.,,
S14,official_sample,redacted,human,separation_of_concerns,Separation Of Concerns,7.0,10,A classe Filme tem responsabilidade excessiva na exibição de detalhes.,src/filmnow/Filme.java | src/filmnow/FilmNow.java,
S14,official_sample,redacted,human,readability_and_documentation,Readability And Documentation,10.0,10,Critério atendido.,,
S15,official_sample,redacted,human,basic_functionality,Basic Functionality,8.0,10,Ao cadastrar um filme deveria verificar se o nome ou local está vazio. Ao adicionar um filme na hot list deveria verificar se a posição passada possuía um filme cadastrado.,src/filmnow/FilmNow.java,
S15,official_sample,redacted,human,unit_tests,Unit Tests,5.0,10,"Os testes estão testando apenas os cenários felizes, faltam testes de adicionar filme nas posições limite, sobreposição de filmes, testes de listar filmes, listar hot list, detalhar ex hot.",tests/,
S15,official_sample,redacted,human,class_design,Class Design,9.5,10,Inicialização de variáveis como ano na classe Filme devem ocorrer dentro do construtor.,src/filmnow/Filme.java,
S15,official_sample,redacted,human,object_references,Object References,10.0,10,Critério atendido.,,
S15,official_sample,redacted,human,collections_and_arrays,Collections And Arrays,10.0,10,Critério atendido.,,
S15,official_sample,redacted,human,separation_of_concerns,Separation Of Concerns,8.0,10,A variável booleana 'hot' na classe Filme não deveria estar nela.,src/filmnow/Filme.java,
S15,official_sample,redacted,human,readability_and_documentation,Readability And Documentation,5.0,10,Não documentou a classe Filme.,src/filmnow/Filme.java,
S16,official_sample,redacted,human,basic_functionality,Basic Functionality,4.5,10,Não implementou as funcionalidades de hotlist.,src/filmnow/FilmNow.java,
S16,official_sample,redacted,human,unit_tests,Unit Tests,0.0,10,Não implementou nenhum teste.,tests/,
S16,official_sample,redacted,human,class_design,Class Design,10.0,10,Critério atendido.,,
S16,official_sample,redacted,human,object_references,Object References,10.0,10,Critério atendido.,,
S16,official_sample,redacted,human,collections_and_arrays,Collections And Arrays,0.0,10,O método estaCadastrado possui erros de sintaxe que impedem a compilação.,,
S16,official_sample,redacted,human,separation_of_concerns,Separation Of Concerns,7.0,10,"A classe Main deve lidar apenas com a entrada e saída, verificações como posição inválida devem estar dentro da classe FilmNow. Mostrar filmes na main não deveria lidar com a classe Filme diretamente.",src/filmnow/Main.java,
S16,official_sample,redacted,human,readability_and_documentation,Readability And Documentation,7.0,10,Documentação incompleta da classe Filme.,src/filmnow/Filme.java,
S17,official_sample,redacted,human,basic_functionality,Basic Functionality,10.0,10,Critério atendido.,,
S17,official_sample,redacted,human,unit_tests,Unit Tests,7.0,10,Nomenclatura e cobertura de testes incompletas.,csv_monitor_notes,
S17,official_sample,redacted,human,class_design,Class Design,9.0,10,Inicialização fora do construtor.,csv_monitor_notes,
S17,official_sample,redacted,human,object_references,Object References,9.0,10,Problema em comparação e hash.,csv_monitor_notes,
S17,official_sample,redacted,human,collections_and_arrays,Collections And Arrays,10.0,10,Critério atendido.,,
S17,official_sample,redacted,human,separation_of_concerns,Separation Of Concerns,9.0,10,Lógica de validação exposta.,csv_monitor_notes,
S17,official_sample,redacted,human,readability_and_documentation,Readability And Documentation,10.0,10,Critério atendido.,,
S18,official_sample,redacted,human,basic_functionality,Basic Functionality,7.5,10,A adição de um segundo filme à HotList causa NullPointerException. Uso de == para comparar string vazia.,csv_monitor_notes,
S18,official_sample,redacted,human,unit_tests,Unit Tests,7.0,10,Cobertura limitada para classe Filme.,csv_monitor_notes,
S18,official_sample,redacted,human,class_design,Class Design,10.0,10,Critério atendido.,,
S18,official_sample,redacted,human,object_references,Object References,9.0,10,Implementação de hash incompleta.,csv_monitor_notes,
S18,official_sample,redacted,human,collections_and_arrays,Collections And Arrays,10.0,10,Critério atendido.,,
S18,official_sample,redacted,human,separation_of_concerns,Separation Of Concerns,8.0,10,Responsabilidade misturada em Filme.,csv_monitor_notes,
S18,official_sample,redacted,human,readability_and_documentation,Readability And Documentation,9.5,10,Documentação incompleta em método.,csv_monitor_notes,
S19,official_sample,redacted,human,basic_functionality,Basic Functionality,10.0,10,Falta validação de posição inválida.,csv_monitor_notes,
S19,official_sample,redacted,human,unit_tests,Unit Tests,8.0,10,Cobertura incompleta de métodos de listagem.,csv_monitor_notes,
S19,official_sample,redacted,human,class_design,Class Design,10.0,10,Critério atendido.,,
S19,official_sample,redacted,human,object_references,Object References,10.0,10,Critério atendido.,,
S19,official_sample,redacted,human,collections_and_arrays,Collections And Arrays,10.0,10,Critério atendido.,,
S19,official_sample,redacted,human,separation_of_concerns,Separation Of Concerns,10.0,10,Critério atendido.,,
S19,official_sample,redacted,human,readability_and_documentation,Readability And Documentation,10.0,10,Critério atendido.,,
S20,official_sample,redacted,human,basic_functionality,Basic Functionality,8.0,10,Problemas na especificação de índices e validações de hotlist.,csv_monitor_notes,
S20,official_sample,redacted,human,unit_tests,Unit Tests,7.0,10,Cobertura incompleta em métodos importantes.,csv_monitor_notes,
S20,official_sample,redacted,human,class_design,Class Design,10.0,10,Critério atendido.,,
S20,official_sample,redacted,human,object_references,Object References,10.0,10,Critério atendido.,,
S20,official_sample,redacted,human,collections_and_arrays,Collections And Arrays,8.0,10,Tamanho de array e indexação incorretos.,csv_monitor_notes,
S20,official_sample,redacted,human,separation_of_concerns,Separation Of Concerns,8.0,10,Múltiplas violações de separação de responsabilidades.,csv_monitor_notes,
S20,official_sample,redacted,human,readability_and_documentation,Readability And Documentation,10.0,10,Critério atendido.,,
S21,official_sample,redacted,human,basic_functionality,Basic Functionality,8.0,10,O sistema falha ao tratar duplicatas e não exibe corretamente os retornos da lógica de negócio.,csv_monitor_notes,
S21,official_sample,redacted,human,unit_tests,Unit Tests,7.0,10,Cobertura de testes incompleta para as funcionalidades principais.,csv_monitor_notes,
S21,official_sample,redacted,human,class_design,Class Design,10.0,10,Critério atendido.,,
S21,official_sample,redacted,human,object_references,Object References,9.0,10,Uso incorreto de comparação de igualdade para Strings.,csv_monitor_notes,
S21,official_sample,redacted,human,collections_and_arrays,Collections And Arrays,9.0,10,Problemas na manipulação de índices e validação de limites do array.,csv_monitor_notes,
S21,official_sample,redacted,human,separation_of_concerns,Separation Of Concerns,9.0,10,Estado da hotlist sendo gerenciado pela entidade Filme.,csv_monitor_notes,
S21,official_sample,redacted,human,readability_and_documentation,Readability And Documentation,10.0,10,Critério atendido.,,
S22,official_sample,redacted,human,basic_functionality,Basic Functionality,10.0,10,Critério atendido.,,
S22,official_sample,redacted,human,unit_tests,Unit Tests,3.0,10,"Suíte de testes extremamente insuficiente, negligenciando a maioria das classes e funcionalidades.",csv_monitor_notes,
S22,official_sample,redacted,human,class_design,Class Design,9.0,10,Deficiência na inicialização de estruturas de dados e delegação de responsabilidades.,csv_monitor_notes,
S22,official_sample,redacted,human,object_references,Object References,10.0,10,Critério atendido.,,
S22,official_sample,redacted,human,collections_and_arrays,Collections And Arrays,10.0,10,Critério atendido.,,
S22,official_sample,redacted,human,separation_of_concerns,Separation Of Concerns,7.0,10,Violações de SRP na entidade Filme e na classe Main.,csv_monitor_notes,
S22,official_sample,redacted,human,readability_and_documentation,Readability And Documentation,9.0,10,Documentação Javadoc incompleta.,csv_monitor_notes,
S23,official_sample,redacted,human,basic_functionality,Basic Functionality,7.5,10,Não implementou os métodos de hotlist.,src/filmnow/FilmNow.java,
S23,official_sample,redacted,human,unit_tests,Unit Tests,0.0,10,Não implementou testes.,tests/,
S23,official_sample,redacted,human,class_design,Class Design,9.0,10,O método equals da classe Filme compara o atributo 'ano' (String) usando o operador '==' em vez de '.equals()'.,src/filmnow/Filme.java,
S23,official_sample,redacted,human,object_references,Object References,8.0,10,A tentativa de adicionar um filme à HotList na Main cria um novo objeto Filme com valores nulos em vez de usar a referência do filme já existente no acervo.,src/filmnow/Main.java,
S23,official_sample,redacted,human,collections_and_arrays,Collections And Arrays,10.0,10,Critério atendido.,,
S23,official_sample,redacted,human,separation_of_concerns,Separation Of Concerns,7.0,10,"A classe Main deve lidar apenas com a entrada e saída, os métodos que enviam objetos Filme para a main deveriam enviar a representação em string. Também não deveria verificar posições inválidas.",src/filmnow/Main.java,
S23,official_sample,redacted,human,readability_and_documentation,Readability And Documentation,7.0,10,Não documentou a classe Filme.,src/filmnow/Filme.java,
S24,official_sample,redacted,human,basic_functionality,Basic Functionality,9.0,10,O sistema carece de tratamento de erros amigável em operações de hotlist.,csv_monitor_notes,
S24,official_sample,redacted,human,unit_tests,Unit Tests,7.0,10,Lacunas importantes na cobertura de testes para métodos de igualdade e manipulação de estado.,csv_monitor_notes,
S24,official_sample,redacted,human,class_design,Class Design,10.0,10,Critério atendido.,,
S24,official_sample,redacted,human,object_references,Object References,10.0,10,Critério atendido.,,
S24,official_sample,redacted,human,collections_and_arrays,Collections And Arrays,10.0,10,Critério atendido.,,
S24,official_sample,redacted,human,separation_of_concerns,Separation Of Concerns,8.0,10,Quebra de encapsulamento e má distribuição de responsabilidades de exibição.,csv_monitor_notes,
S24,official_sample,redacted,human,readability_and_documentation,Readability And Documentation,10.0,10,Critério atendido.,,
S25,official_sample,redacted,human,basic_functionality,Basic Functionality,10.0,10,Critério atendido.,,
S25,official_sample,redacted,human,unit_tests,Unit Tests,8.5,10,"Testes adequados para o fluxo principal, mas incompletos em validações de igualdade e robustez.",csv_monitor_notes,
S25,official_sample,redacted,human,class_design,Class Design,10.0,10,Critério atendido.,,
S25,official_sample,redacted,human,object_references,Object References,10.0,10,Critério atendido.,,
S25,official_sample,redacted,human,collections_and_arrays,Collections And Arrays,8.0,10,Uso inadequado de estruturas de dados conforme a especificação do problema.,csv_monitor_notes,
S25,official_sample,redacted,human,separation_of_concerns,Separation Of Concerns,10.0,10,Critério atendido.,,
S25,official_sample,redacted,human,readability_and_documentation,Readability And Documentation,10.0,10,Critério atendido.,,
S26,official_sample,redacted,human,basic_functionality,Basic Functionality,9.0,10,"Critério atendido, apesar de inconsistência menor em retorno de erro da hotlist. O sistema lança NumberFormatException ao receber ano vazio, encerrando abruptamente em vez de exibir mensagem de erro.",csv_monitor_notes | src/filmnow/MainFilmNow.java,
S26,official_sample,redacted,human,unit_tests,Unit Tests,7.0,10,Faltam testes para o caminho feliz de cadastro e operações de listagem.,csv_monitor_notes,
S26,official_sample,redacted,human,class_design,Class Design,8.5,10,Problemas na estruturação do construtor e acoplamento na classe Main.,csv_monitor_notes,
S26,official_sample,redacted,human,object_references,Object References,10.0,10,Critério atendido.,,
S26,official_sample,redacted,human,collections_and_arrays,Collections And Arrays,10.0,10,Critério atendido.,,
S26,official_sample,redacted,human,separation_of_concerns,Separation Of Concerns,10.0,10,Critério atendido.,,
S26,official_sample,redacted,human,readability_and_documentation,Readability And Documentation,8.0,10,Faltam Javadocs em métodos importantes do controlador.,csv_monitor_notes,
S27,official_sample,redacted,human,basic_functionality,Basic Functionality,8.5,10,"A lógica de adição na HotList está incompleta: não impede duplicatas, não remove o status 'hot' do filme antigo ao sobrescrever uma posição e não valida os limites do array. Além disso, o método de cadastro não valida se o campo 'local' está vazio.",csv_monitor_notes | src/filmnow/FilmNow.java,
S27,official_sample,redacted,human,unit_tests,Unit Tests,5.0,10,Ausência total de testes para a classe entidade e lacunas no controlador.,csv_monitor_notes,
S27,official_sample,redacted,human,class_design,Class Design,10.0,10,Critério atendido.,,
S27,official_sample,redacted,human,object_references,Object References,10.0,10,Critério atendido.,,
S27,official_sample,redacted,human,collections_and_arrays,Collections And Arrays,10.0,10,Critério atendido.,,
S27,official_sample,redacted,human,separation_of_concerns,Separation Of Concerns,8.0,10,Violação de responsabilidades na classe Filme e na classe Main.,csv_monitor_notes,
S27,official_sample,redacted,human,readability_and_documentation,Readability And Documentation,7.0,10,Documentação Javadoc insuficiente para o projeto.,csv_monitor_notes,
S28,official_sample,redacted,human,basic_functionality,Basic Functionality,8.5,10,Problemas na lógica de indexação que impedem o uso total das funcionalidades do sistema.,csv_monitor_notes,
S28,official_sample,redacted,human,unit_tests,Unit Tests,9.0,10,"Boa cobertura, mas com pequenas omissões em casos de borda e listagens.",csv_monitor_notes,
S28,official_sample,redacted,human,class_design,Class Design,10.0,10,Critério atendido.,,
S28,official_sample,redacted,human,object_references,Object References,10.0,10,Critério atendido.,,
S28,official_sample,redacted,human,collections_and_arrays,Collections And Arrays,7.0,10,Uso de coleção dinâmica em vez de array fixo conforme especificado.,csv_monitor_notes,
S28,official_sample,redacted,human,separation_of_concerns,Separation Of Concerns,5.0,10,Forte acoplamento entre a interface (Main) e as regras de negócio.,csv_monitor_notes,
S28,official_sample,redacted,human,readability_and_documentation,Readability And Documentation,10.0,10,Critério atendido.,,
S29,official_sample,redacted,human,basic_functionality,Basic Functionality,9.0,10,Retornos de erro imprecisos em operações de exibição.,csv_monitor_notes,
S29,official_sample,redacted,human,unit_tests,Unit Tests,10.0,10,Critério atendido.,,
S29,official_sample,redacted,human,class_design,Class Design,10.0,10,Critério atendido.,,
S29,official_sample,redacted,human,object_references,Object References,10.0,10,Critério atendido.,,
S29,official_sample,redacted,human,collections_and_arrays,Collections And Arrays,7.0,10,Uso de estruturas de dados flexíveis onde era exigido um limite fixo via array.,csv_monitor_notes,
S29,official_sample,redacted,human,separation_of_concerns,Separation Of Concerns,10.0,10,Critério atendido.,,
S29,official_sample,redacted,human,readability_and_documentation,Readability And Documentation,10.0,10,Critério atendido.,,
S30,official_sample,redacted,human,basic_functionality,Basic Functionality,10.0,10,Critério atendido.,,
S30,official_sample,redacted,human,unit_tests,Unit Tests,8.0,10,Testes de unidade ausentes para métodos de representação e listagem.,csv_monitor_notes,
S30,official_sample,redacted,human,class_design,Class Design,10.0,10,Critério atendido.,,
S30,official_sample,redacted,human,object_references,Object References,10.0,10,Critério atendido.,,
S30,official_sample,redacted,human,collections_and_arrays,Collections And Arrays,10.0,10,Critério atendido.,,
S30,official_sample,redacted,human,separation_of_concerns,Separation Of Concerns,7.0,10,Problemas de coesão e má distribuição de responsabilidades de visualização.,csv_monitor_notes,
S30,official_sample,redacted,human,readability_and_documentation,Readability And Documentation,7.0,10,Ausência total de documentação na classe principal de domínio.,csv_monitor_notes,
S31,official_sample,redacted,human,basic_functionality,Basic Functionality,1.5,10,Não implementou os métodos de hotlist. O método de detalhar um filme na Main chama um método não implementado do FilmNow.,src/filmnow/FilmNow.java,
S31,official_sample,redacted,human,unit_tests,Unit Tests,0.0,10,Não implementou testes.,tests/,
S31,official_sample,redacted,human,class_design,Class Design,5.0,10,Classe Filme praticamente não implementada e variáveis foram declaradas dentro de um método estático main.,src/filmnow/Filme.java,
S31,official_sample,redacted,human,object_references,Object References,10.0,10,Critério atendido.,,
S31,official_sample,redacted,human,collections_and_arrays,Collections And Arrays,10.0,10,Critério atendido.,,
S31,official_sample,redacted,human,separation_of_concerns,Separation Of Concerns,0.0,10,"Classe FilmNow imprimindo saídas diretamente, sendo que era responsabilidade da classe Main lidar com a entrada e saída.",src/filmnow/FilmNow.java,
S31,official_sample,redacted,human,readability_and_documentation,Readability And Documentation,5.0,10,Não documentou os métodos.,src/filmnow/,
S32,official_sample,redacted,human,basic_functionality,Basic Functionality,9.0,10,Atribuir hot a um filme que não existe numa posição válida deveria retornar 'POSIÇÃO INVÁLIDA'.,src/filmnow/FilmNow.java,
S32,official_sample,redacted,human,unit_tests,Unit Tests,8.0,10,"Faltou testar os métodos de listar filmes, listar hotlist, detalhar um filme hot e um filme ex hot.",tests/,
S32,official_sample,redacted,human,class_design,Class Design,10.0,10,Critério atendido.,,
S32,official_sample,redacted,human,object_references,Object References,10.0,10,Critério atendido.,,
S32,official_sample,redacted,human,collections_and_arrays,Collections And Arrays,10.0,10,Critério atendido.,,
S32,official_sample,redacted,human,separation_of_concerns,Separation Of Concerns,8.0,10,As variáveis 'posicao' e 'status' na classe Filme não deveriam estar nela.,src/filmnow/Filme.java,
S32,official_sample,redacted,human,readability_and_documentation,Readability And Documentation,10.0,10,Critério atendido.,,
S33,official_sample,redacted,human,basic_functionality,Basic Functionality,9.0,10,"Nos métodos de Hot, as posições de entrada vão de 1-10, não de 0-9. Em cadastraHotList, não está verificando se a posição na lista de filmes é válida. Em cadastraFilm, se o local é inválido, deve retornar 'FILME INVALIDO'.",src/filmnow/FilmNow.java,
S33,official_sample,redacted,human,unit_tests,Unit Tests,5.0,10,Faltam implementações de testes para os métodos de hotlist.,tests/,
S33,official_sample,redacted,human,class_design,Class Design,10.0,10,Critério atendido.,,
S33,official_sample,redacted,human,object_references,Object References,10.0,10,Critério atendido.,,
S33,official_sample,redacted,human,collections_and_arrays,Collections And Arrays,10.0,10,Critério atendido.,,
S33,official_sample,redacted,human,separation_of_concerns,Separation Of Concerns,9.0,10,A variável booleana 'hot' na classe Filme não deveria estar nela.,src/filmnow/Filme.java,
S33,official_sample,redacted,human,readability_and_documentation,Readability And Documentation,10.0,10,Critério atendido.,,
S34,official_sample,redacted,human,basic_functionality,Basic Functionality,10.0,10,Critério atendido.,,
S34,official_sample,redacted,human,unit_tests,Unit Tests,9.0,10,"Boa cobertura de testes, com pequenas omissões em casos de exibição.",csv_monitor_notes,
S34,official_sample,redacted,human,class_design,Class Design,10.0,10,Critério atendido.,,
S34,official_sample,redacted,human,object_references,Object References,10.0,10,Critério atendido.,,
S34,official_sample,redacted,human,collections_and_arrays,Collections And Arrays,10.0,10,Critério atendido.,,
S34,official_sample,redacted,human,separation_of_concerns,Separation Of Concerns,10.0,10,Critério atendido.,,
S34,official_sample,redacted,human,readability_and_documentation,Readability And Documentation,10.0,10,Critério atendido.,,
S35,official_sample,redacted,human,basic_functionality,Basic Functionality,0.0,10,Nenhuma funcionalidade do sistema foi implementada.,csv_monitor_notes,
S35,official_sample,redacted,human,unit_tests,Unit Tests,0.0,10,Ausência total de testes.,csv_monitor_notes,
S35,official_sample,redacted,human,class_design,Class Design,4.0,10,Estrutura de classes incompleta e insuficiente.,csv_monitor_notes,
S35,official_sample,redacted,human,object_references,Object References,10.0,10,Critério atendido.,,
S35,official_sample,redacted,human,collections_and_arrays,Collections And Arrays,10.0,10,Critério atendido.,,
S35,official_sample,redacted,human,separation_of_concerns,Separation Of Concerns,10.0,10,Critério atendido.,,
S35,official_sample,redacted,human,readability_and_documentation,Readability And Documentation,0.0,10,Ausência de documentação Javadoc.,csv_monitor_notes,
S36,official_sample,redacted,human,basic_functionality,Basic Functionality,9.0,10,O sistema lança NumberFormatException se o usuário deixar o ano vazio na entrada de dados.,src/filmnow/FilmNow.java,
S36,official_sample,redacted,human,unit_tests,Unit Tests,9.5,10,"Suíte de testes quase completa, com uma pequena lacuna em cenários de exibição.",csv_monitor_notes,
S36,official_sample,redacted,human,class_design,Class Design,10.0,10,Critério atendido.,,
S36,official_sample,redacted,human,object_references,Object References,10.0,10,Critério atendido.,,
S36,official_sample,redacted,human,collections_and_arrays,Collections And Arrays,10.0,10,Critério atendido.,,
S36,official_sample,redacted,human,separation_of_concerns,Separation Of Concerns,9.0,10,Acoplamento entre a interface e o retorno dos métodos do controlador.,csv_monitor_notes,
S36,official_sample,redacted,human,readability_and_documentation,Readability And Documentation,10.0,10,Critério atendido.,,
S37,official_sample,redacted,human,basic_functionality,Basic Functionality,9.0,10,Falha na validação de limites em operações de hotlist.,csv_monitor_notes,
S37,official_sample,redacted,human,unit_tests,Unit Tests,9.0,10,"Boa cobertura, mas com lacunas em cenários específicos de hotlist.",csv_monitor_notes,
S37,official_sample,redacted,human,class_design,Class Design,10.0,10,Critério atendido.,,
S37,official_sample,redacted,human,object_references,Object References,9.0,10,Uso incorreto de operadores de igualdade para tipos por referência.,csv_monitor_notes,
S37,official_sample,redacted,human,collections_and_arrays,Collections And Arrays,10.0,10,Critério atendido.,,
S37,official_sample,redacted,human,separation_of_concerns,Separation Of Concerns,9.0,10,Violação de encapsulamento com estado da hotlist em Filme.,csv_monitor_notes,
S37,official_sample,redacted,human,readability_and_documentation,Readability And Documentation,10.0,10,Critério atendido.,,
S38,official_sample,redacted,human,basic_functionality,Basic Functionality,8.5,10,"Uso incorreto de métodos de leitura do Scanner, prejudicando a entrada de dados compostos.",csv_monitor_notes,
S38,official_sample,redacted,human,unit_tests,Unit Tests,10.0,10,Critério atendido.,,
S38,official_sample,redacted,human,class_design,Class Design,9.0,10,O método equals da classe Filme compara o atributo ano (String) usando o operador '==' em vez de '.equals()'.,src/filmnow/Filme.java,
S38,official_sample,redacted,human,object_references,Object References,10.0,10,Critério atendido.,,
S38,official_sample,redacted,human,collections_and_arrays,Collections And Arrays,10.0,10,Critério atendido.,,
S38,official_sample,redacted,human,separation_of_concerns,Separation Of Concerns,8.0,10,Violação de responsabilidades de visualização e encapsulamento.,csv_monitor_notes,
S38,official_sample,redacted,human,readability_and_documentation,Readability And Documentation,10.0,10,Critério atendido.,,
S39,official_sample,redacted,human,basic_functionality,Basic Functionality,9.0,10,"Atribuir hot a um filme que não existe numa posição válida deveria retornar 'POSIÇÃO INVÁLIDA'. No método de remover um filme da hot list, caso não tenha um filme na posição indicada deveria retornar 'POSIÇÃO INVÁLIDA'.",src/filmnow/FilmNow.java,
S39,official_sample,redacted,human,unit_tests,Unit Tests,2.0,10,Só está testando o construtor e o método de exibição de Filme.,tests/,
S39,official_sample,redacted,human,class_design,Class Design,10.0,10,Critério atendido.,,
S39,official_sample,redacted,human,object_references,Object References,10.0,10,Critério atendido.,,
S39,official_sample,redacted,human,collections_and_arrays,Collections And Arrays,5.0,10,Hotlist deveria ser um array na classe FilmNow com apenas 10 posições.,src/filmnow/FilmNow.java,
S39,official_sample,redacted,human,separation_of_concerns,Separation Of Concerns,7.0,10,"As variáveis booleanas 'hot' e 'posicionHot' na classe Filme não deveriam estar nela. A classe filme que deveria ser responsável pela exibição dos seus detalhes, mas o código pega os atributos de Filme diretamente.",src/filmnow/Filme.java | src/filmnow/FilmNow.java,
S39,official_sample,redacted,human,readability_and_documentation,Readability And Documentation,10.0,10,Critério atendido.,,
S40,official_sample,redacted,human,basic_functionality,Basic Functionality,9.0,10,As operações adicionaHotList e removeHotList possuem validações de limite incorretas ou ausentes.,src/filmnow/FilmNow.java,
S40,official_sample,redacted,human,unit_tests,Unit Tests,10.0,10,Critério atendido.,,
S40,official_sample,redacted,human,class_design,Class Design,10.0,10,"Critério atendido, com pequena observação pedagógica sobre encapsulamento.",manual_refinement,
S40,official_sample,redacted,human,object_references,Object References,10.0,10,Critério atendido.,,
S40,official_sample,redacted,human,collections_and_arrays,Collections And Arrays,10.0,10,"Critério atendido, com pequena observação sobre validação de índices.",manual_refinement,
S40,official_sample,redacted,human,separation_of_concerns,Separation Of Concerns,9.0,10,Pequena falha na separação de responsabilidades (já contemplada nas observações de Class Design).,,
S40,official_sample,redacted,human,readability_and_documentation,Readability And Documentation,10.0,10,Critério atendido.,,
S41,official_sample,redacted,human,basic_functionality,Basic Functionality,9.5,10,Faltou implementar a verificação se um filme já está na hotlist antes de adicionar na hotlist. A classe Filme não implementou o método toString() para exibir seus detalhes.,,
S41,official_sample,redacted,human,unit_tests,Unit Tests,9.0,10,Faltou testar a exibição da hotlist e detalhar um filme ex-hot.,,
S41,official_sample,redacted,human,class_design,Class Design,10.0,10,Critério atendido.,,
S41,official_sample,redacted,human,object_references,Object References,9.0,10,O método atribuirHot cria uma nova instância de Filme (new Filme(...)) em vez de armazenar a referência do filme já existente no acervo.,src/filmnow/FilmNow.java,
S41,official_sample,redacted,human,collections_and_arrays,Collections And Arrays,10.0,10,Critério atendido.,,
S41,official_sample,redacted,human,separation_of_concerns,Separation Of Concerns,6.5,10,"A classe Main está executando lógica de negócio, como verificar se um filme existe no método atribuirHot, além de manipular objetos Filme diretamente em vez de usar índices.",,
S41,official_sample,redacted,human,readability_and_documentation,Readability And Documentation,10.0,10,Critério atendido.,,
S42,official_sample,redacted,human,basic_functionality,Basic Functionality,10.0,10,Critério atendido.,,
S42,official_sample,redacted,human,unit_tests,Unit Tests,9.0,10,Faltou testar a exibição da hotlist e detalhar um filme ex-hot.,,
S42,official_sample,redacted,human,class_design,Class Design,9.0,10,O método equals da classe Filme compara o atributo ano (String) usando o operador '==' em vez de '.equals()'.,src/filmnow/Filme.java,
S42,official_sample,redacted,human,object_references,Object References,10.0,10,Critério atendido.,,
S42,official_sample,redacted,human,collections_and_arrays,Collections And Arrays,10.0,10,Critério atendido.,,
S42,official_sample,redacted,human,separation_of_concerns,Separation Of Concerns,9.0,10,"A classe Main está realizando verificações de lógica de negócio, como a validade das posições informadas.",,
S42,official_sample,redacted,human,readability_and_documentation,Readability And Documentation,10.0,10,Critério atendido.,,
S43,official_sample,redacted,human,basic_functionality,Basic Functionality,6.5,10,Não foram implementadas as funcionalidades relacionadas à Hotlist. O método listarFilmes lança NullPointerException por falta de verificação de existência de filme na posição.,,
S43,official_sample,redacted,human,unit_tests,Unit Tests,2.0,10,Os testes não estão em formato executável e não cobrem a classe Filme nem a Hotlist.,,
S43,official_sample,redacted,human,class_design,Class Design,8.0,10,A classe Filme está com o nome incorreto (possivelmente grafia errada ou fora do padrão).,,
S43,official_sample,redacted,human,object_references,Object References,10.0,10,Uso do operador '==' para comparar Strings no método equals da classe Filme.,,
S43,official_sample,redacted,human,collections_and_arrays,Collections And Arrays,10.0,10,Critério atendido.,,
S43,official_sample,redacted,human,separation_of_concerns,Separation Of Concerns,8.0,10,"O método main da classe principal está sobrecarregado com todo o código, em vez de distribuir a lógica em métodos estáticos auxiliares ou na classe de domínio.",,
S43,official_sample,redacted,human,readability_and_documentation,Readability And Documentation,8.0,10,Alguns métodos não seguem o padrão Javadoc.,,
S44,official_sample,redacted,human,basic_functionality,Basic Functionality,9.0,10,Faltou implementar o toString() na classe Filme e o método mostrarFilmes diverge da especificação.,,
S44,official_sample,redacted,human,unit_tests,Unit Tests,0.0,10,Não foram implementados testes unitários.,,
S44,official_sample,redacted,human,class_design,Class Design,10.0,10,Critério atendido.,,
S44,official_sample,redacted,human,object_references,Object References,9.0,10,A inicialização do array da Hotlist ocorre fora do construtor.,,
S44,official_sample,redacted,human,collections_and_arrays,Collections And Arrays,10.0,10,Critério atendido.,,
S44,official_sample,redacted,human,separation_of_concerns,Separation Of Concerns,5.5,10,A variável 'isHot' na classe Filme acopla o domínio à regra de negócio da Hotlist. A classe Main contém verificações de nulidade e prints estão espalhados em outras classes.,,
S44,official_sample,redacted,human,readability_and_documentation,Readability And Documentation,2.0,10,A documentação não está no padrão JavaDoc e carece de clareza e objetividade.,,
S45,official_sample,redacted,human,basic_functionality,Basic Functionality,10.0,10,Critério atendido.,,
S45,official_sample,redacted,human,unit_tests,Unit Tests,8.0,10,Faltou testar o método detalhesString da classe Filme e cenários de filmes na hotlist/ex-hot.,,
S45,official_sample,redacted,human,class_design,Class Design,10.0,10,Critério atendido.,,
S45,official_sample,redacted,human,object_references,Object References,10.0,10,Critério atendido.,,
S45,official_sample,redacted,human,collections_and_arrays,Collections And Arrays,10.0,10,Critério atendido.,,
S45,official_sample,redacted,human,separation_of_concerns,Separation Of Concerns,8.0,10,Lógica de exibição de detalhes de filmes da Hotlist está na classe FilmNow em vez de usar o toString da classe Filme.,,
S45,official_sample,redacted,human,readability_and_documentation,Readability And Documentation,10.0,10,Critério atendido.,,
S46,official_sample,redacted,human,basic_functionality,Basic Functionality,9.0,10,Os métodos atribuirHotFilme e removerHotFilme não verificam se as posições passadas estão dentro dos limites dos arrays antes de acessá-los.,src/filmnow/FilmNow.java,
S46,official_sample,redacted,human,unit_tests,Unit Tests,9.5,10,Faltou testar filme ex-hot.,,
S46,official_sample,redacted,human,class_design,Class Design,10.0,10,Critério atendido.,,
S46,official_sample,redacted,human,object_references,Object References,10.0,10,Critério atendido.,,
S46,official_sample,redacted,human,collections_and_arrays,Collections And Arrays,9.0,10,Erro na indexação (1-100).,,
S46,official_sample,redacted,human,separation_of_concerns,Separation Of Concerns,10.0,10,Critério atendido.,,
S46,official_sample,redacted,human,readability_and_documentation,Readability And Documentation,7.0,10,Não documentou a Filme.,,
S47,official_sample,redacted,human,basic_functionality,Basic Functionality,10.0,10,Critério atendido.,,
S47,official_sample,redacted,human,unit_tests,Unit Tests,9.5,10,Faltou testar o cenário de filme ex-hot.,,
S47,official_sample,redacted,human,class_design,Class Design,10.0,10,Critério atendido.,,
S47,official_sample,redacted,human,object_references,Object References,10.0,10,Critério atendido.,,
S47,official_sample,redacted,human,collections_and_arrays,Collections And Arrays,10.0,10,Critério atendido.,,
S47,official_sample,redacted,human,separation_of_concerns,Separation Of Concerns,7.0,10,A classe Filme guarda sua própria posição na lista geral.,,
S47,official_sample,redacted,human,readability_and_documentation,Readability And Documentation,0.0,10,Ausência total de documentação nas classes.,,
S48,official_sample,redacted,human,basic_functionality,Basic Functionality,8.0,10,"A manipulação do array da HotList utiliza uma variável 'ultimoHot' para empilhar e desempilhar elementos em vez de usar a posição especificada pelo usuário. Além disso, retorno vazio em vez de 'POSIÇÃO INVÁLIDA' para filmes inexistentes.",src/filmnow/FilmNow.java,
S48,official_sample,redacted,human,unit_tests,Unit Tests,7.0,10,Faltou testar hotlist e listagem de filmes.,,
S48,official_sample,redacted,human,class_design,Class Design,9.0,10,Critério atendido ou sem observações específicas.,,
S48,official_sample,redacted,human,object_references,Object References,10.0,10,Uso de '==' para comparação de strings no equals de Filme.,,
S48,official_sample,redacted,human,collections_and_arrays,Collections And Arrays,10.0,10,Critério atendido.,,
S48,official_sample,redacted,human,separation_of_concerns,Separation Of Concerns,8.0,10,O estado 'isHot' está na classe Filme e a Main realiza validações de índices.,,
S48,official_sample,redacted,human,readability_and_documentation,Readability And Documentation,5.0,10,Documentação incompleta ou ausente na classe Filme e FilmNow.,,
S49,official_sample,redacted,human,basic_functionality,Basic Functionality,10,10,Critério atendido.,,
S49,official_sample,redacted,human,unit_tests,Unit Tests,9.0,10,Faltou testar a substituição de filmes na hotlist e a exibição de filme ex-hot.,,
S49,official_sample,redacted,human,class_design,Class Design,10.0,10,Critério atendido.,,
S49,official_sample,redacted,human,object_references,Object References,10.0,10,Critério atendido.,,
S49,official_sample,redacted,human,collections_and_arrays,Collections And Arrays,10.0,10,Critério atendido.,,
S49,official_sample,redacted,human,separation_of_concerns,Separation Of Concerns,8.0,10,A classe FilmNow está formatando os detalhes do filme em vez de chamar o toString.,,
S49,official_sample,redacted,human,readability_and_documentation,Readability And Documentation,10.0,10,Critério atendido.,,
S50,official_sample,redacted,human,basic_functionality,Basic Functionality,10.0,10,Critério atendido.,,
S50,official_sample,redacted,human,unit_tests,Unit Tests,9.5,10,Faltou testar filme ex-hot.,,
S50,official_sample,redacted,human,class_design,Class Design,9.0,10,Uso de '==' para comparação de Strings no método nomeAno.,,
S50,official_sample,redacted,human,object_references,Object References,10.0,10,Critério atendido.,,
S50,official_sample,redacted,human,collections_and_arrays,Collections And Arrays,10.0,10,Critério atendido.,,
S50,official_sample,redacted,human,separation_of_concerns,Separation Of Concerns,9.0,10,Variável 'statusHot' na classe Filme.,,
S50,official_sample,redacted,human,readability_and_documentation,Readability And Documentation,10.0,10,Critério atendido.,,
S51,official_sample,redacted,human,basic_functionality,Basic Functionality,9.0,10,Mensagens de saída divergem da especificação.,,
S51,official_sample,redacted,human,unit_tests,Unit Tests,9.5,10,Faltou testar exibição de filme ex-hot.,,
S51,official_sample,redacted,human,class_design,Class Design,9.0,10,Uso de '==' no equals e divergência nas mensagens de saída.,,
S51,official_sample,redacted,human,object_references,Object References,10.0,10,Critério atendido.,,
S51,official_sample,redacted,human,collections_and_arrays,Collections And Arrays,10.0,10,Critério atendido.,,
S51,official_sample,redacted,human,separation_of_concerns,Separation Of Concerns,9.0,10,Variável 'hot' na classe Filme.,,
S51,official_sample,redacted,human,readability_and_documentation,Readability And Documentation,10.0,10,Critério atendido.,,
S52,official_sample,redacted,human,basic_functionality,Basic Functionality,9.0,10,"O método getFilmes() contém um System.out.println(this.filmes[1].toString()) fixo, imprimindo sempre o segundo filme independentemente do contexto.",src/filmnow/FilmNow.java,
S52,official_sample,redacted,human,unit_tests,Unit Tests,9.0,10,Faltou testar o método equals da classe Filme.,,
S52,official_sample,redacted,human,class_design,Class Design,10.0,10,Critério atendido.,,
S52,official_sample,redacted,human,object_references,Object References,10.0,10,Critério atendido.,,
S52,official_sample,redacted,human,collections_and_arrays,Collections And Arrays,10.0,10,Critério atendido.,,
S52,official_sample,redacted,human,separation_of_concerns,Separation Of Concerns,8.0,10,Variável 'hot' na classe Filme e presença de prints no método getFilmes da FilmNow.,,
S52,official_sample,redacted,human,readability_and_documentation,Readability And Documentation,10.0,10,Critério atendido.,,
S53,official_sample,redacted,human,basic_functionality,Basic Functionality,9.0,10,Uso do operador '==' para comparar strings vazias no cadastro de filmes.,src/filmnow/FilmNow.java,
S53,official_sample,redacted,human,unit_tests,Unit Tests,7.0,10,"Falta de testes para detalhamento de filmes (comum, hot e ex-hot).",,
S53,official_sample,redacted,human,class_design,Class Design,10.0,10,Critério atendido.,,
S53,official_sample,redacted,human,object_references,Object References,10.0,10,Critério atendido.,,
S53,official_sample,redacted,human,collections_and_arrays,Collections And Arrays,9.0,10,Acesso ao array usando índices 1-100.,,
S53,official_sample,redacted,human,separation_of_concerns,Separation Of Concerns,9.0,10,Validações de negócio na classe Main.,,
S53,official_sample,redacted,human,readability_and_documentation,Readability And Documentation,4.0,10,Falta de documentação na classe Filme e FilmNow.,,
S54,official_sample,redacted,human,basic_functionality,Basic Functionality,7.0,10,Funcionalidade comprometida pela falta de modelagem adequada.,,
S54,official_sample,redacted,human,unit_tests,Unit Tests,0.0,10,Não implementou testes.,,
S54,official_sample,redacted,human,class_design,Class Design,6.0,10,Ausência da classe Filme.,,
S54,official_sample,redacted,human,object_references,Object References,10.0,10,Critério atendido.,,
S54,official_sample,redacted,human,collections_and_arrays,Collections And Arrays,10.0,10,Critério atendido.,,
S54,official_sample,redacted,human,separation_of_concerns,Separation Of Concerns,5.0,10,Validações de negócio na Main e ausência de separação de entidades.,,
S54,official_sample,redacted,human,readability_and_documentation,Readability And Documentation,10.0,10,Critério atendido.,,
S55,official_sample,redacted,human,basic_functionality,Basic Functionality,10.0,10,Critério atendido.,,
S55,official_sample,redacted,human,unit_tests,Unit Tests,9.5,10,Faltou testar filme ex-hot.,,
S55,official_sample,redacted,human,class_design,Class Design,9.0,10,Uso de '==' para comparação de strings no equals.,,
S55,official_sample,redacted,human,object_references,Object References,10.0,10,Critério atendido.,,
S55,official_sample,redacted,human,collections_and_arrays,Collections And Arrays,9.0,10,Arrays com tamanho excessivo (101/11) para evitar subtração de índice.,,
S55,official_sample,redacted,human,separation_of_concerns,Separation Of Concerns,10.0,10,Critério atendido.,,
S55,official_sample,redacted,human,readability_and_documentation,Readability And Documentation,10.0,10,Critério atendido.,,
S56,official_sample,redacted,human,basic_functionality,Basic Functionality,9.0,10,"O método adicionarHot valida a posição da HotList usando TAMANHO (100) em vez de 10, não impede duplicatas e removerHot não valida a posição.",src/filmnow/FilmNow.java,
S56,official_sample,redacted,human,unit_tests,Unit Tests,9.0,10,Faltou testar o equals da classe Filme.,,
S56,official_sample,redacted,human,class_design,Class Design,10.0,10,Critério atendido.,,
S56,official_sample,redacted,human,object_references,Object References,10.0,10,Critério atendido.,,
S56,official_sample,redacted,human,collections_and_arrays,Collections And Arrays,10.0,10,Critério atendido.,,
S56,official_sample,redacted,human,separation_of_concerns,Separation Of Concerns,10.0,10,Critério atendido.,,
S56,official_sample,redacted,human,readability_and_documentation,Readability And Documentation,9.0,10,Falta da tag @return em algumas documentações.,,
S57,official_sample,redacted,human,basic_functionality,Basic Functionality,9.0,10,Não há impedimento para adicionar um filme que já está na HotList em outra posição.,src/filmnow/FilmNow.java,
S57,official_sample,redacted,human,unit_tests,Unit Tests,0.0,10,Não implementou testes.,,
S57,official_sample,redacted,human,class_design,Class Design,10.0,10,Critério atendido.,,
S57,official_sample,redacted,human,object_references,Object References,10.0,10,Critério atendido.,,
S57,official_sample,redacted,human,collections_and_arrays,Collections And Arrays,9.0,10,"Inconsistência no uso de índices de array, misturando base 0 e base 1 em acessos diretos.",src/filmnow/FilmNow.java,
S57,official_sample,redacted,human,separation_of_concerns,Separation Of Concerns,7.0,10,Lógica de negócio na classe Main.,,
S57,official_sample,redacted,human,readability_and_documentation,Readability And Documentation,10.0,10,Critério atendido.,,
S58,official_sample,redacted,human,basic_functionality,Basic Functionality,9.0,10,Falta de mensagem 'POSIÇÃO INVÁLIDA' e erro na lógica de atribuirHot (permite adicionar nulos).,,
S58,official_sample,redacted,human,unit_tests,Unit Tests,8.5,10,Faltou testar toString e filme ex-hot.,,
S58,official_sample,redacted,human,class_design,Class Design,10.0,10,Critério atendido.,,
S58,official_sample,redacted,human,object_references,Object References,10.0,10,Critério atendido.,,
S58,official_sample,redacted,human,collections_and_arrays,Collections And Arrays,10.0,10,Critério atendido.,,
S58,official_sample,redacted,human,separation_of_concerns,Separation Of Concerns,10.0,10,Critério atendido.,,
S58,official_sample,redacted,human,readability_and_documentation,Readability And Documentation,7.0,10,Falta de documentação na Filme.,,
S59,official_sample,redacted,human,basic_functionality,Basic Functionality,8.0,10,Permite duplicados silenciosamente e erro de decremento duplo de índice.,,
S59,official_sample,redacted,human,unit_tests,Unit Tests,8.0,10,Faltou testar listagem de filmes e hotlist.,,
S59,official_sample,redacted,human,class_design,Class Design,10.0,10,Critério atendido.,,
S59,official_sample,redacted,human,object_references,Object References,10.0,10,Critério atendido.,,
S59,official_sample,redacted,human,collections_and_arrays,Collections And Arrays,10.0,10,Critério atendido.,,
S59,official_sample,redacted,human,separation_of_concerns,Separation Of Concerns,6.0,10,Atributos e métodos de validação de índice na Filme e lógica de hotlist na Main.,,
S59,official_sample,redacted,human,readability_and_documentation,Readability And Documentation,10.0,10,Critério atendido.,,
S60,official_sample,redacted,human,basic_functionality,Basic Functionality,9.0,10,Falta de validação de índice na hotlist.,,
S60,official_sample,redacted,human,unit_tests,Unit Tests,6.0,10,"Faltou testar equals, hotlist e listagem.",,
S60,official_sample,redacted,human,class_design,Class Design,9.0,10,Uso de '==' no equals.,,
S60,official_sample,redacted,human,object_references,Object References,10.0,10,Critério atendido.,,
S60,official_sample,redacted,human,collections_and_arrays,Collections And Arrays,10.0,10,Critério atendido.,,
S60,official_sample,redacted,human,separation_of_concerns,Separation Of Concerns,9.0,10,Variável 'hotlist' na Filme.,,
S60,official_sample,redacted,human,readability_and_documentation,Readability And Documentation,10.0,10,Critério atendido.,,
S61,official_sample,redacted,human,basic_functionality,Basic Functionality,8.5,10,"O sistema impede a sobrescrita de um filme em uma posição já ocupada retornando 'POSIÇÃO OCUPADA!', contrariando o requisito. Além disso, a verificação de duplicidade considera apenas o nome, ignorando o ano de lançamento.",src/filmnow/FilmNow.java,
S61,official_sample,redacted,human,unit_tests,Unit Tests,8.0,10,Faltou testar detalhamento de filmes hot e ex-hot.,,
S61,official_sample,redacted,human,class_design,Class Design,10.0,10,Critério atendido.,,
S61,official_sample,redacted,human,object_references,Object References,10.0,10,Critério atendido.,,
S61,official_sample,redacted,human,collections_and_arrays,Collections And Arrays,10.0,10,Critério atendido.,,
S61,official_sample,redacted,human,separation_of_concerns,Separation Of Concerns,5.0,10,Lógica de negócio (detalhamento) na classe Main.,,
S61,official_sample,redacted,human,readability_and_documentation,Readability And Documentation,10.0,10,Critério atendido.,,
S62,official_sample,redacted,human,basic_functionality,Basic Functionality,9.0,10,As operações de adicionar e remover da HotList não validam se a posição informada está dentro do limite permitido (1 a 10).,src/filmnow/FilmNow.java,
S62,official_sample,redacted,human,unit_tests,Unit Tests,9.0,10,Faltou testar detalhadamente a sobrescrita em listas e hotlist.,,
S62,official_sample,redacted,human,class_design,Class Design,9.0,10,Hash e equals usam campos além de nome e ano.,,
S62,official_sample,redacted,human,object_references,Object References,10.0,10,Critério atendido.,,
S62,official_sample,redacted,human,collections_and_arrays,Collections And Arrays,9.0,10,Erro na indexação e tamanho dos arrays.,,
S62,official_sample,redacted,human,separation_of_concerns,Separation Of Concerns,9.0,10,Lógica de verificação de hotlist na Main.,,
S62,official_sample,redacted,human,readability_and_documentation,Readability And Documentation,7.0,10,Não documentou a classe Filme.,,
S63,official_sample,redacted,human,basic_functionality,Basic Functionality,10.0,10,Critério atendido.,,
S63,official_sample,redacted,human,unit_tests,Unit Tests,4.0,10,"Ausência de testes para Filme, Hotlist e listagem.",,
S63,official_sample,redacted,human,class_design,Class Design,9.0,10,Erro no hash/equals.,,
S63,official_sample,redacted,human,object_references,Object References,10.0,10,Critério atendido.,,
S63,official_sample,redacted,human,collections_and_arrays,Collections And Arrays,10.0,10,Critério atendido.,,
S63,official_sample,redacted,human,separation_of_concerns,Separation Of Concerns,9.0,10,Variável 'ehHot' na Filme.,,
S63,official_sample,redacted,human,readability_and_documentation,Readability And Documentation,7.0,10,Não documentou a Filme.,,
S64,official_sample,redacted,human,basic_functionality,Basic Functionality,9.0,10,O método getFilmes ignora o filme da posição 1 (índice 0) e exibe o índice interno do array em vez da posição amigável ao usuário.,src/filmnow/FilmNow.java,
S64,official_sample,redacted,human,unit_tests,Unit Tests,7.0,10,Não testou hotlist e listagem.,,
S64,official_sample,redacted,human,class_design,Class Design,10.0,10,Critério atendido.,,
S64,official_sample,redacted,human,object_references,Object References,9.0,10,"No método removeHot, o código tenta limpar o status do filme acessando filmes[posicao], usando o índice da HotList no array principal.",src/filmnow/FilmNow.java,
S64,official_sample,redacted,human,collections_and_arrays,Collections And Arrays,9.0,10,"A condição do laço for no método mostrarHot está invertida (i > hotList.length com i iniciando em 0), nunca executando o corpo do laço.",src/filmnow/FilmNow.java,
S64,official_sample,redacted,human,separation_of_concerns,Separation Of Concerns,9.0,10,Variável 'hot' na Filme.,,
S64,official_sample,redacted,human,readability_and_documentation,Readability And Documentation,10.0,10,Critério atendido.,,
S65,official_sample,redacted,human,basic_functionality,Basic Functionality,10.0,10,Critério atendido.,,
S65,official_sample,redacted,human,unit_tests,Unit Tests,8.5,10,Faltou testar toString e filme ex-hot.,,
S65,official_sample,redacted,human,class_design,Class Design,10.0,10,Critério atendido.,,
S65,official_sample,redacted,human,object_references,Object References,10.0,10,Critério atendido.,,
S65,official_sample,redacted,human,collections_and_arrays,Collections And Arrays,10.0,10,Critério atendido.,,
S65,official_sample,redacted,human,separation_of_concerns,Separation Of Concerns,10.0,10,Critério atendido.,,
S65,official_sample,redacted,human,readability_and_documentation,Readability And Documentation,10.0,10,Critério atendido.,,
S66,official_sample,redacted,human,basic_functionality,Basic Functionality,9.0,10,O método descreveFilme não utiliza o toString da classe Filme e faltam validações de posição na Hotlist.,,
S66,official_sample,redacted,human,unit_tests,Unit Tests,7.0,10,Faltam testes para cenários de erro da Hotlist e os nomes dos métodos de teste não são descritivos.,,
S66,official_sample,redacted,human,class_design,Class Design,10.0,10,Critério atendido.,,
S66,official_sample,redacted,human,object_references,Object References,10.0,10,Critério atendido.,,
S66,official_sample,redacted,human,collections_and_arrays,Collections And Arrays,10.0,10,Critério atendido.,,
S66,official_sample,redacted,human,separation_of_concerns,Separation Of Concerns,7.0,10,A classe Main está realizando verificações de negócio (estado na hotlist).,,
S66,official_sample,redacted,human,readability_and_documentation,Readability And Documentation,10.0,10,Critério atendido.,,
S67,official_sample,redacted,human,basic_functionality,Basic Functionality,9.0,10,NullPointerException no método equals da classe Filme quando o atributo ano é nulo.,src/filmnow/Filme.java,
S67,official_sample,redacted,human,unit_tests,Unit Tests,9.5,10,Faltou testar a exibição de filme ex-hot.,,
S67,official_sample,redacted,human,class_design,Class Design,10.0,10,Critério atendido.,,
S67,official_sample,redacted,human,object_references,Object References,10.0,10,Critério atendido.,,
S67,official_sample,redacted,human,collections_and_arrays,Collections And Arrays,10.0,10,Critério atendido.,,
S67,official_sample,redacted,human,separation_of_concerns,Separation Of Concerns,8.0,10,A variável booleana 'hot' está declarada na classe Filme.,,
S67,official_sample,redacted,human,readability_and_documentation,Readability And Documentation,10.0,10,Critério atendido.,,
S68,official_sample,redacted,human,basic_functionality,Basic Functionality,10.0,10,Critério atendido.,,
S68,official_sample,redacted,human,unit_tests,Unit Tests,7.0,10,Não testou hotlist e listagem.,,
S68,official_sample,redacted,human,class_design,Class Design,9.0,10,Ausência do método hashCode na Filme.,,
S68,official_sample,redacted,human,object_references,Object References,10.0,10,Critério atendido.,,
S68,official_sample,redacted,human,collections_and_arrays,Collections And Arrays,10.0,10,Critério atendido.,,
S68,official_sample,redacted,human,separation_of_concerns,Separation Of Concerns,9.0,10,Atributo 'posição' na Filme.,,
S68,official_sample,redacted,human,readability_and_documentation,Readability And Documentation,10.0,10,Critério atendido.,,
S69,official_sample,redacted,human,basic_functionality,Basic Functionality,9.0,10,Os métodos de manipulação da HotList não verificam se o filme na posição solicitada é nulo antes de acessar seus métodos.,src/filmnow/FilmNow.java,
S69,official_sample,redacted,human,unit_tests,Unit Tests,4.5,10,Não testou a classe Filme nem os métodos da hotlist.,,
S69,official_sample,redacted,human,class_design,Class Design,9.0,10,Variáveis inicializadas fora do construtor na classe Filme.,,
S69,official_sample,redacted,human,object_references,Object References,10.0,10,Critério atendido.,,
S69,official_sample,redacted,human,collections_and_arrays,Collections And Arrays,10.0,10,Critério atendido.,,
S69,official_sample,redacted,human,separation_of_concerns,Separation Of Concerns,9.0,10,Variável 'hot' na classe Filme.,,
S69,official_sample,redacted,human,readability_and_documentation,Readability And Documentation,10.0,10,Critério atendido.,,
S70,official_sample,redacted,human,basic_functionality,Basic Functionality,10.0,10,Critério atendido.,,
S70,official_sample,redacted,human,unit_tests,Unit Tests,9.5,10,Faltou testar exibição de filme ex-hot.,,
S70,official_sample,redacted,human,class_design,Class Design,10.0,10,Critério atendido.,,
S70,official_sample,redacted,human,object_references,Object References,10.0,10,Critério atendido.,,
S70,official_sample,redacted,human,collections_and_arrays,Collections And Arrays,10.0,10,Critério atendido.,,
S70,official_sample,redacted,human,separation_of_concerns,Separation Of Concerns,9.0,10,Presença da variável 'hot' na classe Filme.,,
S70,official_sample,redacted,human,readability_and_documentation,Readability And Documentation,10.0,10,Critério atendido.,,
S71,official_sample,redacted,human,basic_functionality,Basic Functionality,10.0,10,Critério atendido.,,
S71,official_sample,redacted,human,unit_tests,Unit Tests,10.0,10,Critério atendido.,,
S71,official_sample,redacted,human,class_design,Class Design,10.0,10,Critério atendido.,,
S71,official_sample,redacted,human,object_references,Object References,10.0,10,Critério atendido.,,
S71,official_sample,redacted,human,collections_and_arrays,Collections And Arrays,9.0,10,Uso de índices 1-100 sem ajuste para 0-99 no acesso ao array.,,
S71,official_sample,redacted,human,separation_of_concerns,Separation Of Concerns,8.0,10,Variável 'hot' na classe Filme e lógica de negócio na Main.,,
S71,official_sample,redacted,human,readability_and_documentation,Readability And Documentation,10.0,10,Critério atendido.,,
S72,official_sample,redacted,human,basic_functionality,Basic Functionality,9.0,10,Falta de validação de índice nos métodos da Hotlist.,,
S72,official_sample,redacted,human,unit_tests,Unit Tests,7.0,10,Faltou testar o equals e os métodos da hotlist.,,
S72,official_sample,redacted,human,class_design,Class Design,9.0,10,Uso de '==' para comparação de strings no equals da Filme.,,
S72,official_sample,redacted,human,object_references,Object References,10.0,10,Critério atendido.,,
S72,official_sample,redacted,human,collections_and_arrays,Collections And Arrays,10.0,10,Critério atendido.,,
S72,official_sample,redacted,human,separation_of_concerns,Separation Of Concerns,9.0,10,Variável 'hotList' na classe Filme.,,
S72,official_sample,redacted,human,readability_and_documentation,Readability And Documentation,10.0,10,Critério atendido.,,
S73,official_sample,redacted,human,basic_functionality,Basic Functionality,7.0,10,Mensagens de retorno em desacordo com a especificação (métodos retornando void).,,
S73,official_sample,redacted,human,unit_tests,Unit Tests,5.0,10,Testes insuficientes ou ausentes para a estrutura implementada.,,
S73,official_sample,redacted,human,class_design,Class Design,6.0,10,Ausência da classe Filme; os dados são armazenados em uma matriz.,,
S73,official_sample,redacted,human,object_references,Object References,7.0,10,Tamanho incorreto da Hotlist e ausência de composição com objetos Filme.,,
S73,official_sample,redacted,human,collections_and_arrays,Collections And Arrays,10.0,10,Critério atendido.,,
S73,official_sample,redacted,human,separation_of_concerns,Separation Of Concerns,8.0,10,Critério atendido ou sem observações específicas.,,
S73,official_sample,redacted,human,readability_and_documentation,Readability And Documentation,6.0,10,Documentação pobre e simplificada.,,
S74,official_sample,redacted,human,basic_functionality,Basic Functionality,9,10,Saída do método de detalhar filme incorreta.,,
S74,official_sample,redacted,human,unit_tests,Unit Tests,0.0,10,Não implementou testes.,,
S74,official_sample,redacted,human,class_design,Class Design,9.0,10,Hash e equals implementados incorretamente (deveriam usar apenas nome e ano).,,
S74,official_sample,redacted,human,object_references,Object References,10.0,10,Critério atendido.,,
S74,official_sample,redacted,human,collections_and_arrays,Collections And Arrays,10.0,10,Critério atendido.,,
S74,official_sample,redacted,human,separation_of_concerns,Separation Of Concerns,7.0,10,Prints fora da classe Main.,,
S74,official_sample,redacted,human,readability_and_documentation,Readability And Documentation,0.0,10,Não documentou as classes.,,
S75,official_sample,redacted,human,basic_functionality,Basic Functionality,8.5,10,Uso do operador '!=' para comparar strings e as operações da HotList não retornam as mensagens de erro exigidas pelo enunciado.,src/filmnow/FilmNow.java,
S75,official_sample,redacted,human,unit_tests,Unit Tests,10.0,10,Critério atendido.,,
S75,official_sample,redacted,human,class_design,Class Design,10.0,10,Critério atendido.,,
S75,official_sample,redacted,human,object_references,Object References,10.0,10,Critério atendido.,,
S75,official_sample,redacted,human,collections_and_arrays,Collections And Arrays,9.0,10,O método acessa filmes[posicaoFilme-1] antes de verificar se posicaoFilme é um índice válido (entre 1 e 100).,src/filmnow/FilmNow.java,
S75,official_sample,redacted,human,separation_of_concerns,Separation Of Concerns,7.0,10,Formatação da hotlist na FilmNow e validações de existência na Main.,,
S75,official_sample,redacted,human,readability_and_documentation,Readability And Documentation,5.0,10,Documentação confusa ou ausente na classe Filme.,,
S76,official_sample,redacted,human,basic_functionality,Basic Functionality,9.0,10,Falta de retorno ao usuário em operações bem-sucedidas (ex: remover hot).,,
S76,official_sample,redacted,human,unit_tests,Unit Tests,2.0,10,Testes muito limitados (só adição em FilmNow).,,
S76,official_sample,redacted,human,class_design,Class Design,10.0,10,Critério atendido.,,
S76,official_sample,redacted,human,object_references,Object References,10.0,10,Critério atendido.,,
S76,official_sample,redacted,human,collections_and_arrays,Collections And Arrays,10.0,10,Critério atendido.,,
S76,official_sample,redacted,human,separation_of_concerns,Separation Of Concerns,7.0,10,Prints fora da classe Main.,,
S76,official_sample,redacted,human,readability_and_documentation,Readability And Documentation,5.0,10,Não documentou a classe Filme nem os métodos da hotlist.,,
S77,official_sample,redacted,human,basic_functionality,Basic Functionality,9.0,10,Uso de '==' para comparar Strings ao verificar se nome e local são vazios.,src/filmnow/FilmNow.java,
S77,official_sample,redacted,human,unit_tests,Unit Tests,4.0,10,Não testou a classe Filme nem a Hotlist.,,
S77,official_sample,redacted,human,class_design,Class Design,10.0,10,Critério atendido.,,
S77,official_sample,redacted,human,object_references,Object References,9.0,10,A HotList foi implementada como um array de Strings (nomes dos filmes) em vez de um array de referências para objetos Filme.,src/filmnow/FilmNow.java,
S77,official_sample,redacted,human,collections_and_arrays,Collections And Arrays,9.0,10,Confusão de índices na manipulação da HotList: o código acessa o array 'filmes' usando o índice de destino da HotList em vez do índice de origem do filme.,src/filmnow/FilmNow.java,
S77,official_sample,redacted,human,separation_of_concerns,Separation Of Concerns,8.0,10,Ausência do método toString() na Filme.,,
S77,official_sample,redacted,human,readability_and_documentation,Readability And Documentation,3.0,10,Documentação ruim e incompleta.,,
S78,official_sample,redacted,human,basic_functionality,Basic Functionality,9.0,10,Permite cadastro de filmes duplicados.,,
S78,official_sample,redacted,human,unit_tests,Unit Tests,10.0,10,Critério atendido.,,
S78,official_sample,redacted,human,class_design,Class Design,10.0,10,Critério atendido.,,
S78,official_sample,redacted,human,object_references,Object References,10.0,10,Critério atendido.,,
S78,official_sample,redacted,human,collections_and_arrays,Collections And Arrays,9.0,10,"O método cadastraHot decrementa a posição e depois chama removerHot, que decrementa novamente, resultando em double-decrement.",src/filmnow/FilmNow.java,
S78,official_sample,redacted,human,separation_of_concerns,Separation Of Concerns,9.0,10,Atributo 'posição' na classe Filme.,,
S78,official_sample,redacted,human,readability_and_documentation,Readability And Documentation,10.0,10,Critério atendido.,,
S79,official_sample,redacted,human,basic_functionality,Basic Functionality,8.0,10,Falha na implementação da estrutura da Hotlist e indexação.,,
S79,official_sample,redacted,human,unit_tests,Unit Tests,7.0,10,Faltou testar listagens.,,
S79,official_sample,redacted,human,class_design,Class Design,9.0,10,HashCode/Equals com campos excessivos.,,
S79,official_sample,redacted,human,object_references,Object References,10.0,10,Critério atendido.,,
S79,official_sample,redacted,human,collections_and_arrays,Collections And Arrays,9.0,10,Hotlist não é um array de 10 e erro de indexação (0-based).,,
S79,official_sample,redacted,human,separation_of_concerns,Separation Of Concerns,9.0,10,Variáveis 'posicao' e 'hot' na Filme.,,
S79,official_sample,redacted,human,readability_and_documentation,Readability And Documentation,10.0,10,Critério atendido.,,
S80,official_sample,redacted,human,basic_functionality,Basic Functionality,9.0,10,Tentar adicionar à HotList uma posição do acervo que está vazia (null) causa NullPointerException.,src/filmnow/FilmNow.java,
S80,official_sample,redacted,human,unit_tests,Unit Tests,9.5,10,Faltou testar filme ex-hot.,,
S80,official_sample,redacted,human,class_design,Class Design,10.0,10,Critério atendido.,,
S80,official_sample,redacted,human,object_references,Object References,10.0,10,Critério atendido.,,
S80,official_sample,redacted,human,collections_and_arrays,Collections And Arrays,10.0,10,Critério atendido.,,
S80,official_sample,redacted,human,separation_of_concerns,Separation Of Concerns,9.0,10,Variável 'hot' na Filme.,,
S80,official_sample,redacted,human,readability_and_documentation,Readability And Documentation,10.0,10,Critério atendido.,,
S81,official_sample,redacted,human,basic_functionality,Basic Functionality,8.0,10,Falta de validação de índice na hotlist e NullPointerException ao detalhar posição vazia no acervo.,src/filmnow/FilmNow.java,
S81,official_sample,redacted,human,unit_tests,Unit Tests,4.0,10,"Faltam diversos testes (construtor, getters, sobrescrita, listagem, hotlist).",,
S81,official_sample,redacted,human,class_design,Class Design,10.0,10,Critério atendido.,,
S81,official_sample,redacted,human,object_references,Object References,10.0,10,Critério atendido.,,
S81,official_sample,redacted,human,collections_and_arrays,Collections And Arrays,10.0,10,Critério atendido.,,
S81,official_sample,redacted,human,separation_of_concerns,Separation Of Concerns,9.0,10,Variável 'isHot' na Filme.,,
S81,official_sample,redacted,human,readability_and_documentation,Readability And Documentation,10.0,10,Critério atendido.,,
S82,official_sample,redacted,human,basic_functionality,Basic Functionality,6.0,10,Falta de validação de dados obrigatórios (nome/local vazios).,,
S82,official_sample,redacted,human,unit_tests,Unit Tests,0.0,10,Não implementou testes.,,
S82,official_sample,redacted,human,class_design,Class Design,10.0,10,Critério atendido.,,
S82,official_sample,redacted,human,object_references,Object References,10.0,10,Critério atendido.,,
S82,official_sample,redacted,human,collections_and_arrays,Collections And Arrays,9.0,10,Erro na indexação (1-100).,,
S82,official_sample,redacted,human,separation_of_concerns,Separation Of Concerns,10.0,10,Critério atendido.,,
S82,official_sample,redacted,human,readability_and_documentation,Readability And Documentation,10.0,10,Critério atendido.,,
S83,official_sample,redacted,human,basic_functionality,Basic Functionality,9.0,10,O método adicionaHotList não valida se a posição informada está dentro dos limites (1 a 10).,src/filmnow/FilmNow.java,
S83,official_sample,redacted,human,unit_tests,Unit Tests,7.0,10,Faltou testar hotlist e listagem.,,
S83,official_sample,redacted,human,class_design,Class Design,10.0,10,Critério atendido.,,
S83,official_sample,redacted,human,object_references,Object References,10.0,10,Critério atendido.,,
S83,official_sample,redacted,human,collections_and_arrays,Collections And Arrays,9.0,10,"No método removeHotList, o código usa a posição da HotList para acessar o array principal de filmes.",src/filmnow/FilmNow.java,
S83,official_sample,redacted,human,separation_of_concerns,Separation Of Concerns,9.0,10,Variável 'hot' na Filme.,,
S83,official_sample,redacted,human,readability_and_documentation,Readability And Documentation,10.0,10,Critério atendido.,,
S84,official_sample,redacted,human,basic_functionality,Basic Functionality,9.0,10,Acesso inconsistente a posições na hotlist.,,
S84,official_sample,redacted,human,unit_tests,Unit Tests,7.0,10,Faltou testar hotlist e listagem.,,
S84,official_sample,redacted,human,class_design,Class Design,9.0,10,Erro no hash/equals.,,
S84,official_sample,redacted,human,object_references,Object References,10.0,10,Critério atendido.,,
S84,official_sample,redacted,human,collections_and_arrays,Collections And Arrays,10.0,10,Critério atendido.,,
S84,official_sample,redacted,human,separation_of_concerns,Separation Of Concerns,10.0,10,Critério atendido.,,
S84,official_sample,redacted,human,readability_and_documentation,Readability And Documentation,10.0,10,Critério atendido.,,
S01,official_sample,redacted,llm,basic_functionality,Basic Functionality,5,10,"A submissão implementa parte do fluxo principal: há cadastro em posições de 1 a 100, armazenamento de objetos Filme, listagem simples no menu e métodos iniciais para HotList. Porém, requisitos centrais ficam inconsistentes, especialmente validação de cadastro, detalhamento por posição e comportamento completo da HotList.","src/filmnow/FilmNow.java: cadastraFilme(int, String, String, String) | src/filmnow/MainFilmNow.java: mostrarFilmes(FilmNow) | src/filmnow/FilmNow.java: cadastraFilmeHotList(int, int) | src/filmnow/FilmNow.java: removeHotList(int) | src/filmnow/MainFilmNow.java: comando(String, FilmNow, Scanner) | src/filmnow/Filme.java: equals(Object) | src/filmnow/FilmNow.java: detalharFilme(String) | src/filmnow/MainFilmNow.java: detalharFilme(FilmNow, Scanner) | src/filmnow/Filme.java: toString() | src/filmnow/MainFilmNow.java: mostrarHotList(FilmNow) | src/filmnow/Filme.java: setHot(boolean)",high
S01,official_sample,redacted,llm,unit_tests,Unit Tests,0,10,"Não há arquivos de teste JUnit na submissão. Assim, não há evidência de testes para Filme nem para FilmNow, apesar de o laboratório exigir testes das funcionalidades básicas e dos casos-limite.",Árvore da submissão: nenhum arquivo de teste listado | Pacote informado: Test file count = 0 | Árvore da submissão sem diretório ou arquivos de teste,high
S01,official_sample,redacted,llm,class_design,Class Design,7,10,"Há uma classe Filme separada, FilmNow usa composição com arrays de Filme, e MainFilmNow está modularizado em métodos estáticos. Isso demonstra a ideia central de modelagem do laboratório. As perdas decorrem de inconsistências importantes na modelagem de igualdade, exibição e no excesso de estado inadequado dentro de FilmNow.","src/filmnow/Filme.java | src/filmnow/FilmNow.java: atributos filmes e hotList | src/filmnow/MainFilmNow.java: main, comando, adicionaFilme, mostrarFilmes, detalharFilme | src/filmnow/LeitorFilmNow.java: processaLinhaCsvFilmes(String[], FilmNow) | src/filmnow/Filme.java: equals(Object) | src/filmnow/Filme.java: hashCode() | src/filmnow/Filme.java: setEhHot() | src/filmnow/Filme.java: toString() | src/filmnow/FilmNow.java: atributos posicao, nome, ano, local | src/filmnow/FilmNow.java: getPosicao/setPosicao/getNome/setNome/getAno/setAno/getLocal/setLocal | src/filmnow/FilmNow.java: equals(Object) e hashCode() | src/filmnow/FilmNow.java: detalharFilme(String)",high
S01,official_sample,redacted,llm,object_references,Object References and Composition,8,10,"A solução usa objetos Filme dentro de FilmNow e cria objetos de forma adequada, com uso de static restrito essencialmente ao main, métodos auxiliares da interface e constantes. A principal perda está na manutenção inconsistente das referências mutáveis, especialmente entre a lista principal e a HotList.","src/filmnow/FilmNow.java: new Filme(nome, ano, local) em cadastraFilme | src/filmnow/FilmNow.java: private Filme[] filmes; private Filme[] hotList; | src/filmnow/FilmNow.java: TAMANHO e TAMANHOHOTLIST | src/filmnow/MainFilmNow.java: main(String[]) e carregaFilmes(String, FilmNow) | src/filmnow/FilmNow.java: getHotList() | src/filmnow/FilmNow.java: cadastraFilmeHotList(int, int) | src/filmnow/FilmNow.java: removeHotList(int) | src/filmnow/Filme.java: setHot(boolean)",high
S01,official_sample,redacted,llm,collections_and_arrays,Collections and Arrays,8,10,"A estrutura principal de armazenamento está alinhada ao laboratório: há um array de 100 filmes e uma HotList de 10 posições, com conversão usual entre posição do usuário e índice interno no cadastro. A perda vem de inconsistências de acesso e validação ao expor ou consultar os arrays.","src/filmnow/FilmNow.java: constantes TAMANHO e TAMANHOHOTLIST | src/filmnow/FilmNow.java: construtor FilmNow() | src/filmnow/FilmNow.java: cadastraFilme(int, String, String, String) | src/filmnow/MainFilmNow.java: mostrarFilmes(FilmNow) | src/filmnow/FilmNow.java: getFilme(int) | src/filmnow/FilmNow.java: detalharFilme(String) | src/filmnow/FilmNow.java: cadastraFilmeHotList(int, int) | src/filmnow/MainFilmNow.java: detalharFilme(FilmNow, Scanner)",high
S01,official_sample,redacted,llm,separation_of_concerns,Separation of Concerns,6.5,10,"Existe separação básica entre interface textual, gerenciador do sistema e entidade Filme. Contudo, a interface ainda acessa e percorre diretamente estruturas internas, e FilmNow não oferece uma API completa e coesa para listagem e detalhamento, o que enfraquece a divisão esperada pelo laboratório.","src/filmnow/MainFilmNow.java: menu(Scanner) e comando(String, FilmNow, Scanner) | src/filmnow/MainFilmNow.java: adicionaFilme(FilmNow, Scanner) | src/filmnow/FilmNow.java: cadastraFilme(int, String, String, String) | src/filmnow/FilmNow.java: cadastraFilmeHotList(int, int) | src/filmnow/Filme.java: toString() | src/filmnow/MainFilmNow.java: mostrarFilmes(FilmNow) | src/filmnow/MainFilmNow.java: mostrarHotList(FilmNow) | src/filmnow/MainFilmNow.java: detalharFilme(FilmNow, Scanner) | src/filmnow/FilmNow.java: getFilmes() e getHotList() | src/filmnow/FilmNow.java: detalharFilme(String) | src/filmnow/MainFilmNow.java: formataFilme(int, String)",high
S01,official_sample,redacted,llm,readability_and_documentation,Readability and Documentation,7,10,"O código é compreensível em linhas gerais e há Javadoc na maioria das classes e métodos públicos. As perdas vêm de documentação imprecisa, nomes enganosos e bastante código de baixa coesão ou não utilizado, que prejudica a clareza.","src/filmnow/Filme.java | src/filmnow/FilmNow.java | src/filmnow/MainFilmNow.java | src/filmnow/LeitorFilmNow.java | src/filmnow/Filme.java: setEhHot() | src/filmnow/Filme.java: comentários de local | src/filmnow/FilmNow.java: Javadoc de cadastraFilme com 'assitido' | src/filmnow/MainFilmNow.java: Javadoc de formataFilme(int, String) | src/filmnow/FilmNow.java: atributos posicao, nome, ano, local | src/filmnow/FilmNow.java: getters e setters associados | src/filmnow/FilmNow.java: equals(Object) e hashCode()",high
S02,official_sample,redacted,llm,basic_functionality,Basic Functionality,8.5,10,"A maior parte do fluxo funcional está implementada: cadastro com validação de posição, nome e local; detalhamento com ano opcional; listagem pelo menu; e operações principais da HotList. As perdas vêm de casos funcionais específicos, principalmente duplicidade com ano vazio e o comportamento visível ao usuário ao detalhar posição vazia.","src/filmnow/FilmNow.java: cadastraFilme(int,String,String,String) | src/filmnow/FilmNow.java: detalhaFilme(int) | src/filmnow/FilmNow.java: atribuirHot(int,int), removerHot(int), exibirHot() | src/filmnow/MainFilmNow.java: mostrarFilmes(FilmNow), comando(String,FilmNow,Scanner) | filmnow/filmnow/FilmNowTest.java: testes de cadastro, detalhamento e HotList | src/filmnow/Filme.java: confereExistencia(FilmNow,String,String) | src/filmnow/Filme.java: getNomeAno() | src/filmnow/MainFilmNow.java: detalharFilme(FilmNow,Scanner) | filmnow/filmnow/FilmNowTest.java: testDetalhaPosicaoSemFilme",high
S02,official_sample,redacted,llm,unit_tests,Unit Tests,8,10,"Há uma suíte ampla para Filme e FilmNow, cobrindo muitos casos normais, limites e HotList. A nota não é máxima porque há testes auxiliares explicitamente não implementados que falhariam se executados, e alguns aspectos exigidos ficam fracos, especialmente listagem geral e verificação real de sobrescrita.",filmnow/filmnow/FilmeTest.java | filmnow/filmnow/FilmNowTest.java | filmnow/filmnow/LeitorFilmNowTest.java | filmnow/filmnow/MainFilmNowTest.java | filmnow/filmnow/LeitorFilmNowTest.java: test() | filmnow/filmnow/MainFilmNowTest.java: test() | filmnow/filmnow/FilmNowTest.java: testCadastraFilmeEmPosicaoOcupada | filmnow/filmnow/FilmNowTest.java: testGetFilmesArray | src/filmnow/MainFilmNow.java: mostrarFilmes(FilmNow),high
S02,official_sample,redacted,llm,class_design,Class Design,5.5,10,"A classe Filme foi criada com atributos, equals, hashCode e métodos de exibição, e a interface principal está modularizada. Porém, a modelagem central esperada não foi concluída: FilmNow não mantém uma composição real com objetos Filme, armazenando strings formatadas no lugar dos objetos.","src/filmnow/Filme.java | src/filmnow/FilmNow.java | src/filmnow/MainFilmNow.java | src/filmnow/LeitorFilmNow.java | src/filmnow/FilmNow.java: atributos filmes e hotlist | src/filmnow/FilmNow.java: cadastraFilme(int,String,String,String) | src/filmnow/Filme.java: confereExistencia(FilmNow,String,String)",high
S02,official_sample,redacted,llm,object_references,Object References and Composition,4,10,"Há criação de objetos FilmNow e Filme, mas o uso de referências não demonstra bem a composição esperada: os objetos Filme não são mantidos como estado do sistema. A solução depende principalmente de strings e métodos estáticos, o que enfraquece o aprendizado de referências entre objetos.","src/filmnow/MainFilmNow.java: main(String[]) | src/filmnow/MainFilmNow.java: métodos que recebem FilmNow | src/filmnow/FilmNow.java: cadastraFilme(int,String,String,String) | src/filmnow/Filme.java: métodos estáticos de validação e existência | src/filmnow/FilmNow.java: private String[] filmes | src/filmnow/FilmNow.java: private String[] hotlist | src/filmnow/FilmNow.java: filmes[posicao - 1] = filme.toString() | src/filmnow/Filme.java: entradasValidasNome(String), entradasValidasLocal(String), confereExistencia(FilmNow,String,String)",high
S02,official_sample,redacted,llm,collections_and_arrays,Collections and Arrays,8.5,10,"Os arrays respeitam os limites principais do laboratório: 100 filmes e 10 posições de HotList, com conversão correta de posições de usuário para índices internos. A perda é limitada porque a estrutura de armazenamento funciona em muitos casos, mas o uso de strings formatadas dentro dos arrays torna operações de busca e exibição frágeis.","src/filmnow/FilmNow.java: TAMANHO, filmes, hotlist | src/filmnow/FilmNow.java: getFilmes(), getHotList(), getFilme(int) | src/filmnow/FilmNow.java: atribuirHot(int,int), removerHot(int), exibirHot() | src/filmnow/FilmNow.java: filmes[posicao - 1] = filme.toString() | src/filmnow/FilmNow.java: exibirHot() | src/filmnow/MainFilmNow.java: mostrarFilmes(FilmNow) | src/filmnow/Filme.java: confereExistencia(FilmNow,String,String)",high
S02,official_sample,redacted,llm,separation_of_concerns,Separation of Concerns,6.5,10,"Existe uma separação parcial: MainFilmNow concentra a entrada e saída, enquanto FilmNow implementa cadastro, detalhe e HotList. Ainda assim, parte da lógica de apresentação e de domínio está distribuída de forma inadequada, especialmente a listagem no Main e a busca de existência dentro de Filme.","src/filmnow/MainFilmNow.java: menu(Scanner), comando(String,FilmNow,Scanner), adicionaFilme(FilmNow,Scanner) | src/filmnow/FilmNow.java: cadastraFilme, detalhaFilme, atribuirHot, removerHot, exibirHot | src/filmnow/Filme.java: toString(), getNomeAno(), equals(Object) | src/filmnow/MainFilmNow.java: mostrarFilmes(FilmNow) | src/filmnow/FilmNow.java: getFilmes() | src/filmnow/Filme.java: confereExistencia(FilmNow,String,String) | src/filmnow/FilmNow.java: cadastraFilme(int,String,String,String)",high
S02,official_sample,redacted,llm,readability_and_documentation,Readability and Documentation,8,10,"O código é em geral legível, com nomes compreensíveis e Javadocs em praticamente todos os métodos públicos. A documentação é clara em vários pontos. As perdas vêm da baixa clareza causada por representar objetos como strings formatadas e por algumas inconsistências de nomes/documentação.","src/filmnow/Filme.java | src/filmnow/FilmNow.java | src/filmnow/MainFilmNow.java | src/filmnow/LeitorFilmNow.java | src/filmnow/FilmNow.java: exibirHot() | src/filmnow/MainFilmNow.java: mostrarFilmes(FilmNow) | src/filmnow/Filme.java: confereExistencia(FilmNow,String,String) | src/filmnow/LeitorFilmNow.java: carregaContatos(String,FilmNow) | src/filmnow/FilmNow.java: getFilmes() | src/filmnow/FilmNow.java: comentário do atributo filmes",high
S03,official_sample,redacted,llm,basic_functionality,Basic Functionality,5,10,"A funcionalidade de cadastro está majoritariamente implementada, com validação de posição, nome/local vazios, duplicidade por nome e ano e sobrescrita de posição. Entretanto, a exibição de posições na listagem está deslocada, o detalhamento usa posições de forma inconsistente e a HotList ficou bastante incompleta, principalmente em remoção, validação e indexação.","src/filmnow/FilmNow.java: método cadastraFilme | src/filmnow/FilmNow.java: métodos filmeEstaNaHotList, setFilmeHot, getFilmesHot, exibirDetalhes | src/filmnow/MainFilmNow.java: métodos mostrarFilmes, exibirHotList, atribuirHot, removerHot | src/filmnow/Filme.java: métodos equals, detalhes, detalharFilme | src/filmnow/MainFilmNow.java: método mostrarFilmes | src/filmnow/MainFilmNow.java: método formataFilme | src/filmnow/FilmNow.java: métodos getFilme e exibirDetalhes | src/filmnow/Filme.java: método detalhes | src/filmnow/MainFilmNow.java: métodos atribuirHot e removerHot | src/filmnow/FilmNow.java: métodos setFilmeHot, temPosicaoNaHotList, removeFilmeHot",high
S03,official_sample,redacted,llm,unit_tests,Unit Tests,3.5,10,"Há uma quantidade razoável de testes para cadastro de filmes e alguns testes úteis de Filme, especialmente equals e detalhes. Porém, a suíte contém um teste propositalmente falhando, não cobre adequadamente listagem e HotList, tem testes de detalhamento inconsistentes com a especificação e não exercita todos os grupos esperados para Filme.","testes/filmnow/FilmNowTest.java: testes testAdicionarFilmeEmPosicaoVazia até testAdicionarFilmeComNomeVazio | testes/filmnow/FilmeTest.java: testes testEquals, testHashCodeConsistente, testDetalhesFormatados | testes/filmnow/MainTestFilmNowTest.java: método test | testes/filmnow/FilmeTest.java | testes/filmnow/FilmNowTest.java: testes de detalhamento e testDetalharFilmeHotList",high
S03,official_sample,redacted,llm,class_design,Class Design,8,10,"A submissão cria uma classe Filme própria, usa FilmNow com composição de Filme e mantém uma classe MainFilmNow modularizada. O desenho geral atende à expectativa central do laboratório, embora haja problemas de coesão e de modelagem em detalhes de exibição e posição.","src/filmnow/Filme.java | src/filmnow/FilmNow.java: atributos filmes e filmesHot; construtor; método cadastraFilme | src/filmnow/MainFilmNow.java: main, menu, comando e métodos auxiliares | src/filmnow/Filme.java: atributos e métodos detalharFilme, detalhes | src/filmnow/FilmNow.java: métodos cadastraFilme, getFilme, setFilmeHot, removeFilmeHot",high
S03,official_sample,redacted,llm,object_references,Object References and Composition,9,10,"O uso de referências é globalmente correto: FilmNow guarda referências para objetos Filme, cria filmes no cadastro e a HotList reutiliza referências de filmes existentes. O uso de static está restrito a constantes e métodos de interface. Há apenas uma fragilidade de encapsulamento no gerenciamento direto da HotList.",src/filmnow/FilmNow.java: atributos filmes e filmesHot; método cadastraFilme | src/filmnow/Filme.java: métodos equals e hashCode | src/filmnow/MainFilmNow.java: métodos static de interface | src/filmnow/FilmNow.java: método setFilmeHot | src/filmnow/MainFilmNow.java: método atribuirHot,high
S03,official_sample,redacted,llm,collections_and_arrays,Collections and Arrays,7,10,"A solução usa arrays de arrays corretamente dimensionados para os 100 filmes e as 10 posições da HotList. A principal perda vem da tradução inconsistente entre posição do usuário e índice interno, que afeta o acesso à lista principal e à HotList.","src/filmnow/FilmNow.java: constantes TAMANHO e TAMANHO_HOTLIST; atributos filmes e filmesHot | src/filmnow/FilmNow.java: construtor, getFilmes, getFilmesHot, cadastraFilme | src/filmnow/MainFilmNow.java: métodos mostrarFilmes, exibirHotList, atribuirHot | src/filmnow/FilmNow.java: métodos cadastraFilme e getFilme | src/filmnow/MainFilmNow.java: método formataFilme | src/filmnow/FilmNow.java: métodos setFilmeHot, temPosicaoNaHotList, removeFilmeHot | src/filmnow/MainFilmNow.java: métodos atribuirHot, removerHot, exibirHotList",high
S03,official_sample,redacted,llm,separation_of_concerns,Separation of Concerns,7,10,"Há separação razoável entre interface, gerenciador e entidade: Main lida com entrada/saída, FilmNow cadastra e mantém filmes, e Filme define parte da exibição. A principal deficiência é que regras da HotList e parte da listagem ficam concentradas na interface, com exposição de arrays e validações fora do gerenciador.","src/filmnow/MainFilmNow.java | src/filmnow/FilmNow.java | src/film/now/Filme.java | src/filmnow/Filme.java | src/filmnow/MainFilmNow.java: método atribuirHot | src/filmnow/FilmNow.java: métodos setFilmeHot, filmeEstaNaHotList, temPosicaoNaHotList | src/filmnow/MainFilmNow.java: métodos mostrarFilmes e exibirHotList | src/filmnow/FilmNow.java: métodos getFilmes e getFilmesHot",high
S03,official_sample,redacted,llm,readability_and_documentation,Readability and Documentation,8,10,"O código é compreensível, usa nomes em geral adequados e contém Javadocs nas classes e métodos principais. As perdas são de documentação superficial ou imprecisa em alguns pontos e de inconsistências de nomenclatura/estado que tornam o comportamento menos claro.","src/filmnow/Filme.java | src/filmnow/FilmNow.java | src/filmnow/MainFilmNow.java | src/filmnow/FilmNow.java: Javadocs de getFilme e exibirDetalhes | src/filmnow/FilFilme.java | src/filmnow/Filme.java: Javadocs de toString, detalharFilme e detalhes | src/filmnow/Filme.java: atributos posicao e plataforma | src/filmnow/FilmNow.java: método cadastraFilme",high
S04,official_sample,redacted,llm,basic_functionality,Basic Functionality,8,10,"A submissão implementa as quatro funcionalidades principais em nível substancial: cadastro, listagem, detalhamento e HotList. Há, porém, falhas funcionais materiais em validação de filme inválido, em mensagens de erro da remoção da HotList e na leitura interativa de entradas com espaços.",src/filmnow/FilmNow.java::cadastraFilme | src/filmnow/FilmNow.java::mostrarFilmes | src/filmnow/FilmNow.java::detalharFilme | src/filmnow/FilmNow.java::atribuirHot | src/filmnow/FilmNow.java::removerHot | src/filmnow/HotList.java::addFilme | src/filmnow/HotList.java::rmvFilme | src/filmnow/Filme.java::equals | src/filmnow/Filme.java::toString | teste/lab3FilmNow/FilmNowTeste.java::testCadastrarFilmeLocalVazio | src/filmnow/MainFilmNow.java::removerHot | src/filmnow/MainFilmNow.java::adicionaFilme,high
S04,official_sample,redacted,llm,unit_tests,Unit Tests,8,10,"Há uma suíte extensa e independente para Filme, FilmNow e HotList, cobrindo muitos casos normais, limites e duplicidades. A nota não é máxima porque há teste com expectativa contrária ao enunciado e algumas lacunas em casos de representação e erros da HotList.",teste/lab3FilmNow/FilmeTest.java | teste/lab3FilmNow/FilmNowTeste.java | teste/lab3FilmNow/HotListTest.java | teste/lab3FilmNow/FilmNowTeste.java::testCadastrarFilmeLocalVazio | src/filmnow/Filme.java::toString | src/filmnow/HotList.java::addFilme | src/filmnow/FilmNow.java::removerHot,high
S04,official_sample,redacted,llm,class_design,Class Design,9.5,10,"O desenho central esperado está presente: Filme representa a entidade, FilmNow compõe e gerencia filmes, HotList modela a lista quente e Main organiza o menu. A perda é pequena e ligada à coesão da API exposta para HotList e formatação.",src/filmnow/Filme.java | src/filmnow/FilmNow.java | src/filmnow/HotList.java | src/filmnow/MainFilmNow.java | src/filmnow/LeitorFilmNow.java | src/filmnow/FilmNow.java::exibirHotList | src/filmnow/FilmNow.java::getQtdHotList | src/filmnow/FilmNow.java::removerHot | src/filmnow/MainFilmNow.java::exibirHotList | src/filmnow/MainFilmNow.java::removerHot,high
S04,official_sample,redacted,llm,object_references,Object References and Composition,10,10,"A submissão demonstra uso adequado de referências e composição: FilmNow armazena objetos Filme, HotList também referencia Filme, e objetos são criados nos pontos esperados. O uso de static fica restrito ao main, métodos auxiliares da interface e constantes.",src/filmnow/FilmNow.java::filmes | src/filmnow/FilmNow.java::ht | src/filmnow/FilmNow.java::cadastraFilme | src/filmnow/FilmNow.java::atribuirHot | src/filmnow/HotList.java::lista | src/filmnow/MainFilmNow.java::main,high
S04,official_sample,redacted,llm,collections_and_arrays,Collections and Arrays,8.5,10,"O uso principal dos arrays respeita os limites do roteiro: 100 filmes e 10 posições na HotList, com conversão correta de posição externa para índice interno. As deduções vêm de inconsistências em contadores e substituição direta na HotList.",src/filmnow/FilmNow.java::TAMANHO | src/filmnow/FilmNow.java::filmes | src/filmnow/FilmNow.java::mostrarFilmes | src/filmnow/FilmNow.java::verificaPosicao | src/filmnow/HotList.java::TAMANHO | src/filmnow/HotList.java::lista | src/filmnow/HotList.java::exibir | src/filmnow/HotList.java::addFilme | src/filmnow/HotList.java::rmvFilme | src/filmnow/HotList.java::qtdFilmes | src/filmnow/FilmNow.java::numeroFilmes | src/filmnow/FilmNow.java::cadastraFilme,high
S04,official_sample,redacted,llm,separation_of_concerns,Separation of Concerns,9,10,"A separação geral é boa: Main concentra entrada e saída, FilmNow gerencia as regras principais e Filme representa o domínio. A principal perda é a distribuição da formatação de representações de filme entre várias classes, em vez de concentrá-la de modo mais consistente em Filme.",src/filmnow/MainFilmNow.java::comando | src/filmnow/MainFilmNow.java::adicionaFilme | src/filmnow/MainFilmNow.java::mostrarFilmes | src/filmnow/MainFilmNow.java::detalharFilme | src/filmnow/FilmNow.java::cadastraFilme | src/filmnow/FilmNow.java::mostrarFilmes | src/filmnow/Filme.java::toString | src/filmnow/HotList.java::exibir,high
S04,official_sample,redacted,llm,readability_and_documentation,Readability and Documentation,7,10,"O código é compreensível, usa nomes majoritariamente adequados e está organizado em classes coerentes. A documentação, contudo, é parcial e muitas vezes não usa Javadoc para membros públicos; há também abreviações e pequenos problemas de clareza textual.",src/filmnow/Filme.java | src/filmnow/FilmNow.java | src/filmnow/HotList.java | src/filmnow/MainFilmNow.java | src/filmnow/LeitorFilmNow.java | src/filmnow/Filme.java::Filme | src/filmnow/Filme.java::getNome | src/filmnow/Filme.java::setHot | src/filmnow/HotList.java::HotList | src/filmnow/HotList.java::addFilme | src/filmnow/HotList.java::rmvFilme | src/filmnow/FilmNow.java::atribuirHot | src/filmnow/FilmNow.java::removerHot | src/filmnow/FilmNow.java::ht | src/filmnow/Filme.java comentários de atributos e métodos | src/filmnow/HotList.java comentários de métodos,high
S05,official_sample,redacted,llm,basic_functionality,Basic Functionality,7,10,"A submissão implementa o fluxo principal de cadastro, listagem, detalhamento e uma HotList funcional em casos simples. Contudo, há falhas materiais em duplicidade de filmes, casos de detalhamento vazio/sem ano e validações da HotList, o que impede considerar as funcionalidades completamente corretas.","src/filmnow/FilmNow.java: cadastraFilme(int, String, String, String) | src/filmnow/FilmNow.java: exibirFilmes(FilmNow) | src/filmnow/FilmNow.java: detalharFilme(int) | src/filmnow/FilmNow.java: adicionaHotList(int, int), exibirHotFilmes(FilmNow), removeHotList(int) | src/filmnow/Filme.java: detalha(), equals(Object) | src/filmnow/Filme.java: equals(Object) | src/filmnow/FilmNow.java: temFilme(Filme) | src/filmnow/Filme.java: detalha() | src/filmnow/FilmNow.java: adicionaHotList(int, int) | src/filmnow/FilmNow.java: removeHotList(int) | src/filmnow/FilmNow.java: exibirHotFilmes(FilmNow)",high
S05,official_sample,redacted,llm,unit_tests,Unit Tests,6,10,"Há uma quantidade relevante de testes JUnit para Filme e FilmNow, cobrindo vários cenários básicos. Porém, a suíte deixa de testar casos centrais do enunciado, contém alguns testes que reforçam comportamentos incorretos e possui assertions que nem sempre verificam diretamente o método pretendido.","src Testes/lab3FilmNow/FilmeNowTest.java | src Testes/lab3FilmNow/FilmeTest.java | src Testes/lab3FilmNow/FilmeTest.java: testEqualsMesmoFilme, testEqualsNome, testDetalhaAnoVazio, testDetalhaHotAnoVazio | src Testes/lab3FilmNow/FilmeNowTest.java: testCadastraFilme, testCadastraFilmePosInvalida, testCadastraFilmeInvalido | src Testes/lab3FilmNow/FilmeNowTest.java: testExibirFilmesMaisDeUm, testExibirFilmesHotMaisDeUm, testAdicionaFilmeHot, testMostrarHotListUmFilme",high
S05,official_sample,redacted,llm,class_design,Class Design,8.5,10,"A solução cria uma classe Filme substancial, mantém FilmNow como classe gerenciadora com composição por array de Filme e preserva uma classe MainFilmNow modularizada. As perdas estão concentradas em problemas de contrato de igualdade e em algumas interfaces de método pouco coesas.","src/filmnow/Filme.java | src/filmnow/FilmNow.java | src/filmnow/MainFilmNow.java | src/filmnow/LeitorFilmNow.java: processaLinhaCsvFilmes(String[], FilmNow) | src/filmnow/Filme.java: equals(Object) | src/filmnow/Filme.java: hashCode() | src/filmnow/FilmNow.java: exibirFilmes(FilmNow) | src/filmnow/FilmNow.java: exibirHotFilmes(FilmNow) | src/filmnow/FilmNow.java: getFilmes(), getFilmesHot()",high
S05,official_sample,redacted,llm,object_references,Object References and Composition,10,10,"A solução demonstra corretamente o uso de objetos e composição: FilmNow armazena referências para objetos Filme, cria novos filmes no cadastro e a HotList referencia os mesmos objetos para refletir o estado hot no detalhamento. Não há uso inadequado de static nas classes de domínio.","src/filmnow/FilmNow.java: atributos filmes e hotFilmes | src/filmnow/FilmNow.java: cadastraFilme(int, String, String, String) | src/filmnow/FilmNow.java: adicionaHotList(int, int) | src/filmnow/Filme.java: setHot(boolean), detalha()",high
S05,official_sample,redacted,llm,collections_and_arrays,Collections and Arrays,8,10,"A estrutura principal de armazenamento está de acordo com o laboratório: array de 100 filmes e HotList de 10 posições, usando conversão correta entre posição do usuário e índice interno. A principal perda vem de validações de limite incorretas nas operações da HotList.","src/filmnow/FilmNow.java: TAMANHO, TAMANHO_HOT | src/filmnow/FilmNow.java: filmes, hotFilmes | src/filmnow/FilmNow.java: cadastraFilme(int, String, String, String) | src/filmnow/FilmNow.java: exibirFilmes(FilmNow), exibirHotFilmes(FilmNow) | src/filmnow/FilmNow.java: adicionaHotList(int, int) | src//filmnow/FilmNow.java: removeHotList(int)",high
S05,official_sample,redacted,llm,separation_of_concerns,Separation of Concerns,8.5,10,"A solução separa de forma razoável a entrada e saída no MainFilmNow, a gerência de filmes no FilmNow e a representação individual no Filme. As perdas são pequenas e ligadas a APIs menos limpas e exposição direta de alteração do estado hot.","src/filmnow/MainFilmNow.java: adicionaFilme, mostrarFilmes, detalharFilme, atribuirHot, removeHotList | src/filmnow/FilmNow.java: cadastraFilme, temFilme, detalharFilme, adicionaHotList | src/filmnow/Filme.java: toString(), detalha() | src/filmnow/FilmNow.java: exibirFilmes(FilmNow) | src/filmnow/FilmNow.java: exibirHotFilmes(FilmNow) | src/filmnow/Filme.java: setHot(boolean) | src/filmnow/FilmNow.java: adicionaHotList(int, int), removeHotList(int)",high
S05,official_sample,redacted,llm,readability_and_documentation,Readability and Documentation,7,10,"O código é compreensível, usa nomes em geral relacionados ao domínio e apresenta Javadocs em várias classes e métodos. Entretanto, há documentação imprecisa, comentários copiados ou incorretos, erros de digitação e alguns nomes/assinaturas que reduzem a clareza.","src/filmnow/Filme.java | src/filmnow/FilmNow.java | src/filmnow/MainFilmNow.java | src/filmnow/Filme.java: getAno(), hashCode(), equals(Object) | src/filmnow/FilmNow.java: formataToString(Filme[]), exibirFilmes(FilmNow), exibirHotFilmes(FilmNow) | src/filmnow/MainFilmNow.java: mostrarFilmes, atribuirHot | src/filmnow/LeitorFilmNow.java: carregaContatos(String, FilmNow) | src/filmnow/FilmNow.java: adicionaHotList(int, int), exibirFilmes(FilmNow)",high
S06,official_sample,redacted,llm,basic_functionality,Basic Functionality,8.5,10,"A solução implementa corretamente o fluxo principal de cadastro, listagem, detalhamento e parte substancial da HotList. As falhas funcionais relevantes ficam concentradas na HotList, especialmente em validações de posições sem filme e no formato de exibição da HotList.","src/filmnow/FilmNow.java: cadastraFilme(int,String,String,String) | src/filmnow/FilmNow.java: mostraFilmes() | src/filmnow/FilmNow.java: detalharFilme(int) | src/filmnow/FilmNow.java: addFilmeHot(int,int), removerFilmeHot(int), mostraFilmesHot() | src/filmnow/Filme.java: equals(Object), toString() | src/filmnow/FilmNow.java: addFilmeHot(int,int) | src/filmnow/FilmNow.java: removerFilmeHot(int) | src/filmnow/FilmNow.java: mostraFilmesHot() | src/filmnow/FilmNow.java: formataFilme(int,Filme)",high
S06,official_sample,redacted,llm,unit_tests,Unit Tests,8,10,"Há uma suíte relevante de testes para Filme e FilmNow, cobrindo muitos casos normais e de limite. A perda ocorre porque alguns casos especificados ou importantes da HotList e alguns cenários de Filme/ano vazio não são testados de forma completa.","teste/filmnow/FilmeTest.java | teste/filmnow/FilmNowTest.java | teste/filmnow/FilmNowTest.java: testMostraFilmesHotUmFilme, testMostraFilmesHotMultiplosFilmes, testRemoveFilmeHot | teste/filmnow/FilmeTest.java: testToString | teste/filmnow/FilmNowTest.java: test9_anoVazio, test2_detalharFilmeSemAno",high
S06,official_sample,redacted,llm,class_design,Class Design,10,10,"A submissão cria e usa adequadamente as classes centrais esperadas: Filme representa a entidade do domínio, FilmNow compõe e gerencia objetos Filme, e MainFilmNow mantém uma interface textual modularizada em métodos auxiliares.","src/filmnow/Filme.java | src/filmnow/FilmNow.java: atributos filmes e hotList, construtor | src/filmnow/MainFilmNow.java: main(String[]), menu(Scanner), comando(String,FilmNow,Scanner)",high
S06,official_sample,redacted,llm,object_references,Object References and Composition,9.5,10,"A solução demonstra bem o uso de referências: FilmNow cria e armazena objetos Filme, e a HotList referencia filmes já existentes. Há apenas um pequeno desvio no uso de método static fora do main/constantes.","src/filmnow/FilmNow.java: cadastraFilme(int,String,String,String) | src/filmnow/FilmNow.java: hotList, addFilmeHot(int,int) | src/filmnow/FilmNow.java: verificaFilmeHot(Filme) | src/filmnow/MainFilmNow.java: main(String[]) e carregaFilmes(String,FilmNow) | src/filmnow/FilmNow.java: formataFilme(int,Filme)",high
S06,official_sample,redacted,llm,collections_and_arrays,Collections and Arrays,10,10,"As estruturas de armazenamento atendem às restrições do laboratório: a lista principal possui 100 posições, a HotList possui 10 posições, e os índices informados pelo usuário são convertidos corretamente para índices internos baseados em zero.","src/filmnow/FilmNow.java: TAMANHO, filmes, hotList | src/filmnow/FilmNow.java: construtor FilmNow() | src/filmnow/FilmNow.java: cadastraFilme(int,String,String,String) | src/filmnow/FilmNow.java: mostraFilmes(), mostraFilmesHot(), addFilmeHot(int,int)",high
S06,official_sample,redacted,llm,separation_of_concerns,Separation of Concerns,9,10,"A separação geral é boa: MainFilmNow cuida da interação, FilmNow concentra as regras do sistema e Filme concentra dados e detalhamento. A principal perda é que a formatação de lista ficou em FilmNow, e não no próprio Filme, como a diretriz do laboratório sugeria.","src/filmnow/MainFilmNow.java: adicionaFilme, mostrarFilmes, detalharFilme, adicionaFilmeHot, removeFilmeHot | src/filmnow/FilmNow.java: cadastraFilme, mostraFilmes, detalharFilme, addFilmeHot, removerFilmeHot | src/filmnow/Filme.java: toString(), getters | src/filmnow/LeitorFilmNow.java | src/filmnow/FilmNow.java: formataFilme(int,Filme) | src/filmnow/FilmNow.java: mostraFilmes(), mostraFilmesHot() | src/filmnow/Filme.java: toString()",high
S06,official_sample,redacted,llm,readability_and_documentation,Readability and Documentation,8,10,"O código é compreensível, usa nomes em geral claros e possui Javadoc em FilmNow, MainFilmNow e LeitorFilmNow. As perdas vêm da ausência de Javadoc na classe Filme e de inconsistências pontuais de estilo e documentação.","src/filmnow/FilmNow.java | src/filmnow/MainFilmNow.java | src/filmnow/LeitorFilmNow.java | src/filmnow/Filme.java | src/filmnow/Filme.java: construtor Filme(String,String,String) | src/filmnow/MainFilmNow.java: Javadocs de detalharFilme/adicionaFilme | src/filmnow/LeitorFilmNow.java: carregaContatos(String,FilmNow)",high
S07,official_sample,redacted,llm,basic_functionality,Basic Functionality,9.0,10,"A implementação cobre corretamente o fluxo principal de cadastrar, listar, detalhar filmes e executar operações válidas da HotList. A principal perda está em casos de borda da HotList, em que algumas posições inválidas podem gerar exceção ou deixar o status hot inconsistente.",src/filmnow/FilmNow.java::cadastraFilme | src/filmnow/FilmNow.java::getFilmes | src/filmnow/FilmNow.java::getFilme | src/filmnow/FilmNow.java::adicionaHot | src/filmnow/FilmNow.java::removerDaHotList | src/filmnow/FilmNow.java::mostrarHotList | testes/lab3FilmNow/FilmNowTest.java,high
S07,official_sample,redacted,llm,unit_tests,Unit Tests,8.0,10,"Há uma suíte ampla e independente para cadastro, detalhamento e parte da HotList, além de testes relevantes de Filme. Ainda faltam alguns grupos solicitados, especialmente testes diretos de dados/toString de Filme, listagem geral de FilmNow e alguns casos de borda da HotList.",testes/lab3FilmNow/FilmeTest.java | testes/lab3FilmNow/FilmNowTest.java | src/filmnow/Filme.java::getNome | src/filmnow/Filme.java::getAno | src/filmnow/Filme.java::getLocal | src/filmnow/Filme.java::toString | src/filmnow/FilmNow.java::getFilmes | src/filmnow/FilmNow.java::adicionaHot | src/filmnow/FilmNow.java::removerDaHotList,high
S07,official_sample,redacted,llm,class_design,Class Design,10,10,"A solução cria e usa as classes centrais esperadas, com Filme representando a entidade do domínio, FilmNow compondo e gerenciando filmes, e MainFilmNow concentrando a interface textual em métodos auxiliares.",src/filmnow/Filme.java | src/filmnow/FilmNow.java | src/filmnow/MainFilmNow.java,high
S07,official_sample,redacted,llm,object_references,Object References and Composition,10,10,"A solução demonstra composição entre FilmNow e Filme e cria objetos de forma adequada. O uso de static fica restrito a constantes e à organização da interface textual, sem transformar a lógica de domínio em estado global.",src/filmnow/FilmNow.java::filmes | src/filmnow/FilmNow.java::cadastraFilme | src/filmnow/MainFilmNow.java::main | src/filmnow/LeitorFilmNow.java,high
S07,official_sample,redacted,llm,collections_and_arrays,Collections and Arrays,10,10,As estruturas de armazenamento respeitam os limites principais do laboratório: 100 filmes e 10 posições de HotList. O mapeamento entre posições de usuário e índices internos é aplicado de forma consistente nas funcionalidades principais.,src/filmnow/FilmNow.java::filmes | src/filmnow/FilmNow.java::hotList | src/filmnow/FilmNow.java::getFilmes | src/filmnow/FilmNow.java::mostrarHotList | src/filmnow/FilmNow.java::cadastraFilme,high
S07,official_sample,redacted,llm,separation_of_concerns,Separation of Concerns,10,10,"As responsabilidades estão bem separadas para o nível do laboratório: MainFilmNow cuida de entrada e saída, FilmNow gerencia as regras do sistema e Filme define representações textuais e igualdade dos objetos de filme.",src/filmnow/MainFilmNow.java::adicionaFilme | src/filmnow/MainFilmNow.java::mostrarFilmes | src/filmnow/MainFilmNow.java::detalharFilme | src/filmnow/FilmNow.java | src/filmnow/Filme.java | src/filmnow/LeitorFilmNow.java::processaLinhaCsvFilmes,high
S07,official_sample,redacted,llm,readability_and_documentation,Readability and Documentation,8.0,10,"O código é legível, com nomes em geral adequados e Javadoc presente na maior parte dos métodos relevantes. A perda vem de documentação imprecisa ou copiada com erros e de um problema de estilo Java no contrato entre equals e hashCode.",src/filmnow/Filme.java | src/filmnow/FilmNow.java | src/filmnow/MainFilmNow.java | src/filmnow/LeitorFilmNow.java | src/filmnow/Filme.java::getLocal | src/filmnow/Filme.java::Filme | src/filmnow/MainFilmNow.java::atribuirHot | src/filmnow/MainFilmNow.java::exibirHotList | src/filmnow/Filme.java::equals | src/filmnow/Filme.java::hashCode,high
S08,official_sample,redacted,llm,basic_functionality,Basic Functionality,8,10,"A implementação cobre bem o fluxo central de cadastro, listagem e detalhamento na classe FilmNow, incluindo posições 1 a 100, rejeição de nome/local vazios, sobrescrita e comparação por nome e ano. A HotList também existe e funciona em casos normais, mas há falhas materiais em validações de posições sem filme, na remoção de posições vazias e no formato de exibição da HotList. Há ainda uma inconsistência na interface ao tratar filme inexistente em posição válida como posição inválida.","src/filmnow/FilmNow.java: cadastraFilme(int,String,String,String) | src/filmnow/FilmNow.java: mostraFilmes() | src/filmnow/FilmNow.java: detalharFilme(int) | src/filmnow/FilmNow.java: CadastrarFilmeHot(int,int) | src/filmnow/FilmNow.java: removerFilmeHot(int) | src/filmnow/MainFilmNow.java: detalharFilme(FilmNow,Scanner) | src/filmnow/FilmNow.java: mostraFilmesHot() | src/filmnow/FilmNow.java: formataFilme(int,Filme)",high
S08,official_sample,redacted,llm,unit_tests,Unit Tests,6.5,10,"Há uma quantidade relevante de testes com JUnit para Filme e FilmNow, cobrindo cadastro, limites, duplicatas, detalhamento e parte da HotList. Contudo, a cobertura é incompleta em pontos importantes da HotList e de alguns comportamentos de Filme, e há um arquivo de teste adicional com fail explícito, o que compromete a execução da suíte se ele for incluído.",testes/filmnow/FilmNowTest.java | testes/filmnow/FilmeTest.java | testes/lab3FilmNow/FilmeTest.java | testes/filmnow/FilmNowTest.java: testaddFilmeNaHotList() | testes/filmnow/FilmNowTest.java: testaddFilmeNaHotListEmPosicaoInvalida() | testes/filmnow/FilmNowTest.java: testaddFilmeNaHotListJaAdicionado() | testes/filmnow/FilmNowTest.java: testDetalharFilmeHotList(),high
S08,official_sample,redacted,llm,class_design,Class Design,9,10,"A submissão cria uma classe Filme real, com nome, ano, local, equals, hashCode e toString, e FilmNow compõe arrays de Filme para a lista principal e para a HotList. A interface com main está separada e modularizada. A principal perda vem de pequenas escolhas de modelagem no gerenciador, especialmente estado auxiliar mutável para a posição da HotList e uma API pública de getFilme com índice interno.","src/filmnow/Filme.java | src/filmnow/FilmNow.java: atributos filmes e hotList | src/filmnow/FilmNow.java: construtor | src/filmnow/MainFilmNow.java: comando(String,FilmNow,Scanner) | src/filmnow/FilmNow.java: atributo hotlistPosicao | src/filmnow/FilmNow.java: verificaFilmeHot(Filme) | src/filmnow/FilmNow.java: getFilme(int)",high
S08,official_sample,redacted,llm,object_references,Object References and Composition,9.5,10,"O código demonstra uso adequado de objetos e composição: FilmNow cria e armazena objetos Filme, MainFilmNow cria FilmNow, e LeitorFilmNow interage com o gerenciador. O uso de static está praticamente restrito ao main, métodos auxiliares da interface e constantes, com uma pequena exceção em método utilitário estático dentro de FilmNow.","src/filmnow/FilmNow.java: cadastraFilme(int,String,String,String) | src/filmnow/FilmNow.java: hotList | src/filmnow/MainFilmNow.java: main(String[]) | src/filmnow/LeitorFilmNow.java: processaLinhaCsvFilmes(String[],FilmNow) | src/filmnow/FilmNow.java: formataFilme(int,Filme)",high
S08,official_sample,redacted,llm,collections_and_arrays,Collections and Arrays,10,10,"A estrutura de armazenamento atende ao escopo do laboratório: há um array de 100 filmes e um array de 10 posições para a HotList, com conversão correta entre posições humanas e índices internos. Não há evidência de violação dos limites estruturais exigidos.","src/filmnow/FilmNow.java: constantes TAMANHO e TAMANHOHOTLIST | src/filmnow/FilmNow.java: construtor | src/filmnow/FilmNow.java: cadastraFilme(int,String,String,String) | src/filmnow/FilmNow.java: CadastrarFilmeHot(int,int)",high
S08,official_sample,redacted,llm,separation_of_concerns,Separation of Concerns,9,10,"A divisão geral está correta: MainFilmNow concentra entrada e saída, FilmNow concentra as regras de cadastro, listagem, detalhe e HotList, e Filme representa os dados e seus detalhes textuais. A principal lacuna é que a representação resumida para listagem fica em FilmNow, usando getNome, em vez de ser delegada ao objeto Filme como previsto na orientação do laboratório.","src/filmnow/MainFilmNow.java | src/filmnow/FilmNow.java | src/filmnow/Filme.java | src/filmnow/FilmNow.java: mostraFilmes() | src/filmnow/FilmNow.java: mostraFilmesHot() | src/filmnow/FilmNow.java: formataFilme(int,Filme) | src/filmnow/Filme.java: toString()",high
S08,official_sample,redacted,llm,readability_and_documentation,Readability and Documentation,7.5,10,"O código é em geral legível e usa nomes compreensíveis para as classes e vários métodos, além de possuir Javadocs em boa parte da API pública. Ainda assim, há documentação incompleta ou inconsistente, alguns nomes fora do estilo Java e pequenos sinais de organização descuidada, como atributo não usado e comentários com parâmetros inexistentes.","src/filmnow/Filme.java | src/filmnow/FilmNow.java | src/filmnow/MainFilmNow.java | src/filmnow/Filme.java: getNome(), setNome(String), getAno(), getLocal() | src/filmnow/FilmNow.java: mostraFilmes() | src/filmnow/FilmNow.java: mostraFilmesHot() | src/filmnow/Filme.java: Filme(String Nome,String Ano,String Local) | src/filmnow/FilmNow.java: CadastrarFilmeHot(int,int) | src/filmnow/FilmNow.java: atributo status e getStatus()",high
S09,official_sample,redacted,llm,basic_functionality,Basic Functionality,8.5,10,"A implementação cobre bem o fluxo principal de cadastro, listagem e detalhamento, incluindo validação de posições, substituição de filmes e detecção de duplicatas por nome e ano. A HotList também funciona nos casos principais, mas há falhas relevantes em posições sem filme, remoção inválida e formato da exibição da HotList. Há ainda um erro localizado no detalhamento de filmes sem ano.","src/filmnow/FilmNow.java: cadastraFilme(int,String,String,String) | src/filmnow/FilmNow.java: getFilme(int) | src/filmnow/FilmNow.java: getFilmes() | src/filmnow/FilmNow.java: cadastraHotlist(int,int), getHotlist(), removeHotlist(int) | src/filmnow/MainFilmNow.java: mostrarFilmes(FilmNow), detalharFilme(FilmNow,Scanner), mostrarHotlist(FilmNow) | src/filmnow/Filme.java: toString() | testes/lab3FilmNow/FilmNowtest.java: testDetAnoNull() | src/filmnow/FilmNow.java: cadastraHotlist(int,int) | src/filmnow/FilmNow.java: getHotlist() | src/filmnow/FilmNow.java: removeHotlist(int) | src/filmnow/MainFilmNow.java: mostrarHotlist(FilmNow), removeHotlist(FilmNow,Scanner)",high
S09,official_sample,redacted,llm,unit_tests,Unit Tests,8.0,10,"Há uma suíte ampla para FilmNow e alguns testes para Filme, com boa cobertura dos casos principais de cadastro, limites, duplicatas, detalhamento e HotList. As perdas vêm de cobertura incompleta da classe Filme e de lacunas importantes em cenários de borda da HotList e do formato especificado para filmes sem ano.","testes/lab3FilmNow/FilmNowtest.java | testes/lab3FilmNow/Filmetest.java | testes/lab3FilmNow/FilmNowtest.java: testDetAnoNull(), testes de HotList e getHotlist()",high
S09,official_sample,redacted,llm,class_design,Class Design,10,10,"A solução cria uma classe Filme própria, mantém FilmNow como classe gerenciadora composta por objetos Filme e conserva uma classe MainFilmNow modularizada para interação com usuário. A estrutura demonstra o modelo central esperado no laboratório.","src/filmnow/Filme.java | src/filmnow/FilmNow.java: atributos filmes e hotlist, construtor | src/filmnow/MainFilmNow.java: main(String[]), comando(String,FilmNow,Scanner) e métodos auxiliares | src/filmnow/LeitorFilmNow.java: processaLinhaCsvFilmes(String[],FilmNow)",high
S09,official_sample,redacted,llm,object_references,Object References and Composition,10,10,"O código usa referências de objetos de forma adequada para o nível do laboratório: FilmNow cria e armazena objetos Filme, a HotList referencia filmes existentes, e não há uso indevido de static nas classes de domínio além de constante.","src/filmnow/FilmNow.java: cadastraFilme(int,String,String,String) | src/filmnow/FilmNow.java: existeFilme(Filme), existeHotlist(Filme) | src/filmnow/FilmNow.java: atributos Filme[] filmes e Filme[] hotlist | src/filmnow/MainFilmNow.java",high
S09,official_sample,redacted,llm,collections_and_arrays,Collections and Arrays,8.5,10,"A solução usa arrays fixos com os tamanhos exigidos, mapeando corretamente posições de usuário 1..100 e 1..10 para índices internos. A principal perda está em acessos sem validação em operações da HotList, que podem aceitar posições sem filme ou estourar limites na remoção.","src/filmnow/FilmNow.java: TAMANHO, filmes, hotlist, construtor | src/filmnow/FilmNow.java: cadastraFilme(int,String,String,String) | src/filmnow/FilmNow.java: getFilmes(), getHotlist() | src/filmnow/MainFilmNow.java: mostrarFilmes(FilmNow), mostrarHotlist(FilmNow) | src/filmnow/FilmNow.java: cadastraHotlist(int,int) | src/filmnow/FilmNow.java: removeHotlist(int)",high
S09,official_sample,redacted,llm,separation_of_concerns,Separation of Concerns,8.5,10,"A separação geral está boa: MainFilmNow cuida da entrada e saída, FilmNow gerencia as regras do sistema, e Filme representa os dados do filme. A perda ocorre porque parte da representação de listagem fica espalhada entre FilmNow e Main, enquanto Filme só oferece uma representação detalhada e não uma forma resumida adequada para o Mostrar todos e a HotList.","src/filmnow/MainFilmNow.java: adicionaFilme, mostrarFilmes, detalharFilme, cadastraHotlist, mostrarHotlist, removeHotlist | src/filmnow/FilmNow.java: cadastraFilme, getFilme, cadastraHotlist, getHotlist, removeHotlist | src/filmnow/Filme.java: toString(), getters, equals(Object) | src/filmnow/LeitorFilmNow.java | src/filmnow/FilmNow.java: getFilmes(), getHotlist() | src/filmnow/MainFilmNow.java: formataFilme(int,String), mostrarFilmes(FilmNow), mostrarHotlist(FilmNow) | src/filmnow/Filme.java: toString()",high
S09,official_sample,redacted,llm,readability_and_documentation,Readability and Documentation,8.0,10,"O código é compreensível, usa nomes em geral adequados e possui Javadocs em praticamente todos os métodos públicos. As perdas vêm de documentação parcialmente imprecisa e de alguns trechos de baixa clareza ou robustez, como ramificação redundante, comparação incorreta com null e estado hot não usado de modo consistente.","src/filmnow/Filme.java | src/filmnow/FilmNow.java | src/filmnow/MainFilmNow.java | src/filmnow/LeitorFilmNow.java | src/filmnow/FilmNow.java: Javadocs de getFilme(int), getFilmes(), getHotlist(), removeHotlist(int) | src/filmnow/FilmNow.java: cadastraFilme(int,String,String,String) | src/filmnow/Filme.java: atributo hot, getHot(), setHot(boolean) | src/filmnow/MainFilmNow.java: formataFilme(int,String)",high
S10,official_sample,redacted,llm,basic_functionality,Basic Functionality,8,10,"A implementação cobre a maior parte do fluxo exigido: cadastro, detalhamento, duplicidade por nome e ano, posições limite e operações principais da HotList. As perdas vêm principalmente de uma falha real em mostrar filmes em posições não contíguas e de inconsistências na HotList ao substituir/remover itens.","src/filmnow/FilmNow.java: cadastraFilme(int,String,String,String) | src/filmnow/FilmNow.java: getFilme(int) | src/filmnow/FilmNow.java: getFilmes() e filmesFormatados() | src/filmnow/FilmNow.java: adicionaHot(int,int), eliminarHot(int), getHotList() | src/filmnow/Filme.java: equals(Object), toString() | src/filmnow/MainFilmNow.java: comando(String,FilmNow,Scanner) | src/filmnow/FilmNow.java: getFilmes() | src/filmnow/FilmNow.java: filmesFormatados() | src/filmnow/FilmNow.java: adicionaHot(int,int) | src/filmnow/FilmNow.java: eliminarHot(int) | src/filmnow/MainFilmNow.java: removerHot(FilmNow,Scanner)",high
S10,official_sample,redacted,llm,unit_tests,Unit Tests,8,10,"Há uma suíte JUnit ampla para Filme e FilmNow, cobrindo muitos casos normais e de limite. A pontuação não é máxima porque alguns testes importantes estão incompletos ou exercitam superficialmente o comportamento, especialmente sobrescrita, listagem em posições esparsas e remoção/substituição na HotList.",testes/lab3FilmNow/FilmeTest.java | testes/lab3FilmNow/FilmNowTest.java | testes/lab3FilmNow/FilmNowTest.java: cadastraFilme_PosicaoExistente() | testes/lab3FilmNow/FilmNowTest.java: mostrarFilme() | testes/lab3FilmNow/FilmNowTest.java: mostrarFilme_Vazio() | testes/lab3FilmNow/FilmNowTest.java: eliminarHot_PosicaoValida() | testes/lab3FilmNow/FilmNowTest.java: adicionaHot_FilmeExistente(),high
S10,official_sample,redacted,llm,class_design,Class Design,10,10,"A submissão modela adequadamente as classes centrais esperadas: Filme representa a entidade de domínio, FilmNow compõe e gerencia filmes, e MainFilmNow concentra a interface textual com métodos auxiliares. A estrutura vai além do código inicial e atende ao desenho principal solicitado.",src/filmnow/Filme.java | src/filmnow/FilmNow.java | src/filmnow/MainFilmNow.java | src/filmnow/LeitorFilmNow.java,high
S10,official_sample,redacted,llm,object_references,Object References and Composition,10,10,"O código demonstra o uso central de composição e referências: FilmNow armazena objetos Filme, cria novos filmes no cadastro e a HotList referencia os mesmos objetos para refletir o estado hot no detalhamento. Não há uso indevido de static fora de constantes e métodos auxiliares de interface.","src/filmnow/FilmNow.java: atributos filmes e hotList | src/filmnow/FilmNow.java: cadastraFilme(int,String,String,String) | src/filmnow/FilmNow.java: adicionaHot(int,int) | src/filmnow/MainFilmNow.java",high
S10,official_sample,redacted,llm,collections_and_arrays,Collections and Arrays,8,10,A solução usa arrays com os tamanhos exigidos e traduz corretamente posições de usuário para índices internos na maior parte das operações. A perda vem de uma falha concreta na manipulação do array ao produzir a lista compactada de filmes.,"src/filmnow/FilmNow.java: constantes TAMANHO e RANKING | src/filmnow/FilmNow.java: atributos Filme[] filmes e Filme[] hotList | src/filmnow/FilmNow.java: posValidaFilme(int), posValidaHot(int) | src/filmnow/FilmNow.java: getFilmes() e filmesFormatados() | src/filmnow/FilmNow.java: getFilmes() | src/filmnow/FilmNow.java: filmesFormatados()",high
S10,official_sample,redacted,llm,separation_of_concerns,Separation of Concerns,8.5,10,"A separação geral é boa: MainFilmNow cuida da entrada e saída, FilmNow gerencia as regras principais e Filme encapsula parte da representação textual. A principal limitação é que a representação resumida usada em Mostrar todos fica montada diretamente em FilmNow, reduzindo a delegação para Filme prevista pelo roteiro.","src/filmnow/MainFilmNow.java: menu(), comando(), adicionaFilme(), mostrarFilmes(), detalharFilme() | src/filmnow/FilmNow.java: cadastraFilme(), getFilme(), getFilmes(), adicionaHot(), getHotList() | src/filmnow/Filme.java: equals(Object), toString() | src/filmnow/LeitorFilmNow.java | src/filmnow/FilmNow.java: filmesFormatados() | src/filmnow/Filme.java: getNome(), toString()",high
S10,official_sample,redacted,llm,readability_and_documentation,Readability and Documentation,8,10,"O código é em geral legível, com nomes compreensíveis e Javadocs presentes nas classes principais. A nota não é máxima por problemas recorrentes de documentação e por alguns trechos mais confusos ou redundantes que prejudicam a manutenção.","src/filmnow/Filme.java | src/filmnow/FilmNow.java | src/filmnow/MainFilmNow.java | testes/lab3FilmNow/FilmeTest.java | testes/lab3FilmNow/FilmNowTest.java | src/filmnow/Filme.java: toString() | src/filmnow/FilmNow.java: getFilme(int), cadastraFilme(int,String,String,String), eliminarHot(int) | src/filmnow/FilmNow.java: getFilmes() | src/filmnow/MainFilmNow.java: detalharFilme(FilmNow,Scanner)",high
S11,official_sample,redacted,llm,basic_functionality,Basic Functionality,7,10,"A implementação cobre o fluxo principal de cadastro, listagem, detalhamento e HotList com estruturas e métodos funcionais. Há, porém, falhas materiais em duplicidade por igualdade de filmes, na formatação de detalhes e em partes da HotList.","src/filmnow/FilmNow.java:cadastraFilme(int,String,String,String) | src/filmnow/FilmNow.java:getFilmes() | src/filmnow/FilmNow.java:getFilme(int) | src/filmnow/FilmNow.java:adicionaHot(int,int) | src/filmnow/FilmNow.java:exibirHotList() | src/filmnow/FilmNow.java:removerHot(int) | src/filmnow/Filme.java:equals(Object) | src/filmnow/Filme.java:toString() | src/filmnow/FilmNow.java:existeFilme(Filme)",high
S11,official_sample,redacted,llm,unit_tests,Unit Tests,7,10,"Há uma suíte JUnit relevante para Filme e FilmNow, cobrindo vários casos de cadastro, limites, detalhamento e remoção da HotList. A cobertura, entretanto, deixa lacunas importantes em listagem, HotList e casos críticos de igualdade/formatação.","src/srcTestes/FilmNowTestes.java | src/srcTestes//FilmeTestes.java | src/srcTestes/FilmNowTestes.java:setUp() | src/srcTestes/FilmNowTestes.java:testAdicionarFilmeValido() | src/srcTestes/FilmNowTestes.java:testAdicionaFilmeNoLimite() | src/srcTestes/FilmNowTestes.java:detalhaFilmeDaHOtList() | src/srcTestes/FilmeTestes.java:testFilmesIguais() | src/srcTestes/FilmeTestes.java:testToString() | src/srcTestes/FilmeTestes.java:testFilmesDiferentes() | src/filmnow/Filme.java:equals(Object) | src/filmnow/Filme.java:toString() | src/filmnow//FilmNow.java:getFilmes() | src/srcTestes/FilmNowTestes.java:removeHotComFilmeValido() | src/filmnow/FilmNow.java:adicionaHot(int,int) | src/filmnow/FilmNow.java:exibirHotList()",high
S11,official_sample,redacted,llm,class_design,Class Design,10,10,"A submissão apresenta as classes centrais esperadas e modela Filme, FilmNow e a interface de linha de comando de forma adequada ao escopo do lab. A correção interna de alguns métodos foi considerada nos critérios funcionais, mas a criação e a modelagem básica das classes estão presentes.","src/filmnow/Filme.java | src/filmnow/FilmNow.java | src/filmnow/MainFilmNow.java | src/filmnow/LeitorFilmNow.java:processaLinhaCsvFilmes(String[],FilmNow)",high
S11,official_sample,redacted,llm,object_references,Object References and Composition,10,10,"O código demonstra uso adequado de composição: FilmNow cria e armazena objetos Filme, a HotList referencia objetos já cadastrados e não há uso indevido de estado estático nas classes de domínio.","src/filmnow/FilmNow.java:filmes | src/filmnow/FilmNow.java:hotList | src/filmnow/FilmNow.java:cadastraFilme(int,String,String,String) | src/filmnow/FilmNow.java:adicionaHot(int,int) | src/filmnow/Filme.java",high
S11,official_sample,redacted,llm,collections_and_arrays,Collections and Arrays,0,10,"O criterio perdeu ponto principalmente por penalizacao registrada no criterio collections_and_arrays sem detalhamento estruturado. Veja os descontos detalhados para problema, consequencia e correcao.",model_output:no_explicit_evidence_ref_reported:collections_and_arrays,high
S11,official_sample,redacted,llm,separation_of_concerns,Separation of Concerns,8,10,"A maior parte das responsabilidades está bem separada: MainFilmNow faz entrada/saída, FilmNow gerencia o sistema e Filme representa os dados. O desconto decorre de a responsabilidade de representação textual resumida/listagem estar apenas parcialmente atribuída a Filme.","src/filmnow/MainFilmNow.java:comando(String,FilmNow,Scanner) | src/filmnow/MainFilmNow.java:mostrarFilmes(FilmNow) | src/filmnow/MainFilmNow.java:detalharFilme(FilmNow,Scanner) | src/filmnow/FilmNow.java:cadastraFilme(int,String,String,String) | src/filmnow/FilmNow.java:getFilme(int) | src/filmnow/Filme.java:toString() | src/filmnow/FilmNow.java:formataFilme(int,Filme) | src/filmnow/FilmNow.java:exibirHotList()",high
S11,official_sample,redacted,llm,readability_and_documentation,Readability and Documentation,8.5,10,"O código é majoritariamente legível, com nomes compreensíveis, constantes para tamanhos e Javadocs em classes e métodos públicos. Há problemas localizados de acabamento, documentação genérica/desatualizada e trechos comentados que reduzem a qualidade, mas não impedem a compreensão.","src/filmnow/Filme.java | src/filmnow/FilmNow.java | src/filmnow/MainFilmNow.java | src/filmnow/LeitorFilmNow.java | src/filmnow/MainFilmNow.java:detalharFilme(FilmNow,Scanner) | src/filmnow/LeitorFilmNow.java:carregaContatos(String,FilmNow) | src/filmnow/FilmNow.java:getFilme(int) | src/filmnow/MainFilmNow.java:bloco comentado formataFilme | src/filmnow/FilmNow.java:adicionaHot(int,int) | src/filmnow/FilmNow.java:cadastraFilme(int,String,String,String)",high
S12,official_sample,redacted,llm,basic_functionality,Basic Functionality,4.5,10,"Há implementação parcial das operações principais: é possível cadastrar alguns filmes, listar algo pela interface e manipular uma HotList simples. Porém, várias regras centrais do enunciado falham, especialmente validação de dados vazios, posição limite 100, formato de listagem/detalhamento e semântica exigida da HotList.","src/filmnow/FilmNow.java: cadastraFilme, verificaPosicao, verificaFilmeExistente, verificaDadosVazios | src/filmnow/FilmNow.java: cadastrarHotFilme, removeHotFilme, exibirHot | src/filmnow/MainFilmNow.java: comando, mostrarFilmes, detalharFilme, adicionaFilme | src/filmnow/Filme.java: toString, equals | src/filmnow/FilmNow.java: verificaPosicao | src/filmnow/FilmNow.java: verificaDadosVazios | src/filmnow/FilmNow.java: cadastraFilme usa filmes[posicao] | src/filmnow/MainFilmNow.java: mostrarFilmes | src/filmnow/MainFilmNow.java: formataFilme | src/filmnow/MainFilmNow.java: detalharFilme | src/filmnow/Filme.java: toString | src/filmnow/FilmNow.java: cadastrarHotFilme recebe apenas posicao do filme e usa primeira posição livre | src/filmnow/FilmNow.java: exibirHot | src/filmnow/MainFilmNow.java: comando caso H | src/filmnow/MainFilmNow.java: detalharFilme não consulta hotList",high
S12,official_sample,redacted,llm,unit_tests,Unit Tests,3.0,10,"Existem testes JUnit para Filme e FilmNow, com alguma verificação de igualdade, cadastro e posições. Entretanto, a cobertura é bastante incompleta, não há testes de HotList nem de listagem/detalhamento, e alguns testes são incoerentes com a própria API, podendo falhar por exceção em vez de verificar corretamente o comportamento especificado.","teste/filmnow/FilmeTeste.java | teste/filmnow/FilmNowTeste.java: testAdicionarFilmeSucesso, testAdicionarFilmeDuplicado, testSubstituirFilmeNaMesmaPosicao | teste/filmnow/FilmNowTeste.java: testVerificaPosicaoLimites, testVerificaDadosVazios | teste/filmnow/FilmNowTeste.java | teste/filmnow/FilmNowTeste.java: testAdicionarFilmePosicaoInvalida | teste/filmnow/FilmNowTeste.java: testAdicionarFilmeNomeVazio | teste/filmnow/FilmNowTeste.java: testAdicionarFilmeLocalVazio",high
S12,official_sample,redacted,llm,class_design,Class Design,8.5,10,"A modelagem central foi implementada: há uma classe Filme com atributos próprios e equals baseado em nome/ano, uma classe FilmNow composta por arrays de Filme e uma classe de interface com main modularizado. A perda ocorre porque a API das classes de domínio ainda não expressa bem operações centrais de listagem e detalhamento, e Filme usa uma representação textual de depuração em vez de uma representação do domínio.","src/filmnow/Filme.java | src/filmnow/FilmNow.java: atributos filmes e hotList, construtor | src/filmnow/MainFilmNow.java: main, menu, comando | src/filmnow/Filme.java: toString | src/filmnow/FilmNow.java: getFilmes, getFilme | src/filmnow/MainFilmNow.java: mostrarFilmes, detalharFilme",high
S12,official_sample,redacted,llm,object_references,Object References and Composition,10,10,"O código demonstra uso adequado de referências no escopo deste laboratório: FilmNow cria e armazena objetos Filme, a HotList referencia filmes existentes, e não há uso problemático de atributos estáticos para estado de domínio. Os métodos estáticos estão concentrados na classe de interface e as constantes são estáticas de forma apropriada.","src/filmnow/FilmNow.java: campos filmes, hotList, TAMANHO, TAMANHOHOT | src/filmnow/FilmNow.java: cadastraFilme | src/filmnow/FilmNow.java: cadastrarHotFilme | src/filmnow/MainFilmNow.java: main cria FilmNow",high
S12,official_sample,redacted,llm,collections_and_arrays,Collections and Arrays,8.0,10,"A submissão usa arrays adequados em princípio para os limites do problema: 100 filmes e 10 itens de HotList. Contudo, há um erro estrutural de indexação no array principal de filmes, pois posições externas 1..100 são usadas diretamente como índices internos, ignorando o índice 0 e tornando a posição 100 inválida em tempo de execução.","src/filmnow/FilmNow.java: campos filmes e hotList | src/filmnow/FilmNow.java: construtor | src/filmnow/FilmNow.java: getFilmes, getHotLista | src/filmnow/FilmNow.java: cadastraFilme, getFilme, removeHotFilme | src/filmnow/FilmNow.java: getFilme | src/filmnow/FilmNow.java: cadastraFilme | src/filmnow/FilmNow.java: verificaPosicao",high
S12,official_sample,redacted,llm,separation_of_concerns,Separation of Concerns,5.5,10,"Existe uma separação inicial entre interface, gerenciador e entidade, mas ela é incompleta. FilmNow mistura regras de negócio com impressão no console, MainFilmNow acessa arrays e decide formatações de domínio, e Filme não assume adequadamente a responsabilidade de fornecer representações de listagem e detalhes.","src/filmnow/MainFilmNow.java: menu, comando, adicionaFilme, mostrarFilmes, detalharFilme | src/filmnow/FilmNow.java: cadastraFilme, verificaFilmeExistente, cadastrarHotFilme, removeHotFilme | src/filmnow/Filme.java: equals, getters | src/filmnow/FilmNow.java: cadastraFilme | src/filmnow/FilmNow.java: cadastrarHotFilme | src/filmnow/FilmNow.java: removeHotFilme | src/filmnow/FilmNow.java: exibirHot | src/filmnow/MainFilmNow.java: mostrarFilmes | src/filmnow/MainFilmNow.java: detalharFilme | src/filmnow/FilmNow.java: getFilmes, getFilme | src/filmnow/Filme.java: toString | src/filmnow/MainFilmNow.java: formataFilme",high
S12,official_sample,redacted,llm,readability_and_documentation,Readability and Documentation,5.5,10,"O código é em geral legível, com nomes de classes e vários métodos compreensíveis. Porém, a documentação exigida em Javadoc está bastante incompleta para a classe Filme e para vários métodos públicos adicionados, e parte da documentação existente é herdada/superficial ou não descreve bem os comportamentos reais.","src/filmnow/Filme.java | src/filmnow/FilmNow.java | src/filmnow/MainFilmNow.java | src/filmnow/FilmNow.java: verificaPosicao, verificaHotExistente, verificaFilmeExistente, verificaDadosVazios, getHotLista, getHotFilme, cadastrarHotFilme, removeHotFilme, exibirHot | src/filmnow/FilmNow.java: Javadocs de getFilme e cadastraFilme | src/filmnow/MainFilmNow.java: Javadocs dos métodos de interface | src/filmnow/MainFilmNow.java: menu | src/filmnow/Filme.java: toString",high
S13,official_sample,redacted,llm,basic_functionality,Basic Functionality,7.5,10,"A implementação cobre bem cadastro de filmes, substituição por posição, listagem principal e detalhamento básico de filmes cadastrados. Há, porém, falhas relevantes no detalhamento de posição válida vazia e de filmes sem ano, além de problemas de validação e duplicidade na HotList.","src/filmnow/FilmNow.java: cadastraFilme(int, String, String, String) | src/filmnow/FilmNow.java: exibirFilmes(FilmNow) | src/filmnow/FilmNow.java: detalhaFilme(int) | src/filmnow/FilmNow.java: adicionaHotList(int, int), exibirHot(FilmNow), removeHotFilmes(int) | src/filmnow/Filme.java: equals(Object), detalha(), toString() | src/filmnow/Filme.java: detalha() | src/filmnow/FilmNow.java: adicionaHotList(int, int) | src/filmnow/FilmNow.java: removeHotFilmes(int) | src/filmnow/FilmNow.java: exibirHot(FilmNow) | src/filmnow/Filme.java: toString()",high
S13,official_sample,redacted,llm,unit_tests,Unit Tests,6.0,10,"Há uma suíte JUnit real para Filme e FilmNow, com vários testes independentes e cobertura de caminhos básicos. Ainda assim, faltam casos-limite importantes do enunciado, alguns testes são superficiais e há testes que codificam comportamentos contrários à especificação, especialmente em ano vazio e HotList.","src Testes/lab3FilmNow/FilmeTeste.java | src Testes/lab3FilmNow/FilmNowTest.java | src Testes/lab3FilmNow/FilmeTeste.java: testDetalhaAnoNull(), testDetalhaAnoVazio(), testDetalhaHotAnoNull(), testDetalhaHotAnoVazio() | src Testes/lab3FilmNow/FilmNowTest.java: testCadastraFilme(), testPosicaoInvalida(), testFilmeInvalidoNomeNull(), testFilmeInvalidoLocalNull() | src Testes/lab3FilmNow/FilmNowTest.java: testAdicionaHotList(), testAdicionaFilmePosicaoInvalidaHot(), testDetalhaFilme(), testExibirFilmeNull(), testExibirHotFilme()",high
S13,official_sample,redacted,llm,class_design,Class Design,10,10,"A submissão modela as classes centrais esperadas: Filme representa a entidade com nome, ano, local, igualdade e exibição; FilmNow compõe objetos Filme e gerencia as listas; MainFilmNow atua como interface textual modularizada em métodos auxiliares.","src/filmnow/Filme.java | src/filmnow/FilmNow.java | src/filmnow/MainFilmNow.java | src/filmnow/LeitorFilmNow.java: processaLinhaCsvFilmes(String[], FilmNow)",high
S13,official_sample,redacted,llm,object_references,Object References and Composition,10,10,"O código demonstra uso adequado de referências de objetos: FilmNow cria objetos Filme e os armazena em arrays, a HotList referencia os mesmos objetos da lista principal, e o uso de static fica restrito ao main, helpers de interface e constantes.","src/filmnow/FilmNow.java: filmes, hotFilmes, cadastraFilme(int, String, String, String), adicionaHotList(int, int) | src/filmnow/Filme.java: setHot(boolean), detalha() | src/filmnow/MainFilmNow.java: main(String[])",high
S13,official_sample,redacted,llm,collections_and_arrays,Collections and Arrays,9.0,10,"A estrutura principal usa arrays com os tamanhos exigidos e faz mapeamento externo 1..100 para índices internos 0..99. O desconto decorre de validações incorretas na HotList que podem acessar índices inválidos, embora a escolha das estruturas esteja adequada.","src/filmnow/FilmNow.java: TAMANHO, TAMANHO_HOT, filmes, hotFilmes | src/filmnow/FilmNow.java: cadastraFilme(int, String, String, String) | src/filmnow/FilmNow.java: formataToString(Filme[]), exibirFilmes(FilmNow), exibirHot(FilmNow) | src/filmnow/FilmNow.java: adicionaHotList(int, int)",high
S13,official_sample,redacted,llm,separation_of_concerns,Separation of Concerns,9.0,10,"A separação geral está correta: a interface faz entrada/saída, FilmNow gerencia regras e Filme define representação/equivalência. Há apenas uma imperfeição de API em métodos de FilmNow que recebem uma instância de FilmNow como parâmetro, embora sejam métodos de instância da própria classe.","src/filmnow/MainFilmNow.java: menu(Scanner), comando(String, FilmNow, Scanner), adicionaFilme(FilmNow, Scanner), detalharFilme(FilmNow, Scanner) | src/filmnow/FilmNow.java: cadastraFilme, detalhaFilme, exibirFilmes, adicionaHotList | src/filmnow/Filme.java: equals, toString, detalha | src/filmnow/FilmNow.java: exibirFilmes(FilmNow) | src/filmnow/FilmNow.java: exibirHot(FilmNow) | src/filmnow/MainFilmNow.java: mostrarFilmes(FilmNow), mostrarHotList(FilmNow)",high
S13,official_sample,redacted,llm,readability_and_documentation,Readability and Documentation,8.0,10,"O código é compreensível, usa nomes em geral adequados e possui Javadocs nas classes e métodos públicos. Os descontos refletem inconsistências de nomenclatura/estilo e documentação que às vezes não corresponde exatamente ao comportamento ou ao domínio do laboratório.","src/filmnow/Filme.java | src/filmnow/FilmNow.java | src/filmnow/MainFilmNow.java | src/filmnow/LeitorFilmNow.java | src/filmnow/LeitorFilmNow.java: carregaContatos(String, FilmNow) | src/filmnow/FilmNow.java: removeHotFilmes(int), exibirFilmes(FilmNow), exibirHot(FilmNow) | src/filmnow/Filme.java: Javadoc de detalha() | src/filmnow/FilmNow.java: Javadocs de adicionaHotList(int, int), detalhaFilme(int), removeHotFilmes(int)",high
S14,official_sample,redacted,llm,basic_functionality,Basic Functionality,7.5,10,"A implementação cobre boa parte do fluxo principal: cadastro de filmes está praticamente completo, detalhamento funciona na classe de sistema e há implementação de HotList. As perdas vêm principalmente da listagem usando formato de detalhes, da integração incompleta do detalhamento no menu e de falhas relevantes na HotList, especialmente validação e convenção de posições.","src/filmnow/FilmNow.java: cadastraFilme(int,String,String,String) | src/filmnow/FilmNow.java: detalhaFilme(int) | src/filmnow/FilmNow.java: adicionaHot(int,int), removeHot(int), exibeHotList() | src/filmnow/MainFilmNow.java: menu(Scanner), comando(String,FilmNow,Scanner) | src/filmnow/FilmNow.java: getFilmes() | src/filmnow/Filme.java: toString() | src/filmnow/MainFilmNow.java: comando(String,FilmNow,Scanner) | src/filmnow/MainFilmNow.java: detalharFilme(FilmNow,Scanner) | src/filmnow/FilmNow.java: adicionaHot(int,int) | src/filmnow/FilmNow.java: removeHot(int) | src/filmnow/FilmNow.java: exibeHotList()",high
S14,official_sample,redacted,llm,unit_tests,Unit Tests,6.5,10,"Há uma quantidade relevante de testes para FilmNow, cobrindo muitos casos de cadastro, detalhamento e HotList. Porém, os testes da classe Filme são muito superficiais e faltam casos importantes de especificação em FilmNow, principalmente sobrescrita, listagem vazia e limites corretos da HotList.","testes/filmnow/FilmeNowtestes.java: preparaFilmes() | testes/filmnow/FilmeNowtestes.java: testAdicionaFilme* | testes/filmnow/FilmeNowtestes.java: detalharFilme* | testes/filmnow/FilmeNowtestes.java: adicionaHot*, removeHot(), exibirHotList() | testes/filmnow/FilmeNowtestes.java: testNomeAno() | src/filmnow/Filme.java: equals(Object), toString(), toStringHot() | testes/filmnow/FilmeNowtestes.java: testGetFilmes() | testes/filmnow/FilmeNowtestes.java: adicionaHotPosicaoMaior(), adicionaHotPosicaoMenor() | testes/filmnow/FilmeNowtestes.java: removeHot()",high
S14,official_sample,redacted,llm,class_design,Class Design,9.0,10,"A solução demonstra a modelagem central esperada: há classe Filme própria, FilmNow compõe filmes e HotList com arrays de Filme, e MainFilmNow está modularizado em métodos auxiliares. A perda é pequena e está ligada à representação textual de Filme não separar bem resumo e detalhes, o que prejudica o desenho das saídas.","src/filmnow/Filme.java | src/filmnow/FilmNow.java: atributos filmes e hotList | src/filmnow/MainFilmNow.java: main(String[]), menu(Scanner), comando(String,FilmNow,Scanner), adicionaFilme(FilmNow,Scanner) | src/filmnow/Filme.java: toString(), toStringHot() | src/filmnow/FilmNow.java: getFilmes(), detalhaFilme(int)",high
S14,official_sample,redacted,llm,object_references,Object References and Composition,10,10,"O código usa referências e composição de forma adequada para o nível do laboratório. Não há uso indevido de membros estáticos fora do main, de constantes ou de métodos auxiliares da interface, e FilmNow cria e manipula objetos Filme coerentemente.","src/filmnow/FilmNow.java: private Filme[] filmes; private Filme[] hotList; | src/filmnow/FilmNow.java: cadastraFilme(int,String,String,String) | src/filmnow/FilmNow.java: adicionaHot(int,int) | src/filmnow/MainFilmNow.java: métodos static de interface",high
S14,official_sample,redacted,llm,collections_and_arrays,Collections and Arrays,8.0,10,"A estrutura principal de armazenamento está adequada: usa arrays com limite de 100 filmes e 10 itens na HotList. A principal falha é a manipulação das posições da HotList, que não respeita corretamente a convenção de posições do enunciado e não valida todos os acessos.","src/filmnow/FilmNow.java: TAMANHO, filmes, hotList | src/filmnow/FilmNow.java: cadastraFilme(int,String,String,String) | src/filmnow/FilmNow.java: getFilmes(), exibeHotList() | src/filmnow/FilmNow.java: adicionaHot(int,int) | src/filmnow/FilmNow.java: removeHot(int) | src/filmnow/FilmNow.java: exibeHotList()",high
S14,official_sample,redacted,llm,separation_of_concerns,Separation of Concerns,8.0,10,"Existe uma separação geral boa: Main lida com entrada e saída, FilmNow concentra as regras de cadastro e gerenciamento, e Filme representa os dados do filme. Ainda há integração incompleta na interface e alguma duplicação/mistura de responsabilidades de formatação entre FilmNow e Filme.","src/filmnow/MainFilmNow.java | src/filmnow/FilmNow.java | src/filmnow/Filme.java | src/filmnow/LeitorFilmNow.java | src/filmnow/MainFilmNow.java: comando(String,FilmNow,Scanner) | src/filmnow/MainFilmNow.java: detalharFilme(FilmNow,Scanner) | src/filmnow/MainFilmNow.java: atribuirHot(FilmNow,Scanner), removerHot(FilmNow,Scanner) | src/filmnow/Filme.java: toString(), toStringHot() | src/filmnow/FilmNow.java: getFilmes(), detalhaFilme(int)",high
S14,official_sample,redacted,llm,readability_and_documentation,Readability and Documentation,8.0,10,"O código é majoritariamente legível, com nomes compreensíveis e Javadocs em quase todas as classes e métodos públicos. As perdas são de acabamento: alguns nomes herdados ou pouco precisos, código morto e documentação que nem sempre acompanha a convenção esperada do enunciado.","src/filmnow/Filme.java | src/filmnow/FilmNow.java | src/filmnow/MainFilmNow.java | src/filmnow/LeitorFilmNow.java | src/filmnow/LeitorFilmNow.java: carregaContatos(String,FilmNow) | src/filmnow/Filme.java: ehHot(), naoEhHot() | src/filmnow/MainFilmNow.java: formataFilme(int,Filme) | testes/filmnow/FilmeNowtestes.java: testNomeAno() | src/filmnow/FilmNow.java: Javadoc de adicionaHot(int,int) | src/filmnow/FilmNow.java: Javadoc de removeHot(int) | src/filmnow/MainFilmNow.java: menu(Scanner)",high
S15,official_sample,redacted,llm,basic_functionality,Basic Functionality,5,10,"A submissão implementa caminhos básicos para cadastrar, listar, detalhar e manipular uma HotList, mas várias regras obrigatórias de validação, igualdade e formatação não fecham corretamente. O fluxo válido simples funciona em parte, porém muitos casos limite do enunciado falham ou dependem da interface em vez da classe de sistema.","src/filmnow/FilmNow.java: construtor, cadastraFilme, getFilmes, getFilmeDetalhado, adicionaHot, removeHot, getHotList | src/filmnow/MainFilmNow.java: adicionaFilme, mostrarFilmes, detalharFilme, adicionaHot, removeHot, exibeHot | src/filmnow/Filme.java: equals, toString, toStringHot, mudaHot | src/filmnow/FilmNow.java: cadastraFilme, existeFilmeIgual | src/filmnow/MainFilmNow.java: adicionaFilme | src/filmnow/Filme.java: equals | src/filmnow/FilmNow.java: getFilmes, getFilmeDetalhado | src/filmnow/Filme.java: toString | src/filmnow/MainFilmNow.java: mostrarFilmes, detalharFilme | src/filmnow/FilmNow.java: adicionaHot, removeHot, existeHot, getHotList | src/filmnow/MainFilmNow.java: adicionaHot, removeHot",high
S15,official_sample,redacted,llm,unit_tests,Unit Tests,5,10,"Há testes JUnit reais para Filme e FilmNow, com preparação por BeforeEach e verificações básicas. Entretanto, a cobertura fica concentrada em caminhos simples e alguns testes confirmam o comportamento atual da implementação em vez do comportamento especificado pelo laboratório.","srcTestes/testes/FilmeTest.java | srcTestes/testes/FilmNowTest.java | srcTestes/testes/FilmeTest.java: testEquals, testToString, testToStringHot, testToStringHotFormatado | src/filmnow/Filme.java: getLocal, equals | srcTestes/testes/FilmNowTest.java: testCadastroFilmes, testGetFilmeDetalhado, testExisteFilmeIgual, testAdicionaHot, testExisteHot, testRemoveHot | srcTestes/testes/FilmNowTest.java: testGetFilmeDetalhado | src/filmnow/FilmNow.java: getFilFilmeDetalhado",high
S15,official_sample,redacted,llm,class_design,Class Design,8,10,"A solução cria a classe Filme e mantém FilmNow como gerenciador composto por objetos Filme, além de conservar uma classe MainFilmNow modularizada. O desenho principal esperado aparece, mas há problemas de modelagem na entidade Filme e na interface pública de FilmNow.","src/filmnow/Filme.java | src/filmnow/FilmNow.java: atributos filmes e hotList, construtor, cadastraFilme | src/filmnow/MainFilmNow.java: main, menu, comando e métodos auxiliares | src/filmnow/Filme.java: getLocal, equals, toString, toStringHot | src/filmnow/FilmNow.java: cadastraFilme, adicionaHot, removeHot | src/filmnow/MainFilmNow.java: adicionaFilme, adicionaHot",high
S15,official_sample,redacted,llm,object_references,Object References and Composition,8,10,"O código usa objetos Filme dentro de FilmNow e não apresenta uso inadequado generalizado de atributos estáticos. A composição principal está presente, mas há falhas no gerenciamento de referências compartilhadas na HotList e no uso de objetos temporários para regras de igualdade.","src/filmnow/FilmNow.java: private static final int TAMANHO, Filme[] filmes, Filme[] hotList, cadastraFilme, adicionaHot | src/filmnow/MainFilmNow.java: main e métodos estáticos de interface | src/filmnow/FilmNow.java: adicionaHot | src/filmnow/Filme.java: hot, mudaHot, toString | src/filmnow/MainFilmNow.java: adicionaFilme | src/filmnow/Filme.java: construtor Filme(String nome, String local), equals",high
S15,official_sample,redacted,llm,collections_and_arrays,Collections and Arrays,8,10,"A solução usa arrays adequados em tamanho para a lista principal e a HotList, e converte posições de usuário para índices internos sem ignorar o índice 0. As principais perdas vêm da ausência de validação centralizada de limites e de invariantes da HotList.","src/filmnow/FilmNow.java: TAMANHO, filmes, hotList, construtor, cadastraFilme, getFilmes, getHotList | src/filmnow/FilmNow.java: cadastraFilme, getFilmeDetalhado, adicionaHot, removeHot | src/filmnow/FilmNow.java: adicionaHot, existeHot, removeHot",high
S15,official_sample,redacted,llm,separation_of_concerns,Separation of Concerns,7,10,"Há uma separação geral entre interface, gerenciador e entidade, mas responsabilidades de negócio importantes estão espalhadas entre MainFilmNow, FilmNow e Filme. A interface ainda decide regras que deveriam pertencer ao sistema, e a representação textual está pouco separada por uso.","src/filmnow/MainFilmNow.java: menu, comando, adicionaFilme, mostrarFilmes, detalharFilme | src/filmnow/FilmNow.java: cadastraFilme, getFilmes, getFilmeDetalhado, adicionaHot, removeHot | src/filmnow/Filme.java: toString, toStringHot | src/filmnow/MainFilmNow.java: adicionaFilme, adicionaHot | src/filmnow/FilmNow.java: cadastraFilme, adicionaHot | src/filmnow/FilmNow.java: getFilmes, getFilmeDetalhado, getHotList",high
S15,official_sample,redacted,llm,readability_and_documentation,Readability and Documentation,5.5,10,"O código é compreensível em linhas gerais e usa nomes majoritariamente claros, mas a documentação Javadoc é incompleta nas partes adicionadas, há comentários pouco úteis e há trechos com estilo e organização que reduzem a clareza. Parte da documentação existente vem do esqueleto inicial, então não foi contada como evidência plena de documentação autoral.","src/filmnow/Filme.java | src/filmnow/FilmNow.java | src/filmnow/MainFilmNow.java | src/filmnow/Filme.java: classe, construtores, getNome, getLocal, equals, getHot, mudaHot, toString, toStringHot | src/filmnow/FilmNow.java: adicionaHot, removeHot, getHotList, existeHot | src/filmnow/Filme.java: comentário //Override | src/filmnow/FilmNow.java: getFilmes, getFilmeDetalhado, existeFilmeIgual | src/filmnow/Filme.java: mudaHot, toString | src/filmnow/MainFilmNow.java: menu, adicionaHot",high
S16,official_sample,redacted,llm,basic_functionality,Basic Functionality,0,10,"A submissão contém tentativas iniciais de cadastrar, listar e detalhar filmes, mas o código de produção não compila e, mesmo desconsiderando esse bloqueio, as regras principais de adição, listagem, detalhamento e HotList estão ausentes ou incorretas.","src/filmnow/Filme.java: classe Filme | src/filmnow/FilmNow.java: cadastraFilme | src/filmnow/MainFilmNow.java: comando, adicionaFilme, mostrarFilmes, detalharFilme | src/filmnow/FilmNow.java: private boolean estaCadastrado(fl) | src/filmnow/FilmNow.java: for(int i=0; i<lenth.filmes; i++) | src/filmnow/FilmNow.java: getFilme | src/filmnow/MainFilmNow.java: mostrarFilmes | src/filmnow/MainFilmNow.java: detalharFilme | src/filmnow/Filme.java: toString | src/filmnow/FilmNow.java: ausência de atributos e métodos de HotList | src/filmnow/MainFilmNow.java: menu e comando sem opções E, H e R",high
S16,official_sample,redacted,llm,unit_tests,Unit Tests,0,10,"Não há arquivos de teste JUnit na submissão, portanto não há evidência de testes para Filme nem para FilmNow.",Metadados da submissão: Test file count 0 | Árvore de arquivos: ausência de diretório ou arquivos de teste,high
S16,official_sample,redacted,llm,class_design,Class Design,5,10,"Há evidência real de criação da classe Filme e alteração de FilmNow para armazenar objetos Filme, mas o modelo está incompleto, não compila e não cobre adequadamente as responsabilidades exigidas, especialmente em FilmNow e HotList.","src/filmnow/Filme.java: campos nome, ano, local; construtor; equals; hashCode | src/filmnow/FilmNow.java: private Filme[] filmes; construtor; cadastraFilme | src/filmnow/MainFilmNow.java: menu, comando, adicionaFilme, mostrarFilmes, detalharFilme | src/filmnow/FilmNow.java: estaCadastrado | src/filmnow/FilmNow.java: cadastraFilme | src/filmnow/FilmNow.java: ausência de métodos de listagem, detalhamento e HotList | src/filmnow/Filme.java: toString | src/filmnow/MainFilmNow.java: menu | src/filmnow/MainFilmNow.java: comando",high
S16,official_sample,redacted,llm,object_references,Object References and Composition,5.5,10,"A solução demonstra a ideia inicial de composição ao usar FilmNow com um array de Filme e criar objetos Filme no cadastro. Porém, o uso dessas referências é quebrado por código incompleto, acesso por posição inconsistente e ausência completa da composição necessária para a HotList.","src/filmnow/FilmNow.java: private Filme[] filmes | src/filmnow/FilmNow.java: Filme fl = new Filme(nome, ano, local) | src/filmnow/MainFilmNow.java: FilmNow fn = new FilmNow() | src/filmnow/FilmNow.java: estaCadastrado | src/filmnow/Filme.java: equals | src/filmnow/FilmNow.java: cadastraFilme | src/filmnow/FilmNow.java: getFilme | src/filmnow/MainFilmNow.java: detalharFilme | src/filmnow/FilmNow.java: ausência de atributo de HotList",high
S16,official_sample,redacted,llm,collections_and_arrays,Collections and Arrays,4.5,10,"Há uso de um array fixo de 100 filmes, adequado à restrição principal, e a listagem percorre esse array. Entretanto, o código não compila, a manipulação de índices é inconsistente, não há validação robusta na classe de sistema e a HotList limitada a 10 posições não foi implementada.",src/filmnow/FilmNow.java: TAMANHO = 100; private Filme[] filmes | src/filmnow/FilmNow.java: getFilmes | src/filmnow/MainFilmNow.java: mostrarFilmes | src/filmnow/MainFilmNow.java: adicionaFilme | src/filmnow/FilmNow.java: estaCadastrado | src/filmnow/FilmNow.java: ausência de estrutura HotList | src/filmnow/FilmNow.java: cadastraFilme | src/filmnow/FilmNow.java: getFilme | src/filmnow/MainFilmNow.java: formataFilme,high
S16,official_sample,redacted,llm,separation_of_concerns,Separation of Concerns,3.5,10,"Existe alguma separação física entre interface, sistema e filme, mas a responsabilidade de domínio não está bem distribuída: FilmNow não concentra as regras, Main faz validação e formatação, e Filme não fornece as representações exigidas de maneira adequada.","src/filmnow/Filme.java | src/filmnow/FilmNow.java | src/filmnow/MainFilmNow.java | src/filmnow/LeitorFilmNow.java | src/filmnow/FilmNow.java: cadastraFilme | src/filmnow/FilmNow.java: ausência de métodos de mostrar, detalhar e HotList | src/filmnow/MainFilmNow.java: adicionaFilme | src/filmnow/MainFilmNow.java: mostrarFilmes | src/filmnow/MainFilmNow.java: formataFilme | src/filmnow/FilmNow.java: getFilmes | src/filmnow/Filme.java: toString",high
S16,official_sample,redacted,llm,readability_and_documentation,Readability and Documentation,3,10,"Os nomes principais são em geral compreensíveis e há alguns Javadocs herdados ou simples, mas a submissão contém código inacabado que impede compilação, documentação vazia na classe nova e vários sinais de inconsistência que prejudicam a manutenção.",src/filmnow/Filme.java | src/filmnow/FilmNow.java | src/filmnow/MainFilmNow.java | src/filmnow/LeitorFilmNow.java | src/filmnow/FilmNow.java: estaCadastrado | src/filmnow/Filme.java: Javadocs vazios da classe e do construtor | src/filmnow/FilmNow.java: comentário de filmes e lenth.filmes | src/filmnow/MainFilmNow.java: comentário em adicionaFilme com contato | src/filmnow/MainFilmNow.java: Filme[] filme | src/filmnow/MainFilmNow.java: formataFilme,high
S17,official_sample,redacted,llm,basic_functionality,Basic Functionality,8.5,10,"A implementação cobre a maior parte do fluxo funcional: cadastro com validações principais, detalhamento, listagem no menu e operações básicas da HotList. As perdas vêm de uma falha relevante na comparação de ano em filmes, que pode permitir duplicatas, e de uma limitação da interface textual para entradas com espaços.","src/filmnow/FilmNow.java: cadastraFilme(int, String, String, String) | src/filmnow/FilmNow.java: detalharFilme(int) | src/filmnow/FilmNow.java: adicionaHot(int, Filme), removeHot(int), getHotList(), isHot(Filme) | src/filmnow/MainFilmNow.java: mostrarFilmes(FilmNow), exibirHotList(FilmNow), atribuirHot(FilmNow, Scanner), removerHot(FilmNow, Scanner) | src/filmnow/Filme.java: getDetalhes(), getResumo(), toString() | src/filmnow/Filme.java: equals(Object) | src/filmnow/FilmNow.java: adicionaHot(int, Filme) | src/filmnow/MainFilmNow.java: adicionaFilme(FilmNow, Scanner)",high
S17,official_sample,redacted,llm,unit_tests,Unit Tests,6.5,10,"Há uma suíte real de testes, com boa cobertura dos casos de cadastro especificados e vários casos de detalhamento. Ainda faltam grupos importantes de testes para Filme, listagem completa e HotList, especialmente remoção, exibição e casos inválidos.","src/testes/FilmNowTest.java: teste1 a teste10 | src/testes/FilmNowTest.java: teste11 a teste16 | src/testes/FilmeTest.java: testGetResumo(), testGetDetalhes(), testEqualsObject() | src/testes/FilmeTest.java | src/testes/FilmNowTest.java | src/filmnow/MainFilmNow.java: mostrarFilmes(FilmNow) | src/testes/FilmNowTest.java: teste16 | src/filmnow/FilmNow.java: adicionaHot(int, Filme), removeHot(int), getHotList()",high
S17,official_sample,redacted,llm,class_design,Class Design,10,10,"A submissão criou a classe Filme como entidade própria, manteve FilmNow como gerenciador com composição de objetos Filme e preservou uma classe de interface com main modularizada por métodos auxiliares. Isso atende ao núcleo do critério de criação e modelagem das classes do laboratório.",src/filmnow/Filme.java | src/filmnow/FilmNow.java | src/filmnow/MainFilmNow.java,high
S17,official_sample,redacted,llm,object_references,Object References and Composition,8.5,10,"O código demonstra bom uso geral de composição e criação de objetos: FilmNow cria e armazena Filme, a HotList guarda referências a Filme e o uso de estático fica essencialmente restrito ao main, auxiliares de interface e constantes. A principal perda é uma confusão conceitual em comparação de referências de String no equals.","src/filmnow/FilmNow.java: atributos filmes e hotList | src/filmnow/FilmNow.java: cadastraFilme(int, String, String, String) | src/filmnow/FilmNow.java: adicionaHot(int, Filme), isHot(Filme) | src/filmnow/MainFilmNow.java: main(String[]) | src/filmnow/Filme.java: equals(Object) | src/filmnow/Filme.java: hashCode()",high
S17,official_sample,redacted,llm,collections_and_arrays,Collections and Arrays,10,10,"As estruturas de armazenamento atendem às restrições do laboratório: a lista principal tem 100 posições, a HotList tem 10 posições e o mapeamento entre posição de usuário e índice interno é feito de forma adequada, sem ignorar o índice 0.","src/filmnow/FilmNow.java: TAMANHO, filmes, hotList | src/filmnow/FilmNow.java: getFilmes() | src/filmnow/FilmNow.java: getHotList() | src/filmnow/FilmNow.java: cadastraFilme(int, String, String, String), adicionaHot(int, Filme), removeHot(int)",high
S17,official_sample,redacted,llm,separation_of_concerns,Separation of Concerns,8,10,"Há separação geral entre interface, sistema e entidade: MainFilmNow lida com menu e impressão, FilmNow gerencia cadastro/detalhamento/HotList e Filme sabe formatar suas representações. As perdas vêm de alguma lógica de listagem e validação da HotList espalhada na interface, o que reduz a testabilidade e centralização das regras no sistema.","src/filmnow/MainFilmNow.java: menu(Scanner), comando(String, FilmNow, Scanner), adicionaFilme(FilmNow, Scanner), detalharFilme(FilmNow, Scanner) | src/filmnow/FilmNow.java: cadastraFilme(int, String, String, String), detalharFilme(int), adicionaHot(int, Filme), removeHot(int) | src/filmnow/Filme.java: toString(), getResumo(), getDetalhes() | src/filmnow/MainFilmNow.java: mostrarFilmes(FilmNow) | src/filmnow/MainFilmNow.java: exibirHotList(FilmNow) | src/filmnow/FilmNow.java: getFilmes(), getHotList() | src/filmnow/MainFilmNow.java: atribuirHot(FilmNow, Scanner) | src/filmnow/FilmNow.java: adicionaHot(int, Filme)",high
S17,official_sample,redacted,llm,readability_and_documentation,Readability and Documentation,9,10,"O código é legível, com nomes em geral claros e documentação Javadoc em classes e métodos relevantes. As perdas são pequenas e se concentram em inconsistências pontuais de documentação, nomes herdados ou genéricos e alguns detalhes de estilo.","src/filmnow/Filme.java | src/filmnow/FilmNow.java | src/filmnow/MainFilmNow.java | src/filmnow/LeitorFilmNow.java | src/filmnow/FilmNow.java: getFilme(int) | src/filmnow/LeitorFilmNow.java: carregaContatos(String, FilmNow) | src/testes/FilmNowTest.java: teste1 a teste16",high
S18,official_sample,redacted,llm,basic_functionality,Basic Functionality,8.5,10,"A implementação cobre bem as funcionalidades centrais de cadastro, detalhamento e listagem básica de filmes, com validações importantes de posição, nome/local vazio, duplicidade por nome e ano, e substituição de posição. A HotList funciona no fluxo simples de adicionar, detalhar como hot e remover, mas tem falhas relevantes em posições inválidas, posições vazias e verificação de duplicidade.","src/filmnow/FilmNow.java:cadastraFilme(int,String,String,String) | src/filmnow/FilmNow.java:temFilme(Filme) | src/filmnow/FilmNow.java:getFilme(int) | src/filmnow/FilmNow.java:getFilmes() | src/filmnow/FilmNow.java:atribuiHot(int,int) | src/filmnow/FilmNow.java:retiraHot(int) | src/filmnow/MainFilmNow.java:mostrarFilmes(FilmNow) | src/filmnow/MainFilmNow.java:exibeHot(FilmNow) | src/filmnow/FilmNow.java:temFilmeHot(Filme)",medium
S18,official_sample,redacted,llm,unit_tests,Unit Tests,0,10,"O criterio perdeu ponto principalmente por penalizacao registrada no criterio unit_tests sem detalhamento estruturado. Veja os descontos detalhados para problema, consequencia e correcao.",model_output:no_explicit_evidence_ref_reported:unit_tests,medium
S18,official_sample,redacted,llm,class_design,Class Design,0,10,"O criterio perdeu ponto principalmente por penalizacao registrada no criterio class_design sem detalhamento estruturado. Veja os descontos detalhados para problema, consequencia e correcao.",model_output:no_explicit_evidence_ref_reported:class_design,medium
S18,official_sample,redacted,llm,object_references,Object References and Composition,0,10,"O criterio perdeu ponto principalmente por penalizacao registrada no criterio object_references sem detalhamento estruturado. Veja os descontos detalhados para problema, consequencia e correcao.",model_output:no_explicit_evidence_ref_reported:object_references,medium
S18,official_sample,redacted,llm,collections_and_arrays,Collections and Arrays,0,10,"O criterio perdeu ponto principalmente por penalizacao registrada no criterio collections_and_arrays sem detalhamento estruturado. Veja os descontos detalhados para problema, consequencia e correcao.",model_output:no_explicit_evidence_ref_reported:collections_and_arrays,medium
S18,official_sample,redacted,llm,separation_of_concerns,Separation of Concerns,0,10,"O criterio perdeu ponto principalmente por penalizacao registrada no criterio separation_of_concerns sem detalhamento estruturado. Veja os descontos detalhados para problema, consequencia e correcao.",model_output:no_explicit_evidence_ref_reported:separation_of_concerns,medium
S18,official_sample,redacted,llm,readability_and_documentation,Readability and Documentation,0,10,"O criterio perdeu ponto principalmente por penalizacao registrada no criterio readability_and_documentation sem detalhamento estruturado. Veja os descontos detalhados para problema, consequencia e correcao.",model_output:no_explicit_evidence_ref_reported:readability_and_documentation,medium
S19,official_sample,redacted,llm,basic_functionality,Basic Functionality,9,10,"As funcionalidades principais de cadastro, listagem, detalhamento e caminhos normais da HotList estão implementadas de forma coerente. A maior perda está concentrada na HotList, que não valida corretamente se a posição de filme informada existe na lista principal e usa uma resposta inadequada para remoção de posição vazia.","src/filmnow/FilmNow.java: cadastraFilme(int,String,String,String) | src/filmnow/FilmNow.java: detalhesFilme(int) | src/filmnow/FilmNow.java: cadastraHot(int,int) | src/filmnow/FilmNow.java: retiraHot(int) | src/filmnow/MainFilmNow.java: mostrarFilmes(FilmNow) | src/filmnow/MainFilmNow.java: exibeHotFilmes(FilmNow)",high
S19,official_sample,redacted,llm,unit_tests,Unit Tests,7,10,"Há uma suíte JUnit substancial cobrindo igualdade, toString, cadastro, detalhamento e várias operações da HotList. Ainda assim, os testes não cobrem todos os grupos pedidos: faltam testes diretos de construtor/getters da classe Filme, faltam testes reais da listagem de filmes, e a HotList não é testada em alguns casos limite importantes, especialmente filme inexistente e exibição completa da HotList.","src/testes/FilmeTest.java | src/testes/FilmNowTest.java: testCadastraFilmeAdicionadoPosVazia | src/testes/FilmNowTest.java: testCadastraFilmeAdicionadoPosExistente | src/testes/FilmNowTest.java: testDetalhesFilmeDaHotList | src/testes/FilmNowTest.java: testCadastraHotFilmeRepetido | src/testes/FilmNowTest.java: testRetiraHot | src/testes/FilmNowTest.java | src/filmnow/MainFilmNow.java: mostrarFilmes(FilmNow) | src/filmnow/FilmNow.java: cadastraHot(int,int)",high
S19,official_sample,redacted,llm,class_design,Class Design,10,10,"A modelagem central solicitada está presente: há uma classe Filme com dados próprios, igualdade e representação textual; uma classe FilmNow que mantém composição com filmes; e uma classe principal separada e modularizada para a interface. Isso satisfaz integralmente o critério de criação das classes principais.","src/filmnow/Filme.java | src/filmnow/FilmNow.java: atributos filmes e hotFilmes | src/filmnow/FilmNow.java: construtor FilmNow() | src/filmnow/MainFilmNow.java: main(String[]) e métodos auxiliares | src/filmnow/LeitorFilmNow.java: processaLinhaCsvFilmes(String[],FilmNow)",high
S19,official_sample,redacted,llm,object_references,Object References and Composition,10,10,"O código usa referências de objetos de forma adequada para o nível do laboratório: FilmNow compõe objetos Filme, Main cria uma instância de FilmNow, o leitor recebe essa instância para povoamento e o uso de static fica restrito a constantes e à classe de interface. A criação e comparação de filmes demonstram entendimento da composição básica esperada.","src/filmnow/FilmNow.java: private Filme[] filmes | src/filmnow/FilmNow.java: cadastraFilme(int,String,String,String) | src/filmnow/MainFilmNow.java: main(String[]) | src/filmnow/LeitorFilmNow.java: carregaContatos(String,FilmNow) | src/filmnow/Filme.java: equals(Object)",high
S19,official_sample,redacted,llm,collections_and_arrays,Collections and Arrays,10,10,"As estruturas de armazenamento respeitam os limites do enunciado: 100 posições para filmes e 10 posições para a HotList. O código converte corretamente a posição externa 1..100 para índices internos 0..99, sem ignorar o índice 0, e usa cópias nos getters dos arrays.",src/filmnow/FilmNow.java: private static final int TAMANHO = 100 | src/filmnow/FilmNow.java: private static final int hotTamanho = 10 | src/filmnow/FilmNow.java: construtor FilmNow() | src/filmnow/FilmNow.java: getFilmes() | src/filmnow/FilmNow.java: getHotFilmes() | src/filmnow/MainFilmNow.java: mostrarFilmes(FilmNow),high
S19,official_sample,redacted,llm,separation_of_concerns,Separation of Concerns,8,10,"Há separação geral entre interface, sistema e entidade: Main cuida da interação, FilmNow gerencia cadastro/detalhamento/HotList e Filme representa o filme. A perda ocorre porque parte da lógica de apresentação/listagem e da exibição da HotList fica concentrada no Main, que precisa conhecer arrays e montar formatos, em vez de delegar essas responsabilidades a FilmNow e Filme de forma mais testável.","src/filmnow/MainFilmNow.java: adicionaFilme(FilmNow,Scanner) | src/filmnow/MainFilmNow.java: detalharFilme(FilmNow,Scanner) | src/filmnow/FilmNow.java: cadastraFilme(int,String,String,String) | src/filmnow/FilmNow.java: detalhesFilme(int) | src/filmnow/Filme.java: toString() | src/filmnow/MainFilmNow.java: mostrarFilmes(FilmNow) | src/filmnow/MainFilmNow.java: exibeHotFilmes(FilmNow) | src/filmnow/MainFilmNow.java: formataFilme(int,Filme) | src/filmnow/FilmNow.java: getFilmes() | src/filmnow/FilmNow.java: getHotFilmes()",high
S19,official_sample,redacted,llm,readability_and_documentation,Readability and Documentation,8,10,"O código é legível, com nomes em geral compreensíveis, organização simples e Javadocs em classes e métodos públicos. A perda decorre de documentação por vezes genérica ou incompleta, alguns nomes herdados/inadequados e pequenos desvios de estilo que reduzem a clareza, mas não impedem a compreensão do programa.","src/filmnow/Filme.java | src/filmnow/FilmNow.java | src/filmnow/MainFilmNow.java | src/filmnow/LeitorFilmNow.java | src/filmnow/FilmNow.java: cadastraFilme(int,String,String,String) | src/filmnow/FilmNow.java: cadastraHot(int,int) | src/filmnow/FilmNow.java: retiraHot(int) | src/filmnow/FilmNow.java: hotTamanho | src/filmnow/LeitorFilmNow.java: carregaContatos(String,FilmNow) | src/filmnow/FilmNow.java: detalhesFilme(int)",high
S20,official_sample,redacted,llm,basic_functionality,Basic Functionality,7,10,"A implementação cobre parte substancial do fluxo principal: há cadastro de filmes com validações na API `adicionaFilme`, detalhamento básico, listagem pela interface e operações de HotList. As perdas vêm de inconsistências entre a API usada nos testes e a API usada no `main`, de lacunas na listagem/detalhamento em casos de borda e de uma HotList funcional apenas parcialmente conforme a especificação.","src/filmnow/FilmNow.java: adicionaFilme(int,String,String,String) | src/filmnow/FilmNow.java: detalharFilme(int) | src/filmnow/FilmNow.java: adicionaHot(int,int), removeHot(int), estaNaHotList(Filme) | src/filmnow/Filme.java: getDetalhes(), equals(Object) | src/filmnow/MainFilmNow.java: mostrarFilmes(FilmNow), detalharFilme(FilmNow,Scanner), atribuirHot(FilmNow,Scanner), exibirHotList(FilmNow) | src/filmnow/FilmNow.java: cadastraFilme(int,String,int,String) | src/filmnow/MainFilmNow.java: adicionaFilme(FilmNow,Scanner) | src/filmnow/MainFilmNow.java: mostrarFilmes(FilmNow) | src/filmnow/MainFilmNow.java: detalharFilme(FilmNow,Scanner) | src/filmnow/FilmNow.java: adicionaHot(int,int) | src/filmnow/FilmNow.java: removeHot(int) | src/filmnow/MainFilmNow.java: exibirHotList(FilmNow), atribuirHot(FilmNow,Scanner) | src/filmnow/Filme.java: setHot(boolean), getDetalhes()",medium
S20,official_sample,redacted,llm,unit_tests,Unit Tests,7,10,"Há uma quantidade relevante de testes JUnit para `FilmNow`, detalhamento e HotList, além de alguns testes para `Filme`. A suíte cobre muitos casos de adição e limites. As principais lacunas são a ausência de testes de igualdade de `Filme`, pouca verificação da listagem/mostrar todos e testes de HotList que não exercitam completamente a integração real entre HotList e detalhamento.","Testes/lab3FilmNow/FilmNowTest.java | Testes/lab3FilmNow/DetalharFilmesTest.java | Testes/lab3FilmNow/FilmNowHotTest.java | Testes/lab3FilmNow/FilmeTest.java | src/filmnow/TesteFilmNow.java | src/filmnow/Filme.java: equals(Object), hashCode(), toString() | src/filmnow/MainFilmNow.java: mostrarFilmes(FilmNow) | Testes/lab3FilmNow/FilmNowHotTest.java: preparaFilmes(), teste8_exibirHotList_contemFilmesHot() | Testes/lab3FilmNow/DetalharFilmesTest.java: test6_DetalharFilmeComHot()",medium
S20,official_sample,redacted,llm,class_design,Class Design,8,10,"A submissão cria uma classe `Filme` real, um gerenciador `FilmNow` com composição por array de filmes e uma interface `MainFilmNow` modularizada, o que demonstra o modelo central esperado. As perdas decorrem de contratos públicos duplicados e inconsistentes e de uma modelagem duplicada do estado hot.","src/filmnow/Filme.java | src/filmnow/FilmNow.java | src/filmnow/MainFilmNow.java | src/filmnow/Filme.java: equals(Object) | src/filmnow/FilmNow.java: cadastraFilme(int,String,int,String) | src/filmnow/FilmNow.java: adicionaFilme(int,String,String,String) | src/filmnow/MainFilmNow.java: adicionaFilme(FilmNow,Scanner) | src/filmnow/Filme.java: private boolean hot, setHot(boolean), getDetalhes() | src/filmnow/FilmNow.java: private Filme[] hotList, adicionaHot(int,int), removeHot(int)",medium
S20,official_sample,redacted,llm,object_references,Object References and Composition,8.5,10,"O código usa composição de forma adequada no essencial: `FilmNow` armazena referências a objetos `Filme`, cria filmes no cadastro e a HotList reutiliza referências para filmes existentes. Não há uso indevido relevante de `static` fora do `main` e de constantes. A principal perda é por exposição direta da estrutura interna da HotList, que enfraquece o controle das referências.","src/filmnow/FilmNow.java: private Filme[] filmes, private Filme[] hotList | src/filmnow/FilmNow.java: adicionaFilme(int,String,String,String), cadastraFilme(int,String,int,String) | src/filmnow/FilmNow.java: getFilmes(), getHotList() | src/filmnow/MainFilmNow.java: main(String[]), métodos auxiliares estáticos | src/filmnow/FilmNow.java: getHotList() | src/filmnow/FilmNow.java: getFilmes() | src/filmnow/Filme.java: setHot(boolean) | Testes/lab3FilmNow/DetalharFilmesTest.java: test6_DetalharFilmeComHot()",medium
S20,official_sample,redacted,llm,collections_and_arrays,Collections and Arrays,8.5,10,"A estrutura de dados principal é apropriada: arrays de `Filme` para a lista principal e para a HotList. A solução respeita em grande parte o limite de 100 filmes e 10 itens hot, mas usa um array de tamanho 101 e convenções de índice inconsistentes, permitindo posição 0 em parte da API.","src/filmnow/FilmNow.java: private static final int TAMANHO = 101 | src/filmnow/FilmNow.java: private Filme[] filmes | src/filmnow/FilmNow.java: private Filme[] hotList = new Filme[10] | src/filmnow/FilmNow.java: adicionaFilme(int,String,String,String), cadastraFilme(int,String,int,String), adicionaHot(int,int) | src/filmnow/FilmNow.java: TAMANHO = 101 | src/filmnow/FilmNow.java: getFilme(int) | src/filmnow/FilmNow.java: cadastraFilme(int,String,int,String) | src/filmnow/FilmNow.java: adicionaFilme(int,String,String,String)",medium
S20,official_sample,redacted,llm,separation_of_concerns,Separation of Concerns,7,10,"Há separação básica entre domínio (`Filme`), gerenciador (`FilmNow`) e interface (`MainFilmNow`). Entretanto, parte relevante da lógica de negócio e da formatação permanece no `Main`, enquanto `FilmNow` não oferece uma operação testável de listagem e a representação de filme para lista não está bem separada da representação detalhada.","src/filmnow/MainFilmNow.java: menu(Scanner), comando(String,FilmNow,Scanner), adicionaFilme(FilmNow,Scanner) | src/filmnow/FilmNow.java: adicionaFilme, detalharFilme, adicionaHot, removeHot | src/filmnow/Filme.java: getDetalhes(), nomeAno(), toString() | src/filmnow/MainFilmNow.java: adicionaFilme(FilmNow,Scanner) | src/filmnow/MainFilmNow.java: detalharFilme(FilmNow,Scanner) | src/filmnow/FilmNow.java: adicionaFilme(int,String,String,String), detalharFilme(int) | src/filmnow/MainFilmNow.java: mostrarFilmes(FilmNow) | src/filmnow/FilmNow.java: getFilmes() | src/filmnow/Filme.java: toString(), getDetalhes(), nomeAno()",medium
S20,official_sample,redacted,llm,readability_and_documentation,Readability and Documentation,8,10,"O código é majoritariamente legível, com nomes compreensíveis e Javadocs em várias classes e métodos importantes. As perdas são por inconsistência de contratos e nomes, documentação incompleta em alguns membros públicos e pequenos resíduos de código/formatos que prejudicam a clareza.","src/filmnow/Filme.java | src/filmnow/FilmNow.java | src/filmnow/MainFilmNow.java | src/filmnow/LeitorFilmNow.java | src/filmnow/FilmNow.java: cadastraFilme, adicionaFilme | src/filmnow/LeitorFilmNow.java: carregaContatos(String,FilmNow) | src/filmnow/Filme.java: getAno(), getNome(), getLocal(), setHot(boolean), nomeAno() | src/filmnow/FilmNow.java: getHotList() | src/filmnow/MainFilmNow.java: formataFilme(int,String) | src/filmnow/Filme.java: setHot(boolean) | src/filmnow/MainFilmNow.java: adicionaFilme(FilmNow,Scanner)",medium
S21,official_sample,redacted,llm,basic_functionality,Basic Functionality,6.5,10,"A submissão implementa parte relevante do fluxo de cadastro, detalhamento e HotList, com representação real de filmes e alguns retornos/validações. Entretanto, há falhas funcionais materiais em duplicidade por igualdade de ano, tratamento de erros na interface, formato de listagem e consistência da HotList.","src/filmnow/FilmNow.java: cadastraFilme(int,String,String,String) | src/filmnow/FilmNow.java: detalhesFilme(int) | src/filmnow/FilmNow.java: atribuirHotlist(int,int), removerHotlist(int) | src/filmnow/Filme.java: toString(), equals(Object) | src/filmnow/MainFilmNow.java: adicionaFilme, mostrarFilmes, exibirHotlist | src/filmnow/MainFilmNow.java: adicionaFilme chama fn.cadastraFilme(posicao,nome,ano,local) sem imprimir retorno | src/filmnow/FilmNow.java: cadastraFilme usa nome == """" e local == """" | src/filmnow/Filme.java: equals usa ano == other.ano | src/filmnow/MainFilmNow.java: mostrarFilmes, exibirHotlist e formataFilme | src/filmnow/Filme.java: toString retorna nome/ano e local em duas linhas | src/filmnow/FilmNow.java: atribuirHotlist(int posicaoFilme,int posicao) acessa filmes[posicaoFilme] sem validar existência | src/filmnow/FilmNow.java: atribuirHotlist sobrescreve hotlist[posicao] sem limpar o filme antigo | src/filmnow/FilmNow.java: removerHotlist usa this.filmes[posicaoFilme].setStatusHotlist(false)",high
S21,official_sample,redacted,llm,unit_tests,Unit Tests,5.0,10,"Há uma suíte relativamente extensa para FilmNow cobrindo cadastro, alguns limites, detalhamento e vários cenários de HotList. Contudo, não há testes unitários diretos da classe Filme e faltam casos importantes de listagem/exibição e de inconsistência da HotList.","testes/filmnow/FilmeTest.java: adicionarFilmeNaPosiçãoVazia, adicionarFilmePosicaoExistente, filmeJaAdicionado, filmeNaPosicaoLimite | testes/filmnow/FilmeTest.java: detalharFilmeComTodosOsDados, detalharFilmeSemAno, detalharFilmeDaHotlist | testes/filmnow/FilmeTest.java: filmeAdicionadoAHotlistEmUmaPosicaoVazia, adicionarFilmeNoLimiteMaximoDaHotlist, removerFilmeExistenteDaHotlist | testes/filmnow/FilmeTest.java: a suíte instancia FilmNow, mas não há new Filme(...) em testes diretos | src/filmnow/Filme.java: equals(Object), toString(), getters | testes/filmnow/FilmeTest.java: não há teste para MainFilmNow.mostrarFilmes nem método equivalente de listagem em FilmNow | src/filmnow/MainFilmNow.java: mostrarFilmes, exibirHotlist | testes/filmnow/FilmeTest.java: removerPosicaoVaziaHotlist, removerFilmeExistente | testes/filmnow/FilmeTest.java: filmeAdicionadoAHotlistEmUmaPosicaoNaoVazia não verifica o status do filme substituído",high
S21,official_sample,redacted,llm,class_design,Class Design,8.0,10,"A solução demonstra a modelagem central esperada: há uma classe Filme com atributos próprios, FilmNow compõe filmes e uma classe MainFilmNow separa a interface. As perdas decorrem de problemas localizados, mas relevantes, na igualdade de Filme e na ausência de representação resumida adequada para listagens.","src/filmnow/Filme.java | src/filmnow/FilmNow.java: atributos Filme[] filmes e Filme[] hotlist | src/filmnow/MainFilmNow.java: main, menu, comando, adicionaFilme, detalharFilme | src/filmnow/Filme.java: equals(Object) | src/filmnow/Filme.java: toString() | src/filmnow/MainFilmNow.java: formataFilme(int,Filme)",high
S21,official_sample,redacted,llm,object_references,Object References and Composition,9.0,10,"O código demonstra bem a ideia principal de composição: FilmNow cria e armazena objetos Filme, e a HotList referencia objetos Filme. A principal perda é a manutenção de estado paralelo e posição global que fragiliza a consistência das referências.","src/filmnow/FilmNow.java: new Filme(nome, ano, local) em cadastraFilme | src/filmnow/FilmNow.java: private Filme[] filmes; private Filme[] hotlist | src/filmnow/MainFilmNow.java: métodos static vinculados à interface | src/filmnow/FilmNow.java: campo posicaoFilme | src/filmnow/FilmNow.java: atribuirHotlist(int,int) | src/filmnow/FilmNow.java: removerHotlist(int)",high
S21,official_sample,redacted,llm,collections_and_arrays,Collections and Arrays,8.5,10,As estruturas principais de armazenamento foram implementadas com arrays de tamanho limitado e atendem a muitos cenários básicos. As perdas são pela escolha de ignorar o índice 0 e por validações incompletas de acesso em operações da HotList.,"src/filmnow/FilmNow.java: TAMANHO, TAMANHOHOTLIST, construtor | src/filmnow/FilmNow.java: cadastraFilme(int,String,String,String) | src/filmnow/FilmNow.java: atribuirHotlist(int,int), getFilmes(), getHotlist() | src/filmnow/FilmNow.java: new Filme[TAMANHO + 1] | src/filmnow/FilmNow.java: new Filme[TAMANHOHOTLIST + 1] | src/filmnow/FilmNow.java: atribuirHotlist(int,int) | src/filmnow/FilmNow.java: removerHotlist(int)",high
S21,official_sample,redacted,llm,separation_of_concerns,Separation of Concerns,7.0,10,"Há separação básica entre interface, sistema e entidade: MainFilmNow concentra entrada/saída, FilmNow guarda e manipula filmes, e Filme define parte da representação textual. Ainda assim, listagem e fluxo de mensagens/erros ficam mal distribuídos, reduzindo a testabilidade e a coerência do design.","src/filmnow/MainFilmNow.java: menu, comando, adicionaFilme, detalharFilme | src/filmnow/FilmNow.java: cadastraFilme, detalhesFilme, atribuirHotlist | src/filmnow/Filme.java: atributos privados e toString | src/filmnow/MainFilmNow.java: mostrarFilmes, exibirHotlist | src/filmnow/FilmNow.java: ausência de método de listagem textual | src/filmnow/MainFilmNow.java: adicionaFilme | src/filmnow/MainFilmNow.java: adicionarHot, removerHot, detalharFilme | src/filmnow/FilmNow.java: cadastraFilme e atribuirHotlist retornam strings",high
S21,official_sample,redacted,llm,readability_and_documentation,Readability and Documentation,7.0,10,"O código é em geral compreensível, com nomes razoáveis e Javadocs em várias classes e métodos públicos. As perdas são por problemas de limpeza, documentação superficial ou imprecisa e escolhas que dificultam manutenção.","src/filmnow/Filme.java: Javadocs da classe, construtor e getters | src/filmnow/FilmNow.java: Javadocs de classe e métodos públicos | src/filmnow/MainFilmNow.java: organização em métodos auxiliares | src/filmnow/FilmNow.java: import static org.junit.jupiter.api.Assertions.assertEquals; import static org.junit.jupiter.api.Assertions.fail; | src/filmnow/LeitorFilmNow.java: método carregaContatos | src/filmnow/FilmNow.java: Javadocs de removerHotlist e atribuirHotlist | testes/filmnow/FilmeTest.java: comentários de remoção misturam filme e HotList | src/filmnow/FilmNow.java: campo posicaoFilme | src/filmnow/FilmNow.java: cadastraFilme usa nome == """" e local == """" | src/filmnow/FilmNow.java: removerHotlist(int)",high
S22,official_sample,redacted,llm,basic_functionality,Basic Functionality,7,10,"A submissão implementa o fluxo principal de cadastro, consulta simples, detalhamento e uma HotList funcional em casos básicos. Porém há falhas materiais em comparação de filmes por ano, tratamento de strings vazias e, principalmente, na HotList, cuja remoção e validação de posições não cumprem completamente o comportamento especificado.","src/filmnow/FilmNow.java: método cadastraFilme | src/filmnow/MainFilmNow.java: métodos mostrarFilmes, detalharFilme, atribuirHotList, removeHotList, exibirHotList | src/filmnow/DetalhaFilme.java: método toString | src/filmnow/FilmNow.java: métodos adicionaHotList, retiraHotList, exibirHotList | src/filmnow/Filme.java: método equals | src/filmnow/MainFilmNow.java: método formataFilme | src/filmnow/MainFilmNow.java: método mostrarFilmes | src/filmnow/FilmNow.java: métodos adicionaHotList e retiraHotList | src/filmnow/MainFilmNow.java: métodos atribuirHotList e removeHotList",high
S22,official_sample,redacted,llm,unit_tests,Unit Tests,4,10,"Há uma suíte real com vários testes de cadastro e alguns testes de detalhamento, incluindo limites de posição e um caso de filme hot. Entretanto, os testes estão concentrados em FilmNow/DetalhaFilme, não exercitam diretamente a classe Filme e deixam lacunas importantes de listagem e HotList.","testes/filmnow/FIlmeTeste.java: método preparaFilmes | testes/filmnow/FIlmeTeste.java: testes testeCadastraFilmePosicaoVazia até testaCadastraFilmeComNomeVazio | testes/filmnow/FIlmeTeste.java: testes testaDetalhaFilme até testaDetalhaFilmeEmUmaHotList | testes/filmnow/FIlmeTeste.java | src/filmnow/Filme.java: método equals | testes/filmnow/FIlmeTeste.java: testes de detalhamento | src/filmnow/MainFilmNow.java: método mostrarFilmes | testes/filmnow/FIlmeTeste.java: método testaDetalhaFilmeEmUmaHotList | src/filmnow/FilmNow.java: métodos adicionaHotList, retiraHotList e exibirHotList",high
S22,official_sample,redacted,llm,class_design,Class Design,8,10,"A solução demonstra a modelagem principal esperada: existe Filme como entidade, FilmNow compõe arrays de Filme e há uma classe de interface com main modularizada. As perdas vêm de detalhes importantes da modelagem de Filme e de uma API do sistema que ainda expõe ou desloca responsabilidades centrais.","src/filmnow/Filme.java | src/filmnow/FilmNow.java: atributos filmes e hotList, construtor e método cadastraFilme | src/filmnow/MainFilmNow.java: métodos menu, comando, adicionaFilme, mostrarFilmes, detalharFilme, atribuirHotList | src/filmnow/Filme.java: métodos equals e hashCode | src/filmnow/Filme.java: ausência de toString | src/filmnow/FilmNow.java: métodos getFilmes e getFilme | src/filmnow/MainFilmNow.java: métodos mostrarFilmes, detalharFilme e atribuirHotList",high
S22,official_sample,redacted,llm,object_references,Object References and Composition,9,10,"O código usa objetos de forma coerente na maior parte da solução: FilmNow cria e armazena objetos Filme, e o uso de static fica essencialmente restrito ao main e seus auxiliares. A principal fragilidade é que algumas referências de Filme são expostas e manipuladas pela interface para operações que deveriam ser resolvidas pelo sistema.",src/filmnow/FilmNow.java: atributos filmes e hotList | src/filmnow/FilmNow.java: método cadastraFilme | src/filmnow/MainFilmNow.java: método main | src/filmnow/MainFilmNow.java: métodos estáticos de interface | src/filmnow/MainFilmNow.java: método atribuirHotList | src/filmnow/FilmNow.java: método adicionaHotList | src/filmnow/FilmNow.java: método getFilme,high
S22,official_sample,redacted,llm,collections_and_arrays,Collections and Arrays,8.5,10,"As estruturas principais respeitam bem o limite de 100 filmes e 10 posições de HotList, com mapeamento correto da posição do usuário para índice interno. A perda está concentrada na ausência de validação segura para a HotList antes do acesso ao array.","src/filmnow/FilmNow.java: constantes, atributos filmes e hotList | src/filmnow/FilmNow.java: construtor e métodos cadastraFilme, getFilme, adicionaHotList, retiraHotList | src/filmnow/MainFilmNow.java: método mostrarFilmes | src/filmnow/FilmNow.java: métodos adicionaHotList e retiraHotList",high
S22,official_sample,redacted,llm,separation_of_concerns,Separation of Concerns,6.5,10,"Há separação parcial: MainFilmNow concentra entrada e saída, FilmNow gerencia o cadastro básico e Filme guarda os dados. Contudo, a exibição e parte das regras de domínio ficam espalhadas entre Main, DetalhaFilme e FilmNow, o que reduz a clareza das responsabilidades esperadas.","src/filmnow/MainFilmNow.java | src/filmnow/FilmNow.java | src/filmnow/Filme.java | src/filmnow/LeitorFilmNow.java | src/filmnow/DetalhaFilme.java: método toString | src/filmnow/MainFilmNow.java: método formataFilme | src/filmnow/MainFilmNow.java: métodos mostrarFilmes, detalharFilme e atribuirHotList | src/filmnow/FilmNow.java: métodos getFilmes e getFilme",high
S22,official_sample,redacted,llm,readability_and_documentation,Readability and Documentation,7,10,"O código é geralmente compreensível, com nomes em português e organização em métodos pequenos no Main. A documentação existe em várias partes, mas é incompleta e muitas vezes superficial; há também inconsistências de estilo e pequenos erros de escrita que reduzem a qualidade, sem tornar o código ilegível.","src/filmnow/MainFilmNow.java | src/filmnow/FilmNow.java | src/filmnow/Filme.java | src/filmnow/DetalhaFilme.java | src/filmnow/Filme.java: getters, setters, equals e hashCode sem Javadoc | src/filmnow/FilmNow.java: métodos retiraHotList, adicionaHotList, isInHot e exibirHotList | src/filmnow/DetalhaFilme.java: método toString | testes/filmnow/FIlmeTeste.java | src/filmnow/DetalhaFilme.java: comentário do construtor e método toString | src/filmnow/FilmNow.java: método cadastraFilme | src/filmnow/Filme.java: método equals",high
S23,official_sample,redacted,llm,basic_functionality,Basic Functionality,3.5,10,"Há uma implementação parcial de cadastro e alguma listagem de filmes, mas o fluxo obrigatório não fecha corretamente. O cadastro armazena objetos Filme e detecta duplicidade por nome/ano em parte, porém validações importantes ficam fora de FilmNow e a interface não informa sucesso. A listagem e o detalhamento têm problemas de formato, índice e tratamento de posições vazias/inválidas. A HotList está essencialmente ausente.",src/filmnow/FilmNow.java::cadastraFilme | src/filmnow/FilmNow.java::filmeExistente | src/filmnow/MainFilmNow.java::mostrarFilmes | src/filmnow/MainFilmNow.java::detalharFilme | src/filmnow/MainFilmNow.java::atribuirHotList | src/filmnow/FilmNow.java::getHotList | src/filmnow/MainFilmNow.java::adicionaFilme | src/filmnow/MainFilmNow.java::formataFilme | src/filmnow/FilmNow.java::getFilme | src/filmnow/Filme.java::toString | src/filmnow/MainFilmNow.java::removerHot | src/filmnow/MainFilmNow.java::exibirHotList,high
S23,official_sample,redacted,llm,unit_tests,Unit Tests,0,10,"Os arquivos de teste existem apenas nominalmente, mas não há testes JUnit, anotações, asserts ou casos cobrindo Filme e FilmNow. Assim, não há evidência avaliável de testes de construtor, exibição, equals, cadastro, listagem, detalhamento ou HotList.",testes/lab3FilmNow/testes/FilmeTest.java | testes/lab3FilmNow/testes/LeitoFilmNowTest.java | testes/lab3FilmNow/testes/MainFilmeNowTest.java | testes/lab3FilmNow/testes/MainFilmNowTest.java,high
S23,official_sample,redacted,llm,class_design,Class Design,8.0,10,"A submissão cria uma classe Filme com atributos centrais e altera FilmNow para compor um array de Filme, o que demonstra a modelagem principal esperada. Também há uma classe de interface com métodos estáticos separados. A principal lacuna de design é que a HotList não foi modelada em FilmNow, deixando parte relevante do domínio sem representação própria.",src/filmnow/Filme.java | src/filmnow/FilmNow.java::filmes | src/filmnow/FilmNow.java::cadastraFilme | src/filmnow/MainFilmNow.java | src/filmnow/FilmNow.java | src/filmnow/FilmNow.java::getHotList | src/filmnow/MainFilmNow.java::atribuirHotList,high
S23,official_sample,redacted,llm,object_references,Object References and Composition,7.0,10,"A solução demonstra uso básico de referências ao criar objetos Filme e armazená-los em um array dentro de FilmNow. Entretanto, há uso de métodos estáticos fora do main/constantes e um erro relevante de comparação de referências em equals, o que enfraquece o domínio do conceito de referências em Java.",src/filmnow/FilmNow.java::cadastraFilme | src/filmnow/FilmNow.java::filmes | src/filmnow/MainFilmNow.java::main | src/filmnow/MainFilmNow.java::carregaFilmes | src/filmnow/Filme.java::equals | src/filmnow/Filme.java::verificaFilme | src/filmnow/Filme.java::verificaLocal,high
S23,official_sample,redacted,llm,collections_and_arrays,Collections and Arrays,6.0,10,"A estrutura principal de armazenamento de filmes foi corretamente migrada para um array de Filme com 100 posições, e a conversão posição externa para índice interno aparece no cadastro. Porém a restrição de posições não é protegida na própria classe FilmNow e não há nenhuma estrutura funcional para a HotList de 10 posições.",src/filmnow/FilmNow.java::TAMANHO | src/filmnow/FilmNow.java::filmes | src/filmnow/FilmNow.java::getFilmes | src/filmnow/FilmNow.java::cadastraFilme | src/filmnow/FilmNow.java | src/filmnow/FilmNow.java::getHotList | src/filmnow/FilmNow.java::getFilme,high
S23,official_sample,redacted,llm,separation_of_concerns,Separation of Concerns,4.0,10,"Existe uma separação nominal entre Filme, FilmNow e MainFilmNow, mas as responsabilidades estão distribuídas de forma frágil. Regras de validação, listagem e detalhamento ficam na interface, FilmNow não fornece operações completas de domínio, e Filme oferece apenas um toString único usado de modo inadequado para contextos diferentes.",src/filmnow/MainFilmNow.java::adicionaFilme | src/filmnow/MainFilmNow.java::mostrarFilmes | src/filmnow/MainFilmNow.java::detalharFilme | src/filmnow/FilmNow.java::cadastraFilme | src/filmnow/Filme.java::toString | src/filmnow/FilmNow.java | src/filmnow/MainFilmNow.java::comando | src/filmnow/MainFilmNow.java::atribuirHotList | src/filmnow/MainFilmNow.java::removerHot | src/filmnow/MainFilmNow.java::exibirHotList | src/filmnow/MainFilmNow.java::formataFilme,high
S23,official_sample,redacted,llm,readability_and_documentation,Readability and Documentation,5.0,10,"O código é em geral legível e usa nomes compreensíveis para as classes principais, mas a documentação Javadoc é incompleta para os elementos novos e há trechos claramente inacabados ou difíceis de manter. Parte da documentação herdada ou dos nomes ainda se refere a contatos, e métodos importantes não têm explicação.",src/filmnow/Filme.java | src/filmnow/FilmNow.java | src/filmnow/MainFilmNow.java | src/filmnow/LeitorFilmNow.java | src/filmnow/FilmNow.java::filmeExistente | src/filmnow/FilmNow.java::getHotList | src/filmnow/MainFilmNow.java::detalharFilme | src/filmnow/MainFilmNow.java::adicionaFilme | src/filmnow/MainFilmNow.java::comando | src/filmnow/MainFilmNow.java::removerHot | src/filmnow/MainFilmNow.java::exibirHotList,high
S24,official_sample,redacted,llm,basic_functionality,Basic Functionality,8,10,"A implementação cobre a maior parte do fluxo funcional: cadastro com validações principais, listagem, detalhamento e operações centrais da HotList. As perdas concentram-se em casos de erro da HotList que podem gerar exceções e em um caso especificado de detalhamento sem ano.","src/filmnow/FilmNow.java: cadastraFilme(int,String,String,String) | src/filmnow/FilmNow.java: getFilmes() | src/filmnow/FilmNow.java: detalharFilme(int) | src/filmnow/FilmNow.java: adicionaHot(int,int), exibeHot(), removeHot(int) | src/filmnow/MainFilmNow.java: mostrarFilmes(FilmNow), detalharFilme(FilmNow,Scanner), atribuirHot(FilmNow,Scanner) | src/filmnow/FilmNow.java: adicionaHot(int posicaoHot, int posicaoFilme) | src/filmnow/Filme.java: toString() | testes/lab3FilmNow/FilmNowTest.java: testDetalhaFilmeSemAno()",high
S24,official_sample,redacted,llm,unit_tests,Unit Tests,6.5,10,"Há uma suíte relativamente ampla para `FilmNow`, especialmente para cadastro, detalhamento e HotList. Porém os testes de `Filme` são quase inexistentes e alguns casos-limite relevantes do sistema não são verificados, inclusive um erro real na HotList.",testes/lab3FilmNow/FilmeTest.java | testes/lab3FilmNow/FilmNowTest.java: testes de cadastro | testes/lab3FilmNow/FilmNowTest.java: testes de detalhamento | testes/lab3FilmNow/FilmNowTest.java: testes de HotList | testes/lab3FilmNow/FilmNowTest.java: testDetalhaFilmeSemAno(),high
S24,official_sample,redacted,llm,class_design,Class Design,10,10,A submissão implementa as classes centrais esperadas e modela adequadamente `Filme` como entidade separada e `FilmNow` como gerenciador composto por filmes. Também há uma classe de interface com `main` modularizada em métodos auxiliares.,src/filmnow/Filme.java | src/filmnow/FilmNow.java: atributos filmes e hotList | src/filmnow/FilmNow.java: construtor FilmNow() | src/filmnow/MainFilmNow.java,high
S24,official_sample,redacted,llm,object_references,Object References and Composition,10,10,"O código demonstra uso adequado de objetos e referências: `FilmNow` cria e armazena objetos `Filme`, a HotList referencia filmes já cadastrados, e o uso de membros estáticos fica restrito a constantes e à interface de execução.","src/filmnow/FilmNow.java: private Filme[] filmes | src/filmnow/FilmNow.java: private Filme[] hotList | src/filmnow/FilmNow.java: cadastraFilme(int,String,String,String) | src/filmnow/FilmNow.java: adicionaHot(int,int), ehHot(Filme) | src/filmnow/Filme.java: equals(Object), hashCode()",high
S24,official_sample,redacted,llm,collections_and_arrays,Collections and Arrays,10,10,"As estruturas de armazenamento atendem às restrições principais do laboratório: array de 100 filmes para o catálogo e array de 10 filmes para a HotList, com mapeamento correto das posições externas 1..100 e 1..10 para índices internos 0..99 e 0..9.","src/filmnow/FilmNow.java: TAMANHO, tamanhoHot | src/filmnow/FilmNow.java: FilmNow() | src/filmnow/FilmNow.java: cadastraFilme(int,String,String,String) | src/filmnow/FilmNow.java: getFilmes() | src/filmnow/FilmNow.java: exibeHot()",high
S24,official_sample,redacted,llm,separation_of_concerns,Separation of Concerns,9,10,"A separação geral é boa: a interface concentra entrada e saída, `FilmNow` concentra as regras de cadastro, detalhamento e HotList, e `Filme` concentra os dados e a igualdade. A principal limitação é que a representação resumida usada em Mostrar Todos não está realmente encapsulada em `Filme`.","src/filmnow/MainFilmNow.java: adicionaFilme, mostrarFilmes, detalharFilme, exibirHotList | src/filmnow/FilmNow.java: cadastraFilme, detalharFilme, exibeHot, removeHot | src/filmnow/Filme.java: toString(), getNome(), getAno(), equals(Object) | src/filmnow/FilmNow.java: getFilmes() | src/filmnow/MainFilmNow.java: mostrarFilmes(FilmNow), formataFilme(int,String) | src/filmnow/Filme.java: toString()",high
S24,official_sample,redacted,llm,readability_and_documentation,Readability and Documentation,8.5,10,"O código é legível, usa nomes em geral adequados e possui Javadocs em praticamente todas as classes e métodos relevantes. As perdas são pequenas e ligadas a documentação imprecisa, erros de escrita e alguns detalhes de estilo Java.","src/filmnow/Filme.java | src/filmnow/FilmNow.java | src/filmnow/MainFilmNow.java | src/filmnow/LeitorFilmNow.java | src/filmnow/FilmNow.java: Javadoc de getFilme(int), detalharFilme(int), getFilmeObj(int) | src/filmnow/MainFilmNow.java: Javadocs com pequenos erros de escrita | src/filmnow/FilmNow.java: private static final int tamanhoHot | src/filmnow/MainFilmNow.java: prompts de atribuirHot e removerHot",high
S25,official_sample,redacted,llm,basic_functionality,Basic Functionality,7.5,10,"A submissão implementa as funcionalidades centrais de cadastro, listagem, detalhamento e HotList com comportamento parcialmente correto. O cadastro cobre posições válidas, duplicidade por nome/ano e nome/local vazios; a listagem básica funciona; o detalhamento mostra dados e marca filmes hot. As principais perdas vêm de casos especificados que não fecham: ano vazio não é suportado pela API/entrada, posição válida sem filme é tratada como inválida no detalhamento, e algumas operações da HotList não seguem a semântica exigida para posições sem filme.","src/filmnow/FilmNow.java: cadastraFilme(int, String, int, String) | src/filmnow/FilmNow.java: getFilmes() | src/filmnow/FilmNow.java: detalharFilme(int) | src/filmnow/FilmNow.java: adicionarHot(int, int), removeHot(int), exibirHotList() | src/filmnow/Filme.java: equals(Object), stringDetalha() | src/filmnow/FilmNow.java: assinatura cadastraFilme(int posicao, String nome, int ano, String local) | src/filmnow/MainFilmNow.java: adicionaFilme usa Integer.parseInt(ano) | src/filmnow/Filme.java: getAno() retorna int | src/filmnow/FilmNow.java: adicionarHot(int, int) | src/filmnow/FilmNow.java: removeHot(int) | src/filmnow/FilmNow.java: exibirHotList()",medium
S25,official_sample,redacted,llm,unit_tests,Unit Tests,5.0,10,"Há testes JUnit reais para Filme e FilmNow, com inicialização independente e algumas asserções úteis. Porém a cobertura é bastante parcial em relação aos casos exigidos no roteiro, e alguns testes confirmam comportamento contrário à especificação, como tratar posição válida vazia como inválida no detalhamento.","srcTest/filmNow/FilmeTest.java | srcTest/filmNow/FilmeNowTest.java | srcTest/filmNow/FilmeNowTest.java: setUp() | srcTest/filmNow/FilmeNowTest.java: testCadastraFilme(), testDetalharFilme(), testAdicionarHot(), testRemoveHot(), testExibirHotList() | srcTest/filmNow/FilmeTest.java: testEqualsObject() | srcTest/filmNow/FilmeTest.java: testStringDetalha() | srcTest/filmNow/FilmeTest.java: testToString() | srcTest/filmNow/FilmeNowTest.java: testCadastraFilme() | srcTest/filmNow/FilmeNowTest.java: testDetalharFilme() | ausência de testes para FilmNow.getFilmes() | srcTest/filmNow/FilmeNowTest.java: testAdicionarHot() | srcTest/filmNow/FilmeNowTest.java: testRemoveHot() | srcTest/filmNow/FilmeNowTest.java: testExibirHotList()",medium
S25,official_sample,redacted,llm,class_design,Class Design,9.0,10,"A modelagem principal foi realizada: há uma classe Filme com nome, ano, local, equals e hashCode; FilmNow compõe arrays de Filme e gerencia o sistema; MainFilmNow permanece como classe de interface com métodos auxiliares. A perda é pequena e ligada a encapsulamento básico da entidade Filme.","src/filmnow/Filme.java | src/filmnow/FilmNow.java: atributos filmes e hotList | src/filmnow/MainFilmNow.java: main(String[]), comando(String, FilmNow, Scanner) | src/filmnow/Filme.java: atributos nome, ano e local",medium
S25,official_sample,redacted,llm,object_references,Object References and Composition,10,10,"O uso de referências está adequado ao objetivo do laboratório. O código cria objetos FilmNow e Filme, usa composição em FilmNow, mantém a HotList como referências a filmes existentes e não apresenta uso indevido de static fora do main e de constantes.","src/filmnow/FilmNow.java: new Filme(nome, ano, local) em cadastraFilme | src/filmnow/FilmNow.java: Filme[] filmes e Filme[] hotList | src/filmnow/MainFilmNow.java: métodos static da interface | src/filmnow/Filme.java: equals(Object)",medium
S25,official_sample,redacted,llm,collections_and_arrays,Collections and Arrays,10,10,"As estruturas de dados atendem às restrições do laboratório: a lista principal tem 100 posições, a HotList tem 10 posições, e as posições informadas pelo usuário são convertidas corretamente para índices internos iniciados em zero.","src/filmnow/FilmNow.java: constantes TAMANHO e TAMANHO_HOTLIST | src/filmnow/FilmNow.java: construtor FilmNow() | src/filmnow/FilmNow.java: getFilmes() | src/filmnow/FilmNow.java: adicionarHot(int, int)",medium
S25,official_sample,redacted,llm,separation_of_concerns,Separation of Concerns,9.0,10,"A separação geral está boa para o nível do laboratório: MainFilmNow concentra entrada/saída, FilmNow gerencia regras e armazenamento, e Filme fornece dados e uma representação detalhada. A principal limitação é que a representação resumida usada na listagem ainda é montada diretamente por FilmNow, em vez de ser claramente responsabilidade de Filme.","src/filmnow/MainFilmNow.java: adicionaFilme, mostrarFilmes, detalharFilme, atribuirHot, removerHot, exibirHotList | src/filmnow/FilmNow.java: cadastraFilme, getFilmes, detalharFilme, adicionarHot, removeHot, exibirHotList | src/filmnow/Filme.java: stringDetalha() | src/filmnow/FilmNow.java: getFilmes() | src/filmnow/Filme.java: toString()",medium
S25,official_sample,redacted,llm,readability_and_documentation,Readability and Documentation,7.0,10,"O código é compreensível e usa nomes em geral adequados, com documentação em várias partes. Entretanto, a documentação não cobre todos os métodos públicos relevantes, há imprecisões nos comentários e a organização/estilo é irregular em alguns pontos.","src/filmnow/Filme.java | src/filmnow/FilmNow.java | src/filmnow/MainFilmNow.java | src/filmnow/LeitorFilmNow.java | src/filmnow/FilmNow.java: comentário de classe após a abertura da classe | src/filmnow/FilmNow.java: detalharFilme(int), adicionarHot(int, int), removeHot(int), exibirHotList() | src/filmnow/MainFilmNow.java: formataFilme(int, String) | src/filmnow/Filme.java: comentários dos atributos e getLocal()",medium
S26,official_sample,redacted,llm,basic_functionality,Basic Functionality,7.5,10,"A submissão implementa as funcionalidades centrais em nível parcial a bom: cadastro de filmes é quase completo, há listagem, detalhamento e HotList com armazenamento real. As principais perdas vêm de casos de borda especificados que não fecham corretamente, especialmente detalhamento de posição 100/posição vazia, ano vazio pela interface e exibição incompleta da HotList.","src/filmnow/FilmNow.java: cadastraFilme(int,String,int,String) | src/filmnow/Filme.java: toString() e equals(Object) | src/filmnow/MainFilmNow.java: mostrarFilmes(FilmNow), detalharFilme(FilmNow,Scanner), exibirHot(FilmNow), atribuirHot(FilmNow,Scanner), removerHot(FilmNow,Scanner) | src/filmnow/FilmNow.java: cadastrarFilmeHot(int,int), removeFilmeHot(int) | src/filmnow/MainFilmNow.java: adicionaFilme(FilmNow,Scanner) | src/filmnow/Filme.java: atributo anoLancamento int e toString() | src/filmnow/MainFilmNow.java: detalharFilme(FilmNow,Scanner) | src/filmnow/MainFilmNow.java: exibirHot(FilmNow) | src/filmnow/MainFilmNow.java: mostrarFilmes(FilmNow) | src/filmnow/MainFilmNow.java: formataFilme(int,Filme)",high
S26,official_sample,redacted,llm,unit_tests,Unit Tests,7,10,"Há uma suíte de testes real e relativamente ampla para Filme e FilmNow, especialmente para cadastro e HotList. Ainda assim, a cobertura tem lacunas importantes: alguns testes verificam getters em vez do comportamento final, não há boa verificação de listagem/detalhamento pela API do sistema, e o caso de ano vazio é testado de forma incompatível com o enunciado.","srcTest/filmnow/FilmeTest.java | srcTest/filmnow/FilmNowTest.java | srcTest/filmnow/FilmNowTest.java: testDetalharFilme, testDetalharFilmeSemAno, testDetalharFilmePosicaoSemFilme, testDetalharFilmePosicaoNegativa | srcTest/filmnow/FilmNowTest.java: testAdicionarFilmeComAnoVazio | srcTest/filmnow/FilmNowTest.java: testDetalharFilmeNaHotList, testRemoveFilmeDaHotlist",high
S26,official_sample,redacted,llm,class_design,Class Design,9,10,"A solução cria a classe Filme, mantém FilmNow como gerenciador composto por objetos Filme e preserva uma classe MainFilmNow modularizada. A modelagem central esperada foi atendida. A perda decorre de a API de FilmNow ainda ser incompleta como abstração do sistema, expondo demais estruturas internas para que a interface monte listagens e detalhes.","src/filmnow/Filme.java | src/filmnow/FilmNow.java: atributos filmes e filmeshot, construtor e cadastraFilme | src/filmnow/MainFilmNow.java: main, comando, adicionaFilme, mostrarFilmes, detalharFilme | src/filmnow/FilmNow.java: getFilmes(), getFilmesHots(), getFilme(int), getFilmeHot(int) | src/filmnow/MainFilmNow.java: mostrarFilmes(FilmNow), exibirHot(FilmNow), detalharFilme(FilmNow,Scanner)",high
S26,official_sample,redacted,llm,object_references,Object References and Composition,9,10,"O uso de referências é majoritariamente correto: FilmNow guarda referências para objetos Filme, cria objetos adequadamente e não usa estado estático indevido nas classes de domínio. A principal ressalva é que a solução expõe referências mutáveis de Filme para a interface, reduzindo o encapsulamento da composição.","src/filmnow/FilmNow.java: private Filme[] filmes; private Filme[] filmeshot | src/filmnow/FilmNow.java: cadastraFilme(int,String,int,String) | src/filmnow/FilmNow.java: cadastrarFilmeHot(int,int) | src/filmnow/MainFilmNow.java: main(String[]) | src/filmnow/Filme.java: setters públicos | src/filmnow/FilmNow.java: getFilme(int), getFilmeHot(int), getFilmes(), getFilmesHots()",high
S26,official_sample,redacted,llm,collections_and_arrays,Collections and Arrays,9,10,"As estruturas de armazenamento respeitam os limites principais do laboratório: 100 filmes e 10 itens na HotList, com conversão correta de posição de usuário para índice interno no cadastro. A perda é pequena e se deve à exposição de métodos de acesso com índice cru, sem validação e com convenção diferente da posição usada pelo usuário.","src/filmnow/FilmNow.java: constante TAMANHO e construtor | src/filmnow/FilmNow.java: cadastraFilme(int,String,int,String) | src/filmnow/FilmNow.java: VerificaPosicao(int), VerificaPosicaoHot(int) | src/filmnow/FilmNow.java: cadastrarFilmeHot(int,int) | src/filmnow/FilmNow.java: getFilme(int) | src/filmnow/FilmNow.java: getFilmeHot(int) | srcTest/filmnow/FilmNowTest.java: chamadas a getFilme(0), getFilme(99), getFilmeHot(0)",high
S26,official_sample,redacted,llm,separation_of_concerns,Separation of Concerns,7,10,"Há separação básica entre entidade Filme, gerenciador FilmNow e interface MainFilmNow. Contudo, a interface ainda concentra regras de domínio relevantes, principalmente validação e montagem de detalhamento/listagem/HotList, enquanto Filme não fornece uma representação resumida para listagem.","src/filmnow/MainFilmNow.java | src/filmnow/FilmNow.java | src/filmnow/Filme.java | src/filmnow/LeitorFilmNow.java | src/filmnow/MainFilmNow.java: detalharFilme(FilmNow,Scanner) | src/filmnow/MainFilmNow.java: mostrarFilmes(FilmNow) | src/filmnow/MainFilmNow.java: exibirHot(FilmNow) | src/filmnow/Filme.java: toString() | src/filmnow/MainFilmNow.java: formataFilme(int,Filme)",high
S26,official_sample,redacted,llm,readability_and_documentation,Readability and Documentation,7.5,10,"O código é em geral compreensível, com nomes descritivos e Javadocs em várias classes e métodos. As perdas vêm de documentação pública incompleta, estilo Java inconsistente em alguns métodos, código comentado morto e pequenas inconsistências de organização e mensagens.","src/filmnow/Filme.java | src/filmnow/FilmNow.java | src/filmnow/MainFilmNow.java | src/filmnow/FilmNow.java: getFilmesHots(), getFilmeHot(int), cadastrarFilmeHot(int,int), removeFilmeHot(int) | src/filmnow/FilmNow.java: VerificaPosicao, VerificaAtributos, VerificaRepetido, import java.util.Scanner, código comentado em Filme.java | src/filmnow/MainFilmNow.java: mensagens em comando/removerHot e indentação inicial",high
S27,official_sample,redacted,llm,basic_functionality,Basic Functionality,7,10,"A submissão implementa de forma funcional boa parte do cadastro, da listagem simples e do detalhamento de filmes. O cadastro respeita posições de 1 a 100, substituição e duplicidade por nome/ano, e o detalhamento trata posições inválidas e filmes inexistentes. As maiores perdas vêm da validação incompleta de filme inválido e, principalmente, da HotList, que está apenas parcialmente operacional e não cumpre várias regras especificadas.",src/filmnow/FilmNow.java::cadastraFilme | src/filmnow/FilmNow.java::existeNaLista | src/filmnow/FilmNow.java::detalharFilme | src/filmnow/FilmNow.java::adicionarParaHot | src/filmnow/FilmNow.java::exibirHotList | src/filmnow/FilmNow.java::removerHot | src/filmnow/MainFilmNow.java::mostrarFilmes | src/filmnow/MainFilmNow.java::atribuirHot | Test/filmnow/FilmNowTest.java::cadastraFilmeTestLocalVazio,high
S27,official_sample,redacted,llm,unit_tests,Unit Tests,3.5,10,"Há uma suíte JUnit real para FilmNow com vários testes de cadastro e detalhamento, incluindo alguns valores limite e duplicidade. Entretanto, não há testes da classe Filme, não há cobertura adequada de listagem/mostrar todos, e a HotList quase não é testada. Além disso, um dos testes codifica como esperado um comportamento contrário à especificação para local vazio.",Test/filmnow/FilmNowTest.java | Test/filmnow/FilmNowTest.java::objetos | Test/filmnow/FilmNowTest.java::cadastraFilmeTestAdicionado | Test/filmnow/FilmNowTest.java::cadastraFilmeTestMesmoAnoNomeLocalDiferente | Test/filmnow/FilmNowTest.java::cadastraFilmeTestPosicaoLimite | Test/filmnow/FilmNowTest.java::detalhaFilmeTest | Test/filmnow/FilmNowTest.java::detalhaFilmeAvatar | src/filmnow/Filme.java | Test/filmnow/FilmNowTest.java::cadastraFilmeTestLocalVazio | src/filmnow/MainFilmNow.java::mostrarFilmes | src/filmnow/FilmNow.java | src/filmnow/FilmNow.java::adicionarParaHot | src/filmnow/FilmNow.java::exibirHotList | src/filmnow/FilmNow.java::removerHot,high
S27,official_sample,redacted,llm,class_design,Class Design,8,10,"A solução apresenta as classes centrais esperadas: Filme como entidade própria, FilmNow como gerenciador composto por arrays de Filme e MainFilmNow como interface textual modularizada. O desenho demonstra entendimento geral da modelagem orientada a objetos do lab, mas há fragilidades no modelo da HotList, na exposição de estado interno e em alguns métodos que não são bem integrados ao restante do desenho.",src/filmnow/Filme.java | src/filmnow/Filme.java::equals | src/filmnow/Filme.java::hashCode | src/filmnow/FilmNow.java::filmes | src/filmnow/FilmNow.java::hots | src/filmnow/FilmNow.java::FilmNow | src/filmnow/MainFilmNow.java::main | src/filmnow/MainFilmNow.java::comando | src/filmnow/Filme.java::hot | src/filmnow/FilmNow.java::adicionarParaHot | src/filmnow/FilmNow.java::removerHot | src/filmnow/FilmNow.java::getFilmes | src/filmnow/FilmNow.java::setFilmes | src/filmnow/FilmNow.java::getHots | src/filmnow/FilmNow.java::setHots | src/filmnow/Filme.java::toStringDetalhado | src/filmnow/FilmNow.java::detalharFilme,high
S27,official_sample,redacted,llm,object_references,Object References and Composition,9,10,"O código usa objetos e referências de composição de maneira majoritariamente adequada: FilmNow armazena Filme[], e objetos Filme são criados no cadastro. O uso de static fica restrito a constantes e aos métodos estáticos da classe com main. A perda é localizada na manutenção inconsistente das referências entre a lista principal e a HotList.",src/filmnow/FilmNow.java::filmes | src/filmnow/FilmNow.java::hots | src/filmnow/FilmNow.java::cadastraFilme | src/filmnow/FilmNow.java::adicionarParaHot | src/filmnow/MainFilmNow.java | src/filmnow/FilmNow.java::removerHot,high
S27,official_sample,redacted,llm,collections_and_arrays,Collections and Arrays,7.5,10,"A estrutura principal de armazenamento de filmes usa corretamente um array de tamanho 100 e converte posições externas de 1 a 100 para índices internos. Também há um array para a HotList de tamanho 10. A penalização principal decorre do uso incorreto dos índices e limites da HotList, que não respeita plenamente o contrato de posições de 1 a 10.",src/filmnow/FilmNow.java::TAMANHO | src/filmnow/FilmNow.java::TAMANHOHOT | src/filmnow/FilmNow.java::filmes | src/film/FilmNow.java::hots | src/filmnow/FilmNow.java::cadastraFilme | src/filmnow/FilmNow.java::detalharFilme | src/filmnow/FilmNow.java::adicionarParaHot | src/filmnow/FilmNow.java::removerHot | src/filmnow/FilmNow.java::exibirHotList | src/filmnow/FilmNow.java::getHots | src/filmnow/FilmNow.java::setHots,high
S27,official_sample,redacted,llm,separation_of_concerns,Separation of Concerns,6.5,10,"Há separação básica entre interface, sistema e entidade: MainFilmNow lê entradas e imprime, FilmNow cadastra e detalha, e Filme representa os dados do filme. Porém, a divisão ainda é inconsistente: FilmNow imprime diretamente a HotList, MainFilmNow monta a listagem acessando o array de filmes, e há duplicação/baixa delegação da formatação de detalhes entre FilmNow e Filme.",src/filmnow/MainFilmNow.java::adicionaFilme | src/filmnow/MainFilmNow.java::detalharFilme | src/filmnow/MainFilmNow.java::mostrarFilmes | src/filmnow/FilmNow.java::cadastraFilme | src/filmnow/FilmNow.java::detalharFilme | src/filmnow/Filme.java::toString | src/filmnow/Filme.java::toStringDetalhado | src/filmnow/FilmNow.java::exibirHotList | src/filmnow/MainFilmNow.java::comando | src/filmnow/MainFilmNow.java::formataFilme | src/filmnow/FilmNow.java::getFilmes,high
S27,official_sample,redacted,llm,readability_and_documentation,Readability and Documentation,7,10,"O código é em geral compreensível e possui Javadocs em várias classes e métodos principais. Os nomes de métodos costumam indicar suas funções. As perdas vêm de documentação pública incompleta ou mal formatada, nomes/atributos inconsistentes e trechos de implementação que dificultam a leitura e manutenção, especialmente na HotList.",src/filmnow/Filme.java | src/filmnow/FilmNow.java | src/filmnow/MainFilmNow.java | src/filmnow/LeitorFilmNow.java | src/filmnow/Filme.java::platafoma | src/filmnow/Filme.java::hot | Test/filmnow/FilmNowTest.java::Test | src//filmnow/FilmNow.java::removerHot | src/filmnow/FilmNow.java::detalharFilme,high
S28,official_sample,redacted,llm,basic_functionality,Basic Functionality,6,10,"A submissão implementa parte substancial do fluxo principal: cria filmes, sobrescreve posições, lista títulos, detalha filmes existentes e marca/desmarca filmes como hot. Porém, várias regras especificadas não fecham corretamente, especialmente validações no cadastro, tratamento de posições inválidas/vazias e semântica posicional da HotList.","src/filmnow/FilmNow.java: cadastraFilme(int, String, int, String) | src/filmnow/FilmNow.java: getTitulosFilmes(), getTitulosFilmes usa Film.getNome() | src/filmnow/FilmNow.java: detalhesFilme(int), atribuirHot(int), removerHot(int), getHotList() | src/filmnow/MainFilmNow.java: mostrarFilmes(FilmNow), detalharFilme(FilmNow, Scanner), adicionaFilme(FilmNow, Scanner) | src/filmnow/FilmNow.java: existeFilme(String, int) | src/filmnow/MainFilmNow.java: adicionaFilme(FilmNow, Scanner) | src/filmnow/FilmNow.java: detalhesFilme(int) | src/filmnow/MainFilmNow.java: detalharFilme(FilmNow, Scanner) | src/filmnow/Film.java: atributo int ano e toString() | src/filmnow/FilmNow.java: atributo hotList, atribuirHot(int), removerHot(int), getHotList() | src/filmnow/MainFilmNow.java: atribuirHot(FilmNow, Scanner), removerHot(FilmNow, Scanner), exibirHotList(FilmNow)",high
S28,official_sample,redacted,llm,unit_tests,Unit Tests,5,10,"Há uma suíte JUnit real com testes para Film e FilmNow, usando BeforeEach e asserções relevantes. Entretanto, a cobertura é parcial e alguns testes consolidam comportamentos contrários à especificação, principalmente nos limites de posição, no detalhamento de posição vazia e na HotList posicional.","testes/filmnow/FilmTestes.java: testEquals(), testToString() | testes/filmnow/FilmNowTestes.java: testAdicionarFilmeEmPosicaoVazia(), testAdicionarFilmeEmPosicaoExistente(), testExisteFilme() | testes/filmnow/FilmNowTestes.java: testDetalharFilme(), testAtribuirEVerificarHot(), testRemoverHot(), testLimiteDaHotList() | src/filmnow/Film.java: getNome(), getAno(), toString() | testes/filmnow/FilmNowTestes.java: testAdicionarFilmePosicaoLimiteSuperior() | testes/filmnow/FilmNowTestes.java: testAdicionarFilmeAcimaDoLimite() | testes/filmnow/FilmNowTestes.java: testDetalharFilmeEmPosicaoVazia() | testes/filmnow/FilmNowTestes.java: testAtribuirEVerificarHot(), testRemoverHot(), testGetHotList(), testNaoAdicionarFilmeRepetidoNaHotList(), testLimiteDaHotList()",high
S28,official_sample,redacted,llm,class_design,Class Design,10,10,"A submissão apresenta as classes centrais esperadas e uma modelagem compatível com o laboratório: uma entidade para filme, um gerenciador FilmNow composto por filmes e uma classe de interface com main modularizado. As imperfeições funcionais foram consideradas em critérios próprios, não como ausência de modelagem de classes.","src/filmnow/Film.java: classe Film, atributos nome/ano/local, equals(Object), hashCode(), toString() | src/filmnow/FilmNow.java: atributo Film[] filmes e construtor FilmNow() | src/filmnow/MainFilmNow.java: main(String[]), menu(Scanner), comando(String, FilmNow, Scanner)",high
S28,official_sample,redacted,llm,object_references,Object References and Composition,10,10,Criterio atendido sem descontos relevantes.,"src/filmnow/FilmNow.java: private Film[] filmes; cadastraFilme(...) usa new Film(...) | src/filmnow/MainFilmNow.java: FilmNow fn = new FilmNow(); chamadas para comando(escolha, fn, scanner) | src/filmnow/LeitorFilmNow.java: carregaContatos(String, FilmNow), processaLinhaCsvFilmes(String[], FilmNow)",high
S28,official_sample,redacted,llm,collections_and_arrays,Collections and Arrays,0,10,"O criterio perdeu ponto principalmente por penalizacao registrada no criterio collections_and_arrays sem detalhamento estruturado. Veja os descontos detalhados para problema, consequencia e correcao.",model_output:no_explicit_evidence_ref_reported:collections_and_arrays,high
S28,official_sample,redacted,llm,separation_of_concerns,Separation of Concerns,7,10,"Há uma separação inicial correta entre interface, sistema e entidade Filme. Porém, parte das regras de negócio está concentrada no Main, e algumas formatações/consultas dependem demais da interface em vez de serem oferecidas de forma coesa pelo domínio.","src/filmnow/MainFilmNow.java: menu(Scanner), comando(String, FilmNow, Scanner), adicionaFilme(FilmNow, Scanner) | src/filmnow/FilmNow.java: cadastraFilme(...), existeFilme(...), detalhesFilme(int), atribuirHot(int), removerHot(int) | src/filmnow/Film.java: toString() | src/filmnow/MainFilmNow.java: adicionaFilme(FilmNow, Scanner) | src/filmnow/FilmNow.java: cadastraFilme(int, String, int, String) | src/filmnow/MainFilmNow.java: mostrarFilmes(FilmNow), formataFilme(int, String) | src/filmnow/FilmNow.java: getTitulosFilmes()",high
S28,official_sample,redacted,llm,readability_and_documentation,Readability and Documentation,8,10,"O código é em geral legível, com nomes compreensíveis e Javadocs em várias classes e métodos públicos. A perda vem de documentação incompleta ou inconsistente em alguns pontos e de pequenas incoerências de nomenclatura herdadas ou mantidas.","src/filmnow/Film.java: Javadocs da classe, construtor, toString(), equals(Object), hashCode() | src/filmnow/FilmNow.java: Javadocs da classe e métodos públicos principais | src/filmnow/MainFilmNow.java: Javadocs da classe e main(String[]) | src/filmnow/Film.java: getNome(), getAno() | src/filmnow/FilmNow.java: Javadoc de cadastraFilme(int, String, int, String) | src/filmnow/LeitorFilmNow.java: carregaContatos(String, FilmNow)",high
S29,official_sample,redacted,llm,basic_functionality,Basic Functionality,8,10,"A submissão implementa de forma funcional o cadastro, a listagem simples, o detalhamento e a HotList, com validações importantes de posição, duplicidade, nome/local vazios e limites de tamanho. As principais perdas estão no detalhamento de posições válidas vazias e de filmes sem ano, além de uma inconsistência relevante ao substituir filmes na HotList.","src/filmnow/FilmNow.java: método cadastraFilme | src/filmnow/MainFilmNow.java: métodos mostrarFilmes, formataFilme e exibirHotlist | src/filmnow/FilmNow.java: métodos detalharFilme, cadastraHotList e removeHot | src/filmnow/Filme.java: métodos detalhesFilme, toString, equals e setHot | src/filmnow/FilmNow.java: método detalharFilme | src/filmnow/Filme.java: método detalhesFilme | testes/filmnow/FilmNowTest.java: testes testDetalharFilmePosicaoVazia e testDetalharFilmeSemAno | src/filmnow/FilmNow.java: método cadastraHotList",high
S29,official_sample,redacted,llm,unit_tests,Unit Tests,8,10,"Há uma suíte JUnit ampla para Filme e FilmNow, cobrindo muitos casos normais e limites de cadastro, igualdade, detalhamento e HotList. A nota não é máxima porque faltam testes relevantes de listagem/exibição, alguns testes validam comportamento contrário à especificação e há lacunas em construtor/acessores e cenários de HotList.",testes/filmnow/FilmNowTest.java | testes/filmnow/FIlmeTest.java | testes/filmnow/FilmNowTest.java: testDetalharFilmePosicaoVazia | testes/filmnow/FilmNowTest.java: testDetalharFilmeSemAno | testes/filmnow/FilmNowTest.java: testes de cadastraHotList e removeHot,high
S29,official_sample,redacted,llm,class_design,Class Design,10,10,"A submissão cria e usa as classes centrais esperadas: Filme representa a entidade do domínio, FilmNow gerencia coleções de filmes e HotList por composição, e MainFilmNow mantém a interface textual modularizada em métodos auxiliares. A estrutura ultrapassa claramente o código inicial e atende ao objetivo de modelagem do laboratório.",src/filmnow/Filme.java | src/filmnow/FilmNow.java | src/filmnow/MainFilmNow.java,high
S29,official_sample,redacted,llm,object_references,Object References and Composition,9,10,"O código demonstra bom uso de composição: FilmNow armazena objetos Filme, cria instâncias adequadamente e usa referências para compartilhar filmes com a HotList. A perda é pequena e se deve à exposição direta da estrutura interna da HotList, que enfraquece o encapsulamento das referências.",src/filmnow/FilmNow.java: atributos filmes e hotList | src/filmnow/FilmNow.java: construtor e método cadastraFilme | src/filmnow/FilmNow.java: método cadastraHotList | src/filmnow/Filme.java: atributo isHot e métodos isHot/setHot | src/filmnow/FilmNow.java: métodos getHotList e setHotList,high
S29,official_sample,redacted,llm,collections_and_arrays,Collections and Arrays,10,10,"As estruturas de armazenamento atendem diretamente às restrições do laboratório: há um array de 100 posições para filmes e uma HotList de 10 posições, com conversão correta entre posições informadas pelo usuário e índices internos. Não há evidência de violação da capacidade exigida.","src/filmnow/FilmNow.java: constantes TAMANHO e TAM TAMANHOHOT | src/filmnow/FilmNow.java: construtor | src/filmnow/FilmNow.java: métodos cadastraFilme, cadastraHotList e removeHot | src/filmnow/MainFilmNow.java: métodos mostrarFilmes e exibirHotlist",high
S29,official_sample,redacted,llm,separation_of_concerns,Separation of Concerns,8,10,"Há separação geral entre interface textual, gerenciador FilmNow e entidade Filme. O Main lida com entrada e saída, FilmNow concentra cadastro, detalhe e HotList, e Filme fornece representações básicas. A principal perda é que parte da lógica de listagem e exibição da HotList fica na interface por acesso direto aos arrays e getters, em vez de ser delegada ao modelo.","src/filmnow/MainFilmNow.java: métodos adicionaFilme, detalharFilme, mostrarFilmes, exibirHotlist, adicionarHot e removerHot | src/filmnow/FilmNow.java: métodos cadastraFilme, detalharFilme, cadastraHotList e removeHot | src/filmnow/Filme.java: métodos toString e detalhesFilme | src/filmnow/MainFilmNow.java: métodos mostrarFilmes, exibirHotlist, formataFilme e formataHot | src/filmnow/FilmNow.java: métodos getFilmes e getHotList",high
S29,official_sample,redacted,llm,readability_and_documentation,Readability and Documentation,9,10,"O código é legível, com nomes em geral claros, organização por métodos e documentação Javadoc na maior parte das classes e métodos públicos. A perda é leve, relacionada a pequenos problemas de clareza/estilo e documentação um pouco superficial em alguns pontos.","src/filmnow/Filme.java | src/filmnow/FilmNow.java | src/filmnow/MainFilmNow.java | src/filmnow/LeitorFilmNow.java | src/filmnow/FilmNow.java: Javadocs de cadastraFilme, getFilme e detalharFilFilme/detalharFilme | src/filmnow/MainFilmNow.java: método detalharFilme e comentários/Javadocs com formatação irregular",high
S30,official_sample,redacted,llm,basic_functionality,Basic Functionality,8,10,"A submissão implementa o fluxo principal de cadastro, detalhamento, listagem via interface e parte substancial da HotList. O cadastro está bem coberto, com validação de posição, nome/local vazios, sobrescrita e duplicidade por nome/ano. O detalhamento funciona na classe de domínio para casos comuns e filme hot. As perdas vêm principalmente de inconsistências materiais na HotList e de saída inadequada em alguns casos da interface de detalhamento.",src/filmnow/FilmNow.java::cadastraFilme | src/filmnow/FilmNow.java::detalharFilme | src/filmnow/FilmNow.java::addHotList | src/filmnow/FilmNow.java::tirarDaHotList | src/filmnow/MainFilmNow.java::mostrarFilmes | src/filmnow/MainFilmNow.java::exibirHotList | src/filmnow/MainFilmNow.java::detalharFilme | src/filmnow/MainFilmNow.java::removerHotList | src/testes/filmnow/FilmNowTest.java::addHotListFilmeDuplicado,high
S30,official_sample,redacted,llm,unit_tests,Unit Tests,7,10,"Há uma suíte relevante de testes JUnit, especialmente para cadastro, detalhamento e parte da HotList em `FilmNow`. Os testes são independentes e cobrem vários valores-limite. Porém, os testes de `Filme` se concentram quase exclusivamente em `equals`, e a suíte não cobre adequadamente exibição/listagem de filmes nem todos os casos críticos da HotList, incluindo a substituição de uma posição hot.",src/testes/filmnow/FilmeTest.java | src/testes/filmnow/FilmNowTest.java::addFilmePosicaoVazia | src/testes/filmnow/FilmNowTest.java::addFilmePosicaoLimite | src/testes/filmnow/FilmNowTest.java::detalharFilmeHot | src/testes/filmnow/FilmNowTest.java::addHotListFilmeCompletoPosicao10 | src/testes/filmnow/FilmNowTest.java::removeFilmeLimite | src/filmnow/Filme.java | src/testes/filmnow/FilmNowTest.java | src/testes/filmnow/FilmNowTest.java::addHotListFilmeCompletoPosicaoOcupada | src/testes/filmnow/FilmNowTest.java::addHotListFilmeDuplicado,high
S30,official_sample,redacted,llm,class_design,Class Design,9,10,"A solução cria uma classe `Filme` adequada com nome, ano, local, status hot e igualdade por nome/ano, além de uma classe `FilmNow` que compõe arrays de filmes e de HotList. A classe principal está modularizada. A principal limitação de modelagem é que `Filme` fica muito anêmica para a parte de representação textual, sem `toString` ou métodos próprios de exibição.",src/filmnow/Filme.java | src/filmnow/FilmNow.java::filmes | src/filmnow/FilmNow.java::hotList | src/filmnow/MainFilmNow.java::main | src/filmnow/MainFilmNow.java::comando | src/filmnow/FilmNow.java::detalharFilme | src/filmnow/MainFilmNow.java::mostrarFilmes | src/filmnow/MainFilmNow.java::exibirHotList,high
S30,official_sample,redacted,llm,object_references,Object References and Composition,9,10,"A submissão demonstra uso adequado de objetos e referências: `FilmNow` cria objetos `Filme`, armazena referências em arrays e a HotList aponta para os mesmos objetos cadastrados. O uso de `static` está restrito a constantes e ao fluxo da classe principal. A perda ocorre por uma inconsistência de referência/estado compartilhado na HotList.",src/filmnow/FilmNow.java::cadastraFilme | src/filmnow/FilmNow.java::addHotList | src/filmnow/Filme.java::setHot | src/filmnow/Filme.java::isHot | src/filmnow/MainFilmNow.java::main | src/filmnow/Filme.java::hot,high
S30,official_sample,redacted,llm,collections_and_arrays,Collections and Arrays,10,10,"O uso das estruturas de dados atende ao escopo do laboratório: há um array de 100 posições para filmes e um array de 10 posições para a HotList. As posições externas são tratadas como 1 a 100 e 1 a 10, com conversão correta para índices internos baseados em zero nos métodos principais.",src/filmnow/FilmNow.java::TAMANHO | src/filmnow/FilmNow.java::TAMANHOHOT | src/filmnow/FilmNow.java::filmes | src/filmnow/FilmNow.java::hotList | src/filmnow/FilmNow.java::cadastraFilme | src/filmnow/FilmNow.java::addHotList | src/filmnow/FilmNow.java::getFilmes | src/filmnow/FilmNow.java::getHotList,high
S30,official_sample,redacted,llm,separation_of_concerns,Separation of Concerns,7,10,"Há separação básica entre interface textual, sistema e entidade: o `MainFilmNow` lida com entrada/saída, `FilmNow` cadastra e gerencia filmes, e `Filme` representa dados e igualdade. Entretanto, a formatação e parte da listagem ficam espalhadas entre `MainFilmNow` e `FilmNow`, e `Filme` quase não participa da exibição de si mesmo.",src/filmnow/MainFilmNow.java | src/filmnow/FilmNow.java | src/filmnow/Filme.java | src/filmnow/MainFilmNow.java::mostrarFilmes | src/filmnow/MainFilmNow.java::exibirHotList | src/filmnow/FilmNow.java::detalharFilme | src/filmnow/MainFilmNow.java::formataFilme | src/filmnow/FilmNow.java::getFilmes | src/filmnow/FilmNow.java::getHotList,high
S30,official_sample,redacted,llm,readability_and_documentation,Readability and Documentation,8,10,"O código é legível, com nomes em geral claros, métodos curtos na interface e Javadocs em boa parte das classes e métodos públicos. As perdas vêm de documentação incompleta na classe `Filme` e de alguns comentários/nomes herdados ou imprecisos que não descrevem bem o comportamento real.",src/filmnow/Filme.java | src/filmnow/FilmNow.java | src/filmnow/MainFilmNow.java | src/filmnow/LeitorFilmNow.java | src/filmnow/LeitorFilmNow.java::carregaContatos | src/filmnow/MainFilmNow.java::detalharFilme | src/filmnow/FilmNow.java::addHotList | src/filmnow/FilmNow.java::tirarDaHotList,high
S31,official_sample,redacted,llm,basic_functionality,Basic Functionality,1,10,"Há uma tentativa parcial de cadastro em FilmNow, com validação de posição e de nome/local vazios, mas o pacote completo não compila e as demais funcionalidades centrais não estão implementadas de forma executável. A classe Filme não armazena dados nem redefine equals/toString, o que impede a coerência do cadastro, da listagem e do detalhamento.","src/filmnow/FilmNow.java: atributo filmes e construtor | src/filmnow/FilmNow.java: método cadastraFilme | src/filmnow/MainFilmNow.java: métodos mostrarFilmes e detalharFilme | src/filmnow/Filme.java: classe Filme | src/filmnow/FilmNow.java: getFilmes retorna Filme[] | src/filmnow/MainFilmNow.java: mostrarFilmes declara String[] filmes = fn.getFilmes() | src/filmnow/MainFilmNow.java: detalharFilme chama fn.getFilme(posicao) | src/filmnow/Filme.java: construtor vazio | src/filmnow/Filme.java: ausência de atributos e equals | src/filmnow/FilmNow.java: cadastraFilme usa f.equals(novoFilme) | src/filmnow/FilmNow.java: ausência de métodos de listagem, detalhamento e HotList | src/filmnow/MainFilmNow.java: menu contém apenas A, M, D e S | src/filmnow/MainFilmNow.java: mostrarFilmes e detalharFilme incompatíveis com Filme",high
S31,official_sample,redacted,llm,unit_tests,Unit Tests,0,10,"Não há arquivos de teste JUnit no pacote submetido, portanto não há evidência de testes para Filme ou FilmNow.",Árvore da submissão: nenhum arquivo de teste listado | Metadados da submissão: Test file count = 0 | Árvore da submissão sem diretório ou arquivos de teste,high
S31,official_sample,redacted,llm,class_design,Class Design,3,10,"Existe uma tentativa de separar Filme e FilmNow, e FilmNow foi alterada para armazenar objetos Filme. Porém Filme é praticamente vazia, FilmNow não oferece a modelagem completa do sistema e MainFilmNow não foi adaptada de modo coerente ao novo modelo.",src/filmnow/Filme.java | src/filmnow/FilmNow.java: atributo private Filme[] filmes | src/filmnow/FilmNow.java: método cadastraFilme | src/filmnow/MainFilmNow.java | src/filmnow/Filme.java: construtor vazio | src/filmnow/Filme.java: ausência de campos e métodos de domínio | src/filmnow/FilmNow.java: ausência de métodos de HotList/listagem/detalhamento | src/filmnow/MainFilmNow.java: uso de métodos/tipos incompatíveis | src/filmnow/MainFilmNow.java: menu | src/filmnow/MainFilmNow.java: mostrarFilmes | src/filmnow/MainFilmNow.java: detalharFilme,high
S31,official_sample,redacted,llm,object_references,Object References and Composition,5,10,"Há evidência parcial de uso de referências por meio de FilmNow contendo Filme[] e criando objetos Filme. Contudo, a composição é superficial porque Filme não possui estado nem comportamento, e a interface ainda trata os dados como String, gerando inconsistência de tipos.","src/filmnow/FilmNow.java: atributo filmes | src/filmnow/FilmNow.java: cadastraFilme | src/filmnow/MainFilmNow.java: main e carregaFilmes | src/filmnow/Filme.java: construtor vazio | src/filmnow/FilmNow.java: new Filme(nome, ano, local) | src/filmnow/FilmNow.java: getFilmes retorna Filme[] | src/filmnow/MainFilmNow.java: mostrarFilmes declara String[] | src/filmnow/MainFilmNow.java: formataFilme recebe String | src/filmnow/Filme.java: método public static void main",high
S31,official_sample,redacted,llm,collections_and_arrays,Collections and Arrays,6,10,"A estrutura principal de armazenamento dos filmes usa um array de 100 posições e converte corretamente a posição pública para índice interno. Porém não há estrutura para a HotList de 10 posições, e a forma de expor o array não está integrada corretamente com a listagem.",src/filmnow/FilmNow.java: TAMANHO | src/filmnow/FilmNow.java: construtor | src/filmnow/FilmNow.java: getFilmes | src/filmnow/FilmNow.java: cadastraFilme | src/filmnow/FilmNow.java: ausência de atributo ou métodos de HotList | src/filmnow/MainFilmNow.java: mostrarFilmes,high
S31,official_sample,redacted,llm,separation_of_concerns,Separation of Concerns,3,10,"Existe uma separação inicial entre interface, leitor e sistema, e parte da validação de cadastro foi colocada em FilmNow. Entretanto, as responsabilidades estão incompletas e misturadas: FilmNow imprime mensagens, Filme não define sua própria representação e Main tenta manipular detalhes/listagem de modo incompatível com o modelo.",src/filmnow/MainFilmNow.java | src/filmnow/LeitorFilmNow.java | src/filmnow/FilmNow.java: cadastraFilme | src/filmnow/FilmNow.java: adicionarFilmeEmposicao | src/filmnow/FilmNow.java: ausência de métodos de listagem/detalhamento/HotList | src/filmnow/MainFilmNow.java: mostrarFilmes | src/filmnow/MainFilmNow.java: detalharFilme | src/filmnow/Filme.java,high
S31,official_sample,redacted,llm,readability_and_documentation,Readability and Documentation,2,10,"O código usa nomes de classes reconhecíveis e alguma documentação herdada, mas há inconsistências graves de tipos e métodos, documentação incompleta ou desatualizada e código vazio/duplicado. Esses problemas tornam o projeto difícil de entender e impedem compilação.",src/filmnow/FilmNow.java | src/filmnow/MainFilmNow.java | src/filmnow/LeitorFilmNow.java | src/filmnow/Filme.java | src/filmnow/FilmNow.java: getFilmes | src/filmnow/MainFilmNow.java: mostrarFilmes | src/filmnow/MainFilmNow.java: detalharFilme | src/filmnow/FilmNow.java: comentário antes de adicionarFilmeEmposicao | src/filmnow/Filme.java: main vazio | src/filmnow/FilmNow.java: adicionarFilmeEmposicao | src/filmnow/FilmNow.java: cadastraFilme,high
S32,official_sample,redacted,llm,basic_functionality,Basic Functionality,8.25,10,"A maior parte das funcionalidades centrais está implementada: cadastro com validações principais, listagem simples, detalhamento e HotList. As perdas vêm principalmente de casos de borda da HotList pela interface e da exibição de posição vazia no detalhamento, que não fecham exatamente o fluxo especificado.","src/filmnow/FilmNow.java: cadastraFilme(int, String, String, String) | src/filmnow/FilmNow.java: getFilme(int) | src/filmnow/FilmNow.java: atribuiHot(int, int) | src/filmnow/FilmNow.java: removerHot(int) | src/filmnow/MainFilmNow.java: mostrarFilmes(FilmNow) | src/filmnow/MainFilmNow.java: mostrarHotList(FilmNow) | src/filmnow/Filme.java: toString() | src/filmnow/MainFilmNow.java: removeHot(FilmNow, Scanner) | src/filmnow/MainFilmNow.java: detalharFilme(FilmNow, Scanner)",high
S32,official_sample,redacted,llm,unit_tests,Unit Tests,7,10,"Há uma suíte relativamente ampla para `Filme` e `FilmNow`, cobrindo cadastro, limites, detalhamento e várias operações de HotList. Ainda assim, há lacunas importantes: testes de listagem/exibição são ausentes, alguns cenários obrigatórios não são realmente verificados e parte dos testes de `Filme` usa `assert` da linguagem em vez de asserções JUnit.","testes/lab3FilmNow/FilmeTest.java | testes/lab3FilmNow/FilmNowTest.java | testes/lab3FilmNow/FilmeTest.java: testEquals, testEqualsNull, testEqualsSemAno, testEqualsAnoDiferente, testEqualsNomeDiferente, testNotEquals | src/filmnow/Filme.java: equals(Object) | testes/l3FilmNow/FilmNowTest.java | src/filmnow/MainFilmNow.java: mostrarFilmes(FilmNow) | src/filmnow/MainFilmNow.java: mostrarHotList(FilmNow) | testes/lab3FilmNow/FilmNowTest.java: testCadastraPosExistente | testes/lab3FilmNow/FilmNowTest.java: testHotFilmeNull, testHotFilmeInv1, testHotFilmeInv2",high
S32,official_sample,redacted,llm,class_design,Class Design,9,10,"A submissão modela o domínio principal com `Filme`, `FilmNow` e uma classe de interface com `main`, indo bem além do código inicial. A composição entre o sistema e objetos `Filme` está clara. A principal falha de modelagem nesta categoria é a implementação incompleta do contrato de `equals` em `Filme`.",src/filmnow/Filme.java | src/filmnow/FilmNow.java | src/filmnow/MainFilmNow.java | src/filmnow/Filme.java: equals(Object),high
S32,official_sample,redacted,llm,object_references,Object References and Composition,8.5,10,O código demonstra entendimento de composição: `FilmNow` armazena referências a objetos `Filme` e a HotList referencia os mesmos objetos. A perda ocorre porque o estado de hot é duplicado e pode ficar inconsistente quando um filme da lista principal é substituído ou removido.,"src/filmnow/FilmNow.java: atributos filmes e hotList | src/filmnow/FilmNow.java: cadastraFilme(int, String, String, String) | src/filmnow/FilmNow.java: atribuiHot(int, int) | src/filmnow/Filme.java: getStatus() e setStatus(boolean) | src/filmnow/FilmNow.java: removeFilme(int) | src/filmnow/Filme.java: campo status",high
S32,official_sample,redacted,llm,collections_and_arrays,Collections and Arrays,9,10,"As estruturas principais estão corretas: array de 100 filmes e HotList de 10 posições, com verificação de limites nos métodos principais. A perda é localizada em uma conversão de índice incorreta na carga CSV, que desloca o armazenamento em relação às posições do sistema.","src/filmnow/FilmNow.java: campos filmes e hotList | src/filmnow/FilmNow.java: construtor | src/filmnow/FilmNow.java: cadastraFilme(int, String, String, String) | src/filmnow/FilmNow.java: getFilme(int) | src/filmnow/FilmNow.java: atribuiHot(int, int) | src/filmnow/FilmNow.java: getFilmes() e getHotList() | src/filmnow/LeitorFilmNow.java: processaLinhaCsvFilmes(String[], FilmNow)",high
S32,official_sample,redacted,llm,separation_of_concerns,Separation of Concerns,8,10,"Há boa separação básica: `MainFilmNow` cuida da interação, `FilmNow` gerencia cadastro e HotList, e `Filme` formata detalhes. A principal limitação é que a interface ainda conhece demais a estrutura interna e monta listagens usando arrays e getters, em vez de delegar melhor a representação ao domínio.","src/filmnow/MainFilmNow.java | src/filmnow/FilmNow.java | src/filmnow/Filme.java: toString() | src/filmnow/MainFilmNow.java: mostrarFilmes(FilmNow) | src/filmnow/MainFilmNow.java: mostrarHotList(FilmNow) | src/filmnow/FilmNow.java: getFilmes() e getHotList() | src/filmnow/Filme.java: getNome(), getAno(), toString()",high
S32,official_sample,redacted,llm,readability_and_documentation,Readability and Documentation,8,10,"O código é legível no geral, com nomes compreensíveis e bastante Javadoc nas classes principais. As perdas são de acabamento: alguns métodos públicos não documentados, resíduos de nomenclatura herdada e estado morto que reduz clareza.","src/filmnow/Filme.java | src/filmnow/FilmNow.java | src/filmnow/MainFilmNow.java | src/filmnow/LeitorFilmNow.java | src/filmnow/FilmNow.java: removeFilme(int) | src/filmnow/Filme.java: hashCode() | src/filmnow/MainFilmNow.java: removeHot(FilmNow, Scanner) | src/filmnow/LeitorFilmNow.java: carregaContatos(String, FilmNow) | src/filmnow/FilmNow.java: Javadoc de cadastraFilme | src/filmnow/Filme.java: campo posicao",high
S33,official_sample,redacted,llm,basic_functionality,Basic Functionality,6,10,"A funcionalidade de cadastro está substancialmente implementada e a listagem geral funciona pela interface, mas o detalhamento testável em FilmNow está praticamente incompleto e a HotList cobre apenas parte do caminho feliz, com várias validações e regras obrigatórias ausentes.",src/filmnow/FilmNow.java::cadastraFilme | src/filmnow/FilmNow.java::cadastraHotList | src/filmnow/FilmNow.java::removeHotList | src/filmnow/FilmNow.java::detalharFilme | src/filmnow/MainFilmNow.java::mostrarFilmes | src/filmnow/MainFilmNow.java::detalharFilme | src/filmnow/MainFilmNow.java::exibirHotList | src/filmnow/Filme.java::toString | src/filmnow/FilmNow.java::getFilme | src/filmnow/MainFilmNow.java::formataFilme,medium
S33,official_sample,redacted,llm,unit_tests,Unit Tests,4.5,10,"Há testes reais com JUnit para Filme e vários casos de cadastro em FilmNow, mas a suíte concentra-se em mensagens de retorno, cobre pouco o estado do sistema e praticamente não testa listagem, detalhamento completo nem HotList.",testes/lab3FilmNow/FilmeTest.java | testes/lab3FilmNow/FilmNowTest.java | testes/lab3FilmNow/FilmeTest.java::testNomeAno | testes/lab3FilmNow/FilmeTest.java::testEquals | testes/lab3FilmNow/FilmeTest.java::testToString | testes/lab3FilmNow/FilmNowTest.java::testCadastraFilmePosVazia | testes/lab3FilmNow/FilmNowTest.java::testCadastraFilmePosExistente | testes/lab3FilmNow/FilmNowTest.java::testAdicionaFilmePosicaoLimite,medium
S33,official_sample,redacted,llm,class_design,Class Design,8,10,"A submissão criou uma classe Filme separada, manteve FilmNow como classe gerenciadora com composição por arrays de Filme e preservou uma classe de interface com métodos estáticos auxiliares. As perdas vêm de encapsulamento fraco e de um modelo de FilmNow ainda incompleto para algumas operações do domínio.",src/filmnow/Filme.java | src/filmnow/FilmNow.java | src/filmnow/MainFilmNow.java | src/filmnow/LeitorFilmNow.java::processaLinhaCsvFilmes | src/filmnow/FilmNow.java::detalharFilme | src/filmnow/MainFilmNow.java::mostrarFilmes | src/filmnow/MainFilmNow.java::detalharFilme,medium
S33,official_sample,redacted,llm,object_references,Object References and Composition,8,10,"A solução usa objetos Filme de forma real dentro de FilmNow e não depende de estado estático de domínio. Ainda assim, há fragilidades no controle das referências, principalmente na HotList e no encapsulamento dos objetos armazenados.",src/filmnow/FilmNow.java::cadastraFilme | src/filmnow/FilmNow.java::cadastraHotList | src/filmnow/Filme.java::equals | src/filmnow/Filme.java::setStatus | src/filmnow/Filme.java | src/filmnow/FilmNow.java::removeHotList,medium
S33,official_sample,redacted,llm,collections_and_arrays,Collections and Arrays,7,10,"A escolha de arrays com tamanhos 100 e 10 atende à estrutura esperada do laboratório e o cadastro principal converte corretamente posições externas para índices internos. Porém, há inconsistências importantes de índice e validação, especialmente em detalhamento e HotList.",src/filmnow/FilmNow.java::TAMANHO | src/filmnow/FilmNow.java::TAMANHOHOT | src/filmnow/FilmNow.java::cadastraFilme | src/filmnow/FilmNow.java::getFilmes | src/filmnow/FilmNow.java::getHotList | src/filmnow/FilmNow.java::getFilme | src/filmnow/FilmNow.java::detalharFilme | src/filmnow/FilmNow.java::cadastraHotList | src/filmnow/FilmNow.java::filmesHot,medium
S33,official_sample,redacted,llm,separation_of_concerns,Separation of Concerns,6.5,10,"Há separação básica entre interface, gerenciador e entidade Filme, mas a interface ainda assume lógica de listagem, formatação e algumas decisões de validade que deveriam estar mais concentradas em FilmNow e Filme.",src/filmnow/MainFilmNow.java | src/filmnow/FilmNow.java | src/filmnow/Filme.java | src/filmnow/LeitorFilmNow.java | src/filmnow/MainFilmNow.java::mostrarFilmes | src/filmnow/MainFilmNow.java::exibirHotList | src/filmnow/MainFilmNow.java::detalharFilme | src/filmnow/FilmNow.java::getFilmes | src/filmnow/FilmNow.java::getHotList | src/filmnow/FilmNow.java::getFilme | src/filmnow/Filme.java::toString | src/filmnow/MainFilmNow.java::formataFilme,medium
S33,official_sample,redacted,llm,readability_and_documentation,Readability and Documentation,7.5,10,"O código é em geral compreensível e contém Javadocs em várias classes e métodos públicos, inclusive na classe Filme criada. As perdas estão ligadas a estilo Java, documentação incompleta ou contraditória e alguns nomes remanescentes pouco claros.",src/filmnow/Filme.java | src/filmnow/FilmNow.java | src/filmnow/MainFilmNow.java | src/filmnow/LeitorFilmNow.java | src/filmnow/FilmNow.java::TAMANHOHOT | src/filmnow/FilmNow.java::cadastraFilme | src/filmnow/FilmNow.java::detalharFilme | src/filmnow/FilmNow.java::getFilmeHot | src/filmnow/MainFilmNow.java::atribuiHot | src/filmnow/LeitorFilmNow.java::carregaContatos | src/filmnow/MainFilmNow.java::carregaFilmes,medium
S34,official_sample,redacted,llm,basic_functionality,Basic Functionality,8,10,"A implementação cobre bem o fluxo principal de adicionar filmes, detalhar filmes existentes, mostrar filmes pela interface e manipular a HotList. As perdas principais vêm de comportamentos especificados que não são atendidos em casos de borda: detalhar posição válida vazia retorna erro em vez de vazio, filmes sem ano são formatados com vírgula sobrando, e a remoção da HotList não informa posição inválida quando deveria.","src/filmnow/FilmNow.java: adicionaFilme(int,String,String,String) | src/filmnow/FilmNow.java: detalharFilme(int) | src/filmnow/FilmNow.java: atribuirHot(int,int), exibirHotList(), removerHot(int) | src/filmnow/MainFilmNow.java: comando(String,FilmNow,Scanner), mostrarFilmes(FilmNow) | src/filmnow/Filme.java: nomeAno(), toString() | test/filmnow/FilmNowTest.java: testDetalharFilmePosicaoVazia() | src/filmnow/FilmNow.java: removerHot(int) | src/filmnow/MainFilmNow.java: removerHot(FilmNow,Scanner)",high
S34,official_sample,redacted,llm,unit_tests,Unit Tests,7.5,10,"Há uma suíte ampla para Filme e FilmNow, com vários testes independentes cobrindo igualdade, getters, toString, adição, limites e HotList. A nota não é máxima porque alguns comportamentos especificados não são testados, e há testes que cristalizam comportamento incorreto da implementação, especialmente em detalhamento de posição vazia e ausência de testes reais para listagem geral de filmes.","test/filmnow/FilmeTest.java | test/filmnow/FilmNowTest.java | test/filmnow/FilmeTest.java: testAnoVazio() | src/filmnow/Filme.java: nomeAno(), toString() | test/filmnow/FilmNowTest.java: testDetalharFilmePosicaoVazia() | test/filmnow/FilmNowTest.java: ausência de teste de listagem geral de filmes | test/filmnow/FilmNowTest.java: testRemoverHotPosicaoInvalidaAcima(), testRemoverHotPosicaoInvalidaAbaixo() | src/filmnow/FilmNow.java: removerHot(int)",high
S34,official_sample,redacted,llm,class_design,Class Design,10,10,"A submissão cria e usa as classes centrais esperadas: Filme representa a entidade com nome, ano, local, exibição e igualdade; FilmNow compõe arrays de Filme e gerencia o sistema; MainFilmNow contém o main e está dividido em métodos auxiliares. A estrutura demonstra a modelagem principal solicitada pelo laboratório.","src/filmnow/Filme.java | src/filmnow/FilmNow.java: atributos filmes e hotList, construtor | src/filmnow/MainFilmNow.java: main, menu, comando e métodos auxiliares",high
S34,official_sample,redacted,llm,object_references,Object References and Composition,9,10,"O código usa referências de objetos de modo adequado na parte central: FilmNow cria objetos Filme, armazena-os em arrays e a HotList referencia os mesmos filmes. O desconto ocorre porque os arrays internos são expostos diretamente por getters públicos, permitindo mutação externa do estado do sistema sem passar pelas regras de FilmNow.","src/filmnow/FilmNow.java: adicionaFilme(int,String,String,String) | src/filmnow/FilmNow.java: atribuirHot(int,int), estaNaHotList(Filme) | src/filmnow/FilmNow.java: getFilmes(), getHotList() | src/filmnow/MainFilmNow.java | src/filmnow/FilmNow.java: getFilmes() | src/filmnow/FilmNow.java: getHotList()",high
S34,official_sample,redacted,llm,collections_and_arrays,Collections and Arrays,10,10,"A estrutura de armazenamento atende às restrições do laboratório: há um array de 100 posições para filmes, um array de 10 posições para a HotList, e as posições externas de 1 a 100/10 são convertidas corretamente para índices internos a partir de 0.","src/filmnow/FilmNow.java: constantes TAMANHO e TAMANHO_HOTLIST | src/filmnow/FilmNow.java: construtor | src/filmnow/FilmNow.java: adicionaFilme, detalharFilme, atribuirHot, verificaFilme, verificaHot",high
S34,official_sample,redacted,llm,separation_of_concerns,Separation of Concerns,8,10,"A separação geral é boa: MainFilmNow cuida de entrada e saída, FilmNow concentra a maioria das regras de cadastro/detalhamento/HotList, e Filme cuida de representações textuais e igualdade. A perda vem principalmente da funcionalidade de mostrar todos, que depende de MainFilmNow acessar e percorrer diretamente o array interno do sistema, em vez de FilmNow oferecer uma operação de listagem própria.","src/filmnow/MainFilmNow.java: adicionaFilme, detalharFilme, atribuirHot, exibirHot, removerHot | src/filmnow/FilmNow.java: adicionaFilme, detalharFilme, atribuirHot, exibirHotList | src/filmnow/Filme.java: nomeAno(), toString() | src/filmnow/MainFilmNow.java: mostrarFilmes(FilmNow) | src/filmnow/FilmNow.java: getFilmes()",high
S34,official_sample,redacted,llm,readability_and_documentation,Readability and Documentation,9,10,"O código é legível, com nomes em geral claros, métodos curtos e Javadocs presentes nas classes principais. A perda é pequena porque algumas documentações afirmam validações que não são feitas pela classe correspondente, especialmente no construtor de Filme, o que pode confundir a leitura do contrato real do código.","src/filmnow/Filme.java | src/filmnow/FilmNow.java | src/filmnow/MainFilmNow.java | src/filmnow/LeitorFilmNow.java | src/filmnow/Filme.java: Filme(String,String,String) | src/filmnow/FilmNow.java: adicionaFilme(int,String,String,String)",high
S35,official_sample,redacted,llm,basic_functionality,Basic Functionality,4.5,10,"Há uma implementação parcial das operações básicas: é possível criar e armazenar filmes em um array, recuperar um filme por posição e acionar opções de adicionar, mostrar e detalhar pela interface. Porém, regras centrais de cadastro, validação de posições, formatos de retorno e toda a HotList estão ausentes ou incompletos.","src/filmnow/FilmNow.java: construtor e cadastraFilme(int, String, int, String) | src/filmnow/FilmNow.java: getFilme(int) | src/filmnow/MainFilmNow.java: comando(String, FilmNow, Scanner) | src/filmnow/MainFilmNow.java: mostrarFilmes(FilmNow) | src/filmnow/MainFilmNow.java: detalharFilme(FilmNow, Scanner) | src/filmnow/FilmNow.java: cadastraFilme(int, String, int, String) | src/filmnow/MainFilmNow.java: adicionarFilme(FilmNow, Scanner) | src/filmnow/Filme.java: ausência de equals(Object) | src/filmnow/Filme.java: toString() | src/filmnow/FilmNow.java: ausência de atributos e métodos de HotList | src/filmnow/MainFilmNow.java: menu(Scanner) e comando(String, FilmNow, Scanner) sem opções E, H e R",high
S35,official_sample,redacted,llm,unit_tests,Unit Tests,0,10,"Não há testes JUnit entregues para Filme nem para FilmNow. Assim, não há evidência de verificação das funcionalidades básicas, condições-limite ou HotList.",Árvore da submissão: nenhum arquivo de teste listado | Pacote informado: Test file count = 0 | Árvore da submissão sem diretório ou arquivos de teste,high
S35,official_sample,redacted,llm,class_design,Class Design,6.5,10,"A submissão cria uma classe Filme e usa FilmNow com composição por array de Filme, além de manter uma classe principal com métodos auxiliares. Isso demonstra parte da modelagem esperada. Contudo, a classe Filme não implementa igualdade nem representações adequadas, e FilmNow permanece muito minimalista para o domínio completo do laboratório.","src/filmnow/Filme.java: classe Filme, atributos, construtor e getters/setters | src/filmnow/FilmNow.java: atributo Filme[] filmes | src/filmnow/MainFilmNow.java: main, menu, comando, adicionarFilme, mostrarFilmes, detalharFilme | src/filmnow/Filme.java: ausência de equals(Object) | src/filmnow/Filme.java: toString() | src/filmnow/FilmNow.java: métodos disponíveis | src/filmnow/FilmNow.java: ausência de estrutura e métodos de HotList",high
S35,official_sample,redacted,llm,object_references,Object References and Composition,10,10,"O uso de referências atende ao foco do critério: FilmNow compõe objetos Filme por meio de um array, os objetos são criados em métodos de instância, e o uso de static fica restrito à classe principal e a constantes do leitor.","src/filmnow/FilmNow.java: private Filme[] filmes | src/filmnow/FilmNow.java: new Filme(nome, ano, local) | src/filmnow/MainFilmNow.java: FilmNow fn = new FilmNow() | src/filmnow/LeitorFilmNow.java: constantes static final",high
S35,official_sample,redacted,llm,collections_and_arrays,Collections and Arrays,6,10,"A estrutura principal de armazenamento de filmes usa um array de 100 posições, o que atende parcialmente à restrição de capacidade. Entretanto, a manipulação de posições não segue o intervalo público 1 a 100 e não existe nenhuma estrutura para a HotList limitada a 10 posições.","src/filmnow/FilmNow.java: private Filme[] filmes | src/filmnow/FilmNow.java: construtor FilmNow() | src/filmnow/FilmNow.java: cadastraFilme(int, String, int, String) | src/filmnow/FilmNow.java: getFilme(int) | src/filmnow/FilmNow.java: ausência de atributo de HotList",high
S35,official_sample,redacted,llm,separation_of_concerns,Separation of Concerns,5,10,"Existe separação inicial entre interface, gerenciador e entidade: MainFilmNow lida com entrada/saída, FilmNow cria e guarda filmes, e Filme representa dados do filme. Porém, a lógica de listagem e detalhamento depende diretamente do array exposto, e FilmNow não concentra as regras de negócio essenciais.","src/filmnow/MainFilmNow.java: adicionarFilme, mostrarFilmes, detalharFilme | src/filmnow/FilmNow.java: cadastraFilme e getFilmes | src/filmnow/Filme.java: atributos e toString | src/filmnow/MainFilmNow.java: mostrarFilmes(FilmNow) | src/filmnow/MainFilmNow.java: detalharFilme(FilmNow, Scanner) | src/filmnow/FilmNow.java: getFilmes() | src/filmnow/Filme.java: toString() | src/filmnow/MainFilmNow.java: formatarFilme(int, Filme)",high
S35,official_sample,redacted,llm,readability_and_documentation,Readability and Documentation,5,10,"O código é curto, indentado e usa nomes majoritariamente compreensíveis, o que permite leitura razoável. Entretanto, não há documentação Javadoc para classes e métodos públicos, apesar de a entrega exigir documentação nesse formato.",src/filmnow/Filme.java | src/filmnow/FilmNow.java | src/filmnow/MainFilmNow.java | src/filmnow/LeitorFilmNow.java | src/filmnow/Filme.java: ausência de Javadoc | src/filmnow/FilmNow.java: ausência de Javadoc | src/filmnow/LeitorFilmNow.java: ausência de Javadoc | src/filmnow/MainFilmNow.java: ausência de Javadoc,high
S36,official_sample,redacted,llm,basic_functionality,Basic Functionality,7,10,"A submissão implementa as quatro funcionalidades principais em nível substancial: cadastro, listagem, detalhamento e HotList existem e funcionam em vários cenários comuns. As maiores perdas vêm da convenção inconsistente de posições na API de FilmNow, da impossibilidade de cadastrar ano vazio pelo método principal de cadastro e de alguns comportamentos de erro especificados que não foram atendidos.","src/filmnow/FilmNow.java: cadastraFilme(int, String, int, String) | src/filmnow/FilmNow.java: mostrarTodos() | src/filmnow/FilmNow.java: detalharFilme(int) | src/filmnow/FilmNow.java: adicionaHot(int, int), removerHot(int), exibirHotList() | src/filmnow/Filme.java: toString(), equals(Object) | src/filmnow/MainFilmNow.java: adicionarFilme(), detalharFilme(), atribuirHot(), removerHot() | src/filmnow/FilmNow.java: cadastraFilme(int posicao, String nome, int ano, String plataforma) | src/filmnow/MainFilmNow.java: adicionarFilme() subtrai 1 antes de chamar FilmNow | src/filmnow/LeitorFilmNow.java: processaLinhaCsvFilmes() chama cadastraFilme sem subtrair 1 | src/filmnow/FilmNow.java: removerHot(int) | src/filmnow/FilmNow.java: adicionaHot(int, int)",medium
S36,official_sample,redacted,llm,unit_tests,Unit Tests,6,10,"Há testes JUnit reais, com asserções relevantes para Filme e FilmNow, incluindo equals, toString, cadastro, listagem, detalhamento e HotList. Entretanto, a cobertura é parcial e deixa de verificar vários casos-limite exigidos no roteiro, além de codificar a convenção incorreta de cadastro na posição 0 como se fosse válida.","testes/lab3FilmNow/FilmeTest.java | testes/lab3FilmNow/FilmNowTest.java | testes/lab3FilmNow/FilmNowTest.java: testCadastraFilmeValido(), testCadastraFilmeRepetido() | testes/lab3FilmNow/FilmNowTest.java: testMostrarTodos(), testDetalharFilmeSemHot(), testDetalharFilmeComHot(), testes de HotList",medium
S36,official_sample,redacted,llm,class_design,Class Design,8.5,10,"O desenho geral está alinhado ao objetivo do laboratório: há uma classe Filme própria, FilmNow compõe e gerencia objetos Filme, e MainFilmNow concentra a interface com usuário. As perdas são pontuais e relacionadas principalmente ao contrato público de FilmNow e à representação do ano no cadastro.","src/filmnow/Filme.java | src/filmnow/FilmNow.java | src/filmnow/MainFilmNow.java | src/filmnow/FilmNow.java: cadastraFilme(int, String, int, String) | src/filmnow/FilmNow.java: detalharFilme(int) | src/filmnow/FilmNow.java: adicionaHot(int, int) | src/filmnow/Filme.java: atributo ano e construtor",medium
S36,official_sample,redacted,llm,object_references,Object References and Composition,10,10,"A submissão demonstra uso adequado de referências e composição: FilmNow armazena referências para objetos Filme, cria novos filmes no cadastro e usa outra coleção de referências para a HotList. Não há uso inadequado de atributos estáticos para estado de domínio.",src/filmnow/FilmNow.java: atributos filmes e hotlist | src/filmnow/FilmNow.java: construtor e cadastraFilme() | src/filmnow/FilmNow.java: adicionaHot() | src/filmnow/MainFilmNow.java: main(),medium
S36,official_sample,redacted,llm,collections_and_arrays,Collections and Arrays,8,10,"A estrutura de armazenamento escolhida é apropriada: arrays de tamanho fixo para a lista principal e para a HotList, respeitando a ideia de limites de 100 e 10 elementos. A perda principal decorre da conversão incorreta/inconsistente entre posição lógica e índice de array em alguns métodos públicos.","src/filmnow/FilmNow.java: TAMANHO, HOT_TAMANHO, filmes, hotlist | src/filmnow/FilmNow.java: mostrarTodos() | src/filmnow/FilmNow.java: adicionaHot(), exibirHotList() | src/filmnow/FilmNow.java: cadastraFilme(int, String, int, String) | src/filmnow/LeitorFilmNow.java: processaLinhaCsvFilmes()",medium
S36,official_sample,redacted,llm,separation_of_concerns,Separation of Concerns,8,10,"Há uma separação geral adequada: MainFilmNow faz entrada e saída, FilmNow gerencia o acervo e Filme representa os dados e detalhes do filme. A separação não é perfeita porque a interface conhece detalhes de indexação e também duplica parte da lógica de listagem em vez de delegá-la ao modelo/gerenciador.","src/filmnow/MainFilmNow.java | src/filmnow/FilmNow.java | src/filmnow/Filme.java | src/filmnow/MainFilmNow.java: adicionarFilme() | src/filmnow/FilmNow.java: cadastraFilme(int, String, int, String) | src/filmnow/MainFilmNow.java: mostrarFilmes(), formataFilme() | src/filmnow/FilmNow.java: mostrarTodos()",medium
S36,official_sample,redacted,llm,readability_and_documentation,Readability and Documentation,8,10,"O código é legível, com nomes geralmente compreensíveis e Javadoc presente nas classes e métodos principais. As perdas são por documentação às vezes superficial, com erros de escrita e contratos inconsistentes com a especificação, além de pequenas inconsistências terminológicas que dificultam a leitura.",src/filmnow/Filme.java | src/filmnow/FilmNow.java | src/filmnow/MainFilmNow.java | src/filmnow/Filme.java: Javadoc de equals() e toString() | src/filmnow/FilmNow.java: Javadocs dos métodos públicos | src/filmnow/FilmNow.java: Javadoc de cadastraFilme() | src/filmnow/MainFilmNow.java: adicionarFilme() | src/filmnow/LeitorFilmNow.java: processaLinhaCsvFilmes(),medium
S37,official_sample,redacted,llm,basic_functionality,Basic Functionality,8,10,"A submissão implementa substancialmente as operações centrais: cadastro de filmes, detalhamento, listagem via interface e HotList em casos válidos. As perdas vêm de falhas funcionais localizadas, especialmente na detecção de filmes duplicados por causa do equals, no detalhamento sem ano e nas validações/saídas da HotList.","src/filmnow/FilmNow.java: cadastraFilme(int,String,String,String) | src/filmnow/FilmNow.java: detalharFilme(int) | src/filmnow/FilmNow.java: adicionaHot(int,int) e removeHot(int) | src/filmnow/MainFilmNow.java: mostrarFilmes(FilmNow) e mostrarHotList(FilmNow) | src/filmnow/Filme.java: detalhes(), toString(), equals(Object) | src/filmnow/Filme.java: equals(Object) | src/filmnow/FilmNow.java: existeFilme(Filme) | src/filmnow/Filme.java: detalhes() | Especificação: casos de teste para Detalhar Filme, filme sem ano | src/filmnow/FilmNow.java: adicionaHot(int,int) | src/filmnow/FilmNow.java: removeHot(int) | src/filmnow/MainFilmNow.java: mostrarHotList(FilmNow)",high
S37,official_sample,redacted,llm,unit_tests,Unit Tests,7,10,"Há uma suíte razoável de testes JUnit para Filme e FilmNow, cobrindo muitos cenários de cadastro, detalhamento, igualdade e HotList. A cobertura ainda deixa lacunas importantes em grupos exigidos pelo roteiro, especialmente getters/construtor, formatações com dados ausentes, listagem completa e casos inválidos da HotList.","testes/lab3FilmNow/FilmNowTest.java | testes/lab3FilmNow/testFilme.java | testes/lab3FilmNow/testFilme.java: testEquals(), testDetalhes(), testToString() | src/filmnow/Filme.java: getNome(), getAno(), getLocal(), equals(Object) | testes/lab3FilmNow/FilmNowTest.java: testDetalharFilme(), testDetalharPosicaoNula(), testGetLista() | testes/lab3FilmNow/FilmNowTest.java: testAdicionaHot(), testAdicionaHotFilmeRepetido(), testRemoveHot() | src/filmnow/FilmNow.java: adicionaHot(int,int), removeHot(int)",high
S37,official_sample,redacted,llm,class_design,Class Design,9,10,"A modelagem principal esperada está presente: Filme representa os dados do filme, FilmNow compõe arrays de Filme e MainFilmNow concentra a interface textual com métodos auxiliares. A perda é pequena e vem de inconsistências de API pública e exposição de estruturas internas.","src/filmnow/Filme.java | src/filmnow/FilmNow.java | src/filmnow/MainFilmNow.java | src/filmnow/LeitorFilmNow.java | src/filmnow/FilmNow.java: getFilme(int) | src/filmnow/FilmNow.java: getHotList() | src/filmnow/FilmNow.java: detalharFilme(int) e cadastraFilme(int,String,String,String)",high
S37,official_sample,redacted,llm,object_references,Object References and Composition,9,10,"O código demonstra bem a composição central do laboratório: FilmNow cria e mantém referências para objetos Filme, e a HotList reutiliza referências aos mesmos filmes. Não há uso indevido de static nas classes de domínio. A dedução é limitada à exposição direta de referências internas.","src/filmnow/FilmNow.java: filmes, hotList, cadastraFilme(int,String,String,String), adicionaHot(int,int) | src/filmnow/Filme.java: isHot(), setHot(boolean), detalhes() | src/filmnow/MainFilmNow.java: main(String[]) e carregaFilmes(String,FilmFilmNow) | src/filmnow/FilmNow.java: getHotList() | src/filmnow/MainFilmNow.java: mostrarHotList(FilmNow)",high
S37,official_sample,redacted,llm,collections_and_arrays,Collections and Arrays,9,10,"A estrutura de armazenamento principal atende ao enunciado: há um array de 100 filmes e uma HotList de 10 posições, usando o deslocamento posicao - 1 sem ignorar o índice 0. A perda é pequena porque a manipulação da HotList acessa índices antes de validar limites, tornando frágeis as restrições da coleção.","src/filmnow/FilmNow.java: TAMANHO, TAMANHOHOT, filmes, hotList | src/filmnow/FilmNow.java: FilmNow() | src/filmnow/FilmNow.java: cadastraFilme(int,String,String,String) | src/filmnow/FilmNow.java: clonaFilmes() | src/filmnow/FilmNow.java: adicionaHot(int,int) | src//filmnow/FilmNow.java: removeHot(int)",high
S37,official_sample,redacted,llm,separation_of_concerns,Separation of Concerns,8.5,10,"A separação geral está adequada para o nível do laboratório: MainFilmNow cuida da interação com usuário, FilmNow concentra boa parte das regras de cadastro/detalhamento/HotList, e Filme define suas representações textuais. A principal fragilidade é que a interface percorre arrays e monta listagens diretamente, acoplando-se à forma de armazenamento.","src/filmnow/MainFilmNow.java: comando(String,FilmNow,Scanner), adicionaFilme(FilmNow,Scanner), detalharFilme(FilmNow,Scanner) | src/filmnow/FilmNow.java: cadastraFilme, detalharFilme, existeFilme, adicionaHot, removeHot | src/filmnow/Filme.java: detalhes(), toString() | src/filmnow/MainFilmNow.java: mostrarFilmes(FilmNow) | src/filmnow/MainFilmNow.java: mostrarHotList(FilmNow) | src/filmnow/FilmNow.java: getFilmes(), getHotList()",high
S37,official_sample,redacted,llm,readability_and_documentation,Readability and Documentation,8,10,"O código é em geral legível, com nomes compreensíveis e Javadocs em várias classes e métodos públicos. As perdas são de acabamento: documentação incompleta em alguns métodos públicos/sobrescritos, textos com erros e algumas constantes/tamanhos escritos diretamente em loops, o que reduz clareza e manutenção.","src/filmnow/Filme.java | src/filmnow/FilmNow.java | src/filmnow/MainFilmNow.java | src/filmnow/Filme.java: toString(), equals(Object), hashCode() | src/filmnow/FilmNow.java: getFilmes() | src/filmnow/MainFilmNow.java: comentários de métodos auxiliares | src/filmnow/FilmNow.java: clonaFilmes(), adicionaHot(int,int) | src/filmnow/MainFilmNow.java: mostrarFilmes(FilmNow), mostrarHotList(FilmNow)",high
S38,official_sample,redacted,llm,basic_functionality,Basic Functionality,8,10,"A implementação cobre a maior parte do fluxo esperado: adiciona filmes, lista nomes nas posições corretas, detalha filmes, mantém HotList e sinaliza filmes hot. As perdas principais vêm de uma falha real na detecção de duplicatas por ano, da ausência de validação de limites em operações da HotList e de um caso de detalhamento vazio que quebra a interface textual.","src/filmnow/FilmNow.java: cadastraFilme(int,String,String,String) | src/filmnow/FilmNow.java: getFilmes(), detalhaFilme(int), getHotList() | src/filmnow/FilmNow.java: adicionaHot(int,int), removerHot(int) | src/filmnow/MainFilmNow.java: mostrarFilmes(FilmNow), detalharFilme(FilmNow,Scanner), exibirHotList(FilmNow) | src/filmnow/FilmNow.java: existeFilme(String,String,Filme[]) usa `i.getAnoLancamento() == ano` | src/filmnow/Filme.java: equals(Object) já implementa igualdade por nome e ano | src/filmnow/FilmNow.java: adicionaHot(int,int) acessa `filmes[iFilme - 1]` e `filmesHot[iHot - 1]` sem checar limites | src/filmnow/FilmNow.java: removerHot(int) acessa `filmesHot[posicao - 1]` sem checar limites | src/filmnow/FilmNow.java: detalhaFilme(int) retorna `null` para posição vazia | src/filmnow/MainFilmNow.java: detalharFilme(FilmNow,Scanner) executa `filme.equals(""POSIÇÃO INVÁLIDA!"")`",high
S38,official_sample,redacted,llm,unit_tests,Unit Tests,8,10,"A suíte de testes é ampla para um laboratório introdutório, cobrindo muitos casos de adição, detalhamento, listagem, igualdade, `toString` e HotList. Ainda assim, faltam alguns testes importantes de limites da HotList e de acesso a dados da classe `Filme`, além de casos que detectariam a comparação incorreta de `String` na duplicidade.","testes/lab3FilmNow/FilmeTest.java | testes/lab3FilmNow/FilmNowTest.java | testes/lab3FilmNow/FilmNowTest.java: testes de HotList cobrem posições vazias internas, mas não limites 0/11 ou 101",high
S38,official_sample,redacted,llm,class_design,Class Design,9,10,"A solução modela corretamente as classes centrais: há uma classe `Filme`, uma classe `FilmNow` composta por filmes e uma classe de interface com `main` modularizado. A principal imperfeição de design é uma API pública inconsistente que mistura posições humanas e índices internos.","src/filmnow/Filme.java | src/filmnow/FilmNow.java: atributos `private Filme[] filmes` e `private Filme[] filmesHot` | src/filmnow/MainFilmNow.java: main, menu, comando, adicionaFilme, mostrarFilmes, detalharFilme | src/filmnow/LeitorFilmNow.java: processaLinhaCsvFilmes(String[],FilmNow) | src/filmnow/FilmNow.java: getFilme(int) | src/filmnow/FilmNow.java: detalhaFilme(int) chama `getFilme(posicao-1)`",high
S38,official_sample,redacted,llm,object_references,Object References and Composition,8,10,"A composição principal foi bem aplicada: `FilmNow` cria e guarda objetos `Filme`, e a HotList compartilha referências para os mesmos objetos, permitindo refletir o estado hot no detalhamento. A perda vem de uma falha conceitual localizada no uso de referência para comparar `String`.","src/filmnow/FilmNow.java: cadastraFilme(int,String,String,String) cria `new Filme(...)` | src/filmnow/FilmNow.java: adicionaHot(int,int) atribui `filmesHot[iHot - 1] = filmes[iFilme - 1]` | src/filmnow/FilmNow.java: adicionaHot(int,int) e removerHot(int) usam `setIsHot` | src/filmnow/MainFilmNow.java: métodos estáticos auxiliares de interface | src/filmnow/FilmNow.java: existeFilme(String,String,Filme[]) | src/filmnow/Filme.java: equals(Object)",high
S38,official_sample,redacted,llm,collections_and_arrays,Collections and Arrays,8,10,"Os arrays são usados de forma adequada na estrutura geral, com 100 posições para filmes e 10 para HotList, e a conversão de posição do usuário para índice interno é feita na maioria dos métodos. As falhas vêm da exposição/acesso inseguro a índices internos e da ausência de validação de limites nas operações da HotList.","src/filmnow/FilmNow.java: atributos `filmes` e `filmesHot` | src/filmnow/FilmNow.java: construtor `FilmNow()` | src/filmnow/FilmNow.java: cadastraFilme(int,String,String,String), getFilmes(), getHotList() | src/filmnow/MainFilmNow.java: formataFilme(int,String) | src/filmnow/FilmNow.java: adicionaHot(int,int) | src/filmnow/FilmNow.java: removerHot(int) | src/filmnow/FilmNow.java: getFilme(int)",high
S38,official_sample,redacted,llm,separation_of_concerns,Separation of Concerns,8.5,10,"A divisão geral está adequada: `MainFilmNow` cuida da interação, `FilmNow` gerencia os filmes e `Filme` concentra dados e detalhamento textual. Há pequenas misturas de responsabilidade de formatação entre `FilmNow`, `Filme` e `MainFilmNow`, mas sem comprometer a estrutura central.","src/filmnow/MainFilmNow.java | src/filmnow/FilmNow.java | src/filmnow/Filme.java: toString(), equals(Object) | src/filmnow/FilmNow.java: getHotList() | src/filmnow/FilmNow.java: getFilmes() | src/filmnow/MainFilmNow.java: formataFilme(int,String) | src/filmnow/MainFilmNow.java: detalharFilme(FilmNow,Scanner) | src/filmnow/FilmNow.java: detalhaFilme(int)",high
S38,official_sample,redacted,llm,readability_and_documentation,Readability and Documentation,8.5,10,"O código é legível, usa nomes compreensíveis e possui Javadocs em quase todos os métodos públicos. As deduções são por documentação pontualmente incorreta e pequenos problemas de consistência/estilo que não impedem a compreensão.","src/filmnow/Filme.java | src/filmnow/FilmNow.java | src/filmnow/MainFilmNow.java | src/filmnow/LeitorFilmNow.java | src/filmnow/FilmNow.java: Javadoc de getFilme(int) | src/filmnow/FilmNow.java: Javadoc de removerHot(int) | src/filmnow/FilmNow.java: getFilmes(), getHotList() | src/filmnow/Filme.java: getNome(), getNomeFilme(), getIsHot()",high
S39,official_sample,redacted,llm,basic_functionality,Basic Functionality,6.5,10,"A submissão implementa parte substancial do fluxo principal: adiciona filmes, lista filmes cadastrados, detalha filmes válidos e possui uma HotList parcialmente funcional. Porém há falhas relevantes em casos de borda especificados, especialmente no detalhamento de posições inválidas/vazias, no suporte a ano vazio e na semântica de remoção/validação da HotList.","src/filmnow/FilmNow.java: método `adicionaFilme` | src/filmnow/FilmNow.java: métodos `mostrarFilmes`, `formataFilme` e `detalharFilme` | src/filmnow/FilmNow.java: métodos `atribuiHot`, `exibirHotList` e `RemoverHot` | src/filmnow/Filme.java: métodos `equals` e `toString` | src/filmnow/FilmNow.java: assinatura `adicionaFilme(String nome, int ano, String local, int posicao)` | src/filmnow/MainFilmNow.java: método `adicionaFilme`, uso de `Integer.parseInt(ano)` | src/filmnow/Filme.java: atributo `private int ano` e método `toString` | src/filmnow/FilmNow.java: método `detalharFilme` | src/filmnow/FilmNow.java: método privado `getFilme` | src/filmnow/FilmNow.java: método `atribuiHot` | src/filmnow/FilmNow.java: método `exibirHotList` | src/filmnow/FilmNow.java: método `RemoverHot`",high
S39,official_sample,redacted,llm,unit_tests,Unit Tests,0,10,"Não há uma suíte de testes utilizável. O único arquivo de teste fornecido não compila contra as classes da submissão e não há testes para `FilmNow`, que concentra a maior parte da lógica do laboratório.","testes/filmNow/FilmeTest.java | testes/filmNow/FilmeTest.java: declaração `package filmNow` | testes/filmNow/FilmeTest.java: uso de `new Filme(""Avatar"", ""2009"", ""Disney+"")` | testes/filmNow/FilmeTest.java: chamada `this.filmeBase.nomeAno()` | Árvore de testes: apenas `testes/filmNow/FilmeTest.java` foi fornecido",high
S39,official_sample,redacted,llm,class_design,Class Design,10,10,"As classes centrais esperadas foram criadas e modeladas de forma compatível com o laboratório: há uma entidade `Filme`, um gerenciador `FilmNow` composto por filmes e uma interface `MainFilmNow` modularizada em métodos estáticos auxiliares.","src/filmnow/Filme.java | src/filmnow/FilmNow.java: atributo `private Filme[] filmes` e construtor | src/filmnow/MainFilmNow.java: métodos `main`, `menu`, `comando` e auxiliares de comandos",high
S39,official_sample,redacted,llm,object_references,Object References and Composition,10,10,A submissão demonstra composição entre `FilmNow` e `Filme` e não apresenta abuso de membros estáticos nas classes de domínio. Os objetos são criados e manipulados por referência de forma coerente para o nível do laboratório.,"src/filmnow/FilmNow.java: atributo `private Filme[] filmes` | src/filmnow/FilmNow.java: método `cadastraFilme` | src/filmnow/FilmNow.java: método `adicionaFilme`, criação de `Filme filmeQueEstamosTentandoAdicionar` | src/filmnow/MainFilmNow.java: métodos estáticos da interface",high
S39,official_sample,redacted,llm,collections_and_arrays,Collections and Arrays,8.5,10,"O array principal de 100 filmes é usado de forma adequada nas operações comuns, com conversão entre posição externa 1 a 100 e índice interno 0 a 99. A estrutura da HotList, porém, é indireta e não protege completamente a restrição de 10 posições válidas.","src/filmnow/FilmNow.java: constantes `TAMANHO` e `TAMANHOHOTLIST` | src/filmnow/FilmNow.java: atributo `private Filme[] filmes` | src/filmnow/FilmNow.java: métodos `cadastraFilme`, `mostrarFilmes`, `atribuiHot` e `exibirHotList` | src/filmnow/Filme.java: atributos `hot` e `posicionHot` | src/filmnow/FilmNow.java: método `atribuiHot`, condição `if (posicaoHotList > TAMANHOHOTLIST)` | src/filmnow/FilmNow.java: método `exibirHotList`",high
S39,official_sample,redacted,llm,separation_of_concerns,Separation of Concerns,8,10,"Há uma boa separação básica entre interface, gerenciador e entidade de domínio. Ainda assim, parte das responsabilidades de exibição e de estado da HotList fica espalhada entre `FilmNow` e `Filme`, reduzindo a clareza da divisão esperada.",src/filmnow/MainFilmNow.java: métodos de comandos e uso de `Scanner` | src/filmnow/FilmNow.java: métodos de lógica do sistema | src/filmnow/Filme.java: métodos `equals` e `toString` | src/filmnow/FilmNow.java: método `formataFilme` | src/filmnow/Filme.java: atributos `hot` e `posicionHot` | src/filmnow/Filme.java: método `toString`,high
S39,official_sample,redacted,llm,readability_and_documentation,Readability and Documentation,8,10,"O código é majoritariamente compreensível e contém Javadocs em várias classes e métodos. As perdas decorrem de inconsistências de estilo, nomes fora da convenção Java e documentação/comentários ocasionalmente superficiais ou inadequados.","src/filmnow/Filme.java | src/filmnow/FilmNow.java | src/filmnow/MainFilmNow.java | src/filmnow/FilmNow.java: métodos `RemoverHot` e `GettoStringFilme` | src/filmnow/FilmNow.java: constante `TAMANHOHOTLIST` | src/filmnow/Filme.java: atributo `posicionHot` | src/filmnow/FilmNow.java: Javadocs dos métodos privados `getNomeFilme`, `GettoStringFilme`, `getPosicionHotFilme`, `getAnoFilme`, `getHotFilme` | src/filmnow/FilmNow.java: comentário dentro de `atribuiHot` sobre provocar erro se a HotList não funcionar",high
S40,official_sample,redacted,llm,basic_functionality,Basic Functionality,8.5,10,"A implementação cobre bem o fluxo principal de cadastrar, listar e detalhar filmes, além de incluir operações normais de HotList. As perdas concentram-se em casos especificados de exibição sem ano e em validações/saídas incompletas da HotList.",src/filmnow/FilmNow.java::cadastraFilme | src/filmnow/FilmNow.java::exibirFilmes | src/filmnow/FilmNow.java::detalharFilme | src/filmnow/FilmNow.java::adicionaHotList | src/filmnow/FilmNow.java::removeHotList | src/filmnow/FilmNow.java::exibirHot | src/filmnow/Filme.java::equals | src/filmnow/Filme.java::detalhes | testes/lab3FilmNow/testeFilme.java::testDetalhesAnoNull2 | testes/lab3FilmNow/testeFilmNow.java::testDetAnoNull,high
S40,official_sample,redacted,llm,unit_tests,Unit Tests,8.0,10,"Há uma suíte ampla para Filme e FilmNow, com muitos casos normais e de limite. A nota não é máxima porque alguns testes esperam saídas divergentes da especificação e faltam alguns casos importantes de sobrescrita e limites da HotList.",testes/lab3FilmNow/testeFilme.java | testes/lab3FilmNow/testeFilmNow.java | testes/lab3FilmNow/testeFilme.java::testDetalhesAnoNull2 | testes/lab3FilmNow/testeFilmNow.java::testDetAnoNull | testes/lab3FilmNow/testeFilmNow.java::testMostrarHotList | testes/lab3FilmNow/testeFilmNow.java::testAddHotPosLimiteSuperior | testes/lab3FilmNow/testeFilmNow.java::testAddHotPosLimiteInferior | testes/lab3FilmNow/testeFilmNow.java::testRemoveHotNull,high
S40,official_sample,redacted,llm,class_design,Class Design,9.0,10,"A solução demonstra a modelagem central esperada: existe uma classe Filme com estado e igualdade, uma classe FilmNow composta por filmes e HotList, e uma interface principal modularizada. A perda é pequena e relacionada a escolhas de API que reduzem a coesão do gerenciador.",src/filmnow/Filme.java | src/filmnow/FilmNow.java | src/filmnow/MainFilmNow.java | src/filmnow/FilmNow.java::exibirFilmes | src/filmnow/FilmNow.java::exibirHot | src/filmnow/MainFilmNow.java::mostrarFilmes | src/filmnow/MainFilmNow.java::mostrarHotList,high
S40,official_sample,redacted,llm,object_references,Object References and Composition,10,10,"O uso de referências e composição está adequado ao nível do laboratório: FilmNow armazena objetos Filme, cria filmes de forma controlada e a HotList guarda referências aos filmes existentes.",src/filmnow/FilmNow.java::filmes | src/filmnow/FilmNow.java::hotList | src/filmnow/FilmNow.java::cadastraFilme | src/filmnow/FilmNow.java::adicionaHotList | src/filmnow/MainFilmNow.java,high
S40,official_sample,redacted,llm,collections_and_arrays,Collections and Arrays,8.5,10,"A estrutura principal está correta, com arrays de tamanho fixo para os 100 filmes e 10 posições da HotList. A perda decorre de validações de índice incompletas na HotList, que comprometem o uso seguro dos arrays em casos de borda.",src/filmnow/FilmNow.java::TAMANHO | src/filmnow/FilmNow.java::TAMANHO_HOT | src/filmnow/FilmNow.java::filmes | src/filmnow/FilmNow.java::hotList | src/filmnow/FilmNow.java::formataToString | src/filmnow/FilmNow.java::exibirFilmes | src/filmnow/FilmNow.java::exibirHot | src/filmnow/FilmNow.java::adicionaHotList | src/filmnow/FilmNow.java::removeHotList,high
S40,official_sample,redacted,llm,separation_of_concerns,Separation of Concerns,10,10,"As responsabilidades principais estão bem separadas para o escopo do laboratório: a interface lê e imprime, FilmNow gerencia as regras do sistema, e Filme concentra a representação e formatação do filme.",src/filmnow/MainFilmNow.java::menu | src/filmnow/MainFilmNow.java::comando | src/filmnow/MainFilmNow.java::adicionaFilme | src/filmnow/FilmNow.java | src/filmnow/Filme.java | src/filmnow/LeitorFilmNow.java,high
S40,official_sample,redacted,llm,readability_and_documentation,Readability and Documentation,7.5,10,"O código é compreensível, usa nomes em geral adequados e contém Javadocs em várias classes e métodos. A documentação, porém, tem problemas de formato e algumas descrições imprecisas ou superficiais.",src/filmnow/Filme.java | src/filmnow/FilmNow.java | src/filmnow/MainFilmNow.java | src/filmnow/LeitorFilmNow.java | src/filmnow/Filme.java::Filme | src/filmnow/Filme.java::equals | src/filmnow/FilmNow.java::cadastraFilme | src/filmnow/FilmNow.java::getFilme | src/filmnow/FilmNow.java::adicionaHotList | src/filmnow/Filme.java::detalhes | src/filmnow/FilmNow.java::getHotList | src/filmnow/FilmNow.java::formataToString,high
S41,official_sample,redacted,llm,basic_functionality,Basic Functionality,8,10,"A submissão implementa de forma funcional o cadastro de filmes, a listagem simples, o detalhamento e parte substancial da HotList. As principais perdas estão concentradas na HotList, que não preserva todas as regras especificadas, e em um detalhe frágil no tratamento de ano vazio ao detalhar filmes.","submission/src/filmnow/FilmNow.java: método cadastraFilme | submission/src/filmnow/FilmNow.java: métodos filmeDetalhado, checaFilme, existeFilme, atribuirHot, removerHot | submission/src/filmnow/MainFilmNow.java: métodos mostrarFilmes, mostrarHot, detalharFilme, atribuirHot, removerHot | submission/testes1/filmnow/FilmNowTeste.java: testes de cadastro, detalhamento e HotList | submission/src/filmnow/FilmNow.java: método atribuirHot | submission/src/filmnow/FilmNow.java: método removerHot | submission/src/filmnow/MainFilmNow.java: método mostrarHot | submission/src/filmnow/FilmNow.java: método filmeDetalhado",high
S41,official_sample,redacted,llm,unit_tests,Unit Tests,6.5,10,"Há uma suíte de testes relevante para `FilmNow`, especialmente para cadastro, limites, detalhamento e parte da HotList. Porém, os testes de `Filme` se concentram quase exclusivamente em `equals`, e há lacunas importantes em listagem e em regras críticas da HotList.","submission/testes1/filmnow/FilmeTeste.java | submission/testes1/filmnow/FilmNowTeste.java | submission/testes1/filmnow/FilmNowTeste.java: testes testeAtribuirHot, removerHot e testarDetalharFilmeNaHotlist",high
S41,official_sample,redacted,llm,class_design,Class Design,8.5,10,"A solução cria a classe `Filme`, mantém `FilmNow` como classe gerenciadora composta por filmes e conserva uma interface de usuário modularizada. A modelagem é adequada para o nível do laboratório, embora `Filme` esteja subutilizada para representação textual e a API de HotList permita uso fora do fluxo esperado.",submission/src/filmnow/Filme.java | submission/src/filmnow/FilmNow.java | submission/src/filmnow/MainFilmNow.java | submission/src/filmnow/FilmNow.java: método filmeDetalhado | submission/src/filmnow/MainFilmNow.java: métodos mostrarFilmes e mostrarHot | submission/src/filmnow/FilmNow.java: método atribuirHot | submission/src/filmnow/MainFilmNow.java: método atribuirHot,high
S41,official_sample,redacted,llm,object_references,Object References and Composition,8,10,"A solução demonstra uso correto de objetos em boa parte do sistema: `FilmNow` cria e armazena objetos `Filme`, e o código evita uso inadequado de membros estáticos fora de constantes e do `main`. A principal fragilidade conceitual está na HotList, que copia filmes em vez de usá-los como outra referência para o mesmo objeto cadastrado.","submission/src/filmnow/FilmNow.java: atributos filmes e hotList | submission/src/filmnow/FilmNow.java: métodos cadastraFilme, filmeDetalhado e atribuirHot | submission/src/filmnow/MainFilmNow.java: método main | submission/src/filmnow/FilmNow.java: método atribuirHot",high
S41,official_sample,redacted,llm,collections_and_arrays,Collections and Arrays,10,10,"As estruturas de armazenamento atendem às restrições principais do laboratório: há um array de 100 filmes e uma HotList de 10 posições, com conversão adequada entre posição externa iniciada em 1 e índice interno iniciado em 0 nas operações principais.","submission/src/filmnow/FilmNow.java: atributos TAMANHO, TAMANHOHOT, filmes e hotList | submission/src/filmnow/FilmNow.java: métodos cadastraFilme, filmeDetalhado, atribuirHot e removerHot",high
S41,official_sample,redacted,llm,separation_of_concerns,Separation of Concerns,7,10,"Há separação básica entre interface (`MainFilmNow`), sistema (`FilmNow`) e entidade (`Filme`). Contudo, parte da formatação e da lógica de acesso às estruturas internas fica espalhada entre as classes, e `Filme` não assume a responsabilidade de exibir seus próprios dados.",submission/src/filmnow/MainFilmNow.java | submission/src/filmnow/FilmNow.java | submission/src/filmnow/Filme.java | submission/src/filmnow/FilmNow.java: método filmeDetalhado | submission/src/filmnow/MainFilmNow.java: método formataFilme | submission/src/filmnow/MainFilmNow.java: métodos mostrarFilmes e mostrarHot | submission/src/filmnow/FilmNow.java: métodos getFilmes e getHots | submission/src/filmnow/MainFilmNow.java: método atribuirHot | submission/src/filmnow/FilmNow.java: método atribuirHot,high
S41,official_sample,redacted,llm,readability_and_documentation,Readability and Documentation,7.5,10,"O código é geralmente compreensível, usa nomes coerentes e possui Javadocs em várias classes e métodos públicos. As perdas vêm de documentação superficial/incompleta e de alguns trechos com estilo menos claro, embora não impeçam a compreensão geral da solução.","submission/src/filmnow/Filme.java | submission/src/filmnow/FilmNow.java | submission/src/filmnow/MainFilmNow.java | submission/src/filmnow/LeitorFilmNow.java | submission/src/filmnow/Filme.java: getters | submission/src/filmnow/FilmNow.java: métodos checaFilme e existeFilme | submission/src/filmnow/FilmNow.java: métodos cadastraFilme, filmeDetalhado e checaFilme",high
S42,official_sample,redacted,llm,basic_functionality,Basic Functionality,4.5,10,"Há implementação parcial do fluxo principal: é possível criar filmes, listar posições não nulas, detalhar um filme simples e há métodos para HotList. Porém, várias regras centrais da especificação não funcionam de forma confiável, especialmente validações de posição, duplicidade, retorno/mensagem pela classe de sistema e manipulação correta da HotList.","submission/src/filmnow/FilmNow.java: cadastraFilme(int, String, String, String) | submission/src/filmnow/FilmNow.java: getFilme(int), filmeExiste(String, String), adicionaFilmeHot(int, int), exibirConteudoHot(), removeHot(int) | submission/src/filmnow/MainFilmNow.java: adicionaFilme(...), mostrarFilmes(...), detalharFilme(...), adicionarHot(...), removerHot(...) | submission/src/filmnow/FilmNow.java: cadastraFilme(...) | submission/src/filmnow/FilmNow.java: filmeExiste(...) | submission/src/filmnow/MainFilmNow.java: adicionaFilme(...) | submission/src/filmnow/FilmNow.java: getFilme(int) | submission/src/filmnow/MainFilmNow.java: mostrarFilmes(...) | submission/src/filmnow/MainFilmNow.java: detalharFilme(...) | submission/src/filmnow/FilmNow.java: adicionaFilmeHot(int, int) | submission/src/filmnow/FilmNow.java: removeHot(int) | submission/src/filmnow/FilmNow.java: getHotList() | submission/src/filmnow/Filme.java: equals(Object)",high
S42,official_sample,redacted,llm,unit_tests,Unit Tests,0,10,"Não há arquivos de teste submetidos. Assim, não há evidência de testes JUnit para Filme nem para FilmNow, incluindo os casos-limite exigidos no roteiro.",Pacote submetido: Test file count = 0 | Árvore de fontes informada contém apenas arquivos em submission/src/filmnow,high
S42,official_sample,redacted,llm,class_design,Class Design,8.0,10,"A submissão cria uma classe Filme separada, mantém FilmNow como classe de sistema com composição por arrays de Filme e possui uma classe MainFilmNow com métodos auxiliares. A modelagem principal existe, mas há imperfeições importantes na representação de igualdade/exibição de Filme e na interface pública testável de FilmNow.","submission/src/filmnow/Filme.java | submission/src/filmnow/FilmNow.java: atributos filmes e listaHot | submission/src/filmnow/FilmNow.java: cadastraFilme(...) | submission/src/filmnow/MainFilmNow.java: main(...), comando(...), métodos auxiliares | submission/src/filmnow/Filme.java: equals(Object) | submission/src/filmnow/Filme.java: toString() | submission/src/filmnow/FilmNow.java | submission/src/filmnow/MainFilmNow.java: adicionaFilme(...), mostrarFilmes(...), detalharFilme(...)",high
S42,official_sample,redacted,llm,object_references,Object References and Composition,8.5,10,Há boa evidência de composição: FilmNow mantém arrays de objetos Filme e cria instâncias de Filme conforme o cadastro. O uso de static fica essencialmente concentrado em constantes e nos métodos auxiliares do Main. A principal falha conceitual de referências é a comparação de Strings com == para o ano.,"submission/src/filmnow/FilmNow.java: private Filme[] filmes | submission/src/filmnow/FilmNow.java: private Filme[] listaHot | submission/src/filmnow/FilmNow.java: cadastraFilme(...) | submission/src/filmnow/MainFilmNow.java: FilmNow fn = new FilmNow() | submission/src/filmnow/Filme.java: equals(Object) | submission/src/filmnow/FilmNow.java: filmeExiste(String, String)",high
S42,official_sample,redacted,llm,collections_and_arrays,Collections and Arrays,5.5,10,"A solução usa arrays com tamanhos coerentes com o enunciado para filmes e HotList, mas o controle de posições e quantidades está bastante inconsistente. As restrições de 100 filmes e 10 posições da HotList aparecem nominalmente, porém vários acessos aos arrays estão sujeitos a erro ou a comportamento fora da especificação.","submission/src/filmnow/FilmNow.java: TAMANHO, tamanhoHOT, filmes, listaHot | submission/src/filmnow/FilmNow.java: getFilmes() | submission/src/filmnow/FilmNow.java: filmesExistentes(Filme[]) | submission/src/filmnow/MainFilmNow.java: mostrarFilmes(...) | submission/src/filmnow/FilmNow.java: cadastraFilme(...) | submission/src/filmnow/FilmNow.java: getFilme(int) | submission/src/filmnow/FilmNow.java: quantidadeFilmes | submission/src/filmnow/FilmNow.java: filmeExiste(...) | submission/src/filmnow/FilmNow.java: adicionaFilmeHot(int, int) | submission/src/filmnow/FilmNow.java: removeHot(int)",high
S42,official_sample,redacted,llm,separation_of_concerns,Separation of Concerns,5.5,10,"Existe separação inicial entre interface, sistema e entidade, e o Main é responsável pela maior parte da entrada e saída. Contudo, regras de domínio ficam misturadas no Main, FilmNow imprime mensagens diretamente em algumas operações e Filme não concentra adequadamente suas representações textuais.","submission/src/filmnow/MainFilmNow.java: menu(...), comando(...), adicionaFilme(...), mostrarFilmes(...), detalharFilme(...) | submission/src/filmnow/FilmNow.java: cadastraFilme(...), adicionaFilmeHot(...), removeHot(...) | submission/src/filmnow/Filme.java: getters e toString() | submission/src/filmnow/FilmNow.java: adicionaFilmeHot(int, int) | submission/src/filmnow/FilmNow.java: removeHot(int) | submission/src/filmnow/MainFilmNow.java: adicionaFilme(...) | submission/src/filmnow/FilmNow.java: cadastraFilme(...) | submission/src/filmnow/Filme.java: toString() | submission/src/filmnow/MainFilmNow.java: formataFilme(...) | submission/src/filmnow/MainFilmNow.java: detalharFilme(...)",high
S42,official_sample,redacted,llm,readability_and_documentation,Readability and Documentation,7.0,10,"O código é em geral legível, com nomes compreensíveis e bastante documentação Javadoc nas classes e em muitos métodos. Ainda assim, há inconsistências de estilo, alguns métodos públicos sem documentação e trechos com fluxo confuso que prejudicam a manutenção.","submission/src/filmnow/Filme.java | submission/src/filmnow/FilmNow.java | submission/src/filmnow/MainFilmNow.java | submission/src/filmnow/LeitorFilmNow.java | submission/src/filmnow/Filme.java: getNome(), getAno(), getLocal(), toString() | submission/src/filmnow/FilmNow.java: tamanhoHOT | submission/src/filmnow/FilmNow.java: getFilme(int) | submission/src/filmnow/FilmNow.java: adicionaFilmeHot(int, int) | submission/src/filmnow/FilmNow.java: removeHot(int) | submission/src/filmnow/FilmNow.java: removeHot(int), filmesExistentes(Filme[]) | submission/src/filmnow/MainFilmNow.java: detalharFilme(...), adicionaFilme(...)",high
S43,official_sample,redacted,llm,basic_functionality,Basic Functionality,2.5,10,"Há implementação parcial de cadastro e detalhamento de filmes, mas o pacote tem um provável problema de compilação, a listagem está praticamente quebrada para posições vazias e a HotList não foi implementada. Assim, apenas parte do fluxo básico pode ser reconhecida por leitura estática.",submission/src/filmnow/FIlme.java | submission/src/filmnow/FilmNow.java#adicionarFilme | submission/src/filmnow/FilmNow.java#listarFilmes | submission/src/filmnow/FilmNow.java#detalhesFilme | submission/src/filmnow/MainFilmNow.java#main | declaração public class Filme | submission/src/filmnow/FilmNow.java | submission/src/filmnow/FIlme.java#equals,medium
S43,official_sample,redacted,llm,unit_tests,Unit Tests,0,10,"Não há arquivos de teste JUnit na submissão, portanto não há evidência de testes para Filme, FilmNow, cadastro, listagem, detalhamento ou HotList.",Contagem de arquivos de teste informada: 0 | Árvore da submissão sem diretório ou arquivos de teste | Test file count: 0 | Source tree sem arquivos de teste,medium
S43,official_sample,redacted,llm,class_design,Class Design,8,10,"A solução demonstra a modelagem central esperada com Filme e FilmNow em composição, além de uma classe principal. As perdas vêm da ausência de modelagem da HotList no sistema e da interface concentrada em um único método main, sem modularização.",submission/src/filmnow/FIlme.java | submission/src/filmnow/FilmNow.java#listaFilmes | submission/src/filmnow/FilmNow.java#FilmNow | submission/src/filmnow/MainFilmNow.java#main | submission/src/filmnow/FilmNow.java,medium
S43,official_sample,redacted,llm,object_references,Object References and Composition,8,10,"A composição principal foi implementada: FilmNow armazena referências para objetos Filme e cria filmes durante o cadastro. A principal falha conceitual está no uso de == para comparar strings no equals, o que confunde identidade de referência com igualdade de valor.",submission/src/filmnow/FilmNow.java#listaFilmes | submission/src/filmnow/FilmNow.java#adicionarFilme | submission/src/filmnow/MainFilmNow.java#main | submission/src/filmnow/FIlme.java#equals,medium
S43,official_sample,redacted,llm,collections_and_arrays,Collections and Arrays,5,10,"A solução usa um array de 100 posições para os filmes e converte corretamente posições de usuário para índice interno. Contudo, o uso do array não trata posições vazias na listagem e não há nenhuma estrutura para a HotList limitada a 10 posições.",submission/src/filmnow/FilmNow.java#MAX_FILMES | submission/src/filmnow/FilmNow.java#listaFilmes | submission/src/filmnow/FilmNow.java#adicionarFilme | submission/src/filmnow/FilmNow.java#listarFilmes | submission/src/filmnow/FilmNow.java,medium
S43,official_sample,redacted,llm,separation_of_concerns,Separation of Concerns,7,10,"Existe separação básica entre interface e lógica: MainFilmNow faz entrada/saída e FilmNow concentra as operações do sistema. Porém, a exibição dos filmes não está bem delegada a Filme, e FilmNow não assume a responsabilidade completa de gerenciar HotList.",submission/src/filmnow/MainFilmNow.java#main | submission/src/filmnow/FilmNow.java#adicionarFilme | submission/src/filmnow/FilmNow.java#listarFilmes | submission/src/filmnow/FilmNow.java#detalhesFilme | submission/src/filmnow/FIlme.java | submission/src/filmnow/FIlme.java#toString | submission/src/filmnow/FilmNow.java,medium
S43,official_sample,redacted,llm,readability_and_documentation,Readability and Documentation,7,10,"O código tem nomes em geral compreensíveis e Javadocs para classes e métodos públicos, mas a documentação é bastante superficial em vários pontos e há inconsistências de representação que reduziriam a clareza e a confiabilidade do código.",submission/src/filmnow/FIlme.java | submission/src/filmnow/FilmNow.java | submission/src/filmnow/LeitorFilmNow.java | submission/src/filmnow/MainFilmNow.java | submission/src/filmnow/FIlme.java#getNome | submission/src/filmnow/FIlme.java#setNome | submission/src/filmnow/FilmNow.java#adicionarFilme | submission/src/filmnow/FilmNow.java#detalhesFilme | submission/src/filmnow/FIlme.java#toString,medium
S44,official_sample,redacted,llm,basic_functionality,Basic Functionality,5.5,10,"A submissão implementa parte do fluxo principal: há cadastro em posições válidas, sobrescrita de posições, recuperação de filmes, listagem por varredura do array e uma HotList básica. Porém, várias regras funcionais centrais da especificação não foram implementadas ou ficaram apenas parcialmente cobertas, especialmente validações de cadastro, retorno/exibição correta de listagem e detalhamento, e consistência da HotList.","submission/src/filmnow/FilmNow.java: cadastraFilme(int, Filme) | submission/src/filmnow/FilmNow.java: getFilme(int) | submission/src/filmnow/FilmNow.java: adicionarHot(int, Filme), removerHot(int), getHotList() | submission/src/filmnow/MainFilmNow.java: adicionaFilme, mostrarFilmes, detalharFilme, adicionarHot, removerHot, exibirHotList | submission/src/filmnow/Filme.java: equals(Object) | submission/src/filmnow/MainFilmNow.java: adicionaFilme | submission/src/filmnow/MainFilmNow.java: mostrarFilmes | submission/src/filmnow/MainFilmNow.java: detalharFilme | submission/src/filmnow/FilmNow.java: getFilme(int), getFilmes() | submission/src/filmnow/FilmNow.java: adicionarHot(int, Filme), removerHot(int) | submission/src/filmnow/MainFilmNow.java: adicionarHot, removerHot, exibirHotList, detalharFilme",high
S44,official_sample,redacted,llm,unit_tests,Unit Tests,0,10,"Não há arquivos de teste na submissão. Assim, não há evidência de testes JUnit para Filme nem para FilmNow, apesar de a especificação exigir testes das classes com lógica testável.",Pacote informado: Test file count = 0 | Árvore de arquivos da submissão contém apenas arquivos em submission/src/filmnow,high
S44,official_sample,redacted,llm,class_design,Class Design,8,10,"Há uma modelagem orientada a objetos relevante, com Filme separado de FilmNow, FilmNow contendo arrays de Filme e uma classe MainFilmNow modularizada. A classe Filme representa os dados principais e implementa equals por nome e ano. As perdas vêm do fato de Filme não implementar representações textuais próprias e de FilmNow oferecer uma API ainda limitada para as operações completas do sistema.","submission/src/filmnow/Filme.java | submission/src/filmnow/FilmNow.java | submission/src/filmnow/MainFilmNow.java: menu, comando, adicionaFilme, mostrarFilmes, detalharFilme | submission/src/filmnow/MainFilmNow.java: adicionaFilme, mostrarFilmes, detalharFilme",high
S44,official_sample,redacted,llm,object_references,Object References and Composition,9,10,"O código demonstra boa compreensão de referências de objetos: FilmNow armazena objetos Filme, o leitor e o main criam objetos Filme e os repassam ao sistema, e não há uso problemático de static nas classes de domínio. A principal fragilidade é a duplicação do estado hot dentro de Filme além da referência na HotList, que pode ficar inconsistente.","submission/src/filmnow/FilmNow.java: atributos filmes e hotList | submission/src/filmnow/LeitorFilmNow.java: processaLinhaCsvFilmes | submission/src/filmnow/MainFilmNow.java: main, adicionaFilme | submission/src/filmnow/Filme.java: atributos de instância | submission/src/filmnow/Filme.java: isHot, setHot | submission/src/filmnow/FilmNow.java: adicionarHot(int, Filme)",high
S44,official_sample,redacted,llm,collections_and_arrays,Collections and Arrays,10,10,"A estrutura de dados principal atende ao laboratório: há um array de 100 posições para filmes e um array de 10 posições para HotList, com conversão correta entre posições de usuário de 1 a N e índices internos de 0 a N-1. As falhas funcionais da HotList foram avaliadas em funcionalidade e não comprometem, por si só, a escolha e uso básico das estruturas.","submission/src/filmnow/FilmNow.java: TAMANHO, filmes, hotList | submission/src/filmnow/FilmNow.java: getFilme(int), cadastraFilme(int, Filme), adicionarHot(int, Filme), removerHot(int), getFilmes(), getHotList()",high
S44,official_sample,redacted,llm,separation_of_concerns,Separation of Concerns,5.5,10,"Existe alguma divisão entre interface, sistema e entidade: MainFilmNow lida principalmente com entrada e saída, FilmNow guarda os filmes e Filme guarda os dados. Entretanto, a separação ainda é incompleta: FilmNow imprime mensagens, Main monta detalhes/listagens acessando diretamente os getters, e Filme não assume a representação textual esperada.","submission/src/filmnow/MainFilmNow.java | submission/src/filmnow/FilmNow.java | submission/src/filmnow/Filme.java | submission/src/filmnow/FilmNow.java: adicionarHot(int, Filme) | submission/src/filmnow/FilmNow.java: cadastraFilme(int, Filme) | submission/src/filmnow/MainFilmNow.java: adicionaFilme | submission/src/filmnow/LeitorFilmNow.java: processaLinhaCsvFilmes | submission/src/filmnow/MainFilmNow.java: mostrarFilmes, detalharFilme, exibirHotList",high
S44,official_sample,redacted,llm,readability_and_documentation,Readability and Documentation,5.5,10,"O código é geralmente legível, com nomes compreensíveis e organização simples. Porém, a documentação exigida em Javadoc está ausente na maior parte das classes públicas e muitos comentários são apenas comentários de linha que repetem o código ou usam termos imprecisos, reduzindo a qualidade documental.",submission/src/filmnow/Filme.java | submission/src/filmnow/FilmNow.java | submission/src/filmnow/MainFilmNow.java | submission/src/filmnow/LeitorFilmNow.java | submission/src/filmnow/Filme.java: comentários de atributos e getters | submission/src/filmnow/FilmNow.java: comentários de métodos | submission/src/filmnow/LeitorFilmNow.java: processaLinhaCsvFilmes,high
S45,official_sample,redacted,llm,basic_functionality,Basic Functionality,8.5,10,"A implementação cobre o fluxo principal de cadastro, listagem, detalhamento e HotList, com validação de limites e uso de objetos de filme. As principais perdas estão em comportamentos de borda: detalhar posição válida vazia não retorna vazio como especificado, e algumas operações da HotList retornam mensagens semanticamente diferentes para posição inválida ou sem filme.","submission/src/filmnow/FilmNow.java: cadastraFilme(String,String,String,String) | submission/src/filmnow/FilmNow.java: getFilmes() | submission/src/filmnow/FilmNow.java: getFilme(String) | submission/src/filmnow/FilmNow.java: adicionaHot(String,String), hotToString(), deletaHot(String) | submission/src/filmnow/MainFilmNow.java: mostrarFilmes(FilmNow), detalharFilme(FilmNow,Scanner), atribuiHot(FilmNow,Scanner), exibeHot(FilmNow), removeHot(FilmNow,Scanner) | submission/src/filmnow/FilmNow.java: adicionaHot(String,String) | submission/src/filmnow/MainFilmNow.java: detalharFilme(FilmNow,Scanner)",high
S45,official_sample,redacted,llm,unit_tests,Unit Tests,5.5,10,"Há uma suíte JUnit real e relativamente ampla para FilmNow, especialmente para cadastro e vários casos da HotList. Porém os testes da classe de filme cobrem praticamente só equals, e os testes de listagem, detalhamento válido, detalhamento hot e exibição completa da HotList são incompletos.",submission/testes/filmnow/FilmeTest.java | submission/testes/filmnow/FilmNowTest.java: testCadastraFilme0 a testCadastraFilme12 | submission/testes/filmnow/FilmNowTest.java: testAdicionaHot1 a testAdicionaHot7_2 | submission/testes/filmnow/FilmNowTest.java: testDeletaHot1 a testDeletaHot4 | submission/testes/filmnow/FilmNowTest.java: testGetFilme1 a testGetFilme4 | submission/testes/filmnow/FilmNowTest.java | submission/testes/filmnow/FilmNowTest.java: testAdicionaHot1 a testDeletaHot4,high
S45,official_sample,redacted,llm,class_design,Class Design,9.0,10,"A solução possui uma classe equivalente a Filme, uma classe FilmNow que compõe filmes e uma classe MainFilmNow modularizada. A modelagem central está presente; a principal limitação é que a entidade de filme ainda é um pouco pobre em comportamento de exibição, deixando parte da representação textual fora dela.","submission/src/filmnow/Filmes.java | submission/src/filmnow/FilmNow.java: atributos filmes e hotList; construtor FilmNow() | submission/src/filmnow/MainFilmNow.java: main(String[]), comando(String,FilmNow,Scanner), adicionaFilme(FilmNow,Scanner), mostrarFilmes(FilmNow) | submission/src/filmnow/Filmes.java: detalhesString() | submission/src/filmnow/FilmNow.java: getFilme(String), hotToString()",high
S45,official_sample,redacted,llm,object_references,Object References and Composition,10,10,"A submissão demonstra corretamente a ideia de composição: FilmNow mantém referências para objetos Filmes, cria objetos quando cadastra filmes e usa referências na HotList. O uso de static fica restrito a constantes e à classe de interface com main, o que é compatível com o laboratório.","submission/src/filmnow/FilmNow.java: private Filmes[] filmes; private Filmes[] hotList | submission/src/filmnow/FilmNow.java: cadastraFilme(String,String,String,String) | submission/src/filmnow/FilmNow.java: adicionaHot(String,String), ehHot(Filmes), temFilme(Filmes) | submission/src/filmnow/Filmes.java: equals(Object), hashCode()",high
S45,official_sample,redacted,llm,collections_and_arrays,Collections and Arrays,10,10,"O armazenamento principal respeita o limite de 100 filmes e a HotList respeita o limite de 10 posições. As posições externas de 1 a 100 e de 1 a 10 são convertidas corretamente para índices internos iniciando em 0, sem desperdício da primeira posição.","submission/src/filmnow/FilmNow.java: TAMANHO, filmes, hotList, FilmNow() | submission/src/filmnow/FilmNow.java: ehPosicaoValida(String), ehPosicaoHotValida(String) | submission/src/filmnow/FilmNow.java: cadastraFilme(String,String,String,String), getFilme(String), adicionaHot(String,String), deletaHot(String)",high
S45,official_sample,redacted,llm,separation_of_concerns,Separation of Concerns,8.0,10,"A separação geral é boa: MainFilmNow cuida da interação com usuário, FilmNow gerencia cadastro/lista/HotList, e Filmes guarda os dados e igualdade. A perda principal é que a entidade Filme não assume suficientemente a responsabilidade pela sua própria representação textual, então FilmNow e Main acabam montando parte da saída.","submission/src/filmnow/MainFilmNow.java | submission/src/filmnow/FilmNow.java | submission/src/filmnow/Filmes.java | submission/src/filmnow/LeitorFilmNow.java: processaLinhaCsvFilmes(String[],FilmNow) | submission/src/filmnow/Filmes.java: detalhesString(), getNome(), getAno() | submission/src/filmnow/FilmNow.java: getFilme(String), hotToString() | submission/src/filmnow/MainFilmNow.java: formataFilme(int,String), mostrarFilmes(FilmNow)",high
S45,official_sample,redacted,llm,readability_and_documentation,Readability and Documentation,8.0,10,"O código é compreensível, usa nomes majoritariamente claros e possui Javadocs em boa parte das classes e métodos. Há, contudo, documentação por vezes superficial ou com erros de escrita, alguns métodos públicos sem Javadoc e pequenas escolhas de nomenclatura que reduzem a qualidade geral.","submission/src/filmnow/Filmes.java | submission/src/filmnow/FilmNow.java | submission/src/filmnow/MainFilmNow.java | submission/src/filmnow/FilmNow.java: comentários de getFilme, adicionaHot, ehAnoValido, ehPosicaoHotValida | submission/src/filmnow/MainFilmNow.java: atribuiHot(FilmNow,Scanner), exibeHot(FilmNow), removeHot(FilmNow)",high
S46,official_sample,redacted,llm,basic_functionality,Basic Functionality,7,10,"A submissão implementa o fluxo principal de cadastro, listagem, detalhamento e HotList para casos simples, mas há falhas relevantes em entradas de borda, posições vazias/inválidas e alguns requisitos especificados como ano vazio e exibição da HotList.","submission/src/filmnow/FilmNow.java:cadastraFilme | submission/src/filmnow/FilmNow.java:existeFilme | submission/src/filmnow/FilmNow.java:mostrarFilmes | submission/src/filmnow/FilmNow.java:detalharFilme | submission/src/filmnow/FilmNow.java:atribuirHotFilme, removerHotFilme, exibirHotList | submission/src/filmnow/Filme.java:equals, toString | submission/src/filmnow/MainFilmNow.java:adicionaFilme | submission/src/filmnow/FilmNow.java:getFilme | submission/src/filmnow/FilmNow.java:atribuirHotFilme | submission/src/filmnow/FilmNow.java:removerHotFilme | submission/src/filmnow/FilmNow.java:exibirHotList | submission/src/filmnow/FilmNow.java:formataFilme",high
S46,official_sample,redacted,llm,unit_tests,Unit Tests,6.5,10,"Há testes reais para Filme e FilmNow, cobrindo vários caminhos felizes e alguns erros, mas a suíte não cobre várias condições-limite centrais do roteiro e alguns testes são fracos por reproduzirem a lógica da implementação em vez de verificar comportamentos independentes.","submission/testes/FilmeTest.java | submission/testes/FilmNowTest.java:addFilme | submission/testes/FilmNowTest.java:detalharFilme | submission/testes/FilmNowTest.java:MostrarFilmes | submission/testes/FilmNowTest.java:AdicionarHostList, ExibirHostList, RemoverHostList | submission/testes/FilmeTest.java:testNomeAno | submission/testes/FilmeTest.java:testEquals | submission/testes/FilmeTest.java:testToString | submission/testes/FilmNowTest.java:AdicionarHostList | submission/testes/FilmNowTest.java:ExibirHostList | submission/testes/FilmNowTest.java:RemoverHostList",high
S46,official_sample,redacted,llm,class_design,Class Design,9,10,"O desenho principal esperado foi implementado: há uma classe Filme, uma classe FilmNow composta por filmes e uma classe MainFilmNow modularizada. A perda é pequena e decorre de exposição excessiva do estado interno.","submission/src/filmnow/Filme.java | submission/src/filmnow/FilmNow.java:filmes, hotFilmes, cadastraFilme | submission/src/filmnow/MainFilmNow.java:main, menu, comando, adicionaFilme, detalharFilme | submission/src/filmnow/FilmNow.java:getFilmes | submission/src/filmnow/FilmNow.java:getHotFilmes | submission/src/filmnow/Filme.java:atributos nome, ano, local",high
S46,official_sample,redacted,llm,object_references,Object References and Composition,9,10,A solução demonstra composição entre FilmNow e Filme e cria objetos de forma adequada. Há apenas um pequeno desvio da diretriz de evitar static fora do main e de constantes.,submission/src/filmnow/FilmNow.java:private Filme[] filmes | submission/src/filmnow/FilmNow.java:private Filme[] hotFilmes | submission/src/filmnow/FilmNow.java:cadastraFilme | submission/src/filmnow/FilmNow.java:atribuirHotFilme | submission/src/filmnow/MainFilmNow.java:main | submission/src/filmnow/FilmNow.java:formataFilme,high
S46,official_sample,redacted,llm,collections_and_arrays,Collections and Arrays,7.5,10,"A solução usa arrays de tamanho fixo para respeitar a capacidade de 100 filmes e 10 itens na HotList, mas a conversão entre posições do usuário e índices internos está inconsistente e compromete os limites superiores.","submission/src/filmnow/FilmNow.java:TAMANHO, TAMANHO_HOT | submission/src/filmnow/FilmNow.java:filmes, hotFilmes | submission/src/filmnow/FilmNow.java:mostrarFilmes | submission/src/filmnow/FilmNow.java:exibirHotList | submission/src/filmnow/FilmNow.java:cadastraFilme | submission/src/filmnow/FilmNow.java:getFilme | submission/src/filmnow/FilmNow.java:atribuirHotFilme | submission/src/filmnow/FilmNow.java:removerHotFilme",high
S46,official_sample,redacted,llm,separation_of_concerns,Separation of Concerns,8.5,10,"As responsabilidades estão em geral bem separadas: MainFilmNow lida com entrada/saída, FilmNow gerencia o sistema e Filme representa a entidade. A principal limitação é que parte da representação resumida do filme ficou em FilmNow em vez de ser delegada a Filme.","submission/src/filmnow/MainFilmNow.java:comando | submission/src/filmnow/MainFilmNow.java:adicionaFilme, mostrarFilmes, detalharFilme, exibirHotList, atribuirHot, removerHot | submission/src/filmnow/FilmNow.java:cadastraFilme, mostrarFilmes, detalharFilme, exibirHotList | submission/src/filmnow/Filme.java:toString, equals, nomeAno | submission/src/filmnow/FilmNow.java:formataFilme | submission/src/filmnow/FilmNow.java:mostrarFilmes | submission/src/filmnow/FilmNow.java:exibirHotList | submission/src/filmnow/Filme.java:toString, nomeAno",high
S46,official_sample,redacted,llm,readability_and_documentation,Readability and Documentation,8,10,"O código é em geral legível, com nomes compreensíveis e Javadocs em classes e vários métodos. As perdas vêm de documentação pública incompleta ou imprecisa e de alguns problemas de estilo Java que prejudicam clareza e manutenção.","submission/src/filmnow/Filme.java | submission/src/filmnow/FilmNow.java | submission/src/filmnow/MainFilmNow.java | submission/src/filmnow/Filme.java:getNome, setNome, getAno, setAno, getLocal, setLocal, nomeAno, equals, hashCode, toString | submission/src/filmnow/FilmNow.java:detalharFilme, mostrarFilmes, exibirHotList | submission/src/filmnow/Filme.java:atributos nome, ano, local e setters | submission/src/filmnow/FilmNow.java:comentários de métodos",high
S47,official_sample,redacted,llm,basic_functionality,Basic Functionality,8.5,10,"A submissão implementa o fluxo principal de adicionar, detalhar, listar pela interface e manipular HotList com estado coerente na maior parte dos casos. A maior perda funcional está em inconsistências da HotList, especialmente mensagens exigidas e a remoção pela interface, que podem quebrar casos de aceitação mesmo quando a estrutura interna é alterada corretamente.",submission/src/filmnow/FilmNow.java::cadastraFilme | submission/src/filmnow/FilmNow.java::detalharFilme | submission/src/filmnow/FilmNow.java::cadastraHot | submission/src/filmnow/FilmNow.java::removeHot | submission/src/filmnow/MainFilmNow.java::mostrarFilmes | submission/src/filmnow/MainFilmNow.java::exibeHot | submission/src/filmnow/MainFilmNow.java::removeHot,high
S47,official_sample,redacted,llm,unit_tests,Unit Tests,8,10,"Há uma suíte JUnit relevante para `Filme` e `FilmNow`, com muitos casos de cadastro, detalhamento e HotList. A cobertura, porém, ainda deixa lacunas importantes em listagem, sobrescrita, comportamento completo da HotList e alguns aspectos próprios de `Filme`.",submission/testes/FilmeTest.java | submission/testes/FilmNowTest.java::testAdicionarFilmePosicaoVazia | submission/testes/FilmNowTest.java::testAdicionarFilmePosicaoLimite | submission/testes/FilmNowTest.java::testDetalharFilmeHotList | submission/testes/FilmNowTest.java::testRemoverFilmeHotListPosicaoValida | submission/testes/FilmNowTest.java | submission/testes/FilmNowTest.java::testCadastrarFilmeHotListPosicaoValida,high
S47,official_sample,redacted,llm,class_design,Class Design,8.5,10,"O projeto contém as classes centrais esperadas: `Filme`, `FilmNow` e uma classe de interface com `main`, com composição real de `FilmNow` sobre objetos `Filme`. As principais imperfeições são de modelagem da posição como atributo do filme e uma API do gerenciador ainda muito baseada em exposição de arrays.",submission/src/filmnow/Filme.java | submission/src/filmnow/FilmNow.java | submission/src/filmnow/MainFilmNow.java | submission/src/filmnow/LeitorFilmNow.java::processaLinhaCsvFilmes | submission/src/filmnow/Filme.java::posicao | submission/src/filmnow/Filme.java::toString | submission/src/filmnow/FilmNow.java::getFilmes | submission/src/filmnow/FilmNow.java::getHotList | submission/src/filmnow/MainFilmNow.java::mostrarFilmes | submission/src/filmnow/MainFilmNow.java::exibeHot,high
S47,official_sample,redacted,llm,object_references,Object References and Composition,9,10,"A submissão demonstra bom uso de referências: `FilmNow` cria e armazena objetos `Filme`, a HotList referencia os mesmos objetos da lista principal e não há uso inadequado de `static` nas classes de domínio além de constantes. A perda é pequena e ligada a mutabilidade desnecessária da entidade.",submission/src/filmnow/FilmNow.java::filmes | submission/src/filmnow/FilmNow.java::hotList | submission/src/filmnow/FilmNow.java::cadastraFilme | submission/src/filmnow/FilmNow.java::cadastraHot | submission/src/filmnow/MainFilmNow.java::main | submission/src/filmnow/Filme.java::setNome | submission/src/filmnow/Filme.java::setAno | submission/src/filmnow/Filme.java::setLocal | submission/src/filmnow/FilmNow.java::removeHot,high
S47,official_sample,redacted,llm,collections_and_arrays,Collections and Arrays,9,10,"As estruturas principais respeitam os limites do enunciado: 100 filmes e 10 posições de HotList, com conversão correta de posições de usuário para índices internos nas operações centrais. Há apenas uma inconsistência localizada no método público `getFilme`.",submission/src/filmnow/FilmNow.java::TAMANHO | submission/src/filmnow/FilmNow.java::TAMANHO_HOTLIST | submission/src/filmnow/FilmNow.java::cadastraFilme | submission/src/filmnow/FilmNow.java::detalharFilme | submission/src/filmnow/FilmNow.java::cadastraHot | submission/src/filmnow/FilmNow.java::removeHot | submission/src/filmnow/FilmNow.java::getFilme,high
S47,official_sample,redacted,llm,separation_of_concerns,Separation of Concerns,7.5,10,"Existe separação básica: `MainFilmNow` lida com entrada e saída, `FilmNow` concentra grande parte das regras e `Filme` define igualdade e uma representação resumida. Ainda assim, parte da lógica de listagem e formatação ficou espalhada na interface e o detalhamento do filme não foi delegado à própria classe `Filme`.",submission/src/filmnow/MainFilmNow.java | submission/src/filmnow/FilmNow.java | submission/src/filmnow/Filme.java | submission/src/filmnow/LeitorFilmNow.java | submission/src/filmnow/MainFilmNow.java::mostrarFilmes | submission/src/filmnow/MainFilmNow.java::exibeHot | submission/src/filmnow/FilmNow.java::getFilmes | submission/src/filmnow/FilmNow.java::getHotList | submission/src/filmnow/FilmNow.java::detalharFilme,high
S47,official_sample,redacted,llm,readability_and_documentation,Readability and Documentation,5,10,"O código é compreensível, usa nomes em geral claros e métodos relativamente curtos. Porém, praticamente não há Javadoc nas classes implementadas pelo estudante, apesar da exigência do laboratório, e há pequenos sinais de limpeza e consistência que reduzem a qualidade geral.",submission/src/filmnow/Filme.java | submission/src/filmnow/FilmNow.java | submission/src/filmnow/MainFilmNow.java | submission/src/filmnow/LeitorFilmNow.java | submission/src/filmnow/FilmNow.java::cadastraFilme | submission/src/filmnow/FilmNow.java::removeHot | submission/src/filmnow/MainFilmNow.java::atribuiHot,high
S48,official_sample,redacted,llm,basic_functionality,Basic Functionality,4,10,"Há implementação real para cadastro e detalhamento de filmes, incluindo validações de posição e campos vazios, mas o pacote fonte não fecha compilação completa e a HotList está substancialmente fora da especificação. A listagem também apresenta problemas funcionais relevantes.","submission/src/filmnow/FilmNow.java: cadastraFilme(int,String,String,String) | submission/src/filmnow/FilmNow.java: detalharFilme(int) | submission/src/filmnow/Filme.java: toString(), nomeAno(), equals(Object) | submission/src/filmnow/MainFilmNow.java: mostrarFilmes(), mostrarHots(), adicionaHot(), removeHot() | submission/src/filmnow/LeitorFilmNow.java: processaLinhaCsvFilmes(String[], FilmNow) | submission/src/filmnow/LeitorFilmNow.java: processaLinhaCsvFilmes | submission/src/filmnow/FilmNow.java: atributo hot | submission/src/filmnow/FilmNow.java: cadastraHot(int) | submission/src/filmnow/FilmNow.java: removeHot(int) | submission/src/filmnow/MainFilmNow.java: adicionaHot(FilmNow,Scanner) | submission/src/filmnow/MainFilmNow.java: removeHot(FilmNow,Scanner) | submission/src/filmnow/MainFilmNow.java: mostrarFilmes() e formataFilme(int,String) | submission/src/filmnow/Filme.java: equals(Object)",high
S48,official_sample,redacted,llm,unit_tests,Unit Tests,5,10,"Há uma quantidade relevante de testes para cadastro e detalhamento em `filmnow/FilmNowTeste.java` e alguns testes de `Filme`, mas a suíte contém arquivos incompatíveis com a API atual e não cobre adequadamente listagem nem HotList. Os testes de `Filme` também são parciais.","submission/testes/filmnow/FilmNowTeste.java | submission/testes/filmnow/FilmeTeste.java | submission/testes/FilmeTeste.java | submission/testes/FilmNowTeste.java | submission/testes/FilmeTeste.java: preparaFilmes() e testEquals() | submission/testes/FilmNowTeste.java: adicionaTeste() | submission/src/filmnow/Filme.java: Filme(String,String,String) | submission/src/filmnow/FilmNow.java: cadastraFilme(int,String,String,String) | submission/src/filmnow/Filme.java: equals(Object) e toString() | submission/testes/filmnow/FilmNowTeste.java: adicionaTeste2(), detalhaTeste6() | submission/src/filmnow/MainFilmNow.java: mostrarFilmes(), mostrarHots() | submission/src/filmnow/FilmNow.java: cadastraHot(int), removeHot(int)",high
S48,official_sample,redacted,llm,class_design,Class Design,7.5,10,"A submissão cria uma classe `Filme`, mantém `FilmNow` composto por objetos `Filme` e preserva uma classe de interface com métodos auxiliares. Entretanto, a API de `FilmNow` é incompleta para listagem/HotList e parte do estado de `Filme` fica exposta, enfraquecendo o modelo orientado a objetos.","submission/src/filmnow/Filme.java | submission/src/filmnow/FilmNow.java: atributos filmes e hot, construtor, cadastraFilme() | submission/src/filmnow/MainFilmNow.java: comando(), adicionaFilme(), mostrarFilmes(), detalharFilme() | submission/src/filmnow/FilmNow.java: getFilmes(), getHots(), cadastraHot(int) | submission/src/filmnow/MainFilmNow.java: mostrarFilmes(), mostrarHots() | submission/src/filmnow/Filme.java: campo public boolean isHot | submission/src/filmnow/Filme.java: setHot(boolean) | submission/src/filmnow/FilmNow.java: detalharFilme(int)",high
S48,official_sample,redacted,llm,object_references,Object References and Composition,8,10,"O código demonstra a ideia principal de composição: `FilmNow` cria e armazena objetos `Filme`, e a HotList tenta referenciar os mesmos filmes. O uso de `static` fica concentrado na interface e em constante. As perdas vêm de problemas de gerenciamento seguro dessas referências.","submission/src/filmnow/FilmNow.java: cadastraFilme(), filmes, hot, getFilmes(), getHots() | submission/src/filmnow/Filme.java: setHot(boolean), isHot | submission/src/filmnow/MainFilmNow.java: métodos estáticos de interface | submission/src/filmnow/FilmNow.java: cadastraHot(int) | submission/src/filmnow/FilmNow.java: temFilme(Filme,Filme[]) | submission/src/filmnow/FilmNow.java: getFilmes(), getHots() | submission/src/filmnow/Filme.java: public boolean isHot",high
S48,official_sample,redacted,llm,collections_and_arrays,Collections and Arrays,7,10,"A estrutura principal de filmes usa corretamente um array de 100 posições com conversão de posição externa para índice interno. Porém, a estrutura da HotList não respeita o limite nem a semântica de posições exigidos pelo enunciado.","submission/src/filmnow/FilmNow.java: TAMANHO, filmes, construtor, cadastraFilme() | submission/src/filmnow/FilmNow.java: hot, ultimoHot, cadastraHot(), removeHot() | submission/src/filmnow/FilmNow.java: atributo hot | submission/src/filmnow/FilmNow.java: construtor | submission/src/filmnow/FilmNow.java: cadastraHot(int) | submission/src/filmnow/FilmNow.java: removeHot(int)",high
S48,official_sample,redacted,llm,separation_of_concerns,Separation of Concerns,7,10,"Existe uma separação inicial adequada: `MainFilmNow` concentra entrada/saída, `FilmNow` concentra parte das regras e `Filme` representa os dados e detalhes. Contudo, a listagem e parte das regras da HotList vazam para a interface, enquanto `FilmNow` expõe arrays para que o `Main` faça trabalho de domínio.","submission/src/filmnow/MainFilmNow.java | submission/src/filmnow/FilmNow.java | submission/src/filmnow/Filme.java: toString() | submission/src/filmnow/MainFilmNow.java: mostrarFilmes(), mostrarHots() | submission/src/filmnow/FilmNow.java: getFilmes(), getHots() | submission/src/filmnow/MainFilmNow.java: adicionaHot(), removeHot() | submission/src/filmnow/FilmNow.java: cadastraHot(int), removeHot(int) | submission/src/filmnow/MainFilmNow.java: mostrarFilmes() | submission/src/filmnow/Filme.java: getNome(), nomeAno()",high
S48,official_sample,redacted,llm,readability_and_documentation,Readability and Documentation,5.5,10,"O código é razoavelmente compreensível e tem métodos pequenos, mas a documentação Javadoc é incompleta para os elementos novos, há comentários herdados ou imprecisos e existem inconsistências de API que prejudicam manutenção e compilação.","submission/src/filmnow/Filme.java | submission/src/filmnow/FilmNow.java | submission/src/filmnow/MainFilmNow.java | submission/src/filmnow/LeitorFilmNow.java | submission/src/filmnow/FilmNow.java: getHots(), detalharFilme(), cadastraHot(), removeHot(), temFilme() | submission/src/filmnow/LeitorFilmNow.java: carregaContatos(), processaLinhaCsvFilmes() | submission/src/filmnow/MainFilmNow.java: detalharFilme() Javadoc menciona contato | submission/src/filmnow/FilmNow.java: cadastraFilme(int,String,String,String) | submission/src/filmnow/Filme.java: campo isHot e construtor | submission/src/filmnow/MainFilmNow.java: adicionaHot(), removeHot() | submission/src/filmnow/FilmNow.java: cadastraHot(), removeHot()",high
S49,official_sample,redacted,llm,basic_functionality,Basic Functionality,9,10,"A implementação cobre quase todo o fluxo funcional: cadastro com validações principais, detalhamento, listagem pela interface e operações centrais da HotList. A perda concentra-se em casos de erro da HotList em que posições sem filme não seguem a semântica exigida pela especificação.",submission/src/filmnow/FilmNow.java::cadastraFilme | submission/src/filmnow/FilmNow.java::detalhaFilme | submission/src/filmnow/FilmNow.java::cadastraHotList | submission/src/filmnow/FilmNow.java::removeHotList | submission/src/filmnow/MainFilmNow.java::mostrarFilmes | submission/src/filmnow/MainFilmNow.java::exibirHotList,high
S49,official_sample,redacted,llm,unit_tests,Unit Tests,7.5,10,"Há uma suíte JUnit substancial, com muitos casos de cadastro, detalhamento e HotList. Ainda assim, faltam alguns grupos pedidos no roteiro, especialmente testes de listagem/mostrar todos, testes mais completos da classe Filme e alguns cenários importantes de HotList e sobrescrita.",submission/testes/FilmeTest.java | submission/testes/FilmNowTest.java::cadastraFilme1 até cadastrarFilme10 | submission/testes/FilmNowTest.java::detalhaFilme1 até detalhaFilme6 | submission/testes/FilmNowTest.java::cadastraHotList1 até cadastraHotList5 | submission/testes/FilmNowTest.java::removeHotList1 até removeHotList3 | submission/testes/FilmNowTest.java::exibeFilmeHot1 | submission/testes/FilmNowTest.java::exibeFilmeHot2 | submission/testes/FilmeTest.java::setUp | submission/testes/FilmeTest.java::testEqualsTrue | submission/testes/FilmeTest.java::testEqualsFalse | submission/testes/FilmeTest.java::testToString | submission/testes/FilmNowTest.java::cadastraFilme2 | submission/testes/FilmNowTest.java | submission/testes/FilmNowTest.java::detalhaFilme6,high
S49,official_sample,redacted,llm,class_design,Class Design,10,10,"A submissão implementa as classes centrais esperadas e demonstra a modelagem básica do domínio: `Filme` representa a entidade, `FilmNow` compõe e gerencia filmes e HotList, e `MainFilmNow` organiza a interface textual em métodos auxiliares.",submission/src/filmnow/Filme.java | submission/src/filmnow/Filme.java::equals | submission/src/filmnow/Filme.java::hashCode | submission/src/filmnow/FilmNow.java | submission/src/filmnow/FilmNow.java::filmes | submission/src/filmnow/FilmNow.java::hotList | submission/src/filmnow/MainFilmNow.java::main | submission/src/filmnow/MainFilmNow.java::comando,high
S49,official_sample,redacted,llm,object_references,Object References and Composition,10,10,"A solução usa composição de forma adequada: `FilmNow` armazena referências para objetos `Filme`, cria novos filmes ao cadastrar e usa referências aos mesmos objetos na HotList. Não há uso indevido de estado estático nas classes de domínio.",submission/src/filmnow/FilmNow.java::filmes | submission/src/filmnow/FilmNow.java::hotList | submission/src/filmnow/FilmNow.java::cadastraFilme | submission/src/filmnow/FilmNow.java::cadastraHotList | submission/src/filmnow/FilmNow.java::TAMANHO | submission/src/filmnow/FilmNow.java::TAMANHO_HT,high
S49,official_sample,redacted,llm,collections_and_arrays,Collections and Arrays,10,10,"As estruturas de dados respeitam os limites do enunciado e são usadas de forma coerente: 100 posições para a lista principal e 10 posições para a HotList, com conversão correta das posições públicas 1-based para índices internos 0-based.",submission/src/filmnow/FilmNow.java::TAMANHO | submission/src/filmnow/FilmNow.java::TAMANHO_HT | submission/src/filmnow/FilmNow.java::getFilmes | submission/src/filmnow/FilmNow.java::getHotList | submission/src/filmnow/FilmNow.java::getFilme | submission/src/filmnow/FilmNow.java::cadastraFilme | submission/src/filmnow/FilmNow.java::cadastraHotList,high
S49,official_sample,redacted,llm,separation_of_concerns,Separation of Concerns,8,10,"A divisão geral é boa: a interface cuida da interação, `FilmNow` gerencia o sistema e `Filme` representa a entidade. As perdas vêm de responsabilidades de exibição e listagem que ficam parcialmente espalhadas entre `MainFilmNow` e `FilmNow`, em vez de estarem mais bem encapsuladas no modelo.",submission/src/filmnow/MainFilmNow.java::adicionarFilme | submission/src/filmnow/MainFilmNow.java::detalharFilme | submission/src/filmnow/MainFilmNow.java::mostrarFilmes | submission/src/filmnow/FilmNow.java::cadastraFilme | submission/src/filmnow/FilmNow.java::detalhaFilme | submission/src/filmnow/Filme.java | submission/src/filmnow/FilmNow.java::getFilmes | submission/src/filmnow/Filme.java::toString | submission/src/filmnow/Filme.java::getNome | submission/src/filmnow/Filme.java::getAno | submission/src/filmnow/Filme.java::getPlataforma,high
S49,official_sample,redacted,llm,readability_and_documentation,Readability and Documentation,8,10,"O código é legível, com nomes em geral compreensíveis e bastante Javadoc nas classes principais. A nota não é máxima porque há documentação pública incompleta ou superficial e algumas inconsistências de nomenclatura que dificultam a manutenção.",submission/src/filmnow/Filme.java | submission/src/filmnow/FilmNow.java | submission/src/filmnow/MainFilmNow.java | submission/src/filmnow/LeitorFilmNow.java | submission/src/filmnow/Filme.java::getNome | submission/src/filmnow/Filme.java::setNome | submission/src/filmnow/Filme.java::getAno | submission/src/filmnow/Filme.java::setAno | submission/src/filmnow/Filme.java::getPlataforma | submission/src/filmnow/Filme.java::setPlataforma | submission/src/filmnow/Filme.java::localLancamento | submission/src/filmnow/FilmNow.java::temFilmeHt | submission/src/filmnow/LeitorFilmNow.java::carregaContatos,high
S50,official_sample,redacted,llm,basic_functionality,Basic Functionality,8,10,"A submissão implementa o fluxo principal de cadastro, detalhamento, listagem e HotList com boa cobertura funcional. O cadastro de filmes trata posições válidas, duplicidade por nome/ano, sobrescrita e campos vazios principais. O detalhamento funciona para filmes existentes, ausentes e marcados como hot. As perdas vêm principalmente de falhas localizadas na exibição da HotList, em posições vazias da HotList e em um erro de fronteira na listagem geral.","submission/src/filmnow/FilmNow.java: cadastraFilme, verificaFilmeExistente, detalhaFilme, exibeFilmes | submission/src/filmnow/FilmNow.java: adicionaHot, verificaFilmeHot, removeHot, exibirListaHot | submission/src/filmnow/Filme.java: equals, nomeAno, toString | submission/src/filmnow/FilmNow.java: exibirListaHot | submission/src/filmnow/FilmNow.java: verificaFilmeHot | submission/src/filmnow/FilmNow.java: removeHot | submission/src/filmnow/FilmNow.java: exibeFilmes | submission/src/filmnow/Filme.java: nomeAno | submission/src/filmnow/Filme.java: toString",high
S50,official_sample,redacted,llm,unit_tests,Unit Tests,8,10,"Há uma suíte de testes real e relativamente ampla para `Filme` e `FilmNow`, com testes independentes usando `@BeforeEach`. Os testes cobrem muitos casos exigidos de cadastro, detalhamento e parte da HotList. As perdas decorrem de lacunas em casos de borda e de alguns testes que validam o comportamento implementado mesmo quando ele diverge do roteiro.",submission/testes/testes/FilmNowTest.java | submission/testes/testes/FilmeTest.java | submission/testes/testes/FilmNowTest.java: testAdicionarFilmeDuplicadoNaHotlist | submission/testes/testes/FilmNowTest.java: testDetalharFilmeHotListSemAno | submission/testes/testes/FilmNowTest.java: testExibeListaHotSemFilmes | submission/testes/testes//FilmeTest.java,high
S50,official_sample,redacted,llm,class_design,Class Design,9.5,10,"O projeto contém as classes centrais esperadas: `Filme`, `FilmNow` e uma classe de interface com `main`. A relação de composição está bem representada por arrays de arrays de `Filme` dentro de `FilmNow`, e `Filme` encapsula nome, ano, local e igualdade por nome/ano. A perda é pequena e está ligada à escolha de uma única representação textual em `toString`, que mistura detalhamento completo e marcação de HotList.",submission/src/filmnow/Filme.java | submission/src/filmnow/FilmNow.java | submission/src/filmnow/MainFilmNow.java | submission/src/filmnow/Filme.java: toString | submission/src/filmnow/Filme.java: nomeAno | submission/src/film/filmnow/FilmNow.java: exibirListaHot,high
S50,official_sample,redacted,llm,object_references,Object References and Composition,10,10,"A submissão demonstra uso adequado de referências e composição: `FilmFilmNow` cria objetos `Filme`, armazena-os em arrays, manipula a mesma referência na HotList e no cadastro principal, e usa `static` apenas em constantes ou na classe de interface com `main`. Não há falha material neste critério.","submission/src/filmnow/FilmNow.java: filmes, filmesHot, cadastraFilme, adicionaHot, removeHot | submission/src/filmnow/MainFilmNow.java: main, comando | submission/src/filmnow/Filme.java: setHot, isHot",high
S50,official_sample,redacted,llm,collections_and_arrays,Collections and Arrays,9.5,10,"O armazenamento principal respeita o limite de 100 filmes, a HotList respeita o limite de 10 posições e o mapeamento entre posição pública e índice interno é usado corretamente na maior parte do sistema. Há apenas uma falha localizada de percurso que deixa a posição 100 fora da listagem.","submission/src/filmnow/FilmNow.java: atributos filmes e filmesHot | submission/src/filmnow/FilmNow.java: verificaPosicao, verificaPosicaoHot, getFilme, getFilmeHot, cadastraFilme | submission/testes/testes/FilmNowTest.java: testAdicionaFilmePosicaoLimite | submission/src/filmnow/FilmNow.java: exibeFilmes",high
S50,official_sample,redacted,llm,separation_of_concerns,Separation of Concerns,8.5,10,"A separação geral é boa: a interface textual coleta entradas e imprime saídas, `FilmNow` gerencia regras de cadastro/listagem/HotList e `Filme` representa os dados e igualdade. A principal perda vem da separação incompleta das representações textuais, pois a mesma saída detalhada de `Filme.toString()` é usada em contextos que exigem formatos diferentes.","submission/src/filmnow/MainFilmNow.java: adicionaFilme, detalharFilme, mostrarFilmes, adicionaFilmeHot, removeFilmesHot | submission/src/filmnow/FilmNow.java: cadastraFilme, detalhaFilme, exibeFilmes, adicionaHot, removeHot | submission/src/filmnow/Filme.java: nomeAno, toString, equals | submission/src/filmnow/LeitorFilmNow.java: processaLinhaCsvFilmes | submission/src/filmnow/FilmNow.java: exibeFilmes | submission/src/filmnow/FilmNow.java: exibirListaHot | submission/src/filmnow/Filme.java: toString | submission/src/filmnow/Filme.java: nomeAno",high
S50,official_sample,redacted,llm,readability_and_documentation,Readability and Documentation,8,10,"O código é compreensível, usa nomes em geral adequados e possui Javadocs em várias classes e métodos importantes. Ainda assim, há documentação ausente em alguns métodos públicos simples, comentários genéricos ou imprecisos e pequenos problemas de estilo/organização que reduzem a qualidade final sem comprometer a leitura global.","submission/src/filmnow/Filme.java | submission/src/filmnow/FilmNow.java | submission/src/filmnow/MainFilmNow.java | submission/src/filmnow/LeitorFilmNow.java | submission/src/filmnow/Filme.java: getNome, getAnoLancamento, getLocal, setHot, isHot, nomeAno | submission/src/filmnow/Filme.java: toString | submission/src/filmnow/Filme.java: nomeAno | submission/src/filmnow/FilmNow.java: cadastraFilme, verificaFilmeExistente",high
S51,official_sample,redacted,llm,basic_functionality,Basic Functionality,7.5,10,"A submissão implementa o fluxo principal de cadastro, listagem, detalhamento e uma HotList funcional em casos comuns. Entretanto, há falhas materiais em igualdade/validação de strings, no detalhamento sem ano e nas validações/saída da HotList, o que impede considerar as funcionalidades como completas.",submission/src/filmnow/FilmNow.java::cadastraFilme | submission/src/filmnow/FilmNow.java::getFilmesEmString | submission/src/filmnow/FilmNow.java::getFilmeDetalhado | submission/src/filmnow/FilmNow.java::setFilmeHotlist | submission/src/filmnow/FilmNow.java::removeFilmeHotList | submission/src/filmnow/FilmNow.java::toStringHotList | submission/src/filmnow/Filme.java::toString | submission/src/filmnow/Filme.java::equals | submission/srcTeste/testes/FilmNowTeste.java::testeDetalhaFilmeSemAno,high
S51,official_sample,redacted,llm,unit_tests,Unit Tests,6.5,10,"Há uma suíte JUnit real, com testes para `Filme` e `FilmNow`, cobrindo vários caminhos normais e alguns limites. A cobertura, porém, é incompleta em pontos centrais do enunciado, e alguns testes consolidam o comportamento incorreto da própria implementação em vez do comportamento especificado.",submission/srcTeste/testes/FilmeTeste.java | submission/srcTeste/testes/FilmNowTeste.java | submission/src/filmnow/Filme.java::equals | submission/srcTeste/testes/FilmNowTeste.java::cadastrarFilme | submission/srcTeste/testes/FilmNowTeste.java::cadastrarFilmeDuplicado | submission/srcTeste/testes/FilmNowTeste.java::testeDetalhaFilme | submission/srcTeste/testes/FilmNowTeste.java::testeDetalhaFilmePosicaoAcima | submission/srcTeste/testes/FilmNowTeste.java::testeRemoveFilmeHotList | submission/srcTeste/testes/FilmNowTeste.java::testeAdicionaFilmeHotListComPosicaoOcupada | submission/srcTeste/testes/FilmNowTeste.java::testeExibeHotList | submission/srcTeste/testes/FilmNowTeste.java::testeFilmeDuplicadoNaHotList,high
S51,official_sample,redacted,llm,class_design,Class Design,8.5,10,"O projeto contém as classes centrais esperadas: `Filme`, `FilmNow` e uma classe de interface com `main`. A composição entre `FilmNow` e `Filme` está clara. As principais perdas vêm de detalhes de modelagem da igualdade e do estado hot dentro da entidade filme.",submission/src/filmnow/Filme.java | submission/src/filmnow/FilmNow.java | submission/src/filmnow/MainFilmNow.java | submission/src/filmnow/Filme.java::equals | submission/src/filmnow/Filme.java::hashCode | submission/src/filmnow/Filme.java::hot | submission/src/filmnow/Filme.java::getHot | submission/src/filmnow/Filme.java::setHot | submission/src/filmnow/FilmNow.java::setFilmeHotlist,high
S51,official_sample,redacted,llm,object_references,Object References and Composition,10,10,"A submissão demonstra uso adequado de referências e composição: `FilmNow` armazena objetos `Filme`, cria filmes quando cadastra e a HotList referencia os mesmos objetos. O uso de métodos estáticos está concentrado na interface com usuário e em constantes.",submission/src/filmnow/FilmNow.java::filmes | submission/src/filmnow/FilmNow.java::hotList | submission/src/filmnow/FilmNow.java::cadastraFilme | submission/src/filmnow/FilmNow.java::setFilmeHotlist | submission/src/filmnow/MainFilmNow.java | submission/src/filmnow/LeitorFilmNow.java,high
S51,official_sample,redacted,llm,collections_and_arrays,Collections and Arrays,9.0,10,"O armazenamento principal respeita o limite de 100 filmes e a HotList respeita o limite estrutural de 10 posições. A solução usa arrays de objetos de forma coerente, mas há uma falha de segurança no acesso aos índices da HotList em posições inválidas.",submission/src/filmnow/FilmNow.java::FilmNow | submission/src/filmnow/FilmNow.java::cadastraFilme | submission/src/filmnow/FilmNow.java::getFilmesEmString | submission/src/filmnow/FilmNow.java::toStringHotList | submission/src/filmnow/FilmNow.java::setFilmeHotlist | submission/src/filmnow/FilmNow.java::removeFilmeHotList,high
S51,official_sample,redacted,llm,separation_of_concerns,Separation of Concerns,9.0,10,"A separação geral é boa: a interface lê e imprime, `FilmNow` gerencia o sistema e `Filme` representa os dados do filme. A principal limitação é que a representação resumida para listagem fica construída em `FilmNow`, e parte da apresentação da HotList fica embutida como estado textual do próprio filme.",submission/src/filmnow/MainFilmNow.java::adicionaFilme | submission/src/filmnow/MainFilmNow.java::mostrarFilmes | submission/src/filmnow/MainFilmNow.java::detalharFilme | submission/src/filmnow/FilmNow.java | submission/src/filmnow/Filme.java::toString | submission/src/filmnow/FilmNow.java::getFilmesEmString | submission/src/filmnow/FilmNow.java::toStringHotList | submission/src/filmnow/Filme.java::hot,high
S51,official_sample,redacted,llm,readability_and_documentation,Readability and Documentation,8.0,10,"O código é compreensível, usa nomes em geral informativos e possui Javadocs em boa parte dos métodos públicos. Ainda há problemas de consistência, alguns nomes herdados ou imprecisos e documentação por vezes superficial ou incorreta.",submission/src/filmnow/Filme.java | submission/src/filmnow/FilmNow.java | submission/src/filmnow/MainFilmNow.java | submission/src/filmnow/LeitorFilmNow.java | submission/src/filmnow/Filme.java::getLocal | submission/src/filmnow/FilmNow.java::cadastraFilme | submission/src/filmnow/FilmNow.java::setFilmeHotlist | submission/src/filmnow/LeitorFilmNow.java::carregaContatos | submission/src/filmnow/MainFilmNow.java::detalharFilme | submission/src/filmnow/Filme.java::Filme(),high
S52,official_sample,redacted,llm,basic_functionality,Basic Functionality,6,10,"A submissão implementa uma parte relevante do fluxo: cadastro de filmes com validações principais, detalhamento de filmes existentes, marcação hot e remoção hot em casos válidos. Porém, a funcionalidade de mostrar todos tem uma falha grave de execução, o detalhamento não segue os retornos especificados para posição vazia/inválida e a HotList fica incompleta em mensagens e exibição.","submission/src/filmnow/FilmNow.java::cadastraFilme(int,String,String,String) | submission/src/filmnow/FilmNow.java::contemFilme(Filme) | submission/src/filmnow/FilmNow.java::getFilme(int) | submission/src/filmnow/FilmNow.java::cadastraHot(int,int) | submission/src/filmnow/FilmNow.java::removeHot(int) | submission/src/filmnow/MainFilmNow.java::mostrarFilmes(FilmNow) | submission/src/filmnow/MainFilmNow.java::exibirHotList(FilmNow) | submission/src/filmnow/FilmNow.java::getFilmes()",high
S52,official_sample,redacted,llm,unit_tests,Unit Tests,6,10,"Há uma suíte de testes razoável e independente para vários casos de cadastro, detalhamento e HotList. Entretanto, faltam testes importantes da classe Filme, não há teste real da listagem de filmes, e alguns testes de FilmNow cristalizam comportamentos que divergem da especificação em vez de detectá-los.",submission/testes/filmnow/FilmNowTest.java | submission/testes/filmnow/FilmeTest.java | submission/testes/filmnow/FilmNowTest.java::testAdicionaFilmePosicaoLimite() | submission/testes/filmnow/FilmNowTest.java::testDetalharFilmeHot() | submission/testes/filmnow/FilmNowTest.java::testRemoveHot() | submission/src/filmnow/Filme.java::equals(Object) | submission/src/filmnow/Filme.java::getNome() | submission/src/filmnow/Filme.java::getAno() | submission/testes/filmnow/FilmNowTest.java::testDetalharFilmePosicaoSemFilme() | submission/src/filmnow/FilmNow.java::getFilmes() | submission/testes/filmnow/FilmNowTest.java::testAdicionarFilmeJaExistenteHotList() | submission/src/filmnow/MainFilmNow.java::exibirHotList(FilmNow),high
S52,official_sample,redacted,llm,class_design,Class Design,9,10,"A modelagem central foi bem atendida: há uma classe Filme com dados próprios e igualdade, uma classe FilmNow que compõe arrays de Filme e uma classe MainFilmNow modularizada para interação. A principal perda vem de uma API de FilmNow pouco coesa para listagem, pois expõe arrays e inclui efeito colateral em getter.","submission/src/filmnow/Filme.java | submission/src/filmnow/FilmNow.java | submission/src/filmnow/MainFilmNow.java | submission/src/filmnow/LeitorFilmNow.java::processaLinhaCsvFilmes(String[],FilmNow) | submission/src/filmnow/FilmNow.java::getFilmes() | submission/src/filmnow/FilmNow.java::getHotList() | submission/src/filmnow/MainFilmNow.java::mostrarFilmes(FilmNow)",high
S52,official_sample,redacted,llm,object_references,Object References and Composition,10,10,"O uso de referências está adequado ao escopo do lab: FilmNow armazena objetos Filme, cria filmes no cadastro, mantém a HotList como referências aos filmes existentes e restringe static ao main, auxiliares de interface e constantes.","submission/src/filmnow/FilmNow.java::filmes | submission/src/filmnow/FilmNow.java::hotList | submission/src/filmnow/FilmNow.java::cadastraFilme(int,String,String,String) | submission/src/filmnow/FilmNow.java::cadastraHot(int,int) | submission/src/filmnow/MainFilmNow.java",high
S52,official_sample,redacted,llm,collections_and_arrays,Collections and Arrays,9,10,"A estrutura de armazenamento principal respeita os limites do laboratório: 100 filmes e 10 itens na HotList, com conversão correta de posições 1..N para índices 0..N-1. A perda é pontual, por um acesso fixo e inseguro ao índice 1 dentro do getter de filmes.","submission/src/filmnow/FilmNow.java::TAMANHO | submission/src/filmnow/FilmNow.java::TAMANHOHOTLIST | submission/src/filmnow/FilmNow.java::posicaoValida(int,int) | submission/src/filmnow/FilmNow.java::cadastraFilme(int,String,String,String) | submission/src/filmnow/FilmNow.java::cadastraHot(int,int) | submission/src/filmnow/FilmNow.java::getFilmes()",high
S52,official_sample,redacted,llm,separation_of_concerns,Separation of Concerns,7,10,"Há separação básica entre interface, sistema e entidade Filme, mas a interface ainda conhece e percorre os arrays internos para montar listagens. Além disso, a representação de listagem não fica sob responsabilidade de Filme ou FilmNow, como esperado no desenho do lab.","submission/src/filmnow/MainFilmNow.java::adicionaFilme(FilmNow,Scanner) | submission/src/filmnow/MainFilmNow.java::detalharFilme(FilmNow,Scanner) | submission/src/filmnow/FilmNow.java::cadastraFilme(int,String,String,String) | submission/src/filmnow/FilmNow.java::cadastraHot(int,int) | submission/src/filmnow/Filme.java::toString() | submission/src/filmnow/MainFilmNow.java::mostrarFilmes(FilmNow) | submission/src/filmnow/MainFilmNow.java::exibirHotList(FilmNow) | submission/src/filmnow/FilmNow.java::getFilmes() | submission/src/filmnow/FilmNow.java::getHotList() | submission/src/filmnow/Filme.java::getNome() | submission/src/filmnow/MainFilmNow.java::formataFilme(int,String)",high
S52,official_sample,redacted,llm,readability_and_documentation,Readability and Documentation,8,10,"O código é, em geral, legível, com nomes compreensíveis e Javadocs em várias classes e métodos públicos. As perdas vêm de documentação incompleta em alguns métodos públicos e de um resíduo de depuração/efeito colateral em getFilmes(), que prejudica a clareza do código.",submission/src/filmnow/Filme.java | submission/src/filmnow/FilmNow.java | submission/src/filmnow/MainFilmNow.java | submission/src/filmnow/Filme.java::getNome() | submission/src/filmnow/Filme.java::getAno() | submission/src/filmnow/FilmNow.java::getFilmes() | submission/src/filmnow/FilmNow.java::getHotList(),high
S53,official_sample,redacted,llm,basic_functionality,Basic Functionality,6,10,"Há implementação real das quatro funcionalidades principais, incluindo cadastro, listagem pela interface, detalhamento básico e HotList. Porém, várias condições obrigatórias de borda e erro não fecham corretamente, especialmente posição 100, ano vazio, detalhamento de posição vazia/inválida e regras da HotList.",submission/src/filmnow/FilmNow.java::cadastraFilme | submission/src/filmnow/FilmNow.java::comparaFilme | submission/src/filmnow/MainFilmNow.java::mostrarFilmes | submission/src/filmnow/MainFilmNow.java::detalharFilme | submission/src/filmnow/FilmNow.java::adicionarHot | submission/src/filmnow/FilmNow.java::removerHot | submission/src/filmnow/FilmNow.java::exibirHotList | submission/src/filmnow/MainFilmNow.java::adicionaFilme | submission/src/filmnow/FilmNow.java::getFilme | submission/src/filmnow/FilmNow.java::removerHot(int) | submission/src/filmnow/FilmNow.java::removerHot(Filme),high
S53,official_sample,redacted,llm,unit_tests,Unit Tests,6,10,"A submissão contém testes JUnit reais para Filme e FilmNow, com vários asserts relevantes. A cobertura, entretanto, é parcial: há bons testes básicos de Filme e de algumas operações de cadastro/HotList, mas faltam muitos casos de borda exigidos, principalmente listagem, detalhamento e regras específicas da HotList.",submission/testes/FilmeTest.java | submission/testes/FilmNowTest.java::testCadastraFilmeSucesso | submission/testes/FilmNowTest.java::testCadastraFilmeJaAdicionado | submission/testes/FilmNowTest.java::testAdicionarHotSucesso | submission/testes/FilmNowTest.java::testRemoverHotSucesso | submission/testes/FilmNowTest.java::testExibirHotList | submission/testes/FilmeTest.java::testEquals | submission/testes/FilmeTest.java::testToString | submission/testes/FilmNowTest.java::testCadastraFilmePosicaoInvalida | submission/testes/FilmNowTest.java::testCadastraFilmeNomeLocalVazio | submission/testes/FilmNowTest.java | submission/src/filmnow/FilmNow.java::exibirHotList | submission/src/filmnow/MainFilmNow.java::detalharFilme,high
S53,official_sample,redacted,llm,class_design,Class Design,8.5,10,"A modelagem principal esperada está presente: há classe Filme, classe FilmNow com composição por array de Filme e classe MainFilmNow separada. As perdas são por encapsulamento e por parte da modelagem de exibição/consulta ter ficado fora das classes de domínio.",submission/src/filmnow/Filme.java | submission/src/filmnow/FilmNow.java::filmes | submission/src/filmnow/FilmNow.java::hotList | submission/src/filmnow/MainFilmNow.java | submission/src/filmnow/Filme.java::nome | submission/src/filmnow/Filme.java::ano | submission/src/filmnow/Filme.java::local | submission/src/filmnow/Filme.java::toString | submission/src/filmnow/Filme.java::nomeAno | submission/src/filmnow/FilmNow.java::getFilmes | submission/src/filmnow/FilmNow.java::getHotList | submission/src/filmnow/MainFilmNow.java::mostrarFilmes | submission/src/filmnow/MainFilmNow.java::detalharFilme,high
S53,official_sample,redacted,llm,object_references,Object References and Composition,8,10,A solução demonstra entendimento de composição: FilmNow mantém referências para objetos Filme e a HotList referencia os mesmos filmes cadastrados. Não há uso problemático de static nas classes de domínio. As perdas vêm da exposição direta dessas referências e de regras que deveriam ser delegadas ao modelo ficarem na interface.,submission/src/filmnow/FilmNow.java::cadastraFilme | submission/src/filmnow/FilmNow.java::filmes | submission/src/filmnow/FilmNow.java::hotList | submission/src/filmnow/MainFilmNow.java::main | submission/src/filmnow/MainFilmNow.java::carregaFilmes | submission/src/filmnow/FilmNow.java::getFilmes | submission/src/filmnow/FilmNow.java::getHotList | submission/src/filmnow/Filme.java::nome | submission/src/filmnow/Filme.java::ano | submission/src/filmnow/Filme.java::local | submission/src/filmnow/MainFilmNow.java::isHot | submission/src/filmnow/MainFilmNow.java::detalharFilme,high
S53,official_sample,redacted,llm,collections_and_arrays,Collections and Arrays,8,10,"Foram usadas estruturas adequadas ao escopo: array de Filme com limite 100 e HotList com limite 10. O principal problema é o mapeamento incorreto entre posições do usuário e índices do array, que deixa o índice 0 sem uso e quebra o limite superior.",submission/src/filmnow/FilmNow.java::TAMANHO | submission/src/filmnow/FilmNow.java::HOTLIST_TAMANHO | submission/src/filmnow/FilmNow.java::filmes | submission/src/filmnow/FilmNow.java::hotList | submission/src/filmnow/FilmNow.java::comparaFilme | submission/src/filmnow/FilmNow.java::exibirHotList | submission/src/filmnow/FilmNow.java::cadastraFilme | submission/src/filmnow/FilmNow.java::getFilme | submission/src/filmnow/MainFilmNow.java::mostrarFilmes | submission/src/filmnow/MainFilmNow.java::formataFilme,high
S53,official_sample,redacted,llm,separation_of_concerns,Separation of Concerns,6.5,10,"Existe uma separação inicial razoável: a interface cuida do menu, FilmNow gerencia parte do cadastro e HotList, e Filme representa a entidade. Porém, regras de listagem, detalhamento e status hot ficam muito dependentes da interface e de acesso direto aos arrays internos.",submission/src/filmnow/MainFilmNow.java::menu | submission/src/filmnow/MainFilmNow.java::comando | submission/src/filmnow/FilmNow.java::cadastraFilme | submission/src/filmnow/FilmNow.java::adicionarHot | submission/src/filmnow/Filme.java::toString | submission/src/filmnow/Filme.java::equals | submission/src/filmnow/MainFilmNow.java::mostrarFilmes | submission/src/filmnow/MainFilmNow.java::formataFilme | submission/src/filmnow/FilmNow.java::getFilmes | submission/src/filmnow/MainFilmNow.java::detalharFilme | submission/src/filmnow/MainFilmNow.java::isHot | submission/src/filmnow/FilmNow.java::getHotList,high
S53,official_sample,redacted,llm,readability_and_documentation,Readability and Documentation,6.5,10,"O código é legível em linhas gerais, com nomes compreensíveis e alguns Javadocs úteis, principalmente nas classes herdadas/alteradas. Ainda assim, a documentação da classe Filme e dos métodos novos da HotList está ausente, e há problemas de estilo/encapsulamento que reduzem a qualidade do código.",submission/src/filmnow/FilmNow.java | submission/src/filmnow/MainFilmNow.java | submission/src/filmnow/Filme.java | submission/src/filmnow/FilmNow.java::adicionarHot | submission/src/filmnow/FilmNow.java::removerHot(int) | submission/src/filmnow/FilmNow.java::removerHot(Filme) | submission/src/filmnow/FilmNow.java::exibirHotList | submission/src/filmnow/FilmNow.java::getHotList | submission/src/filmnow/Filme.java::nome | submission/src/filmnow/Filme.java::ano | submission/src/filmnow/Filme.java::local | submission/src/filmnow/FilmNow.java::getFilmes | submission/src/filmnow/LeitorFilmNow.java::carregaContatos | submission/src/filmnow/FilmNow.java::cadastraFilme,high
S54,official_sample,redacted,llm,basic_functionality,Basic Functionality,5.5,10,"A submissão implementa um fluxo básico de cadastro, listagem, detalhamento e HotList pela interface textual, mas várias regras obrigatórias ficam incompletas ou frágeis, especialmente posições limite, validações no modelo e operações da HotList.","submission/src/filmnow/FilmNow.java: atributos filmes, anos, locais e hot | submission/src/filmnow/FilmNow.java: getFilme, cadastraFilme, atribuirHot, removeHot | submission/src/filmnow/MainFilmNow.java: adicionaFilme, mostrarFilmes, detalharFilme, atribuirHot, removerHot, mostrarHotlist | submission/src/filmnow/Hotlist.java: cadastraHot, removeHotlist | submission/src/filmnow/FilmNow.java: cadastraFilme | submission/src/filmnow/MainFilmNow.java: adicionaFilme | submission/src/filmnow/FilmNow.java: getFilme | submission/src/filmnow/MainFilmNow.java: detalharFilme | submission/src/filmnow/MainFilmNow.java: atribuirHot, removerHot, mostrarHotlist",medium
S54,official_sample,redacted,llm,unit_tests,Unit Tests,0,10,"Não há arquivos de teste na submissão, portanto não há evidência de testes JUnit para Filme, FilmNow ou HotList.",Metadados da submissão: Test file count = 0 | Árvore de arquivos: apenas submission/src/filmnow/*.java | Árvore de arquivos da submissão,medium
S54,official_sample,redacted,llm,class_design,Class Design,3,10,"Há uma classe FilmNow e uma classe Hotlist, além de uma interface textual com métodos separados, mas falta a entidade Filme ou equivalente orientada a objetos e a composição central entre FilmNow e Filme esperada pelo laboratório.","submission/src/filmnow/FilmNow.java | submission/src/filmnow/Hotlist.java | submission/src/filmnow/MainFilmNow.java | submission/src/filmnow/FilmNow.java: atributos filmes, anos, locais | Ausência de submission/src/filmnow/Filme.java | submission/src/filmnow/FilmNow.java: private String[] filmes, locais; private int[] anos; private boolean[] hot",medium
S54,official_sample,redacted,llm,object_references,Object References and Composition,4,10,"A submissão instancia FilmNow e Hotlist e evita atributos globais estáticos fora de constantes, mas não usa referências de objetos Filme e coordena a HotList por índices e arrays, o que enfraquece bastante a composição.","submission/src/filmnow/MainFilmNow.java: main, carregaFilmes | submission/src/filmnow/LeitorFilmNow.java: carregaContatos, processaLinhaCsvFilmes | submission/src/filmnow/Hotlist.java: cadastraHot, removeHotlist | submission/src/filmnow/FilmNow.java: cadastraFilme | Ausência de classe Filme | submission/src/filmnow/FilmNow.java: atributo hot | submission/src/filmnow/Hotlist.java: private int[] filmeshot | submission/src/filmnow/MainFilmNow.java: atribuirHot, removerHot",medium
S54,official_sample,redacted,llm,collections_and_arrays,Collections and Arrays,6,10,"A solução usa arrays com limites de 100 filmes e 10 posições de HotList, mas o uso de índices públicos diretamente como índices internos causa erros de borda e a estrutura não protege seus próprios invariantes.","submission/src/filmnow/FilmNow.java: construtor, getFilmes, getAnos | submission/src/filmnow/Hotlist.java: construtor, getHotlist | submission/src/filmnow/FilmNow.java: getFilme, cadastraFilme, atribuirHot, removeHot | submission/src/filmnow/Hotlist.java: cadastraHot, removeHotlist | submission/src/filmnow/MainFilmNow.java: adicionaFilme, atribuirHot | submission/src/filmnow/Hotlist.java: removeHotlist chama fn.removeHot(this.filmeshot[posicaohotlist]) | submission/src/filmnow/MainFilmNow.java: atribuirHot não verifica se o filme existe",medium
S54,official_sample,redacted,llm,separation_of_concerns,Separation of Concerns,3,10,"Existe alguma separação física entre interface, armazenamento e HotList, mas regras centrais do domínio estão no Main, FilmNow é pouco responsável pelo gerenciamento exigido e não há classe Filme para assumir a exibição e igualdade dos filmes.","submission/src/filmnow/MainFilmNow.java: comando, adicionaFilme, mostrarFilmes, detalharFilme | submission/src/filmnow/FilmNow.java | submission/src/filmnow/Hotlist.java | submission/src/filmnow/MainFilmNow.java: adicionaFilme, atribuirHot, detalharFilme | submission/src/filmnow/FilmNow.java: getFilme | submission/src/filmnow/MainFilmNow.java: formataFilme, mostrarHotlist | submission/src/filmnow/FilmNow.java: private boolean[] hot | submission/src/filmnow/Hotlist.java: private int[] filmeshot | submission/src/filmnow/MainFilmNow.java: atribuirHot, removerHot",medium
S54,official_sample,redacted,llm,readability_and_documentation,Readability and Documentation,5,10,"O código é compreensível e possui Javadocs em várias classes e métodos, mas a documentação é superficial ou imprecisa em pontos importantes, há problemas de estilo e a legibilidade é prejudicada pela modelagem com arrays paralelos e regras espalhadas.","submission/src/filmnow/FilmNow.java | submission/src/filmnow/Hotlist.java | submission/src/filmnow/MainFilmNow.java | submission/src/filmnow/FilmNow.java: atribuirHot, removeHot | submission/src/filmnow/Hotlist.java: cadastraHot, removeHotlist | submission/src/filmnow/MainFilmNow.java: atribuirHot, removerHot | submission/src/filmnow/Hotlist.java: filmeshot, posicaohotlist, posicaofilmes | submission/src/filmnow/MainFilmNow.java: filmeadicionado, filmesarr, anosarr | submission/src/filmnow/FilmNow.java: import java.util.Arrays | submission/src/filmnow/MainFilmNow.java: import java.util.Arrays | submission/src/filmnow/MainFilmNow.java: adicionaFilme contém System.out.println(nome) | submission/src/filmnow/FilmNow.java: arrays paralelos | submission/src/filmnow/Hotlist.java e MainFilmNow.java: coordenação manual da HotList",medium
S55,official_sample,redacted,llm,basic_functionality,Basic Functionality,8,10,"A solução implementa o fluxo principal de cadastro, detalhamento, listagem pela interface e HotList, com validações importantes de posição, nome/local vazios e substituição de filmes. As perdas decorrem de falhas materiais em casos especificados: a igualdade de filmes usa comparação de referência para o ano, o que pode permitir duplicatas reais; posições vazias detalhadas pela interface imprimem null; e algumas validações/mensagens da HotList tratam posição sem filme como filme inválido.","submission/src/filmnow/FilmNow.java: cadastraFilme(int,String,String,String) | submission/src/filmnow/FilmNow.java: detalhaFilme(int) | submission/src/filmnow/FilmNow.java: atribuirHot(int,int), removerHot(int), constaHot(Filme) | submission/src/filmnow/MainFilmNow.java: comando(String,FilmNow,Scanner), mostrarFilmes(FilmNow), exibirHotList(FilmNow) | submission/src/filmnow/Filme.java: toString(), equals(Object) | submission/src/filmnow/Filme.java: equals(Object) | submission/src/filmnow/FilmNow.java: cadastraFilme(int,String,String,String) usa constaFilme/equals | submission/src/filmnow/MainFilmNow.java: detalharFilme(FilmNow,Scanner) | submission/src/filmnow/FilmNow.java: atribuirHot(int,int) | submission/testes/FilmNowTest.java: testAtribuirHotPosicaoFilmeVazia",high
S55,official_sample,redacted,llm,unit_tests,Unit Tests,8,10,"Há uma suíte JUnit ampla para Filme e FilmNow, cobrindo muitos casos de cadastro, limites, detalhamento e HotList. A cobertura é boa, mas não testa a funcionalidade de mostrar/listar todos os filmes e deixa escapar um defeito importante da igualdade por usar principalmente literais de String, além de não exercitar alguns casos esperados de equals contra objetos não Filme.","submission/testes/FilmeTest.java | submission/testes/FilmNowTest.java | submission/testes/FilmeTest.java: testEquals, testEqualsLocaisDiferentes, testEqualsAnosVaziosIguais | submission/src/filmnow/Filme.java: equals(Object)",high
S55,official_sample,redacted,llm,class_design,Class Design,9,10,"O modelo central está bem representado: há uma classe Filme com atributos próprios, uma classe FilmNow que compõe arrays de Filme e uma classe MainFilmNow modularizada para interface. A principal perda está na implementação da igualdade/hashCode da entidade Filme, que faz parte relevante da modelagem esperada para o laboratório.","submission/src/filmnow/Filme.java | submission/src/filmnow/FilmNow.java: atributos filmes e hotList | submission/src/filmnow/MainFilmNow.java: menu, comando, adicionaFilme, mostrarFilmes, detalharFilme, atribuirHot, removerHot | submission/src/filmnow/Filme.java: equals(Object), hashCode()",high
S55,official_sample,redacted,llm,object_references,Object References and Composition,9,10,"A composição principal foi implementada corretamente: FilmNow cria e armazena objetos Filme, a HotList reutiliza referências para filmes existentes, e o uso de static fica restrito a constantes e à classe de interface. A perda é pequena e decorre da exposição direta dos arrays internos, que permite manipulação externa das referências controladas por FilmNow.","submission/src/filmnow/FilmNow.java: filmes, hotList, cadastraFilme(int,String,String,String), atribuirHot(int,int) | submission/src/filmnow/MainFilmNow.java: main(String[]), carregaFilmes(String,FilmNow) | submission/src/filmnow/FilmNow.java: getFilmes(), getHotList() | submission/src/filmnow/MainFilmNow.java: mostrarFilmes(FilmNow), exibirHotList(FilmNow)",high
S55,official_sample,redacted,llm,collections_and_arrays,Collections and Arrays,9,10,"A estrutura de armazenamento atende ao problema: há array de Filme para 100 posições úteis e outro array para 10 posições úteis da HotList, com validações de limites. A dedução segue a diretriz oficial específica porque a implementação usa arrays de tamanho 101 e 11 para ignorar o índice 0.","submission/src/filmnow/FilmNow.java: TAMANHO, TAMANHOHOT, filmes, hotList | submission/src/filmnow/FilmNow.java: cadastraFilme(int,String,String,String), atribuirHot(int,int), removerHot(int), constaFilme(Filme), constaHot(Filme) | submission/src/filmnow/FilmNow.java: TAMANHO = 101, TAMANHOHOT = 11 | submission/src/filmnow/FilmNow.java: validações posicao < 1 ou posicao >= getTamanho...",high
S55,official_sample,redacted,llm,separation_of_concerns,Separation of Concerns,7.5,10,"A separação geral existe: MainFilmNow cuida da entrada/saída, FilmNow gerencia cadastro/detalhamento/HotList e Filme formata seus detalhes. Porém, parte da lógica de listagem e exibição da HotList fica na interface, que percorre arrays internos e monta strings diretamente, reduzindo a responsabilidade de FilmNow/Filme sobre operações de domínio testáveis.","submission/src/filmnow/MainFilmNow.java: adicionaFilme, mostrarFilmes, detalharFilme, exibirHotList, atribuirHot, removerHot | submission/src/filmnow/FilmNow.java: cadastraFilme, detalhaFilme, atribuirHot, removerHot | submission/src/filmnow/Filme.java: toString() | submission/src/filmnow/MainFilmNow.java: mostrarFilmes(FilmNow), exibirHotList(FilmNow) | submission/src/filmnow/FilmNow.java: getFilmes(), getHotList() | submission/src/filmnow/MainFilmNow.java: formataFilme(int,Filme) | submission/src/filmnow/Filme.java: getNome(), toString()",high
S55,official_sample,redacted,llm,readability_and_documentation,Readability and Documentation,8.5,10,"O código é legível, usa nomes claros e contém Javadocs em boa parte dos métodos públicos e principais. Há algumas inconsistências de documentação e escolhas que reduzem a clareza, mas não impedem a compreensão do programa.","submission/src/filmnow/Filme.java | submission/src/filmnow/FilmNow.java | submission/src/filmnow/MainFilmNow.java | submission/src/filmnow/LeitorFilmNow.java | submission/src/filmnow/Filme.java: getNome(), getAno(), getLocal() | submission/src/filmnow/FilmNow.java: Javadoc de detalhaFilme(int) | submission/src/filmnow/FilmNow.java: TAMANHO, TAMANHOHOT, getTamanhoFilmes(), getTamanhoHotList()",high
S56,official_sample,redacted,llm,basic_functionality,Basic Functionality,8,10,"A implementação cobre bem o fluxo central de cadastro, listagem e detalhamento de filmes, e possui uma HotList funcional para casos simples. As principais perdas estão na validação e completude da HotList, na distinção entre posição vazia e posição inválida ao detalhar pela interface, e em limitações de leitura da entrada textual.","submission/src/filmnow/FilmNow.java: cadastraFilme(int,String,int,String) | submission/src/filmnow/FilmNow.java: getFilmes(), getFilme(int), adicionarHot(int,int), removerHot(int), ehHot(int) | submission/src/filmnow/Filme.java: exibiFilme(), exibiFilmeHot(), toString() | submission/src/filmnow/MainFilmNow.java: mostrarFilmes(FilmNow), detalharFilme(FilmNow,Scanner), atribuirHot(FilmNow,Scanner), exibirHotList(FilmNow) | submission/src/filmnow/FilmNow.java: adicionarHot(int,int) usa `posicaoHot > TAMANHO` e grava em `hotList[posicaoHot - 1]` | submission/src/filmnow/FilmNow.java: adicionarHot(int,int) não procura duplicatas na HotList | submission/src/filmnow/FilmNow.java: removerHot(int) | submission/src/filmnow/FilmNow.java: getFilmesHot() | submission/src/filmnow/MainFilmNow.java: exibirHotList(FilmNow) | submission/src/filmnow/MainFilmNow.java: detalharFilme(FilmNow,Scanner) | submission/src/filmnow/FilmNow.java: getFilme(int) retorna null tanto para posição vazia quanto para posição inválida | submission/src/filmnow/MainFilmNow.java: adicionaFilme(FilmNow,Scanner)",high
S56,official_sample,redacted,llm,unit_tests,Unit Tests,5.5,10,"Há uma suíte real de testes e os casos de cadastro de FilmNow cobrem muitos limites importantes. Porém, os testes da classe Filme são muito incompletos para os grupos pedidos, e os testes de listagem/detalhamento e HotList deixam de verificar comportamentos essenciais, especialmente duplicidade, posições inválidas e exibição completa.","submission/teste/FilmNowTest.java: testAdicionarFilmeEmPosicaoVazia() até testAdicionarFilmeComNomeVazio() | submission/teste/FilmNowTest.java: testDetalharFilmeAdicionadoComTodosDados(), testDetalharFilmeAdicionadoSemAnoLancamento(), testDetalharFilmeHotList() | submission/teste/FilmNowTest.java: testAdicionarFilmeNaHotList(), testRemoverFilmeDaHotList() | submission/teste/FilmeTest.java: testExibiFilme(), testExibiFilmeHot() | submission/teste/FilmeTest.java | submission/teste/FilmNowTest.java: testDetalharFilmeEmPosicaoAbaixoDoLimiteInferior() | submission/teste/FilmNowTest.java: testDetalharFilmeEmPosicaoAcimaDoLimiteSuperior() | submission/src/filmnow/FilmNow.java: getFilmes(), getFilme(int) | submission/teste/FilmNowTest.java: testAdicionarFilmeNaHotList(), testRemoverFilmeDaHotList(), testDetalharFilmeHotList() | submission/src/filmnow/FilmNow.java: adicionarHot(int,int), removerHot(int), getFilmesHot()",high
S56,official_sample,redacted,llm,class_design,Class Design,10,10,"A submissão apresenta as classes centrais esperadas e demonstra a modelagem principal do laboratório: Filme como entidade própria, FilmNow como sistema que compõe filmes, e uma classe Main modularizada para a interface textual.",submission/src/filmnow/Filme.java | submission/src/filmnow/FilmNow.java | submission/src/filmnow/MainFilmNow.java | submission/src/filmnow/LeitorFilmNow.java,high
S56,official_sample,redacted,llm,object_references,Object References and Composition,10,10,"O código demonstra corretamente o uso de referências e composição: FilmNow cria e armazena objetos Filme, a HotList referencia filmes existentes, e o uso de membros estáticos fica restrito ao main e a constantes.","submission/src/filmnow/FilmNow.java: atributos `filmes` e `hotList` | submission/src/filmnow/FilmNow.java: construtor FilmNow() | submission/src/filmnow/FilmNow.java: cadastraFilme(int,String,int,String) | submission/src/filmnow/FilmNow.java: adicionarHot(int,int), ehHot(int) | submission/src/filmnow/MainFilmNow.java",high
S56,official_sample,redacted,llm,collections_and_arrays,Collections and Arrays,8,10,"A estrutura principal de armazenamento está correta: há um array de 100 filmes e uma HotList de 10 posições, com conversão adequada entre posição do usuário e índice interno na lista principal. A perda ocorre porque os limites da HotList não são aplicados corretamente em todas as operações, podendo gerar exceções.","submission/src/filmnow/FilmNow.java: `private static final int TAMANHO = 100` | submission/src/filmnow/FilmNow.java: atributos `Filme[] filmes` e `Filme[] hotList` | submission/src/filmnow/FilmNow.java: getFilmes(), getFilmesHot(), getFilme(int), cadastraFilme(int,String,int,String) | submission/src/filmnow/FilmNow.java: atributo `hotList = new Filme[10]` | submission/src/filmnow/FilmNow.java: adicionarHot(int,int) | submission/src/filmnow/FilmNow.java: removerHot(int)",high
S56,official_sample,redacted,llm,separation_of_concerns,Separation of Concerns,9,10,"A separação geral é boa: a interface concentra entrada e saída, FilmNow gerencia os filmes e Filme fornece representações textuais. A dedução é pequena e se deve a algumas regras de consulta/detalhamento e HotList ficarem espalhadas entre Main, FilmNow e Filme, o que causa decisões incorretas na interface.","submission/src/filmnow/MainFilmNow.java: comando(String,FilmNow,Scanner), adicionaFilme, mostrarFilmes, detalharFilme, atribuirHot, removerHot, exibirHotList | submission/src/filmnow/FilmNow.java: cadastraFilme, getFilmes, getFilme, adicionarHot, removerHot, ehHot | submission/src/filmnow/Filme.java: exibiFilme, exibiFilmeHot, toString | submission/src/filmnow/MainFilmNow.java: detalharFilme(FilmNow,Scanner) | submission/src/filmnow/FilmNow.java: getFilme(int), ehHot(int) | submission/src/filmnow/Filme.java: exibiFilmeHot()",high
S56,official_sample,redacted,llm,readability_and_documentation,Readability and Documentation,7.5,10,"O código é compreensível e possui documentação Javadoc em várias classes e métodos. Ainda assim, a documentação é frequentemente incompleta ou genérica, e há inconsistências de nomenclatura e formatação que reduzem a clareza geral.","submission/src/filmnow/Filme.java | submission/src/filmnow/FilmNow.java | submission/src/filmnow/MainFilmNow.java | submission/src/filmnow/LeitorFilmNow.java | submission/src/filmnow/Filme.java: Javadoc do construtor e de exibiFilme() | submission/src/filmnow/FilmNow.java: Javadocs de getFilmesHot(), removerHot(int), ehHot(int), cadastraFilme(int,String,int,String) | submission/src/filmnow/MainFilmNow.java: Javadocs com parâmetros genéricos em métodos auxiliares | submission/src/filmnow/Filme.java: atributo `name`, métodos `exibiFilme()` e `exibiFilmeHot()` | submission/src/filmnow/LeitorFilmNow.java: carregaContatos(String,FilmNow) | submission/src/filmnow/FilmNow.java: getFilmes(), getFilmesHot() com fechamento de chaves na mesma linha",high
S57,official_sample,redacted,llm,basic_functionality,Basic Functionality,6,10,"A submissão implementa parte relevante do fluxo: cadastro com limite 1..100, substituição por posição, rejeição de duplicados por nome/ano, listagem simples e alguma estrutura de HotList. Porém, há falhas funcionais importantes em detalhamento, HotList e no caso de filme sem ano, além de inconsistências de índice que podem causar exceções em posições-limite.","submission/src/filmnow/FilmNow.java: construtor, `cadastraFilme`, `existeFilme`, `atribuiHot`, `removerHot` | submission/src/filmnow/Filme.java: `equals`, `toString` | submission/src/filmnow/MainFilmNow.java: `mostrarFilmes`, `detalharFilme`, `mostrarHots`, `atribuirHot`, `removerHot` | submission/src/filmnow/Filme.java: atributo `private int ano` e construtor | submission/src/filmnow/FilmNow.java: `cadastraFilme(int posicao, String nome, int ano, String local)` | submission/src/filmnow/MainFilmNow.java: `adicionaFilme` | submission/src/filmnow/MainFilmNow.java: `detalharFilme` | submission/src/filmnow/FilmNow.java: `getFilme`, `eHot` | submission/src/filmnow/FilmNow.java: `verificaParametrosHot`, `atribuiHot`, `removerHot` | submission/src/filmnow/MainFilmNow.java: `mostrarHots`, `formataFilme`, `atribuirHot`",high
S57,official_sample,redacted,llm,unit_tests,Unit Tests,0,10,"Não há arquivos de teste na submissão. Assim, não há evidência de testes JUnit para `Filme` nem para `FilmNow`, apesar de o enunciado exigir testes para as classes com lógica testável.",Source tree informado: nenhum arquivo de teste listado | Pacote da submissão: `Test file count (not for grading): 0` | submission/src/filmnow/Filme.java | submission/src/filmnow/FilmNow.java | Árvore de arquivos da submissão sem diretório/arquivos de teste,high
S57,official_sample,redacted,llm,class_design,Class Design,9,10,"A modelagem central está presente: existe classe `Filme`, classe `FilmNow` com composição por array de filmes e HotList, e classe de interface com `main` modularizado. A perda é pequena porque algumas operações de domínio, especialmente representações de listagem/detalhamento, ficaram pouco encapsuladas nas classes de modelo/gerência.","submission/src/filmnow/Filme.java | submission/src/filmnow/FilmNow.java: atributos `filmes` e `hotList`, construtor | submission/src/filmnow/MainFilmNow.java: `main`, `menu`, `comando` | submission/src/filmnow/FilmNow.java: `getFilmes`, `getFilme`, `getHotFilmes` | submission/src/filmnow/MainFilmNow.java: `mostrarFilmes`, `mostrarHots`, `detalharFilme`, `formataFilme`",high
S57,official_sample,redacted,llm,object_references,Object References and Composition,10,10,"A submissão demonstra uso adequado de objetos e referências: `FilmNow` cria objetos `Filme`, armazena referências em arrays, e a HotList referencia filmes já existentes. Não há uso inadequado de `static` nas classes de domínio além de constante.","submission/src/filmnow/FilmNow.java: `private static final int TAMANHO`, `private Filme[] filmes`, `private Filme[] hotList`, `cadastraFilme`, `atribuiHot` | submission/src/filmnow/Filme.java: `equals` | submission/src/filmnow/MainFilmNow.java: `main` cria `new FilmNow()`",high
S57,official_sample,redacted,llm,collections_and_arrays,Collections and Arrays,7,10,"A estrutura de armazenamento principal respeita o limite de 100 filmes e há uma HotList com 10 posições. Contudo, há erros relevantes de indexação e validação no acesso aos arrays, especialmente na HotList e em métodos públicos que usam índices sem validação consistente.","submission/src/filmnow/FilmNow.java: construtor, `cadastraFilme`, `getFilmes`, `getHotFilmes` | submission/src/filmnow/MainFilmNow.java: `mostrarFilmes`, `mostrarHots` | submission/src/filmnow/FilmNow.java: `verificaParametrosHot`, `atribuiHot` | submission/src/filmnow/FilmNow.java: `getFilme`, `getHotFilme`, `eHot` | submission/src/filmnow/MainFilmNow.java: `detalharFilme`",high
S57,official_sample,redacted,llm,separation_of_concerns,Separation of Concerns,7,10,"Há separação básica: `MainFilmNow` concentra entrada/saída, `FilmNow` cadastra e gerencia arrays, e `Filme` representa um filme. Porém, a interface ainda manipula diretamente detalhes de domínio, acessa arrays/objetos e monta listagens e detalhamentos que poderiam estar em `FilmNow`/`Filme`.","submission/src/filmnow/FilmNow.java: `cadastraFilme`, `atribuiHot`, `removerHot` | submission/src/filmnow/Filme.java: `toString` | submission/src/filmnow/MainFilmNow.java: `mostrarFilmes`, `detalharFilme`, `formataFilme`, `mostrarHots` | submission/src/filmnow/MainFilmNow.java: `mostrarFilmes`, `mostrarHots`, `detalharFilme`, `formataFilme` | submission/src/filmnow/FilmNow.java: `getFilmes`, `getHotFilmes`, `getFilme` | submission/src/filmnow/MainFilmNow.java: `formataFilme`",high
S57,official_sample,redacted,llm,readability_and_documentation,Readability and Documentation,6,10,"O código é em geral compreensível e usa nomes próximos ao domínio, mas a documentação está incompleta, especialmente em `Filme` e nos métodos novos comentados com bloco comum em vez de Javadoc. Também há trechos com repetição de chamadas e convenções de índice inconsistentes que prejudicam a legibilidade.","submission/src/filmnow/Filme.java | submission/src/filmnow/FilmNow.java | submission/src/filmnow/MainFilmNow.java | submission/src/filmnow/Filme.java: classe e métodos públicos sem Javadoc | submission/src/filmnow/FilmNow.java: `getHotFilmes`, `getHotFilme`, `eHot`, `atribuiHot`, `removerHot` | submission/src/filmnow/MainFilmNow.java: `mostrarHots`, `atribuirHot`, `removerHot` | submission/src/filmnow/FilmNow.java: `cadastraFilme` | submission/src/filmnow/MainFilmNow.java: `atribuirHot`, `detalharFilme`",high
S58,official_sample,redacted,llm,basic_functionality,Basic Functionality,7.5,10,"A implementação cobre boa parte do fluxo principal: cadastro de filmes com validação de posição, nome/local vazios e duplicidade por nome/ano; detalhamento; listagem via interface; e operações principais da HotList. As perdas vêm de falhas relevantes em casos especificados da HotList, de algumas saídas incompletas na exibição e de um detalhe frágil no tratamento de ano vazio.","submission/src/filmnow/FilmNow.java: cadastraFilme(int,String,String,String) | submission/src/filmnow/FilmNow.java: conferirFilme(Filme) | submission/src/filmnow/FilmNow.java: detalhaFilme(int) | submission/src/filmnow/FilmNow.java: cadastraHotList(int,int), deletarHotList(int), deletarSobrescritoHotList(int) | submission/src/filmnow/MainFilmNow.java: comando(String,FilmNow,Scanner), mostrarFilmes(FilmNow), mostrarHotList(FilmNow) | submission/src/filmnow/Filme.java: equals(Object), filmeDetalhado() | submission/src/filmnow/FilmNow.java: cadastraHotList(int,int) | submission/src/filmnow/FilmNow.java: deletarHotList(int) | submission/src/filmnow/MainFilmNow.java: mostrarHotList(FilmNow) | submission/src/filmnow/MainFilmNow.java: mostrarFilmes(FilmNow) | submission/src/filmnow/MainFilmNow.java: formataFilme(int,String) | submission/src/filmnow/Filme.java: filmeDetalhado()",high
S58,official_sample,redacted,llm,unit_tests,Unit Tests,6,10,"Há uma suíte extensa para `FilmNow`, especialmente para cadastro, detalhamento e várias operações de HotList, com testes independentes usando `@BeforeEach`. Porém os testes de `Filme` cobrem praticamente só igualdade, e faltam testes relevantes para exibição/listagem, construtor/getters/toString e exibição da HotList.","submission/Teste/filmnow/FilmNowTeste.java: testarCadastrarFilmeEmPosicaoVazia(), testarCadastrarFilmePosicaoLimiteAlto(), testarCadastrarFilmeAbaixoLimite(), testarCadastrarFilmeNomeVazio() | submission/Teste/filmnow/FilmNowTeste.java: testarDetalhaFilmeNormal(), testarDetalhaFilmeAnoVazio(), testarDetalhaFilmeHotList() | submission/Teste/filmnow/FilmNowTeste.java: testarCadastrarHotListLimiteBaixo(), testarCadastrarHotFilmeJaAdicionado(), testarDeletarHotList() | submission/Teste/filmnow/FilmeTest.java: testEqualsIguais(), testEqualsDiferentes(), testEqualsNull() | submission/Teste/filmnow/FilmeTest.java | submission/Teste/filmnow/FilmNowTeste.java | submission/src/filmnow/MainFilmNow.java: mostrarFilmes(FilmNow), mostrarHotList(FilmNow) | submission/Teste/filmnow/FilmNowTeste.java: testarDeletarHotListPosicaoNull() | submission/src/filmnow/FilmNow.java: cadastraHotList(int,int), deletarHotList(int)",high
S58,official_sample,redacted,llm,class_design,Class Design,8,10,"A solução cria uma classe `Filme` com os dados essenciais e igualdade adequada por nome/ano, mantém `FilmNow` como classe gerenciadora com composição por arrays de `Filme[]`, e preserva uma classe de interface modularizada. As perdas se concentram na representação textual pouco adequada de `Filme` e na ausência de operações de listagem mais bem modeladas no domínio.","submission/src/filmnow/Filme.java | submission/src/filmnow/FilmNow.java: atributos filmes e hotList, construtor FilmNow() | submission/src/filmnow/MainFilmNow.java: main(String[]), comando(String,FilmNow,Scanner), adicionaFilme(FilmNow,Scanner) | submission/src/filmnow/Filme.java: toString(), filmeDetalhado() | submission/src/filmnow/MainFilmNow.java: formataFilme(int,String) | submission/src/filmnow/FilmNow.java: getFilmes(), gethotList() | submission/src/filmnow/MainFilmNow.java: mostrarFilmes(FilmNow), mostrarHotList(FilmNow)",high
S58,official_sample,redacted,llm,object_references,Object References and Composition,8.5,10,"A implementação demonstra a ideia central de composição: `FilmNow` armazena referências para objetos `Filme`, cria filmes no cadastro e reutiliza a mesma referência na HotList. O uso de estático é limitado a constante e métodos da interface. A principal perda é a manipulação de referências nulas na HotList e a dependência da interface para manter consistência em sobrescritas.","submission/src/filmnow/FilmNow.java: atributos filmes e hotList | submission/src/filmnow/FilmNow.java: cadastraFilme(int,String,String,String) | submission/src/filmnow/FilmNow.java: cadastraHotList(int,int), conferirHotList(Filme) | submission/src/filmnow/Filme.java: equals(Object) | submission/src/filmnow/FilmNow.java: cadastraHotList(int,int) | submission/src/filmnow/FilmNow.java: cadastraFilme(int,String,String,String), deletarSobrescritoHotList(int) | submission/src/filmnow/MainFilmNow.java: adicionaFilme(FilmNow,Scanner)",high
S58,official_sample,redacted,llm,collections_and_arrays,Collections and Arrays,9,10,"A solução usa arrays adequados para os dois limites centrais do lab: 100 filmes no sistema e 10 posições na HotList. As conversões entre posição do usuário e índice interno estão, em geral, corretas. A perda é localizada em validações incompletas de conteúdo nas posições da HotList, não na escolha da estrutura em si.","submission/src/filmnow/FilmNow.java: TAMANHO, atributos filmes e hotList, construtor FilmNow() | submission/src/filmnow/FilmNow.java: cadastraFilme(int,String,String,String) | submission/src/filmnow/FilmNow.java: cadastraHotList(int,int), deletarHotList(int) | submission/src/filmnow/FilmNow.java: getFilmes(), gethotList()",high
S58,official_sample,redacted,llm,separation_of_concerns,Separation of Concerns,7,10,"Há separação básica entre interface (`MainFilmNow`), gerenciador (`FilmNow`) e entidade (`Filme`). Entretanto, parte da lógica de listagem e da manutenção de consistência da HotList fica na interface, e a classe `Filme` não concentra plenamente as representações textuais usadas nas funcionalidades.","submission/src/filmnow/MainFilmNow.java: adicionaFilme(FilmNow,Scanner), detalharFilme(FilmNow,Scanner), comando(String,FilmNow,Scanner) | submission/src/filmnow/FilmNow.java: cadastraFilme(int,String,String,String), detalhaFilme(int), cadastraHotList(int,int) | submission/src/filmnow/Filme.java: filmeDetalhado(), equals(Object) | submission/src/filmnow/MainFilmNow.java: mostrarFilmes(FilmNow), mostrarHotList(FilmNow) | submission/src/filmnow/FilmNow.java: getFilmes(), gethotList() | submission/src/filmnow/MainFilmNow.java: adicionaFilme(FilmNow,Scanner), removerFilme(FilmNow,Scanner) | submission/src/filmnow/FilmNow.java: deletarSobrescritoHotList(int), cadastraFilme(int,String,String,String), removeFilme(int) | submission/src/filmnow/Filme.java: toString(), filmeDetalhado() | submission/src/filmnow/MainFilmNow.java: formataFilme(int,String)",high
S58,official_sample,redacted,llm,readability_and_documentation,Readability and Documentation,7,10,"O código é compreensível e muitas classes/métodos possuem Javadoc, especialmente em `FilmNow` e `MainFilmNow`. Ainda assim, há falta de documentação em `Filme`, nomes inconsistentes ou com erros de digitação, uso inadequado de comparação de strings e alguns comentários/documentações pouco objetivos.","submission/src/filmnow/FilmNow.java | submission/src/filmnow/MainFilmNow.java | submission/src/filmnow/LeitorFilmNow.java | submission/src/filmnow/Filme.java | submission/src/filmnow/FilmNow.java: BuscaFilme(String,String), gethotList() | submission/src/filmnow/MainFilmNow.java: artribuiHotList(FilmNow,Scanner) | submission/src/filmnow/Filme.java: filmeDetalhado() | submission/src/filmnow/FilmNow.java: contarErrosNoCadastroFilme(String[]), formatarSaidaCadastro(String[],int) | submission/src/filmnow/MainFilmNow.java: comentários de métodos auxiliares",high
S59,official_sample,redacted,llm,basic_functionality,Basic Functionality,5.5,10,"A submissão implementa parte relevante do fluxo: cadastra filmes em um vetor de 100 posições, lista nomes cadastrados e possui uma HotList básica. Entretanto, há falhas funcionais importantes em mensagens/retornos da adição, detalhamento de filme, tratamento de posições vazias e inválidas, e comportamento da HotList.","submission/src/filmnow/FilmNow.java: construtor, arrayFilmes e hotList | submission/src/filmnow/FilmNow.java: cadastraFilme | submission/src/filmnow/FilmNow.java: getFilmes e getFilmesHotList | submission/src/filmnow/MainFilmNow.java: mostrarFilmes, exibirHotList, adicionaFilmeHotList, removerHot | submission/src/filmnow/FilmNow.java: adicionaHot e removeHot | submission/src/filmnow/MainFilmNow.java: adicionaFilme | submission/src/filmnow/LeitorFilmNow.java: processaLinhaCsvFilmes | submission/src/filmnow/MainFilmNow.java: detalharFilme | submission/src/filmnow/FilmNow.java: getDadosFilme | submission/src/filmnow/Filme.java: toString | submission/src/filmnow/FilmNow.java: adicionaHot | submission/src/filmnow/FilmNow.java: removeHot | submission/src/filmnow/FilmNow.java: getFilmesHotList | submission/src/filmnow/MainFilmNow.java: exibirHotList",high
S59,official_sample,redacted,llm,unit_tests,Unit Tests,5.5,10,"Há testes reais em JUnit para Filme e FilmNow, com várias asserções e uso de BeforeEach. Eles cobrem alguns caminhos válidos e inválidos, mas deixam de exercitar muitos casos obrigatórios do roteiro, especialmente duplicidade, sobrescrita, limites inferiores, detalhamento completo, posição vazia e HotList em detalhes.",submission/Testes/TesteFilme.java | submission/Testes/TesteFilmNow.java | submission/Testes/TesteFilme.java: testToString | submission/Testes/TesteFilme.java: testes de equals | submission/Testes/TesteFilmNow.java: testCadastrarFilmeValido | submission/Testes/TesteFilmNow.java: testCadastrarFilmePosicaoInvalida | submission/Testes/TesteFilmNow.java: testCadastrarFilmeNomeInvalido | submission/Testes/TesteFilmNow.java: testCadastrarFilmeLocalInvalido | submission/Testes/TesteFilmNow.java: testAdicionarHotFilme | submission/Testes/TesteFilmNow.java: testAdicionarHotFilmeJaNaLista | submission/Testes/TesteFilmNow.java: testRemoverHotFilme | submission/Testes/TesteFilmNow.java: testGetDadosFilmePosicaoInvalida,high
S59,official_sample,redacted,llm,class_design,Class Design,8.0,10,"A solução cria uma classe Filme própria e usa FilmNow como gerenciador composto por objetos Filme, além de manter uma classe MainFilmNow para a interface. A modelagem central existe, mas há acoplamentos desnecessários na entidade Filme e uma modelagem frágil do estado hot.","submission/src/filmnow/Filme.java | submission/src/filmnow/FilmNow.java: atributos arrayFilmes e hotList | submission/src/filmnow/MainFilmNow.java: main, menu e comando | submission/src/filmnow/Filme.java: atributo posicao, construtor e verificaPosicao | submission/src/filmnow/FilmNow.java: cadastraFilme | submission/src/filmnow/FilmNow.java: adicionaHot | submission/src/filmnow/FilmNow.java: removeHot | submission/src/filmnow/Filme.java: setNome e veririficaHot",high
S59,official_sample,redacted,llm,object_references,Object References and Composition,8.0,10,"O código demonstra compreensão básica de referências: FilmNow cria e guarda objetos Filme, a HotList referencia objetos da lista principal, e o uso de static fica essencialmente restrito ao main, métodos auxiliares da interface e constantes. O principal problema é o uso de efeitos colaterais nas referências compartilhadas para representar HotList.",submission/src/filmnow/FilmNow.java: cadastraFilme | submission/src/filmnow/FilmNow.java: atributos arrayFilmes e hotList | submission/src/filmnow/MainFilmNow.java: main e métodos estáticos auxiliares | submission/src/filmnow/Filme.java: equals e hashCode | submission/src/filmnow/FilmNow.java: adicionaHot | submission/src/filmnow/FilmNow.java: removeHot | submission/src/filmnow/Filme.java: setNome,high
S59,official_sample,redacted,llm,collections_and_arrays,Collections and Arrays,8.0,10,"A estrutura de dados principal está adequada ao laboratório: um array de 100 filmes e um array de 10 filmes hot, usando índice interno posicao - 1. A maior falha ligada ao uso dos arrays é a falta de validação antes de acessar posições da HotList e da lista principal em algumas operações.",submission/src/filmnow/FilmNow.java: constantes TAMANHO e TAMANHOHOT | submission/src/filmnow/FilmNow.java: construtor | submission/src/filmnow/FilmNow.java: cadastraFilme | submission/src/filmnow/FilmNow.java: getFilmes e getFilmesHotList | submission/src/filmnow/FilmNow.java: adicionaHot | submission/src/filmnow/FilmNow.java: removeHot,high
S59,official_sample,redacted,llm,separation_of_concerns,Separation of Concerns,6.5,10,"Há uma separação básica entre interface, gerenciador e entidade, mas ela é inconsistente: FilmNow imprime mensagens, Filme conhece posição do sistema e marcador hot, e a formatação de exibição fica espalhada entre Filme, FilmNow e MainFilmNow.","submission/src/filmnow/MainFilmNow.java | submission/src/filmnow/FilmNow.java | submission/src/filmnow/Filme.java | submission/src/filmnow/FilmNow.java: cadastraFilme | submission/src/filmnow/MainFilmNow.java: adicionaFilme | submission/src/filmnow/Filme.java: verificaPosicao | submission/src/filmnow/Filme.java: veririficaHot | submission/src/filmnow/FilmNow.java: adicionaHot | submission/src/filmnow/Filme.java: toString | submission/src/filmnow/FilmNow.java: getFilmes, getFilmesHotList e getDadosFilme | submission/src/filmnow/MainFilmNow.java: formataFilme",high
S59,official_sample,redacted,llm,readability_and_documentation,Readability and Documentation,7.5,10,"O código é em geral compreensível e possui Javadoc em classes e métodos públicos principais. Ainda assim, há problemas de estilo, nomes inconsistentes e documentação que não esclarece bem alguns comportamentos importantes ou incorretos.",submission/src/filmnow/Filme.java | submission/src/filmnow/FilmNow.java | submission/src/filmnow/MainFilmNow.java | submission/src/filmnow/LeitorFilmNow.java | submission/src/filmnow/Filme.java: veririficaHot | submission/src/filmnow/MainFilmNow.java: detalharFilme | submission/src/filmnow/MainFilmNow.java: comando | submission/src/filmnow/FilmNow.java: comentário de arrayFilmes | submission/src/filmnow/FilmNow.java: getDadosFilme | submission/src/filmnow/FilmNow.java: adicionaHot | submission/src/filmnow/FilmNow.java: removeHot | submission/src/filmnow/Filme.java: toString,high
S60,official_sample,redacted,llm,basic_functionality,Basic Functionality,7,10,"A submissão implementa o fluxo principal de cadastro, detalhamento, listagem pela interface e uma HotList funcional para alguns casos válidos. Entretanto, há falhas materiais em igualdade de filmes, no formato de detalhamento e na validação das operações da HotList, o que impede considerar as funcionalidades como completas.","submission/src/filmnow/FilmNow.java: cadastraFilme(int,String,String,String) | submission/src/filmnow/FilmNow.java: detalhaFilme(int) | submission/src/filmnow/FilmNow.java: adicionaHot(int,int), removeHot(int), getHot() | submission/src/filmnow/MainFilmNow.java: menu(Scanner), comando(String,FilmNow,Scanner), mostrarFilmes(FilmNow), exibirHot(FilmNow) | submission/src/filmnow/Filme.java: equals(Object) | submission/src/filmnow/FilmNow.java: checaIgual(String,String,String) | submission/src/filmnow/Filme.java: toString() | submission/test/filmnow/FilmNowTest.java: testDetalhaFilmePadrao(), testDetalhaFilmeAnoVazio(), testDetalhaFilmeHotlist() | submission/src/filmnow/FilmNow.java: adicionaHot(int,int) | submission/src/filmnow/FilmNow.java: removeHot(int) | submission/src/filmnow/MainFilmNow.java: exibirHot(FilmNow), formataFilme(int,Filme)",high
S60,official_sample,redacted,llm,unit_tests,Unit Tests,6,10,"Há uma suíte JUnit real e relativamente ampla para cadastro e detalhamento, com vários casos-limite importantes. Ainda assim, os testes da classe Filme deixam de cobrir igualdade e construção de forma direta, não há teste efetivo para listagem/mostrar todos, e a HotList é testada apenas parcialmente.","submission/test/filmnow/FilmNowTest.java | submission/test/filmnow/FilmTest.java | submission/src/filmnow/Filme.java: equals(Object) | submission/src/filmnow/MainFilmNow.java: mostrarFilmes(FilmNow) | submission/test/filmnow/FilmNowTest.java: testDetalhaFilmeHotlist() | submission/src/filmnow/FilmNow.java: adicionaHot(int,int), removeHot(int), getHot()",high
S60,official_sample,redacted,llm,class_design,Class Design,9,10,"O projeto contém as classes centrais esperadas e demonstra modelagem orientada a objetos com Filme separado de FilmNow, além de uma classe de interface com main modularizada. A principal limitação de modelagem é que a representação de exibição de Filme não está completa para todos os usos de listagem, o que força formatação adicional na interface.","submission/src/filmnow/Filme.java | submission/src/filmnow/FilmNow.java | submission/src/filmnow/MainFilmNow.java | submission/src/filmnow/Filme.java: getNome(), toString() | submission/src/filmnow/MainFilmNow.java: formataFilme(int,Filme)",high
S60,official_sample,redacted,llm,object_references,Object References and Composition,9,10,"A submissão usa composição de forma adequada: FilmNow cria e armazena referências para objetos Filme, e a HotList reutiliza essas referências. O uso de static está restrito a constantes e à classe de interface. A perda principal vem da comparação incorreta de String por referência no equals.","submission/src/filmnow/FilmNow.java: atributos TAMANHO, TAMANHOHOTLIST, filmes, hotlist | submission/src/filmnow/FilmNow.java: cadastraFilme(int,String,String,String), adicionaHot(int,int) | submission/src/filmnow/MainFilmNow.java: main(String[]) | submission/src/filmnow/Filme.java: equals(Object)",high
S60,official_sample,redacted,llm,collections_and_arrays,Collections and Arrays,8.5,10,"As estruturas principais respeitam os tamanhos especificados, usando array de 100 filmes e HotList de 10 posições, com conversão correta da posição externa 1-based para índices 0-based. A principal perda está no acesso inseguro sem validação em alguns métodos, especialmente da HotList.","submission/src/filmnow/FilmNow.java: atributos filmes e hotlist | submission/src/film/FilmNow.java: getFilmes(), getHot() | submission/src/filmnow/FilmNow.java: cadastraFilme(int,String,String,String) | submission/src/filmnow/FilmNow.java: getFilme(int) | submission/src/filmnow/FilmNow.java: existeFilme(int) | submission/src//filmnow/FilmNow.java: adicionaHot(int,int) | submission/src/filmnow/FilmNow.java: removeHot(int)",high
S60,official_sample,redacted,llm,separation_of_concerns,Separation of Concerns,8,10,"Há separação básica correta: MainFilmNow concentra entrada/saída, FilmNow gerencia cadastro e HotList, e Filme representa a entidade. Contudo, a listagem e a exibição da HotList dependem de MainFilmNow percorrendo arrays e formatando objetos, o que reduz a testabilidade e expõe detalhes da estrutura interna à interface.","submission/src/filmnow/MainFilmNow.java: adicionaFilme, detalharFilme, mostrarFilmes, exibirHot | submission/src/filmnow/FilmNow.java: cadastraFilme, detalhaFilme, adicionaHot, removeHot | submission/src/filmnow//Filme.java: toString, adicionadoHotlist, removidoHotlist | submission/src/filmnow/MainFilmNow.java: mostrarFilmes(FilmNow) | submission/src/filmnow/MainFilmNow.java: exibirHot(FilmNow) | submission/src/filmnow/MainFilmNow.java: formataFilme(int,Filme) | submission/src/filmnow/FilmNow.java: getFilmes(), getHot()",high
S60,official_sample,redacted,llm,readability_and_documentation,Readability and Documentation,8,10,"O código é compreensível, usa nomes em geral relacionados ao domínio e contém Javadoc nas classes e métodos públicos. As perdas são de acabamento: alguns comentários são genéricos ou herdados/inconsistentes com o domínio, e há inconsistências de nomenclatura que prejudicam clareza, mas não impedem a leitura do programa.","submission/src/filmnow/Filme.java | submission/src/filmnow/FilmNow.java | submission/src/filmnow/MainFilmNow.java | submission/src/filmnow/LeitorFilmNow.java | submission/src/filmnow/LeitorFilmNow.java: carregaContatos(String,FilmNow) | submission/src/filmnow/FilmNow.java: comentários de cadastraFilme, checaIgual, removeHot | submission/src/filmnow/Filme.java: atributos e métodos getNome(), getHotlist() | submission/src/filmnow/FilmNow.java: parâmetros nome, ano, local e criação de Filme",high
S61,official_sample,redacted,llm,basic_functionality,Basic Functionality,6.5,10,"A submissão implementa parte relevante do fluxo funcional: cadastro válido, recuperação por posição, listagem pela interface textual, detalhamento básico e uma HotList com inclusão/remoção. Porém há falhas materiais em regras centrais do cadastro, em casos limite de detalhamento e em aspectos da HotList exigidos pela especificação.",submission/src/filmnow/FilmNow.java:cadastraFilme | submission/src/filmnow/FilmNow.java:getFilme | submission/src/filmnow/FilmNow.java:atribuirHot | submission/src/filmnow/FilmNow.java:removerHot | submission/src/filmnow/MainFilmNow.java:mostrarFilmes | submission/src/filmnow/MainFilmNow.java:detalharFilme | submission/src/filmnow/Filme.java:equals | submission/src/filmnow/Filme.java:toString | submission/src/filmnow/MainFilmNow.java:adicionaFilme | submission/src/filmnow/MainFilmNow.java:atribuirHot | submission/src/filmnow/MainFilmNow.java:exibirHotList,high
S61,official_sample,redacted,llm,unit_tests,Unit Tests,0,10,"Há arquivos com intenção de testes e algumas asserções escritas, mas os métodos não estão anotados com `@Test` e os métodos de preparação não estão anotados com `@BeforeEach`. Assim, como testes JUnit, a suíte não exercita efetivamente as classes exigidas.",submission/testes/FilmeTest.java | submission/testes/FilmNowTest.java | submission/testes/LeitorFilmNowTest.java | submission/testes/FilmeTest.java:setUp e métodos test* | submission/testes/FilmNowTest.java:setUp e métodos test* | submission/testes/LeitorFilmNowTest.java:setUp e métodos test*,high
S61,official_sample,redacted,llm,class_design,Class Design,8,10,"A solução criou uma classe `Filme`, manteve `FilmNow` como gerenciador com composição por arrays de `Filme` e preservou uma classe de interface com `main` modularizada. As principais perdas vêm de inconsistências no modelo de `Filme` e de uma interface de `FilmNow` que ainda força a UI a conhecer detalhes internos para listar e detalhar.",submission/src/filmnow/Filme.java | submission/src/filmnow/FilmNow.java | submission/src/filmnow/MainFilmNow.java | submission/src/filmnow/Filme.java:equals | submission/src/filmnow/Filme.java:toString | submission/src/filmnow/FilmNow.java:getFilmes | submission/src/filmnow/FilmNow.java:getFilmesHot | submission/src/filmnow/MainFilmNow.java:mostrarFilmes | submission/src/filmnow/MainFilmNow.java:exibirHotList,high
S61,official_sample,redacted,llm,object_references,Object References and Composition,9,10,"A composição principal foi implementada: `FilmNow` cria e armazena referências para objetos `Filme`, e a HotList guarda referências para esses objetos. Não há uso problemático de atributos estáticos nas classes de domínio. A perda é localizada na API de HotList, que aceita referências externas sem validação suficiente.",submission/src/filmnow/FilmNow.java:filmes | submission/src/filmnow/FilmNow.java:filmesHot | submission/src/filmnow/FilmNow.java:cadastraFilme | submission/src/filmnow/MainFilmNow.java:main | submission/src/filmnow/FilmNow.java:atribuirHot | submission/src/filmnow/MainFilmNow.java:atribuirHot,high
S61,official_sample,redacted,llm,collections_and_arrays,Collections and Arrays,10,10,"A estrutura de armazenamento atende ao escopo do laboratório: há um array fixo de 100 filmes e uma HotList fixa de 10 posições, com conversão correta entre posições externas 1..N e índices internos 0..N-1. As falhas funcionais observadas decorrem das regras de negócio, não do uso da estrutura de dados.",submission/src/filmnow/FilmNow.java:FilmNow | submission/src/filmnow/FilmNow.java:getFilme | submission/src/filmnow/FilmNow.java:getFilmes | submission/src/filmnow/FilmNow.java:getFilmesHot | submission/src/filmnow/FilmNow.java:removerHot,high
S61,official_sample,redacted,llm,separation_of_concerns,Separation of Concerns,6.5,10,"Existe separação básica entre interface textual, gerenciador e entidade de filme, mas a divisão ainda é incompleta. Parte importante das regras de validação e da montagem das funcionalidades de listagem, detalhamento e HotList ficou na interface, enquanto `FilmNow` deveria concentrar melhor a lógica do sistema.",submission/src/filmnow/MainFilmNow.java | submission/src/filmnow/FilmNow.java | submission/src/filmnow/Filme.java:toString | submission/src/filmnow/MainFilmNow.java:adicionaFilme | submission/src/filmnow/FilmNow.java:cadastraFilme | submission/src/filmnow/MainFilmNow.java:mostrarFilmes | submission/src/filmnow/MainFilmNow.java:exibirHotList | submission/src/filmnow/MainFilmNow.java:formataFilme | submission/src/filmnow/FilmNow.java:getFilmes,high
S61,official_sample,redacted,llm,readability_and_documentation,Readability and Documentation,7,10,"O código é compreensível, usa nomes em geral adequados e possui Javadocs em classes e métodos públicos. Ainda assim, há documentação incorreta ou pouco precisa, alguns nomes herdados/inadequados ao domínio e pequenos problemas de organização que reduzem a clareza.",submission/src/filmnow/Filme.java | submission/src/filmnow/FilmNow.java | submission/src/filmnow/MainFilmNow.java | submission/src/filmnow/LeitorFilmNow.java | submission/src/filmnow/Filme.java:equals | submission/src/filmnow/Filme.java:getNome | submission/src/filmnow/FilmNow.java:cadastraFilme | submission/src/filmnow/FilmNow.java:FilmNow | submission/src/filmnow/MainFilmNow.java:adicionaFilme | submission/src/filmnow/MainFilmNow.java:detalharFilme | submission/src/filmnow/MainFilmNow.java:mostrarFilmes | submission/src/filmnow/LeitorFilmNow.java:carregaContatos,high
S62,official_sample,redacted,llm,basic_functionality,Basic Functionality,8,10,"A submissão implementa as funcionalidades centrais de cadastro e detalhamento de filmes de forma majoritariamente correta, incluindo validações importantes e marcação de filme hot no detalhamento. Há, porém, falhas materiais na listagem geral e na HotList, principalmente quanto à formatação esperada, validação de posições e verificação robusta de duplicidade na HotList.","submission/src/filmnow/FilmNow.java: cadastraFilme(int, String, String, String) | submission/src/filmnow/FilmNow.java: detalhaFilme(int) | submission/src/filmnow/FilmNow.java: cadastraHotList(int, int), removerHotList(int), comparaHot(int), percorrer(Filme) | submission/src/filmnow/MainFilmNow.java: comando(String, FilmNow, Scanner), mostrarFilmes(FilmNow), exibirHotList(FilmNow), adicionaHotList(FilmNow, Scanner) | submission/src/filmnow/MainFilmNow.java: mostrarFilmes(FilmNow) | submission/src/filmnow/MainFilmNow.java: formataFilme(int, String) | submission/src/filmnow/Filme.java: toString() | submission/src/filmnow/FilmNow.java: cadastraHotList(int, int) | submission/src/filmnow/FilmNow.java: removerHotList(int) | submission/src/filmnow/FilmNow.java: comparaHot(int) | submission/src/filmnow/MainFilmNow.java: exibirHotList(FilmNow) | submission/src/filmnow/MainFilmNow.java: adicionaHotList(FilmNow, Scanner)",high
S62,official_sample,redacted,llm,unit_tests,Unit Tests,7,10,"Há uma suíte real de testes com boa cobertura dos casos de cadastro e vários casos de detalhamento, incluindo limites e ano vazio. A cobertura, entretanto, é incompleta para a classe `Filme`, para a listagem de filmes e para cenários importantes da HotList.","submission/testes/FilmNowTest.java: testCadastraFilme*, testDetalharFilme*, testRemoverFilmeHotLst(), adicionaFilmeHotLstLimiteSuperior() | submission/testes/FilmeTest.java: representacaoTextual(), representacaoTextualSemAno(), testEquals(), testEquals3parametros(), testEqualsTrue() | submission/testes/FilmeTest.java | submission/src/filmnow/Filme.java: equals(Object) | submission/testes/FilmNowTest.java | submission/src/filmnow/MainFilmNow.java: mostrarFilmes(FilmNow) | submission/testes/FilmNowTest.java: testDetalharFilmeHotLst(), testRemoverFilmeHotLst(), adicionaFilmeHotLstLimiteSuperior() | submission/src/filmnow/FilmNow.java: cadastraHotList(int, int), comparaHot(int), removerHotList(int)",high
S62,official_sample,redacted,llm,class_design,Class Design,8,10,"A solução cria as classes centrais esperadas e usa `FilmNow` composto por objetos `Filme`, com um `MainFilmNow` modularizado. O projeto, porém, tem problemas na modelagem de igualdade de `Filme` e nas representações de filme para detalhe/listagem, o que reduz a adequação do design ao contrato do laboratório.","submission/src/filmnow/Filme.java | submission/src/filmnow/FilmNow.java: atributos filmes e hotList, construtor, cadastraFilme(int, String, String, String) | submission/src/filmnow/MainFilmNow.java: main(String[]), comando(String, FilmNow, Scanner) | submission/src/filmnow/Filme.java: equals(Object) | submission/src/filmnow/Filme.java: hashcode() | submission/src/filmnow/Filme.java: toString() | submission/src/filmnow/MainFilmNow.java: mostrarFilmes(FilmNow), exibirHotList(FilmNow)",high
S62,official_sample,redacted,llm,object_references,Object References and Composition,10,10,"A submissão demonstra a ideia central de composição: `FilmNow` armazena referências para objetos `Filme`, cria novos filmes no cadastro e a HotList referencia filmes já cadastrados. O uso de `static` fica restrito ao `main`, métodos auxiliares da interface e constantes, o que está adequado ao nível do laboratório.","submission/src/filmnow/FilmNow.java: private Filme[] filmes; private Filme[] hotList; | submission/src/filmnow/FilmNow.java: cadastraFilme(int, String, String, String) | submission/src/filmnow/FilmNow.java: cadastraHotList(int, int), percorrer(Filme) | submission/src/filmnow/MainFilmNow.java",high
S62,official_sample,redacted,llm,collections_and_arrays,Collections and Arrays,8,10,A solução usa arrays de forma adequada para armazenar filmes e HotList e respeita a restrição principal de 100 filmes no cadastro. Há desconto pelo uso de arrays 1-based com índice 0 ignorado e pela falta de validação estrutural nas operações públicas da HotList.,"submission/src/filmnow/FilmNow.java: TAMANHO, TAMANHOHOT, filmes, hotList | submission/src/filmnow/FilmNow.java: cadastraFilme(int, String, String, String) | submission/src/filmnow/FilmNow.java: getFilmes(), getHotList(), cadastraHotList(int, int), removerHotList(int) | submission/src/filmnow/FilmNow.java: TAMANHO = 101, TAMANHOHOT = 11 | submission/src/filmnow/MainFilmNow.java: mostrarFilmes(FilmNow), exibirHotList(FilmNow) | submission/src/filmnow/FilmNow.java: cadastraHotList(int, int) | submission/src/filmnow/FilmNow.java: removerHotList(int) | submission/src/filmnow/FilmNow.java: comparaHot(int)",high
S62,official_sample,redacted,llm,separation_of_concerns,Separation of Concerns,7,10,"Há separação básica entre interface, gerenciador e entidade: o `MainFilmNow` cuida da entrada e saída, `FilmNow` cadastra e detalha, e `Filme` guarda os dados. Ainda assim, parte da lógica de listagem e HotList fica espalhada na interface, e `FilmNow` expõe arrays para que o `Main` percorra a estrutura interna.","submission/src/filmnow/MainFilmNow.java: adicionaFilme(FilmNow, Scanner), detalharFilme(FilmNow, Scanner), mostrarFilmes(FilmNow), exibirHotList(FilmNow), adicionaHotList(FilmNow, Scanner) | submission/src/filmnow/FilmNow.java: cadastraFilme(int, String, String, String), detalhaFilme(int), getFilmes(), getHotList() | submission/src/filmnow/Filme.java | submission/src/filmnow/MainFilmNow.java: mostrarFilmes(FilmNow), exibirHotList(FilmNow) | submission/src/filmnow/FilmNow.java: getFilmes(), getHotList() | submission/src/filmnow/MainFilmNow.java: adicionaHotList(FilmNow, Scanner), removeHotList(FilmNow, Scanner) | submission/src/filmnow/FilmNow.java: comparaHot(int), cadastraHotList(int, int), removerHotList(int) | submission/src/filmnow/Filme.java: toString() | submission/src/filmnow/MainFilmNow.java: formataFilme(int, String)",high
S62,official_sample,redacted,llm,readability_and_documentation,Readability and Documentation,7,10,"O código é compreensível e contém Javadocs em várias classes e métodos públicos, mas apresenta documentação irregular, erros de escrita, nomes pouco padronizados, importações desnecessárias e problemas de estilo que reduzem a clareza geral.","submission/src/filmnow/Filme.java | submission/src/filmnow/FilmNow.java | submission/src/filmnow/MainFilmNow.java | submission/src/filmnow/LeitorFilmNow.java | submission/src/filmnow/FilmNow.java: Javadocs de cadastraFilme, compara, comparaHot e percorrer | submission/src/filmnow/Filme.java: Javadoc da classe | submission/src/filmnow/LeitorFilmNow.java: processaLinhaCsvFilmes(String[], FilmNow) | submission/src/filmnow/Filme.java: getAnolancamento(), toString(), equals(Object) | submission/src/filmnow/MainFilmNow.java: imports, adicionaHotList(FilmNow, Scanner) | submission/src/filmnow/FilmNow.java: formatação e nomes de métodos auxiliares",high
S63,official_sample,redacted,llm,basic_functionality,Basic Functionality,7,10,"A implementação cobre boa parte do fluxo básico: cadastra filmes, substitui filmes em posições existentes, bloqueia duplicados por nome e ano, lista filmes pela interface e detalha filmes existentes. As maiores perdas vêm de falhas materiais em detalhamento de posições vazias/limite e de uma HotList apenas parcialmente correta, principalmente por problemas de indexação, mensagens e remoção.","submission/src/filmnow/FilmNow.java: cadastraFilme(int,String,String,String) | submission/src/filmnow/Filme.java: toString(), equals(Object) | submission/src/filmnow/MainFilmNow.java: mostrarFilmes(FilmNow), detalharFilme(FilmNow,Scanner) | submission/src/filmnow/FilmNow.java: cadastraHot(int,int), verHotOuFilme(int), removendoHot(int) | submission/src/filmnow/MainFilmNow.java: mostrarHot(FilmNow), atribuirHot(FilmNow,Scanner), removerHot(FilmNow,Scanner) | submission/src/filmnow/FilmNow.java: verHotOuFilme(int) usa `posicao < 0 || posicao >= filmes.length` e retorna `FILME NÃO ENCONTRADO` para filme ausente | submission/src/filmnow/MainFilmNow.java: detalharFilme(FilmNow,Scanner) usa `posicao < 1 || posicao >= FilmNow.TAMANHO`, rejeitando 100 | submission/src/filmnow/FilmNow.java: cadastraHot(int,int) valida `posicao < 0 || posicao >= hotList.length` e usa `hotList[posicao]` | submission/src/filmnow/MainFilmNow.java: mostrarHot(FilmNow) imprime `i + "" - ""`, expondo índice zero | submission/src/filmnow/FilmNow.java: removendoHot(int) acessa `hotList[posicao]` sem validação e imprime no console",high
S63,official_sample,redacted,llm,unit_tests,Unit Tests,6,10,"Há uma suíte JUnit real com vários casos importantes de cadastro e detalhamento, incluindo limites 0, 1, 100 e 101, duplicidade e ano vazio. Porém os testes estão concentrados em `FilmNow`, há pouca verificação direta da classe `Filme`, não há testes de listagem, e a HotList é testada apenas de forma mínima.","submission/testes/FilmeTest.java: testAdicionarFilmePosicaoVazia até testAdicionarFilmeComNomeVazio | submission/testes/FilmeTest.java: testDetalharFilmeComTodosOsDados até testDetalharFilmePosicaoAcimaLimite | submission/testes/FilmeTest.java: testDetalharFilmeHotList | submission/testes/FilmeTest.java: não há métodos dedicados a `equals` de `Filme` além de uso indireto em `assertEquals(filmeBase, actual)` | submission/testes/FilmeTest.java: uso de `toString` ocorre principalmente por objetos recuperados de `FilmNow` | submission/testes/FilmeTest.java: ausência de testes de método de listagem | submission/src/filmnow/MainFilmNow.java: mostrarFilmes(FilmNow) imprime diretamente no console, dificultando teste unitário | submission/testes/FilmeTest.java: testDetalharFilmeHotList é o único teste relacionado à HotList",high
S63,official_sample,redacted,llm,class_design,Class Design,8.5,10,"A submissão demonstra a modelagem principal esperada: há uma classe `Filme`, uma classe `FilmNow` composta por filmes, e uma classe de interface com `main` modularizada em métodos auxiliares. As perdas são localizadas: a modelagem de igualdade tem `hashCode` inconsistente com `equals`, e há alguma duplicação/confusão entre estado `ehHot` no filme e a HotList gerenciada pelo sistema.","submission/src/filmnow/Filme.java: classe Filme e atributos `nome`, `ano`, `local`, `ehHot` | submission/src/filmnow/FilmNow.java: atributos `private Filme[] filmes` e `private Filme[] hotList` | submission/src/filmnow/MainFilmNow.java: main, comando, adicionaFilme, mostrarFilmes, detalharFilme, atribuirHot, mostrarHot, removerHot | submission/src/filmnow/LeitorFilmNow.java: processaLinhaCsvFilmes(String[], FilmNow) | submission/src/filmnow/Filme.java: equals(Object) compara `ano` e `nome` | submission/src/filmnow/Filme.java: hashCode() usa `Objects.hash(ano, local, nome)` | submission/src/filmnow/Filme.java: atributo `ehHot`, isEhHot(), setEhHot(boolean) | submission/src/filmnow/FilmNow.java: cadastraHot(int,int) não chama `setEhHot`; verHotOuFilme(int) atualiza o atributo tardiamente",high
S63,official_sample,redacted,llm,object_references,Object References and Composition,9,10,"O código usa referências de objetos de forma adequada para o nível do laboratório: `FilmNow` compõe arrays de `Filme`, cria filmes no cadastro e o `main` cria e usa uma instância de `FilmNow`. Não há uso indevido relevante de `static` fora de constantes e métodos de interface. A perda é pequena e relacionada à manipulação inconsistente do estado hot por referência.","submission/src/filmnow/FilmNow.java: `private Filme[] filmes`, `private Filme[] hotList` | submission/src/filmnow/FilmNow.java: cadastraFilme(int,String,String,String) cria `new Filme(...)` | submission/src/filmnow/FilmNow.java: cadastraHot(int,int) faz `Filme filme = getFilme(posicaoFilme)` e armazena em `hotList` | submission/src/filmnow/MainFilmNow.java: `FilmNow fn = new FilmNow()` | submission/src/filmnow/Filme.java: `private boolean ehHot` | submission/src/filmnow/FilmNow.java: cadastraHot(int,int), verHotOuFilme(int), removendoHot(int)",high
S63,official_sample,redacted,llm,collections_and_arrays,Collections and Arrays,8,10,"A estrutura principal de armazenamento está adequada: um array de 100 filmes e um array de 10 posições para HotList. O cadastro principal converte corretamente posições externas 1 a 100 para índices internos. A dedução decorre principalmente da HotList, que expõe e valida índices como se fossem 0 a 9, contrariando a especificação de posições 1 a 10.","submission/src/filmnow/FilmNow.java: `static final int TAMANHO = 100` e construtor com `new Filme[TAMANHO]` | submission/src/filmnow/FilmNow.java: cadastraFilme(int,String,String,String) | submission/src/filmnow/FilmNow.java: `this.hotList = new Filme[10]` | submission/src/filmnow/FilmNow.java: getFilmes(), getHot() | submission/src/filmnow/FilmNow.java: cadastraHot(int,int) valida `posicao < 0 || posicao >= hotList.length` | submission/src/filmnow/MainFilmNow.java: mostrarHot(FilmNow) imprime `i + "" - ""` | submission/src/filmnow/FilmNow.java: removendoHot(int) acessa `hotList[posicao]`",high
S63,official_sample,redacted,llm,separation_of_concerns,Separation of Concerns,7,10,"Existe uma separação razoável entre interface, sistema e entidade: o `main` cuida da interação, `FilmNow` cadastra e gerencia os arrays, e `Filme` sabe gerar sua representação detalhada. Ainda assim, parte da lógica de validação e formatação fica espalhada na interface, e `FilmNow` imprime diretamente em um método de remoção, o que enfraquece a separação esperada.","submission/src/filmnow/MainFilmNow.java: menu(Scanner), comando(String,FilmNow,Scanner), adicionaFilme(FilmNow,Scanner) | submission/src/filmnow/FilmNow.java: cadastraFilme, getFilme, cadastraHot, verHotOuFilme | submission/src/filmnow/Filme.java: toString() | submission/src/filmnow/MainFilmNow.java: detalharFilme(FilmNow,Scanner) valida posição diretamente | submission/src/filmnow/MainFilmNow.java: formataFilme(int,Filme) e mostrarFilmes(FilmNow) montam a listagem na interface | submission/src/filmnow/FilmNow.java: removendoHot(int) | submission/src/filmnow/MainFilmNow.java: formataFilme(int,Filme) usa `filmes.getNome()` | submission/src/filmnow/Filme.java: ausência de método específico para resumo de listagem",high
S63,official_sample,redacted,llm,readability_and_documentation,Readability and Documentation,7,10,"O código é compreensível, usa nomes em geral relacionados ao domínio e possui Javadocs em `FilmNow`, `MainFilmNow` e `LeitorFilmNow`. A pontuação cai porque `Filme` não tem Javadoc, alguns métodos públicos novos estão mal documentados ou com descrições imprecisas, e há inconsistências de estilo/nomenclatura que prejudicam a clareza.","submission/src/filmnow/FilmNow.java: Javadocs da classe e de vários métodos | submission/src/filmnow/MainFilmNow.java: Javadocs da classe e métodos auxiliares | submission/src/filmnow/Filme.java: classe sem Javadoc público | submission/src/filmnow/FilmNow.java: métodos `verHotOuFilme`, `removendoHot`, `cadastraHot` | submission/src/filmnow/Filme.java: ausência de comentários Javadoc | submission/src/filmnow/MainFilmNow.java: detalharFilme menciona `Scanner para capturar qual contato` | submission/src/filmnow/FilmNow.java: Javadocs de `cadastraHot`, `verHotOuFilme` e `removendoHot` | submission/src/filmnow/Filme.java: isEhHot(), setEhHot(boolean) | submission/src/filmnow/FilmNow.java: removendoHot(int), verHotOuFilme(int) | submission/src/filmnow/MainFilmNow.java: adicionaFilme(FilmNow,Scanner) com indentação irregular",high
S64,official_sample,redacted,llm,basic_functionality,Basic Functionality,6.0,10,"A submissão implementa parte substancial do fluxo básico: cadastro de filmes com validações centrais, detalhamento de filmes válidos e atribuição simples de Hot. Porém, a listagem geral tem erros relevantes de índice, o detalhamento de posição vazia retorna null para a interface imprimir, e a HotList está majoritariamente incompleta ou incorreta, especialmente em exibição e remoção.","submission/src/filmnow/FilmNow.java: cadastraFilme(String, String, String, String) | submission/src/filmnow/FilmNow.java: getFilme(int) | submission/src/filmnow/FilmNow.java: getFilmes() | submission/src/filmnow/FilmNow.java: adicionaHot(int, int), mostrarHot(), removeHot(int) | submission/src/filmnow/Filme.java: toString(), setHot(String) | submission/src/filmnow/FilmNow.java: adicionaHot(int, int) | submission/src/filmnow/FilmNow.java: mostrarHot() | submission/src/filmnow/FilmNow.java: removeHot(int) | submission/src/filmnow/MainFilmNow.java: adicionaFilme(FilmNow, Scanner)",high
S64,official_sample,redacted,llm,unit_tests,Unit Tests,6.0,10,"Há uma suíte real de testes JUnit com boa cobertura dos casos de cadastro e vários casos de detalhamento, incluindo limites de posição e ano vazio. A cobertura, entretanto, é incompleta para Filme e para HotList, e não há testes da listagem geral, justamente onde há falhas funcionais importantes.","submission/testes/filmnow/FilmNowTest.java | submission/testes/filmnow/FilmeTest.java | submission/testes/filmnow/FilmeTest.java: testToString(), testEqualsObject() | submission/testes/filmnow/FilmNowTest.java: testDetalharFilmHotList()",high
S64,official_sample,redacted,llm,class_design,Class Design,8.5,10,"O projeto contém as classes principais esperadas e demonstra a modelagem central com Filme separado de FilmNow, além de uma classe Main modularizada. A pontuação não é máxima porque parte da modelagem da HotList e alguns contratos de métodos de FilmNow ficaram frágeis e inconsistentes.","submission/src/filmnow/Filme.java | submission/src/filmnow/FilmNow.java | submission/src/filmnow/MainFilmNow.java | submission/src/filmnow/FilmNow.java: cadastraFilme(String, String, String, String) | submission/src/filmnow/FilmNow.java: getAno(int) | submission/src/filmnow/FilmNow.java: removeHot(int) | submission/src/filmnow/Filme.java: atributo hot, setHot(String), toString() | submission/src/filmnow/FilmNow.java: adicionaHot(int, int), removeHot(int)",high
S64,official_sample,redacted,llm,object_references,Object References and Composition,9.0,10,A solução usa adequadamente objetos Filme dentro de FilmNow e mantém o mínimo de uso de static restrito ao main e constantes. A principal perda vem do gerenciamento incompleto das referências compartilhadas entre a lista principal e a HotList.,"submission/src/filmnow/FilmNow.java: atributos filmes e hotList | submission/src/filmnow/FilmNow.java: cadastraFilme(String, String, String, String) | submission/src/filmnow/FilmNow.java: adicionaHot(int, int) | submission/src/filmnow/MainFilmNow.java | submission/src/filmnow/LeitorFilmNow.java | submission/src//filmnow/FilmNow.java: removeHot(int)",high
S64,official_sample,redacted,llm,collections_and_arrays,Collections and Arrays,7.0,10,"A estrutura principal respeita os tamanhos do enunciado, com um array de 100 filmes e uma HotList de 10 posições. Entretanto, há erros recorrentes de conversão entre posição do usuário e índice do array, além de um laço incorreto que impede a exibição da HotList.","submission/src/filmnow/FilmNow.java: construtor FilmNow() | submission/src/filmnow/FilmNow.java: cadastraFilme(String, String, String, String) | submission/src/filmnow/FilmNow.java: getFilme(int) | submission/src/filmnow/FilmNow.java: getFilmes(), mostrarHot(), removeHot(int) | submission/src/filmnow/FilmNow.java: getFilmes() | submission/src/filmnow/FilmNow.java: getAno(int) | submission/src/filmnow/FilmNow.java: removeHot(int) | submission/src/filmnow/FilmNow.java: mostrarHot()",high
S64,official_sample,redacted,llm,separation_of_concerns,Separation of Concerns,8.5,10,"A submissão separa razoavelmente interface, gerenciador e entidade: MainFilmNow lida com entrada/saída, FilmNow gerencia filmes, e Filme define sua representação textual e igualdade. Há pequenas quebras de separação por saída de depuração na lógica e por acoplamento da marca textual de Hot ao estado do filme.","submission/src/filmnow/MainFilmNow.java | submission/src/filmnow/FilmNow.java | submission/src/filmnow/Filme.java | submission/src/filmnow/FilmNow.java: mostrarHot() | submission/src/filmnow/Filme.java: atributo hot, setHot(String), toString()",high
S64,official_sample,redacted,llm,readability_and_documentation,Readability and Documentation,7.0,10,"O código é geralmente compreensível, usa nomes próximos ao domínio e possui Javadocs em boa parte dos métodos públicos. A nota é reduzida por documentação imprecisa, nomes ambíguos e trechos de lógica desnecessariamente confusos que prejudicam manutenção e revisão.","submission/src/filmnow/Filme.java | submission/src/filmnow/FilmNow.java | submission/src/filmnow/MainFilmNow.java | submission/src/filmnow/LeitorFilmNow.java | submission/src/filmnow/Filme.java: construtor Filme(String, String, String) | submission/src/filmnow/FilmNow.java: cadastraFilme(String, String, String, String) | submission/src/filmnow/FilmNow.java: mostrarHot() | submission/src/filmnow/FilmNow.java: getFilmes() | submission/src/filmnow/Filme.java: getFilme()",high
S65,official_sample,redacted,llm,basic_functionality,Basic Functionality,8,10,"A submissão implementa o fluxo central de cadastro, detalhamento, listagem simples e operações principais da HotList. A adição de filmes está quase completa e respeita limites, duplicidade por nome/ano e validação de nome/local. Há falhas funcionais relevantes em casos de posição vazia e em partes da HotList, especialmente mensagens/validações de posições sem filme e exibição incompleta da HotList.","submission/src/filmnow/FilmNow.java: método `cadastraFilme` | submission/src/filmnow/FilmNow.java: métodos `detalhaFilme`, `addHot`, `popHot`, `getHot` | submission/src/filmnow/MainFilmNow.java: métodos `mostrarFilmes`, `exibirHotList`, `atribuirHot`, `removeHot` | submission/src/filmnow/Filme.java: métodos `toString`, `equals` | submission/src/filmnow/FilmNow.java: método `detalhaFilme` retorna `null` quando `getFilme(posicao) == null` | submission/src/filmnow/MainFilmNow.java: método `detalharFilme` imprime `Dados do filme` concatenado ao retorno | submission/src/filmnow/FilmNow.java: método `addHot` retorna `NÃO HÁ FILME NESSA POSIÇÃO` para filme ausente | submission/src/filmnow/FilmNow.java: método `popHot` não verifica se a posição hot está vazia | submission/src/filmnow/MainFilmNow.java: método `exibirHotList` usa `formataFilme`, que imprime apenas `posição - nome`",medium
S65,official_sample,redacted,llm,unit_tests,Unit Tests,5,10,"Há uma quantidade considerável de testes para `FilmNow`, especialmente para cadastro, limites, duplicidade, detalhamento e algumas operações de HotList. Também há testes básicos de `Filme`. Porém, a suíte contém um arquivo de teste sintaticamente inválido, o que impediria a compilação se incluído na execução, e a cobertura de `Filme`, listagem e HotList ainda é incompleta.","submission/testes/FilmNowTest.java: testes `add1` a `add10` | submission/testes/FilmNowTest.java: testes `det1` a `det6` | submission/testes/FilmNowTest.java: testes `testAddHotSucesso`, `testAddHotDuplicado`, `testPopHot`, `testGetHot` | submission/testes/FilmeTest.java: testes `testNomeAno`, `testEquals` | submission/testes/MainFilmNowTest.java: teste `testAdicionaFilme` | submission/testes/MainFilmNowTest.java: método `testAdicionaFilme` | submission/testes/FilmeTest.java: apenas `testNomeAno` e `testEquals` | submission/testes/FilmNowTest.java: ausência de teste para `MainFilmNow.mostrarFilmes` ou método equivalente de listagem | submission/testes/FilmNowTest.java: testes de HotList não verificam a exibição exigida `posição - nome, ano`",medium
S65,official_sample,redacted,llm,class_design,Class Design,9,10,"O projeto de classes demonstra bem a modelagem esperada: há uma classe `Filme` com estado próprio, igualdade e representação textual, uma classe `FilmNow` que compõe arrays de `Filme`, e uma classe principal com métodos auxiliares. A principal perda é que parte da representação/listagem fica dependente do acesso externo aos arrays, em vez de estar mais bem encapsulada no sistema.","submission/src/filmnow/Filme.java: classe completa | submission/src/filmnow/FilmNow.java: atributos `Filme[] filmes` e `Filme[] hotList` | submission/src/filmnow/MainFilmNow.java: métodos `menu`, `comando`, `adicionaFilme`, `mostrarFilmes`, `detalharFilme`, `exibirHotList` | submission/src/filmnow/FilmNow.java: métodos `getFilmes` e `getHot` | submission/src/filmnow/MainFilmNow.java: métodos `mostrarFilmes` e `exibirHotList` percorrem os arrays diretamente",medium
S65,official_sample,redacted,llm,object_references,Object References and Composition,10,10,"O uso de referências está adequado ao nível do laboratório. Objetos `Filme` são criados por `FilmNow`, armazenados por composição em arrays, e o uso de membros estáticos fica restrito ao `main`, métodos auxiliares da interface e constantes.","submission/src/filmnow/FilmNow.java: método `cadastraFilme` cria `new Filme(nome, ano, local)` | submission/src/filmnow/FilmNow.java: método `addHot` atribui referência de `filmes` para `hotList` | submission/src/filmnow/FilmNow.java: constantes `TAMANHO` e `TAMANHO_HOT` | submission/src/filmnow/MainFilmNow.java: métodos estáticos de interface",medium
S65,official_sample,redacted,llm,collections_and_arrays,Collections and Arrays,9,10,"A estrutura de armazenamento atende ao enunciado: array de 100 filmes, array de 10 itens para HotList e conversão correta de posições de usuário para índices internos. A perda é localizada no acesso público a filme por posição sem validação de limites.","submission/src/filmnow/FilmNow.java: constantes `TAMANHO = 100` e `TAMANHO_HOT = 10` | submission/src/filmnow/FilmNow.java: construtor inicializa `new Filme[TAMANHO]` e `new Filme[TAMANHO_HOT]` | submission/src/filmnow/FilmNow.java: métodos `cadastraFilme`, `detalhaFilme`, `addHot`, `popHot` | submission/src/filmnow/FilmNow.java: método `getFilme`",medium
S65,official_sample,redacted,llm,separation_of_concerns,Separation of Concerns,7.5,10,"Há separação razoável: `MainFilmNow` cuida da interação, `FilmNow` cadastra e gerencia os filmes, e `Filme` representa dados e detalhes. Porém, a interface ainda percorre diretamente os arrays do sistema e monta formatos de listagem/HotList, e `Filme` não é usado de forma consistente para a exibição resumida esperada.","submission/src/filmnow/MainFilmNow.java: métodos de interação com `Scanner` e `System.out` | submission/src/filmnow/FilmNow.java: métodos `cadastraFilme`, `detalhaFilme`, `addHot`, `popHot` | submission/src/filmnow/Filme.java: método `toString` | submission/src/filmnow/MainFilmNow.java: métodos `mostrarFilmes` e `exibirHotList` | submission/src/filmnow/FilmNow.java: métodos `getFilmes` e `getHot` | submission/src/filmnow/MainFilmNow.java: método `formataFilme` | submission/src/filmnow/Filme.java: método `nomeAno` existe, mas não é usado nas listagens",medium
S65,official_sample,redacted,llm,readability_and_documentation,Readability and Documentation,8,10,"O código é em geral legível, com nomes compreensíveis e Javadocs em várias classes e métodos públicos. As principais limitações são documentação pública incompleta/inconsistente em alguns métodos e pequenos problemas de clareza ou padronização de nomes.","submission/src/filmnow/Filme.java: Javadocs da classe, construtor, `equals`, `hashCode`, `toString`, `nomeAno` | submission/src/filmnow/FilmNow.java: Javadocs da classe e dos métodos públicos | submission/src/filmnow/MainFilmNow.java: Javadocs da classe e métodos auxiliares | submission/src/filmnow/Filme.java: métodos `getNome`, `getAno`, `getLocal` | submission/src/filmnow/MainFilmNow.java: comentário de classe com `@autor` | submission/src/filmnow/FilmNow.java: método `popHot` | submission/src/filmnow/LeitorFilmNow.java: método `carregaContatos`",medium
S66,official_sample,redacted,llm,basic_functionality,Basic Functionality,7,10,"A submissão implementa o fluxo principal de cadastro, listagem simples, detalhamento e uma HotList funcional em casos normais. Porém, há falhas relevantes em posições vazias ou inválidas no detalhamento e a HotList não valida adequadamente posições, filme inexistente nem duplicidade no nível da classe de sistema.","submission/src/filmnow/FilmNow.java: cadastraFilme | submission/src/filmnow/FilmNow.java: descreveFilme | submission/src/filmnow/FilmNow.java: cadastraHot, removeHot, temHot | submission/src/filmnow/MainFilmNow.java: mostrarFilmes, detalharFilme, exibirHot, atribuirHot, removerHot | submission/testes/FilmNowTest.java: teste1 a teste16 | submission/src/filmnow/FilmNow.java: getFilme, descreveFilme | submission/src/filmnow/MainFilmNow.java: detalharFilme | submission/src/filmnow/FilmNow.java: cadastraHot, removeHot | submission/src/filmnow/MainFilmNow.java: atribuirHot, removerHot | submission/src/filmnow/FilmNow.java: cadastraFilme, temFilme | submission/src/filmnow/Filme.java: Filme(String nome, String local)",high
S66,official_sample,redacted,llm,unit_tests,Unit Tests,7,10,"Há uma suíte JUnit real para Filme e FilmNow, cobrindo vários casos oficiais de cadastro, detalhamento e alguns cenários de HotList. Ainda assim, os testes deixam lacunas importantes, especialmente listagem, posição válida vazia, validações da HotList e mensagens de retorno em alguns casos.","submission/testes/FilmeTest.java: testNomeAno, testeNomeLocal, testIgualdade, testDescricao | submission/testes/FilmNowTest.java: teste1 a teste16 | submission/testes/FilmeTest.java | submission/testes/FilmNowTest.java | submission/testes/FilmNowTest.java: teste15, teste16",high
S66,official_sample,redacted,llm,class_design,Class Design,8.5,10,"A modelagem principal esperada está presente: existe Filme, FilmNow compõe um array de Filme e MainFilmNow está separado. As perdas vêm de imperfeições na modelagem da representação textual de Filme e de uma API de FilmNow ainda incompleta para algumas operações do sistema.","submission/src/filmnow/Filme.java | submission/src/filmnow/FilmNow.java | submission/src/filmnow/MainFilmNow.java | submission/src/filmnow/Filme.java: Filme(String nome, String local), toString | submission/src/filmnow/MainFilmNow.java: mostrarFilmes, exibirHot",high
S66,official_sample,redacted,llm,object_references,Object References and Composition,10,10,"A submissão demonstra adequadamente o uso de referências e composição: FilmNow mantém arrays de objetos Filme, cria objetos Filme no cadastro e não usa estado estático indevido fora de constantes e métodos da interface.","submission/src/filmnow/FilmNow.java: filmes, HotList, cadastraFilme, cadastraHot | submission/src/filmnow/MainFilmNow.java: main e métodos auxiliares estáticos",high
S66,official_sample,redacted,llm,collections_and_arrays,Collections and Arrays,8,10,"O armazenamento principal usa arrays de arrays de tamanho fixo coerente com o enunciado, com conversão correta de posição 1-based para índice 0-based na maior parte do sistema. A dedução se deve ao acesso direto sem validação em métodos públicos e à falta de garantia das restrições da HotList.","submission/src/filmnow/FilmNow.java: atributos filmes e HotList | submission/src/film/FilmNow.java: cadastraFilme, getFilme, cadastraHot, removeHot | submission/src/filmnow/MainFilmNow.java: mostrarFilmes, exibirHot | submission/src/filmnow/FilmNow.java: getFilme, cadastraHot, removeHot | submission/src/filmnow/FilmNow.java: cadastraHot, temHot",high
S66,official_sample,redacted,llm,separation_of_concerns,Separation of Concerns,6.5,10,"Existe separação básica entre interface, gerenciador e entidade, mas responsabilidades importantes estão misturadas: o Main acessa arrays, formata filmes e aplica parte das regras da HotList, enquanto Filme não concentra as representações exigidas e FilmNow não fornece todas as operações de exibição do domínio.","submission/src/filmnow/MainFilmNow.java: comando, adicionaFilme, mostrarFilmes, detalharFilme, atribuirHot | submission/src/filmnow/FilmNow.java: cadastraFilme, descreveFilme, cadastraHot | submission/src/filmnow/Filme.java | submission/src/filmnow/MainFilmNow.java: adicionaFilme, mostrarFilmes, detalharFilme, atribuirHot | submission/src/filmnow/FilmNow.java: getFilmes, getHot | submission/src/filmnow/MainFilmNow.java: mostrarFilmes, exibirHot | submission/src/filmnow/Filme.java: toString | submission/src/filmnow/MainFilmNow.java: descreveFilme, formataFilme | submission/src/filmnow/FilmNow.java: descreveFilme",high
S66,official_sample,redacted,llm,readability_and_documentation,Readability and Documentation,8,10,"O código é em geral compreensível, com nomes majoritariamente claros e Javadocs em quase todas as classes e métodos públicos. As perdas são por inconsistências de estilo, alguns comentários/documentações imprecisos e organização que torna certos fluxos menos claros.","submission/src/filmnow/Filme.java | submission/src/filmnow/FilmNow.java | submission/src/filmnow/MainFilmNow.java | submission/testes/FilmeTest.java | submission/testes/FilmNowTest.java | submission/src/filmnow/FilmNow.java: HotList | submission/src/filmnow/MainFilmNow.java: adicionaFilme | submission/src/filmnow/Filme.java: Javadocs de local e toString | submission/src/filmnow/FilmNow.java: cadastraFilme, cadastraHot, removeHot",high
S67,official_sample,redacted,llm,basic_functionality,Basic Functionality,8,10,"A implementação cobre a maior parte do fluxo principal: cadastra filmes com validações de posição, nome/local e duplicidade, lista filmes pela interface, detalha filmes e implementa operações básicas da HotList. As perdas vêm de casos especificados que ficam incorretos, especialmente detalhar posição válida vazia e inconsistências na HotList ao substituir posições.","submission/src/filmnow/FilmNow.java: cadastraFilme(int,String,String,String) | submission/src/filmnow/FilmNow.java: detalhaFilme(int) | submission/src/filmnow/FilmNow.java: cadastraHot(int,int) e removeHot(int) | submission/src/filmnow/MainFilmNow.java: comando(String,FilmNow,Scanner), mostrarFilmes(FilmNow), mostrarHotList(FilmNow) | submission/src/filmnow/FilmNow.java: cadastraFilme(int,String,String,String) chama jaExisteFilme antes de converter ano vazio em null | submission/src/filmnow/Filme.java: equals(Object) usa this.ano.equals(...) | submission/testes/filmnow/FilmNowTest.java: testaDetalharFilmePosicaoInvalida espera erro para posição 100 vazia | submission/src/filmnow/FilmNow.java: cadastraHot(int,int) sobrescreve hotList[posicaoHot] sem limpar o filme anterior | submission/src/filmnow/MainFilmNow.java: mostrarHotList(FilmNow) chama formataFilme, que retorna apenas posição e nome",high
S67,official_sample,redacted,llm,unit_tests,Unit Tests,6.5,10,"Há uma suíte numerosa e relevante para Filme e FilmNow, cobrindo vários casos de cadastro, detalhamento e HotList. Entretanto, faltam grupos importantes exigidos pelo roteiro, há pelo menos uma expectativa contrária à especificação e a HotList não é testada nos cenários mais propensos a revelar inconsistências.","submission/testes/filmnow/FilmeTest.java | submission/testes/filmnow/FilmNowTest.java | submission/src/filmnow/Filme.java: equals(Object), getNome(), getAno(), getLocal(), setHot(boolean), getHot() | submission/testes/filmnow/FilmNowTest.java: testes de detalhamento | submission/src/filmnow/FilmNow.java: ausência de método público de listagem formatada | submission/testes/filmnow/FilmNowTest.java: seção HOTLIST | submission/src/filmnow/FilmNow.java: cadastraHot(int,int)",high
S67,official_sample,redacted,llm,class_design,Class Design,9,10,"A solução criou uma classe Filme substantiva, evoluiu FilmNow para compor objetos Filme e manteve MainFilmNow modularizado com métodos auxiliares. O desenho central pedido pelo laboratório está presente; os descontos são localizados por fragilidade na modelagem de ano opcional e por uma interface pública que ainda expõe arrays para algumas operações.","submission/src/filmnow/Filme.java | submission/src/filmnow/FilmNow.java | submission/src/filmnow/MainFilmNow.java | submission/src/filmnow/Filme.java: construtor Filme(String,String) deixa ano null | submission/src/filmnow/Filme.java: equals(Object) | submission/src/filmnow/FilmNow.java: getFilmes(), getHotList() | submission/src/filmnow/MainFilmNow.java: mostrarFilmes(FilmNow), mostrarHotList(FilmNow)",high
S67,official_sample,redacted,llm,object_references,Object References and Composition,8.5,10,A composição principal foi implementada corretamente: FilmNow mantém referências para objetos Filme e a HotList reutiliza essas referências. Há uso adequado de criação de objetos. As perdas são por uma inconsistência de estado causada por aliasing na HotList e por um uso pequeno de static fora de main/constantes.,"submission/src/filmnow/FilmNow.java: atributos Filme[] filmes e Filme[] hotList | submission/src/filmnow/FilmNow.java: cadastraFilme(int,String,String,String), cadastraHot(int,int), removeHot(int) | submission/src/filmnow/MainFilmNow.java: main(String[]) | submission/src/filmnow/FilmNow.java: cadastraHot(int,int) | submission/src/filmnow/FilmNow.java: posicaoValidaHot(int)",high
S67,official_sample,redacted,llm,collections_and_arrays,Collections and Arrays,10,10,"As estruturas de dados principais atendem às restrições do laboratório: há um array de 100 filmes e uma HotList de 10 posições, com validação de limites e normalização correta das posições externas de 1 a 100/10 para índices internos de 0 a 99/9.","submission/src/filmnow/FilmNow.java: constantes TAMANHO e TAMANHOHOTLIST | submission/src/filmnow/FilmNow.java: campos Filme[] filmes e Filme[] hotList | submission/src/filmnow/FilmNow.java: posicaoValida(int), posicaoValidaHot(int), cadastraFilme(int,String,String,String), cadastraHot(int,int)",high
S67,official_sample,redacted,llm,separation_of_concerns,Separation of Concerns,7.5,10,"A separação geral é boa para um laboratório introdutório: Main cuida da interação, FilmNow concentra regras principais e Filme representa a entidade. Contudo, as responsabilidades de formatação/listagem ficam espalhadas entre Main, FilmNow e Filme, o que reduz a clareza do desenho pedido pela rubrica.","submission/src/filmnow/MainFilmNow.java: adicionaFilme, detalharFilme, mostrarFilmes, mostrarHotList | submission/src/filmnow/FilmNow.java: cadastraFilme, detalhaFilme, cadastraHot, removeHot | submission/src/filmnow/Filme.java: toString, equals | submission/src/filmnow/MainFilmNow.java: mostrarFilmes(FilmNow), mostrarHotList(FilmNow), formataFilme(int,Filme) | submission/src/filmnow/FilmNow.java: getFilmes(), getHotList(), formataFilme(int) | submission/src/filmnow/Filme.java: toString()",high
S67,official_sample,redacted,llm,readability_and_documentation,Readability and Documentation,8,10,"O código é compreensível, com nomes em geral adequados e documentação Javadoc em várias classes e métodos. Os descontos são por documentação incompleta em métodos públicos, pequenos problemas de estilo e algumas inconsistências/erros textuais que reduzem o acabamento, mas não impedem a leitura.","submission/src/filmnow/Filme.java | submission/src/filmnow/FilmNow.java | submission/src/filmnow/MainFilmNow.java | submission/src/filmnow/LeitorFilmNow.java | submission/src/filmnow/Filme.java: getNome(), getAno(), getLocal(), setHot(boolean), getHot(), hashCode(), equals(Object), toString() | submission/src/filmnow/Filme.java: Javadoc da classe e construtores | submission/src/filmnow/LeitorFilmNow.java: carregaContatos(String,FilmNow)",high
S68,official_sample,redacted,llm,basic_functionality,Basic Functionality,7,10,"A implementação da classe FilmNow cobre bem o cadastro e o detalhamento por posição, incluindo duplicidade por nome e ano, posições limite e marcação de filme hot no detalhamento. Porém, a listagem e a HotList ficam apenas parcialmente corretas, e o fluxo pela interface de texto não fecha adequadamente porque alguns retornos são ignorados e há erro de posição no detalhamento pelo menu.",submission/src/filmnow/FilmNow.java::cadastraFilme | submission/src/filmnow/FilmNow.java::verificaFilme | submission/src/filmnow/FilmNow.java::detalharFilme | submission/src/filmnow/FilmNow.java::adicionarHot | submission/src/filmnow/FilmNow.java::removerHot | submission/src/filmnow/FilmNow.java::exibirHotList | submission/src/filmnow/MainFilmNow.java::adicionaFilme | submission/src/filmnow/MainFilmNow.java::detalharFilme | submission/src/filmnow/MainFilmNow.java::mostrarFilmes | submission/src/filmnow/FilmNow.java::mostrarFilmes | submission/src/filmnow/MainFilmNow.java::formataFilme | submission/src/filmnow/Filme.java::toString | submission/src/filmnow/FilmNow.java::getFilme,high
S68,official_sample,redacted,llm,unit_tests,Unit Tests,8,10,"Há uma suíte razoável de testes para Filme e FilmNow, com boa cobertura dos casos de cadastro e de detalhamento indicados no roteiro. Ainda assim, faltam testes relevantes para a listagem de filmes e a cobertura da HotList é incompleta, especialmente remoção, exibição, duplicidade e erros de posição.",submission/testes/filmnow/FilmeTest.java | submission/testes/filmnow/FilmNowTest.java::testAdicionarNovoFilmeEmPosicaoVazia | submission/testes/filmnow/FilmNowTest.java::testAdicionarFilmeJaAdicionado | submission/testes/filmnow/FilmNowTest.java::testAdicionarFilmeNaPosicaoLimite | submission/testes/filmnow/FilmNowTest.java::testDetalharFilmeComTodosOsDados | submission/testes/filmnow/FilmNowTest.java::testDetalharFilmeHotList | submission/testes/filmnow/FilmNowTest.java | submission/src/filmnow/FilmNow.java::mostrarFilmes | submission/src/filmnow/FilmNow.java::adicionarHot | submission/src/filmnow/FilmNow.java::removerHot | submission/src/filmnow/FilmNow.java::exibirHotList,high
S68,official_sample,redacted,llm,class_design,Class Design,9,10,"A solução apresenta a modelagem central esperada: uma classe Filme para representar a entidade, uma classe FilmNow composta por filmes e uma classe MainFilmNow para interface. A estrutura demonstra compreensão da composição principal, embora haja pequenas decisões de modelagem que acoplam a entidade Filme ao sistema e tornam algumas APIs menos limpas.",submission/src/filmnow/Filme.java | submission/src/filmnow/FilmNow.java::filmes | submission/src/filmnow/FilmNow.java::hotList | submission/src/filmnow/FilmNow.java::cadastraFilme | submission/src/filmnow/MainFilmNow.java | submission/src/filmnow/Filme.java::posicao | submission/src/filmnow/Filme.java::Filme | submission/src/filmnow/FilmNow.java::setFilmes,high
S68,official_sample,redacted,llm,object_references,Object References and Composition,10,10,"A implementação usa objetos e referências de forma adequada para o nível do laboratório: FilmNow compõe Filme por meio de arrays, cria instâncias de Filme no cadastro e a HotList referencia os mesmos filmes cadastrados. O uso de static fica restrito a constantes e à interface/main, compatível com a proposta do exercício.",submission/src/filmnow/FilmNow.java::filmes | submission/src/filmnow/FilmNow.java::hotList | submission/src/filmnow/FilmNow.java::cadastraFilme | submission/src/filmnow/FilmNow.java::detalharFilme | submission/src/filmnow/MainFilmNow.java::main,high
S68,official_sample,redacted,llm,collections_and_arrays,Collections and Arrays,8,10,"A estrutura de armazenamento principal está correta: há um array de 100 filmes e um array de 10 itens para a HotList, usando conversão de posições 1-based para índices 0-based nas principais operações de FilmNow. As perdas vêm de validações incompletas e de inconsistências de índice em partes da interface.",submission/src/filmnow/FilmNow.java::FILMES | submission/src/filmnow/FilmNow.java::HOTLIST | submission/src/filmnow/FilmNow.java::FilmNow | submission/src/filmnow/FilmNow.java::cadastraFilme | submission/src/filmnow/FilmNow.java::getFilmes | submission/src/filmnow/FilmNow.java::adicionarHot | submission/src/filmnow/MainFilmNow.java::mostrarFilmes | submission/src/filmnow/MainFilmNow.java::formataFilme | submission/src/filmnow/MainFilmNow.java::detalharFilme | submission/src/filmnow/FilmNow.java::getFilme,high
S68,official_sample,redacted,llm,separation_of_concerns,Separation of Concerns,6.5,10,"Há separação básica entre entidade, gerenciador e interface, mas ela é irregular. FilmNow concentra algumas saídas de console e Main duplica lógica de apresentação e acesso aos filmes, em vez de delegar de forma consistente à API de FilmNow. Isso reduz a testabilidade e causa inconsistências de comportamento.",submission/src/filmnow/MainFilmNow.java::menu | submission/src/filmnow/MainFilmNow.java::comando | submission/src/filmnow/FilmNow.java::cadastraFilme | submission/src/filmnow/FilmNow.java::detalharFilme | submission/src/filmnow/Filme.java::toString | submission/src/filmnow/Filme.java::equals | submission/src/filmnow/FilmNow.java::getFilme | submission/src/filmnow/FilmNow.java::mostrarFilmes | submission/src/filmnow/FilmNow.java::adicionarHot | submission/src/filmnow/FilmNow.java::removerHot | submission/src/filmnow/FilmNow.java::exibirHotList | submission/src/filmnow/MainFilmNow.java::mostrarFilmes | submission/src/filmnow/MainFilmNow.java::detalharFilme | submission/src/filmnow/MainFilmNow.java::formataFilme,high
S68,official_sample,redacted,llm,readability_and_documentation,Readability and Documentation,8,10,"O código é em geral legível, com nomes compreensíveis e Javadocs em classes e métodos públicos. A documentação, contudo, é por vezes superficial ou não explicita bem efeitos colaterais e regras de erro, e há inconsistências de organização/nomenclatura que tornam algumas partes menos claras.",submission/src/filmnow/Filme.java | submission/src/filmnow/FilmNow.java | submission/src/filmnow/MainFilmNow.java | submission/src/filmnow/LeitorFilmNow.java | submission/src/filmnow/FilmNow.java::getFilme | submission/src/filmnow/FilmNow.java::mostrarFilmes | submission/src/filmnow/FilmNow.java::adicionarHot | submission/src/filmnow/FilmNow.java::exibirHotList | submission/src/filmnow/LeitorFilmNow.java::carregaContatos | submission/src/filmnow/MainFilmNow.java::formataFilme | submission/src/filmnow/FilmNow.java::setFilmes | submission/src/filmnow/MainFilmNow.java::mostrarFilmes,high
S69,official_sample,redacted,llm,basic_functionality,Basic Functionality,8,10,"A implementação cobre bem o cadastro de filmes, a listagem básica, o detalhamento comum e parte da HotList. As maiores perdas estão concentradas em casos de erro e consistência da HotList, além do retorno nulo ao detalhar posição vazia, que na interface acaba sendo impresso como texto.","submission/src/filmnow/FilmNow.java: cadastraFilme(int, String, String, String) | submission/src/filmnow/FilmNow.java: detalhando(int) | submission/src/filmnow/FilmNow.java: adicionaNaHotList(int, int), removerHot(int), getHotList() | submission/src/filmnow/MainFilmNow.java: mostrarFilmes(FilmNow), mostrarHot(FilmNow), detalharFilme(FilmNow, Scanner) | submission/src/filmnow/Filme.java: equals(Object), toString(), setHot(boolean) | submission/src/filmnow/MainFilmNow.java: detalharFilme(FilmNow, Scanner) | submission/src/filmnow/FilmNow.java: adicionaNaHotList(int, int) | submission/src/filmnow/FilmNow.java: removerHot(int) | submission/src/filmnow/FilmNow.java: getFilme(int) | submission/src/filmnow/MainFilmNow.java: mostrarHot(FilmNow), formataFilme(int, Filme)",high
S69,official_sample,redacted,llm,unit_tests,Unit Tests,4,10,"Há uma suíte JUnit real para FilmNow, com boa quantidade de casos de cadastro e detalhamento, incluindo limites de posição. Porém, não há testes diretos da classe Filme, a listagem não é testada, e a HotList é coberta apenas de forma muito parcial.","submission/testes/filmnow/FilmNowTest.java: setUp() | submission/testes/filmnow/FilmNowTest.java: testes de cadastraFilme | submission/testes/filmnow/FilmNowTest.java: testes de detalhando | submission/testes/filmnow/FilmNowTest.java | submission/src/filmnow/Filme.java | submission/src/filmnow/MainFilmNow.java: mostrarFilmes(FilmNow) | submission/testes/filmnow/FilmNowTest.java: detalhaFilmeHot() | submission/src/filmnow/FilmNow.java: adicionaNaHotList(int, int), removerHot(int)",high
S69,official_sample,redacted,llm,class_design,Class Design,8.5,10,"A solução demonstra a modelagem principal esperada: há Filme, FilmNow com composição por arrays de Filme, HotList e uma classe Main modularizada. As perdas são por uma API de domínio parcialmente inconsistente, especialmente em métodos públicos que expõem detalhes internos de armazenamento e índices.","submission/src/filmnow/Filme.java | submission/src/filmnow/FilmNow.java: atributos filmes e hotList, construtor, cadastraFilme | submission/src/filmnow/MainFilmNow.java: main, menu, comando e métodos auxiliares | submission/src/filmnow/LeitorFilmNow.java: processaLinhaCsvFilmes(String[], FilmNow) | submission/src/filmnow/FilmNow.java: getFilme(int) | submission/src/filmnow/FilmNow.java: getHotList() | submission/src/filmnow/MainFilmNow.java: adicionaHot(FilmNow, Scanner), mostrarHot(FilmNow)",high
S69,official_sample,redacted,llm,object_references,Object References and Composition,10,10,"O código usa referências de objetos de forma adequada para o nível do laboratório: FilmNow compõe objetos Filme, cria novos filmes no cadastro, reutiliza referências na HotList e não há uso indevido relevante de static fora do main, métodos auxiliares da interface e constantes.","submission/src/filmnow/FilmNow.java: private Filme[] filmes; private Filme[] hotList; | submission/src/filmnow/FilmNow.java: cadastraFilme(int, String, String, String) | submission/src/filmnow/FilmNow.java: adicionaNaHotList(int, int) | submission/src/filmnow/MainFilmNow.java: métodos estáticos de interface e main",high
S69,official_sample,redacted,llm,collections_and_arrays,Collections and Arrays,9,10,"A solução usa arrays com os tamanhos exigidos para a lista principal e a HotList, e faz corretamente a conversão de posição 1-baseada para índice 0-baseado nos fluxos principais de cadastro e detalhamento. A perda é pequena e está ligada ao encapsulamento frágil do array da HotList.","submission/src/filmnow/FilmNow.java: TAMANHO, TAMANHOHOT, filmes, hotList | submission/src/filmnow/FilmNow.java: construtor | submission/src/filmnow/FilmNow.java: cadastraFilme(int, String, String, String), detalhando(int), getFilmes() | submission/src/filmnow/FilmNow.java: getHotList() | submission/src/filmnow/MainFilmNow.java: mostrarHot(FilmNow)",high
S69,official_sample,redacted,llm,separation_of_concerns,Separation of Concerns,7,10,"Há uma separação razoável: MainFilmNow cuida da interação, FilmNow concentra o cadastro/detalhamento/HotList, e Filme representa os dados. Porém, a interface ainda conhece demais a estrutura interna, e parte da formatação/listagem que deveria estar no domínio fica na Main.","submission/src/filmnow/MainFilmNow.java | submission/src/filmnow/FilmNow.java | submission/src/filmnow/Filme.java: toString() | submission/src/filmnow/MainFilmNow.java: mostrarFilmes(FilmNow), mostrarHot(FilmNow) | submission/src/filmnow/FilmNow.java: getFilmes(), getHotList() | submission/src/filmnow/MainFilmNow.java: formataFilme(int, Filme) | submission/src/filmnow/Filme.java: getNome(), toString() | submission/src/filmnow/FilmNow.java: detalhando(int) | submission/src/filmnow/MainFilmNow.java: detalharFilme(FilmNow, Scanner)",high
S69,official_sample,redacted,llm,readability_and_documentation,Readability and Documentation,8,10,"O código é compreensível, com nomes em geral adequados e Javadocs em boa parte das classes e métodos. As perdas são por documentação incompleta em alguns métodos públicos, pequenos problemas de estilo/nomeação e uma inconsistência no contrato equals/hashCode.","submission/src/filmnow/Filme.java | submission/src/filmnow/FilmNow.java | submission/src/filmnow/MainFilmNow.java | submission/src/filmnow/LeitorFilmNow.java | submission/src/filmnow/Filme.java: getNome(), getAno(), getLocal(), getHot(), setHot(boolean) | submission/src/filmnow/FilmNow.java: adicionaNaHotList(int, int), removerHot(int) | submission/src/filmnow/FilmNow.java: TAMANHOHOT, detalhando(int) | submission/src/filmnow/MainFilmNow.java: métodos de menu e hotlist | submission/src/filmnow/Filme.java: equals(Object), hashCode()",high
S70,official_sample,redacted,llm,basic_functionality,Basic Functionality,8.5,10,"A implementação fecha quase todo o fluxo principal: cadastra filmes com validações de posição, nome/local e duplicidade, detalha filmes, permite listar pela interface e implementa as operações centrais da HotList. As perdas são localizadas em detalhes funcionais da HotList e na formatação de filme sem ano.","submission/src/filmnow/FilmNow.java: cadastraFilme(int,String,String,String) | submission/src/filmnow/FilmNow.java: detalharFilme(int) | submission/src/filmnow/FilmNow.java: adicionaHot(int,int), removeHot(int), getHotList() | submission/src/filmnow/Filme.java: equals(Object), toString() | submission/src/filmnow/MainFilmNow.java: comando(String,FilmNow,Scanner), mostrarFilmes(FilmNow), exibirHotList(FilmNow) | submission/src/filmnow/Filme.java: toString() | submission/testes/filmnow/filmNowTest.java: testDetalharFilmeSemAno() | submission/src/filmnow/MainFilmNow.java: exibirHotList(FilmNow) | submission/src/filmnow/FilmNow.java: adicionaHot(int,int)",high
S70,official_sample,redacted,llm,unit_tests,Unit Tests,8.0,10,"Há uma suíte JUnit ampla e independente para `Filme` e `FilmNow`, cobrindo muitos casos normais, limites e erros. A pontuação não é máxima porque alguns comportamentos especificados não são testados ou são testados com expectativa diferente do roteiro, especialmente listagem, filme sem ano e detalhes mais completos da HotList.","submission/testes/filmnow/filmeTest.java | submission/testes/filmnow/filmNowTest.java | submission/testes/filmnow/filmeTest.java: testToString() | submission/src/filmnow/Filme.java: toString() | submission/testes/filmnow/filmNowTest.java: testGetFilmes(), testGetFilmesSemFilmes(), testDetalharFilmeSemAno() | submission/testes/filmnow/filmNowTest.java: testes de adicionaHot/removeHot/getHotList | submission/src/filmnow/MainFilmNow.java: exibirHotList(FilmNow) | submission/src/filmnow/FilmNow.java: adicionaHot(int,int)",high
S70,official_sample,redacted,llm,class_design,Class Design,10,10,"A solução modela adequadamente as classes centrais esperadas: `Filme` representa a entidade do domínio, `FilmNow` compõe arrays de `Filme` e gerencia o sistema, e `MainFilmNow` atua como classe de interface com métodos auxiliares. Há evidência clara de implementação substancial além do código inicial.",submission/src/filmnow/Filme.java | submission/src/filmnow/FilmNow.java | submission/src/filmnow/MainFilmNow.java | submission/src/filmnow/LeitorFilmNow.java,high
S70,official_sample,redacted,llm,object_references,Object References and Composition,10,10,"A submissão demonstra uso correto de referências e composição: `FilmNow` armazena e manipula objetos `Filme`, cria novos objetos no cadastro e mantém referências compartilhadas entre lista principal e HotList para refletir o status hot nos detalhes.","submission/src/filmnow/FilmNow.java: atributos filmes e filmesHots | submission/src/filmnow/FilmNow.java: cadastraFilme(int,String,String,String) | submission/src/filmnow/FilmNow.java: adicionaHot(int,int), removeHot(int) | submission/src/filmnow/MainFilmNow.java",high
S70,official_sample,redacted,llm,collections_and_arrays,Collections and Arrays,10,10,"As estruturas de dados atendem às restrições do laboratório: array de 100 posições para filmes e array de 10 posições para HotList, com conversão correta de posições de usuário para índices internos.","submission/src/filmnow/FilmNow.java: constantes TAMANHO e TAMANHOHOT | submission/src/filmnow/FilmNow.java: construtor FilmNow() | submission/src/filmnow/FilmNow.java: cadastraFilme(int,String,String,String), adicionaHot(int,int), removeHot(int), verificaExistenciaFilme(Filme), existeNaHotList(Filme)",high
S70,official_sample,redacted,llm,separation_of_concerns,Separation of Concerns,8.0,10,"A separação geral é boa: a interface faz entrada e saída, `FilmNow` concentra cadastro, detalhamento e HotList, e `Filme` representa dados e detalhamento textual. A principal perda está em a interface manipular diretamente arrays e formatar parte das visualizações que poderiam pertencer ao modelo ou ao gerenciador.","submission/src/filmnow/MainFilmNow.java: adicionaFilme, mostrarFilmes, detalharFilme, atribuirHot, exibirHotList, removerHot | submission/src/filmnow/FilmNow.java | submission/src/filmnow/Filme.java | submission/src/filmnow/MainFilmNow.java: mostrarFilmes(FilmNow), formataFilme(int,Filme), exibirHotList(FilmNow) | submission/src/filmnow/FilmNow.java: getFilmes(), getHotList()",high
S70,official_sample,redacted,llm,readability_and_documentation,Readability and Documentation,8.0,10,"O código é compreensível, usa nomes em geral adequados e possui Javadocs em muitas classes e métodos públicos principais. As perdas vêm de documentação incompleta em alguns métodos públicos simples, pequenos desalinhamentos entre documentação e comportamento e alguns problemas de estilo textual.","submission/src/filmnow/Filme.java | submission/src/filmnow/FilmNow.java | submission/src/filmnow/MainFilmNow.java | submission/src/filmnow/LeitorFilmNow.java | submission/src/filmnow/Filme.java: getNome, setNome, getAno, setAno, getLocal, setLocal, getHot, setHot | submission/src/filmnow/FilmNow.java: Javadoc de adicionaHot(int,int) | submission/src/filmnow/Filme.java: Javadocs de hashCode(), equals(Object) | submission/src/filmnow/MainFilmNow.java: comentários de atribuirHot e exibirHotList",high
S71,official_sample,redacted,llm,basic_functionality,Basic Functionality,7,10,"A submissão implementa as funcionalidades centrais de cadastro, detalhamento, listagem pela interface e parte substancial da HotList, com comportamento correto em vários casos comuns. As principais perdas vêm de erros de mapeamento de posições nos limites, ausência de algumas mensagens/fluxos especificados e HotList incompleta em validações e exibição.",submission/src/filmnow/FilmNow.java::verificaFilme | submission/src/filmnow/FilmNow.java::cadastraFilme | submission/src/filmnow/FilmNow.java::detalhaFilme | submission/src/filmnow/FilmNow.java::cadastraFilmeHotList | submission/src/filmnow/FilmNow.java::removeHotList | submission/src/filmnow/MainFilmNow.java::mostrarFilmes | submission/src/filmnow/MainFilmNow.java::adicionaFilme | submission/src/filmnow/MainFilmNow.java::atribuirHot | submission/src/filmnow/MainFilmNow.java::exibirHotList | submission/src/filmnow/FilmNow.java::getFilme | submission/src/filmnow/FilmNow.java::getFilmeHotList | submission/src/filmnow/FilmNow.java::verificaFilmeHot | submission/src/filmnow/MainFilmNow.java::removerHot,high
S71,official_sample,redacted,llm,unit_tests,Unit Tests,7,10,"Há uma suíte razoavelmente extensa para Filme e FilmNow, incluindo igualdade, validação de cadastro, detalhamento e alguns cenários de HotList. A cobertura, porém, deixa passar falhas importantes: muitos testes exercitam apenas métodos auxiliares de verificação, faltam testes de listagem e faltam casos de borda que revelariam os erros de indexação e validação da HotList.",submission/testes/FilmeTest.java::testEquals | submission/testes/FilmeTest.java::testEqualsLocal | submission/testes/FilmeTest.java::testEqualsAnosDiferentes | submission/testes/FilmeTest.java::testNomeAno | submission/testes/FilmNowTest.java::testPosicaoVazia | submission/testes/FilmNowTest.java::testJaAdicionado | submission/testes/FilmNowTest.java::testDetalha | submission/testes/FilmNowTest.java::testDetalhaHot | submission/testes/FilmNowTest.java::testRemoverHot | submission/testes/FilmNowTest.java::testHotExistente | submission/testes/FilmeTest.java | submission/testes/FilmNowTest.java::testPosicaoLimite | submission/testes/FilmNowTest.java::testPosicaoExistente | submission/testes/FilmNowTest.java::testAtribuirHot | submission/testes/FilmNowTest.java::testHotPosicaoExistente,high
S71,official_sample,redacted,llm,class_design,Class Design,8.5,10,"A submissão apresenta a modelagem principal esperada: uma classe Filme com seus dados e equals, uma classe FilmNow composta por objetos Filme, além de uma classe principal modularizada. As perdas são pontuais e ligadas à coesão da API de FilmNow e à exposição de detalhes internos.",submission/src/filmnow/Filme.java | submission/src/filmnow/FilmNow.java::filme | submission/src/filmnow/FilmNow.java::hotList | submission/src/filmnow/FilmNow.java::cadastraFilme | submission/src/filmnow/MainFilmNow.java | submission/src/filmnow/FilmNow.java::getFilmes | submission/src/filmnow/MainFilmNow.java::mostrarFilmes | submission/src/filmnow/FilmNow.java::verificaFilme | submission/src/filmnow/LeitorFilmNow.java::processaLinhaCsvFilmes,high
S71,official_sample,redacted,llm,object_references,Object References and Composition,9,10,"O uso de referências é majoritariamente adequado: FilmNow cria e armazena objetos Filme, a HotList reutiliza as mesmas referências, e o uso de static fica restrito à classe de interface e a constantes. Há pequena perda pela exposição direta de referências internas mutáveis.",submission/src/filmnow/FilmNow.java::cadastraFilme | submission/src/filmnow/FilmNow.java::cadastraFilmeHotList | submission/src/filmnow/Filme.java::equals | submission/src/filmnow/FilmNow.java::TAMANHO | submission/src/filmnow/MainFilmNow.java | submission/src/filmnow/FilmNow.java::getFilmes | submission/src/filmnow/FilmNow.java::getHotList,high
S71,official_sample,redacted,llm,collections_and_arrays,Collections and Arrays,8,10,"A submissão usa arrays adequados para representar a lista de 100 filmes e a HotList de 10 posições, respeitando a ideia de armazenamento do laboratório. O principal problema é a conversão incorreta entre posições do usuário e índices internos, afetando os limites especificados.",submission/src/filmnow/FilmNow.java::TAMANHO | submission/src/filmnow/FilmNow.java::TAMANHOHOTLIST | submission/src/filmnow/FilmNow.java::filme | submission/src/filmnow/FilmNow.java::hotList | submission/src/filmnow/FilmNow.java::verificaFilme | submission/src/filmnow/FilmNow.java::cadastraFilmeHotList | submission/src/filmnow/FilmNow.java::cadastraFilme | submission/src/filmnow/FilmNow.java::getFilme | submission/src/filmnow/FilmNow.java::detalhaFilme | submission/src/filmnow/MainFilmNow.java::mostrarFilmes | submission/src/filmnow/MainFilmNow.java::exibirHotList,high
S71,official_sample,redacted,llm,separation_of_concerns,Separation of Concerns,8,10,"Há separação razoável entre interface, sistema e entidade: a interface faz entrada/saída, FilmNow gerencia filmes e Filme sabe formatar seus detalhes. Ainda assim, a interface conhece demais a estrutura interna das listas e algumas regras ficam divididas entre MainFilmNow e FilmNow.",submission/src/filmnow/Filme.java::toString | submission/src/filmnow/Filme.java::nomeAno | submission/src/filmnow/FilmNow.java::verificaFilme | submission/src/filmnow/FilmNow.java::detalhaFilme | submission/src/filmnow/FilmNow.java::cadastraFilmeHotList | submission/src/filmnow/MainFilmNow.java::menu | submission/src/filmnow/MainFilmNow.java::comando | submission/src/filmnow/MainFilmNow.java::mostrarFilmes | submission/src/filmnow/MainFilmNow.java::exibirHotList | submission/src/filmnow/FilmNow.java::getFilmes | submission/src/filmnow/FilmNow.java::getHotList | submission/src/filmnow/FilmNow.java::cadastraFilme | submission/src/filmnow/MainFilmNow.java::adicionaFilme | submission/src/filmnow/LeitorFilmNow.java::processaLinhaCsvFilmes,high
S71,official_sample,redacted,llm,readability_and_documentation,Readability and Documentation,8,10,"O código é compreensível, usa nomes geralmente adequados e contém documentação Javadoc em classes e vários métodos. As perdas vêm de documentação incompleta ou imprecisa em partes públicas, algumas escolhas de estilo Java frágeis e pequenas inconsistências de nomenclatura.",submission/src/filmnow/Filme.java | submission/src/filmnow/FilmNow.java | submission/src/filmnow/MainFilmNow.java | submission/src/filmnow/Filme.java::getNome | submission/src/filmnow/Filme.java::setNome | submission/src/filmnow/Filme.java::getAno | submission/src/filmnow/FilmNow.java::TAMANHOHOTLIST | submission/src/filmnow/Filme.java::nomeAno | submission/src/filmnow/Filme.java::toString | submission/src/filmnow/FilmNow.java::filme | submission/src/filmnow/FilmNow.java::cadastraFilmeHotList | submission/src/filmnow/MainFilmNow.java::detalharFilme | submission/src/filmnow/MainFilmNow.java::adicionaFilme,high
S72,official_sample,redacted,llm,basic_functionality,Basic Functionality,7.5,10,"A submissão implementa o fluxo principal de cadastro, detalhamento e HotList, com boa parte dos casos normais funcionando. As perdas principais vêm da igualdade de filmes incorreta para alguns casos reais de duplicidade, da listagem resumida sem ano e de operações da HotList que não tratam posições inválidas ou vazias conforme especificado.","submission/src/filmnow/FilmNow.java: cadastraFilme(int,String,String,String) | submission/src/filmnow/FilmNow.java: detalhaFilme(int) | submission/src/filmnow/FilmNow.java: adicionaHot(int,int), removeHot(int), getHot() | submission/src/filmnow/MainFilmNow.java: mostrarFilmes(FilmNow), exibirHot(FilmNow), formataFilme(int,Filme) | submission/src/filmnow/Filme.java: toString(), equals(Object) | submission/src/filmnow/Filme.java: equals(Object) | submission/src/filmnow/FilmNow.java: checaIgual(String,String,String) | submission/src/filmnow/MainFilmNow.java: mostrarFilmes(FilmNow) | submission/src/filmnow/MainFilmNow.java: formataFilme(int,Filme) | submission/src/filmnow/Filme.java: getNome() | submission/src/filmnow/FilmNow.java: adicionaHot(int,int) | submission/src/filmnow/FilmNow.java: removeHot(int) | submission/src/filmnow/MainFilmNow.java: exibirHot(FilmNow)",high
S72,official_sample,redacted,llm,unit_tests,Unit Tests,6.5,10,"Há uma suíte relevante de testes para cadastro e detalhamento, incluindo alguns valores limite, entradas inválidas e filme hot. Porém a cobertura de `Filme` não testa a igualdade, a listagem de filmes não é testada e a HotList é testada apenas de forma parcial.","submission/testes/filmnow/FilmNowTest.java: testCadastraFilmePadrao, testCadastraFilmePosicaoExistente, testCadastraFilmePosicaoAcima, testCadastraFilmePosicaoAbaixo, testCadastraFilmePosicaoLimite | submission/testes/filmnow/FilmNowTest.java: testCadastraFilmeJaCadastrado, testCadastraFilmeAnoVazio, testCadastraFilmeNomeVazio, testCadastraFilmeLocalVazio | submission/testes/filmnow/FilmNowTest.java: testDetalhaFilmePadrao, testDetalhaFilmeAnoVazio, testDetalhaFilmePosicaoVazia, testDetalhaFilmeHotlist | submission/testes/filmnow/FilmeTest.java: testToString, testToStringAnoVazio, testAdicionaHot, testRemoveHot | submission/testes/filmnow/FilmeTest.java | submission/src/filmnow/Filme.java: equals(Object), getNome() | submission/testes/filmnow/FilmNowTest.java | submission/src/filmnow/MainFilmNow.java: mostrarFilmes(FilmNow) | submission/testes/filmnow/FilmNowTest.java: testDetalhaFilmeHotlist | submission/src/filmnow/FilmNow.java: adicionaHot(int,int), removeHot(int), getHot()",high
S72,official_sample,redacted,llm,class_design,Class Design,9.0,10,"A solução modela adequadamente `Filme`, `FilmNow` e uma interface com `main`, usando composição entre o sistema e os filmes. A principal perda estrutural está na implementação incorreta da igualdade de `Filme`, que é parte importante da entidade modelada.","submission/src/filmnow/Filme.java | submission/src/filmnow/FilmNow.java | submission/src/filmnow/MainFilmNow.java: main(String[]), menu(Scanner), comando(String,FilmNow,Scanner) | submission/src/filmnow/Filme.java: toString() | submission/src/filmnow/Filme.java: equals(Object) | submission/src/filmnow/Filme.java: hashCode()",high
S72,official_sample,redacted,llm,object_references,Object References and Composition,10,10,"A submissão demonstra uso adequado de objetos e referências para o escopo do laboratório: `FilmNow` compõe arrays de `Filme`, os objetos são criados nos pontos apropriados e o uso de `static` fica restrito ao `main`, auxiliares da interface e constantes.","submission/src/filmnow/FilmNow.java: atributos filmes e hotlist | submission/src/filmnow/FilmNow.java: FilmNow(), cadastraFilme(int,String,String,String), adicionaHot(int,int) | submission/src/filmnow/MainFilmNow.java: main(String[]), métodos auxiliares estáticos | submission/src/filmnow/Filme.java",high
S72,official_sample,redacted,llm,collections_and_arrays,Collections and Arrays,8.0,10,"A estrutura principal de armazenamento é apropriada: um array de 100 filmes e um array de 10 itens para a HotList, com conversão correta da posição 1..N para índice 0..N-1 em boa parte do sistema. A perda ocorre pelo acesso inseguro aos arrays nas operações da HotList e em alguns métodos públicos sem validação de limites.","submission/src/filmnow/FilmNow.java: constantes TAMANHO e TAMANHOHOTLIST | submission/src/filmnow/FilmNow.java: atributos filmes e hotlist | submission/src/filmnow/FilmNow.java: cadastraFilme(int,String,String,String), detalhaFilme(int) | submission/src/filmnow/FilmNow.java: adicionaHot(int,int), removeHot(int), getFilme(int), existeFilme(int) | submission/src/filmnow/FilmNow.java: adicionaHot(int,int) | submission/src/filmnow/FilmNow.java: removeHot(int) | submission/src/filmnow/FilmNow.java: getFilme(int) | submission/src/filmnow/FilmNow.java: existeFilme(int)",high
S72,official_sample,redacted,llm,separation_of_concerns,Separation of Concerns,8.0,10,"Há separação geral entre interface, gerenciador e entidade: o `Main` lida com entrada/saída, `FilmNow` gerencia filmes e HotList, e `Filme` representa os dados do filme. A principal deficiência é que a representação resumida de filmes para listagem e HotList ficou no `Main`, usando apenas `getNome`, em vez de ser responsabilidade da entidade ou do sistema de domínio.","submission/src/filmnow/MainFilmNow.java: adicionaFilme, detalharFilme, mostrarFilmes, exibirHot | submission/src/filmnow/FilmNow.java: cadastraFilme, detalhaFilme, adicionaHot, removeHot | submission/src/filmnow/Filme.java: atributos, toString(), getNome() | submission/src/filmnow/MainFilmNow.java: formataFilme(int,Filme) | submission/src/filmnow/MainFilmNow.java: mostrarFilmes(FilmNow) | submission/src/filmnow/MainFilmNow.java: exibirHot(FilmNow) | submission/src/filmnow/Filme.java: getNome(), toString()",high
S72,official_sample,redacted,llm,readability_and_documentation,Readability and Documentation,8.5,10,"O código é em geral legível, com nomes compreensíveis e Javadocs presentes nas classes e métodos públicos principais. As perdas são pequenas a moderadas por documentação ocasionalmente superficial ou incompleta e por alguns trechos com estrutura condicional mais difícil de ler.","submission/src/filmnow/Filme.java | submission/src/filmnow/FilmNow.java | submission/src/filmnow/MainFilmNow.java | submission/src/filmnow/LeitorFilmNow.java | submission/src/filmnow/FilmNow.java: checaIgual(String,String,String) | submission/src/filmnow/Filme.java: getNome(), getHotlist(), adicionadoHotlist(), removidoHotlist() | submission/src/filmnow/FilmNow.java: cadastraFilme(int,String,String,String), adicionaHot(int,int), removeHot(int)",high
S73,official_sample,redacted,llm,basic_functionality,Basic Functionality,4.5,10,"A submissão implementa algum fluxo operacional para cadastrar, listar, detalhar e marcar filmes como hot, mas várias regras centrais da especificação não fecham corretamente. O cadastro simples e a sobrescrita funcionam, a listagem imprime nomes cadastrados e há alguma sinalização de filme hot; porém há problemas relevantes de validação, posições, formato de detalhamento, mensagens e restrições da HotList.","submission/src/filmnow/FilmNow.java: atributos `filmes` e `hotList`; métodos `cadastraFilme`, `getNomes`, `detalharFilmeIsHot`, `cadastraHot`, `removeHot` | submission/src/filmnow/MainFilmNow.java: métodos `menu`, `comando`, `adicionaFilme`, `mostrarFilmes`, `detalharFilme`, `exibirHot`, `atribuirHot`, `removerHot` | submission/src/filmnow/FilmNow.java: método `cadastraFilme` | submission/src/filmnow/MainFilmNow.java: método `adicionaFilme` | submission/src/filmnow/FilmNow.java: método `detalharFilmeIsHot` | submission/src/filmnow/MainFilmNow.java: método `detalharFilme` | submission/src/filmnow/FilmNow.java: atributo `hotList`; métodos `cadastraHot`, `getNomesHot`, `getAnoHot`, `removeHot` | submission/src/filmnow/MainFilmNow.java: métodos `atribuirHot`, `exibirHot`, `removerHot`",high
S73,official_sample,redacted,llm,unit_tests,Unit Tests,2.5,10,"Há uma suíte JUnit com vários testes para `FilmNow`, usando `@BeforeEach` e cobrindo alguns cenários de cadastro, limites, detalhamento e filme hot. No entanto, não há testes para uma classe `Filme`, e muitos testes afirmam como correto um comportamento contrário à especificação, como permitir duplicatas, permitir nome/local vazio e usar posição 99 como limite superior.","submission/teste/FilmNowTest.java: classe `FilmNowTest` | submission/teste/FilmNowTest.java: métodos `testAdicionarPosicaoVazia`, `testAdicionarPosicaoExistente`, `testAdicionarAcimaLimite`, `testDetalharTodosDados`, `testDetalharFilmeHotList` | submission/teste/FilmNowTest.java | submission/src/filmnow/FilmNow.java | submission/teste/FilmNowTest.java: `testAdicionarAdicionado`, `testAdicionarMesmoNomeAnoLocal`, `testAdicionarPosicaoLimite`, `testAdicionarLocalVazio`, `testAdicionarNomeVazio` | submission/teste/FilmNowTest.java: `testDetalharTodosDados`, `testDetalharFilmeSemDado`, `testDetalharFilmeHotList`",high
S73,official_sample,redacted,llm,class_design,Class Design,4.0,10,"Há uma classe `FilmNow` com responsabilidade de armazenamento/gerência e uma classe de interface com métodos separados, mas o desenho principal esperado para o laboratório não foi implementado: não existe classe `Filme` ou equivalente orientado a objetos, e `FilmNow` usa uma matriz de `String` em vez de compor objetos de filme.",submission/src/filmnow/FilmNow.java | submission/src/filmnow/MainFilmNow.java | submission/src/filmnow/LeitorFilmNow.java | submission/src/filmnow/FilmNow.java: uso de `String[][] filmes` | Árvore de fontes: ausência de `submission/src/filmnow/Filme.java` | submission/src/filmnow/FilmNow.java: atributos `private String[][] filmes` e `private String[][] hotList`,high
S73,official_sample,redacted,llm,object_references,Object References and Composition,7.0,10,"O uso de membros estáticos está majoritariamente restrito ao `main`, métodos auxiliares da interface e constantes, e há criação adequada de objetos como `FilmNow` e `LeitorFilmNow`. A perda principal vem da ausência de objetos `Filme`, o que impede demonstrar composição real entre o sistema e os filmes.",submission/src/filmnow/FilmNow.java: constantes `TAMANHO_LISTA` e `TAMANHO_COLUNA`; atributos de instância | submission/src/filmnow/MainFilmNow.java: `main` e `carregaFilmes` | submission/src/filmnow/FilmNow.java: métodos `cadastraFilme` e `cadastraHot`,high
S73,official_sample,redacted,llm,collections_and_arrays,Collections and Arrays,5.5,10,"A submissão usa matrizes para armazenar dados dos filmes e consegue guardar até 100 entradas no armazenamento principal. Entretanto, o mapeamento de posições não respeita 1..100, a HotList não respeita o limite de 10 posições e há manipulação frágil das linhas da matriz de HotList.","submission/src/filmnow/FilmNow.java: atributos `filmes` e `hotList` | submission/src/filmnow/FilmNow.java: métodos `getNomes`, `getNomesHot`, `getAnoHot`, `cadastraHot`, `removeHot` | submission/src/filmnow/FilmNow.java: `getFilme`, `cadastraFilme`, `detalharFilmeIsHot` | submission/src/filmnow/MainFilmNow.java: `adicionaFilme`, `atribuirHot` | submission/src/filmnow/FilmNow.java: `private String[][] hotList = new String[TAMANHO_LISTA][TAMANHO_COLUNA]` | submission/src/filmnow/FilmNow.java: método `cadastraHot` | submission/src/filmnow/FilmNow.java: métodos `removeHot`, `getNomesHot`, `getAnoHot`",high
S73,official_sample,redacted,llm,separation_of_concerns,Separation of Concerns,5.0,10,"Existe alguma separação entre interface, leitor de arquivo e classe de sistema, e o `MainFilmNow` está dividido em métodos menores. Porém, as regras de negócio ficam parcialmente na interface, `FilmNow` também imprime mensagem em um método, e a ausência de `Filme` impede delegar a exibição e igualdade ao objeto de domínio.","submission/src/filmnow/MainFilmNow.java: métodos `menu`, `comando`, `adicionaFilme`, `mostrarFilmes`, `detalharFilme` | submission/src/filmnow/FilmNow.java: métodos de cadastro, consulta e HotList | submission/src/filmnow/LeitorFilmNow.java | submission/src/filmnow/FilmNow.java: `detalharFilmeIsHot` | submission/src/filmnow/MainFilmNow.java: `formataFilme` | submission/src/filmnow/MainFilmNow.java: método `adicionaFilme` | submission/src/filmnow/FilmNow.java: método `cadastraFilme` | submission/src/filmnow/FilmNow.java: método `removeHot`",high
S73,official_sample,redacted,llm,readability_and_documentation,Readability and Documentation,6.0,10,"O código é em geral legível, usa nomes compreensíveis, pacote adequado e contém comentários Javadoc em vários métodos. Ainda assim, há documentação imprecisa, repetição de constantes, inconsistências de nomes e trechos de lógica que dificultam manutenção, especialmente na HotList.","submission/src/filmnow/FilmNow.java | submission/src/filmnow/MainFilmNow.java | submission/src/filmnow/LeitorFilmNow.java | submission/src/filmnow/FilmNow.java: Javadocs de `hotList`, `cadastraHot`, `removeHot`, `detalharFilmeIsHot` | submission/src/filmnow/MainFilmNow.java: Javadocs de `carregaFilmes` | submission/src/filmnow/FilmNow.java: métodos `getFilme`, `getNomes`, `existeFilme`, `cadastraFilme`, `getNomesHot`, `cadastraHot` | submission/src/filmnow/FilmNow.java: métodos `getHotList`, `cadastraHot`, `removeHot`, `getNomesHot`",high
S74,official_sample,redacted,llm,basic_functionality,Basic Functionality,5.5,10,"A submissão implementa um fluxo funcional parcial para cadastrar filmes, listar, detalhar e manipular HotList, mas várias saídas e validações centrais não seguem a especificação. O cadastro básico por posição funciona em muitos casos, porém a igualdade incorreta de filmes afeta a regra de duplicidade; listagem e detalhamento usam uma representação inadequada de Filme; e a HotList tem falhas de validação e de exibição.","submission/src/filmnow/FilmNow.java: método `cadastraFilme(int, Filme)` | submission/src/filmnow/FilmNow.java: métodos `mostrarTodos()`, `detalharFilme(int)`, `adicionarHot(int,int)`, `exibirHotList()`, `removerHot(int)` | submission/src/filmnow/Filme.java: métodos `toString()` e `equals(Object)` | submission/src/filmnow/MainFilmNow.java: `switch` de opções do menu | submission/src/filmnow/Filme.java: método `equals(Object)` compara `ano`, `local` e `nome` | submission/src/filmnow/FilmNow.java: método `cadastraFilme(int, Filme)` usa `filme.equals(novoFilme)` para detectar duplicidade | submission/src/filmnow/Filme.java: método `toString()` | submission/src/filmnow/FilmNow.java: método `mostrarTodos()` imprime `(i + 1) + "" - "" + filmes[i]` | submission/src/filmnow/FilmNow.java: método `detalharFilme(int)` trata `filmes[posicao - 1] == null` como posição inválida | submission/src/filmnow/FilmNow.java: método `adicionarHot(int,int)` acessa `filmes[posicaoFilme - 1]` sem checar limites | submission/src/filmnow/FilmNow.java: método `exibirHotList()` imprime `hotList[i]` diretamente | submission/src/filmnow/FilmNow.java: método `removerHot(int)`",high
S74,official_sample,redacted,llm,unit_tests,Unit Tests,0,10,"Não há arquivos de teste na submissão. Portanto, não há evidência de testes JUnit para `Filme` nem para `FilmNow`, apesar de o enunciado exigir testes para as classes com lógica testável.","Pacote informado: `Test file count (not for grading): 0` | Árvore de arquivos contém apenas `submission/src/filmnow/Filme.java`, `FilmNow.java`, `LeitorFilmNow.java` e `MainFilmNow.java` | Source tree da submissão não inclui diretório ou arquivos de teste",high
S74,official_sample,redacted,llm,class_design,Class Design,8,10,"A solução cria uma classe `Filme`, mantém `FilmNow` como gerenciador com composição sobre arrays de filmes e possui uma classe `MainFilmNow`. A modelagem central está presente, mas há imperfeições relevantes na classe `Filme` e na API de `FilmNow` que reduzem a aderência ao modelo esperado.","submission/src/filmnow/Filme.java: classe `Filme` | submission/src/filmnow/FilmNow.java: atributos `private Filme[] filmes` e `private Filme[] hotList` | submission/src/filmnow/MainFilmNow.java: classe `MainFilmNow` e métodos auxiliares privados estáticos | submission/src/filmnow/Filme.java: métodos `equals(Object)`, `hashCode()` e `toString()` | submission/src/filmnow/FilmNow.java: assinatura `cadastraFilme(int posicao, Filme novoFilme)` | submission/src/filmnow/MainFilmNow.java: método `adicionarFilme` cria `new Filme(...)` | submission/src/filmnow/LeitorFilmNow.java: método `processaLinhaCsvFilmes` cria `new Filme(...)`",high
S74,official_sample,redacted,llm,object_references,Object References and Composition,10,10,"A submissão demonstra uso adequado de referências e composição: `FilmNow` armazena referências para objetos `Filme`, há criação explícita de objetos `FilmNow` e `Filme`, e o uso de `static` fica restrito a constantes e à estrutura estática natural da classe de interface.","submission/src/filmnow/FilmNow.java: atributos `filmes` e `hotList`; construtor `FilmNow()` | submission/src/filmnow/MainFilmNow.java: `FilmNow filmNow = new FilmNow()` e `new Filme(nome, ano, local)` | submission/src/filmnow/LeitorFilmNow.java: `Filme novoFilme = new Filme(nome, ano, local)` | submission/src/filmnow/Filme.java: atributos de instância `nome`, `ano`, `local`",high
S74,official_sample,redacted,llm,collections_and_arrays,Collections and Arrays,8.5,10,"A estrutura principal de armazenamento está correta: um array de 100 filmes e um array de 10 itens para a HotList, usando conversão adequada entre posição de usuário e índice interno. A principal falha neste critério é a falta de validação de limites ao acessar a lista principal durante a atribuição de HotList.","submission/src/filmnow/FilmNow.java: constantes `MAX_FILMES` e `MAX_HOTLIST` | submission/src/filmnow/FilmNow.java: construtor `FilmNow()` | submission/src/filmnow/FilmNow.java: métodos `cadastraFilme`, `mostrarTodos`, `adicionarHot`, `removerHot` | submission/src/filmnow/FilmNow.java: método `adicionarHot(int posicaoFilme, int posicaoHot)`",high
S74,official_sample,redacted,llm,separation_of_concerns,Separation of Concerns,5.5,10,"Há alguma separação estrutural entre interface, sistema e entidade, mas a divisão de responsabilidades ainda é inconsistente. `MainFilmNow` lê entradas e organiza o menu, enquanto `FilmNow` gerencia os arrays; porém a classe de sistema imprime diretamente na saída, a criação de `Filme` fica fora de `FilmNow`, e `Filme` não oferece representações de domínio adequadas para apoiar a exibição.","submission/src/filmnow/MainFilmNow.java: métodos `main`, `adicionarFilme`, `detalharFilme`, `atribuirHot`, `removerHot` | submission/src/filmnow/FilmNow.java: métodos de lógica do sistema | submission/src/filmnow/Filme.java: atributos e getters | submission/src/filmnow/FilmNow.java: métodos `cadastraFilme`, `mostrarTodos`, `detalharFilme`, `adicionarHot`, `exibirHotList`, `removerHot` | submission/src/filmnow/MainFilmNow.java: método `adicionarFilme` | submission/src/filmnow/LeitorFilmNow.java: método `processaLinhaCsvFilmes` | submission/src/filmnow/FilmNow.java: método `cadastraFilme(int, Filme)` | submission/src/filmnow/Filme.java: método `toString()` | submission/src/filmnow/FilmNow.java: métodos `mostrarTodos()` e `detalharFilme(int)`",high
S74,official_sample,redacted,llm,readability_and_documentation,Readability and Documentation,5,10,"O código é compreensível e usa nomes razoáveis para classes, atributos e métodos principais, mas a documentação exigida está amplamente ausente. A maior parte dos métodos públicos não possui Javadoc, e classes importantes como `Filme` e `MainFilmNow` não estão documentadas.","submission/src/filmnow/Filme.java | submission/src/filmnow/FilmNow.java | submission/src/filmnow/MainFilmNow.java | submission/src/filmnow/LeitorFilmNow.java | submission/src/filmnow/Filme.java: classe e métodos sem Javadoc | submission/src/filmnow/FilmNow.java: métodos públicos `cadastraFilme`, `mostrarTodos`, `detalharFilme`, `adicionarHot`, `exibirHotList`, `removerHot` sem Javadoc | submission/src/filmnow/MainFilmNow.java: classe sem Javadoc",high
S75,official_sample,redacted,llm,basic_functionality,Basic Functionality,8,10,"A implementação cobre o fluxo principal de adicionar, mostrar, detalhar e manipular a HotList, com composição real entre FilmNow e Filme. As perdas vêm de validações incompletas em entradas inválidas, do tratamento incorreto de filmes sem ano na exibição e de casos importantes da HotList que retornam vazio/null ou lançariam exceção em vez das mensagens especificadas.",submission/src/filmnow/FilmNow.java::cadastraFilme | submission/src/filmnow/FilmNow.java::getFilme | submission/src/filmnow/FilmNow.java::getFilmes | submission/src/filmnow/FilmNow.java::adicionaHot | submission/src/filmnow/FilmNow.java::getHotList | submission/src/filmnow/FilmNow.java::removerHot | submission/src/filmnow/Filme.java::equals | submission/src/filmnow/Filme.java::toString | submission/src/filmnow/MainFilmNow.java::mostrarFilmes | submission/src/filmnow/MainFilmNow.java::exibirHotList | submission/testes/testes/filmeNowTest.java::testDetalharFilmePosicaoLimiteAcimaSemAno comentado | submission/testes/testes/FilmeTest.java::testSaidaFilmeSemAno comentado | submission/src/filmnow/FilmNow.java::existeHotList | submission/testes/testes/filmeNowTest.java::testAdicionaFilmeNaoExistenteNaHotList | submission/testes/testes/filmeNowTest.java::testAdicionandoFilmePosicaoAcimaHotList,high
S75,official_sample,redacted,llm,unit_tests,Unit Tests,6,10,"Há uma suíte de testes relativamente extensa para FilmNow e alguns testes de Filme, com vários casos de cadastro, detalhamento e HotList. Entretanto, os testes de Filme são superficiais, alguns casos obrigatórios foram comentados, a listagem é pouco testada e parte dos testes de HotList consolida comportamentos contrários à especificação.",submission/testes/testes/filmeNowTest.java | submission/testes/testes/FilmeTest.java | submission/testes/testes/filmeNowTest.java::preparaFilme | submission/testes/testes/filmeNowTest.java::testfilmeNoSistema | submission/testes/testes/filmeNowTest.java::testdetalharSemFilme | submission/testes/testes/filmeNowTest.java::testDetalharFilmeHotList | submission/testes/testes/FilmeTest.java::testComparandoFilmesIdenticos | submission/testes/testes/FilmeTest.java::testSaidaComTodosOsDados | submission/testes/testes/FilmeTest.java::testSaidaFilmeSemAno comentado | submission/testes/testes/filmeNowTest.java::testDetalharFilmePosicaoLimiteAcimaSemAno comentado | submission/testes/testes/filmeNowTest.java::testdetalharFilmeSemAno comentado | submission/testes/testes/filmeNowTest.java::testadicionaFilmeLocalExistente | submission/testes/testes/filmeNowTest.java::testAdicionaFilmeNaoExistenteNaHotList | submission/testes/testes/filmeNowTest.java::testAdicionandoFilmePosicaoAcimaHotList | submission/testes/testes/filmeNowTest.java::testAdicionandoFilmePosicaoAbaixoHotList | submission/testes/testes/filmeNowTest.java::testAdicionaFilmeComHotListExistente,high
S75,official_sample,redacted,llm,class_design,Class Design,9,10,"A solução cria e usa as classes centrais esperadas: Filme representa os dados do filme, FilmNow gerencia os filmes e a HotList por composição, e MainFilmNow concentra a interface textual com métodos auxiliares. A pequena perda decorre de a representação textual de Filme e a API de listagem ainda não distinguirem bem resumo, detalhe e casos sem ano.",submission/src/filmnow/Filme.java | submission/src/filmnow/FilmNow.java::filmes | submission/src/filmnow/FilmNow.java::hotList | submission/src/filmnow/MainFilmNow.java::main | submission/src/filmnow/MainFilmNow.java::comando | submission/src/filmnow/LeitorFilmNow.java::processaLinhaCsvFilmes | submission/src/filmnow/Filme.java::toString | submission/src/filmnow/FilmNow.java::getFilmes | submission/src/filmnow/MainFilmNow.java::formataFilme,high
S75,official_sample,redacted,llm,object_references,Object References and Composition,10,10,"O código demonstra adequadamente o uso de referências e composição: FilmNow mantém referências a objetos Filme, a HotList referencia os mesmos filmes cadastrados e o uso de static fica restrito ao main, métodos auxiliares de interface e constantes.",submission/src/filmnow/FilmNow.java::filmes | submission/src/filmnow/FilmNow.java::hotList | submission/src/filmnow/FilmNow.java::cadastraFilme | submission/src/filmnow/FilmNow.java::adicionaHot | submission/src/filmnow/FilmNow.java::existeHotList | submission/src/filmnow/MainFilmNow.java,high
S75,official_sample,redacted,llm,collections_and_arrays,Collections and Arrays,8.5,10,"A solução usa arrays de tamanho adequado para os 100 filmes e as 10 posições da HotList, com mapeamento correto de posições externas 1-based para índices internos 0-based. A perda vem de acessos a arrays sem validação prévia completa em métodos da HotList, o que pode causar exceções em posições inválidas.",submission/src/filmnow/FilmNow.java::TAMANHO | submission/src/filmnow/FilmNow.java::FilmNow | submission/src/filmnow/FilmNow.java::getFilmes | submission/src/filmnow/FilmNow.java::getHotList | submission/src/filmnow/FilmNow.java::adicionaHot | submission/src/filmnow/FilmNow.java::removerHot,high
S75,official_sample,redacted,llm,separation_of_concerns,Separation of Concerns,8,10,"A separação geral está boa para o nível do laboratório: MainFilmNow cuida da interação, FilmNow centraliza regras de cadastro/consulta/HotList e Filme guarda os dados e igualdade. A principal limitação é que a formatação de listagem e parte da apresentação ficam divididas entre Main, FilmNow e Filme, em vez de estarem mais claramente encapsuladas no modelo.",submission/src/filmnow/MainFilmNow.java::menu | submission/src/filmnow/MainFilmNow.java::comando | submission/src/filmnow/MainFilmNow.java::adicionaFilme | submission/src/filmnow/FilmNow.java::cadastraFilme | submission/src/filmnow/FilmNow.java::getFilme | submission/src/filmnow/FilmNow.java::adicionaHot | submission/src/filmnow/Filme.java::toString | submission/src/filmnow/Filme.java::equals | submission/src/filmnow/MainFilmNow.java::formataFilme | submission/src/filmnow/MainFilmNow.java::mostrarFilmes | submission/src/filmnow/FilmNow.java::getFilmes,high
S75,official_sample,redacted,llm,readability_and_documentation,Readability and Documentation,6.5,10,"O código é em geral compreensível e usa nomes razoáveis para as classes e métodos principais, além de conter alguma documentação Javadoc em FilmNow, MainFilmNow e LeitorFilmNow. Porém a documentação é irregular, Filme não possui Javadoc, há comentários pouco informativos ou imprecisos e a organização/estilo apresentam problemas de indentação, chaves e pequenos resíduos de código.",submission/src/filmnow/Filme.java | submission/src/filmnow/FilmNow.java | submission/src/filmnow/MainFilmNow.java | submission/src/filmnow/LeitorFilmNow.java | submission/src/filmnow/Filme.java::equals | submission/src/filmnow/Filme.java::hashCode | submission/src/filmnow/FilmNow.java::existeFilme | submission/src/filmnow/FilmNow.java::existeHotList | submission/src/filmnow/FilmNow.java::getHotList | submission/src/filmnow/FilmNow.java::TAMANHO | submission/src/filmnow/FilmNow.java import java.util.Scanner | submission/src/filmnow/MainFilmNow.java::MainFilmNow | submission/src/filmnow/MainFilmNow.java comentário `// syso` | submission/src/filmnow/MainFilmNow.java::menu,high
S76,official_sample,redacted,llm,basic_functionality,Basic Functionality,8,10,"A submissão implementa a maior parte do fluxo funcional: cadastro com limites e duplicidade, listagem via interface, detalhamento e operações principais da HotList. As perdas concentram-se em dois comportamentos especificados que não fecham corretamente: ano vazio e detalhamento de posição válida sem filme.","submission/src/filmnow/FilmNow.java: cadastraFilme(int,String,int,String) | submission/src/filmnow/Filme.java: equals(Object), hashCode(), detalhaFilme() | submission/src/filmnow/MainFilmNow.java: mostrarFilmes(FilmNow), exibirHotList(FilmNow), detalharFilme(FilmNow,Scanner) | submission/src/filmnow/FilmNow.java: adicionarHot(int,int), removerHot(int), isHot(Filme) | submission/src/filmnow/Filme.java: atributo anoDeLancamento e construtor Filme(String,int,String) | submission/src/filmnow/MainFilmNow.java: adicionaFilme(FilmNow,Scanner) | submission/src/filmnow/FilmNow.java: detalharFilme(int)",high
S76,official_sample,redacted,llm,unit_tests,Unit Tests,2,10,"Há uma suíte JUnit independente para FilmNow cobrindo vários casos de adição, inclusive limites e duplicidade. Entretanto, não há testes para Filme e quase todas as funcionalidades além de cadastro ficaram sem cobertura.","submission/testes/FilmNowTest.java: criaFilmNow() | submission/testes/FilmNowTest.java: testAdicionarFilmeEmPosicaoVazia(), testAdicionarFilmeEmPosicaoExistente(), testAdicionarFilmeJaAdicionadoEmOutraPosicao() | submission/testes/FilmNowTest.java: testAdicionarFilmeNaPosicaoLimite(), testAdicionarFilmeEmPosicaoAcimaDoLimite(), testAdicionarFilmeEmPosicaoAbaixoDoLimite() | submission/testes/FilmNowTest.java | submission/src/filmnow/Filme.java",high
S76,official_sample,redacted,llm,class_design,Class Design,10,10,"A submissão cria e usa as classes centrais esperadas: Filme como entidade de domínio, FilmNow como gerenciador composto por filmes e HotList, e MainFilmNow como interface textual modularizada. A estrutura atende ao objetivo principal de modelagem do laboratório.","submission/src/filmnow/Filme.java | submission/src/filmnow/FilmNow.java: atributos filmes e hotList, construtor FilmNow() | submission/src/filmnow/MainFilmNow.java: main(String[]), menu(Scanner), comando(String,FilmNow,Scanner) | submission/src/filmnow/FilmNow.java: adicionarHot(int,int), removerHot(int)",high
S76,official_sample,redacted,llm,object_references,Object References and Composition,10,10,"O código demonstra uso adequado de objetos e referências: FilmNow instancia e armazena objetos Filme, a HotList referencia filmes existentes e o uso de static fica restrito a constantes e métodos de interface/main.","submission/src/filmnow/FilmNow.java: cadastraFilme(int,String,int,String) | submission/src/filmnow/FilmNow.java: adicionarHot(int,int), isHot(Filme) | submission/src/filmnow/Filme.java: equals(Object) | submission/src/filmnow/MainFilmNow.java",high
S76,official_sample,redacted,llm,collections_and_arrays,Collections and Arrays,9,10,Os arrays principais respeitam os tamanhos exigidos e a conversão entre posição do usuário e índice interno é usada corretamente nas operações centrais. A perda é localizada em um método público que acessa o array sem validar limites.,"submission/src/filmnow/FilmNow.java: constantes TAMANHO e tamanhoDaHotList | submission/src/filmnow/FilmNow.java: construtor FilmNow() | submission/src/filmnow/FilmNow.java: cadastraFilme(int,String,int,String), detalharFilme(int), adicionarHot(int,int), removerHot(int) | submission/src/filmnow/FilmNow.java: getFilmes(), getHotList() | submission/src/filmnow/FilmNow.java: getFilme(int)",high
S76,official_sample,redacted,llm,separation_of_concerns,Separation of Concerns,6,10,"Há separação parcial: MainFilmNow concentra a interação com usuário, FilmNow gerencia os arrays e Filme conhece sua representação textual. Porém, a lógica de domínio ainda imprime diretamente no console e parte da listagem/HotList é montada na interface acessando os arrays.","submission/src/filmnow/MainFilmNow.java: menu(Scanner), comando(String,FilmNow,Scanner), adicionaFilme(FilmNow,Scanner) | submission/src/filmnow/FilmNow.java: cadastraFilme(int,String,int,String), detalharFilme(int), adicionarHot(int,int), removerHot(int) | submission/src/filmnow/Filme.java: toString(), detalhaFilme() | submission/src/filmnow/FilmNow.java: cadastraFilme(int,String,int,String) | submission/src/filmnow/FilmNow.java: adicionarHot(int,int) | submission/src/filmnow/FilmNow.java: removerHot(int) | submission/src/filmnow/MainFilmNow.java: mostrarFilmes(FilmNow) | submission/src/filmnow/MainFilmNow.java: exibirHotList(FilmNow) | submission/src/filmnow/FilmNow.java: getFilmes(), getHotList()",high
S76,official_sample,redacted,llm,readability_and_documentation,Readability and Documentation,6,10,"O código é em geral compreensível e usa nomes descritivos, mas a documentação exigida em Javadoc está incompleta, especialmente na nova classe Filme e em métodos públicos novos de FilmNow. Há também pequenas inconsistências de estilo.","submission/src/filmnow/Filme.java | submission/src/filmnow/FilmNow.java | submission/src/filmnow/MainFilmNow.java | submission/src/filmnow/LeitorFilmNow.java | submission/src/filmnow/FilmNow.java: getHotList(), detalharFilme(int), adicionarHot(int,int), removerHot(int) | submission/src/filmnow/FilmNow.java: tamanhoDaHotList, comentários dos arrays | submission/src/filmnow/FilmNow.java: Javadoc de cadastraFilme com ""assitido""",high
S77,official_sample,redacted,llm,basic_functionality,Basic Functionality,5,10,"Há implementação parcial das operações principais em `FilmNow`: cadastro, algumas validações, detalhamento e uma HotList simples. Entretanto, a listagem pelo programa entregue fica comprometida por erro de compilação no `MainFilmNow`, a HotList tem falhas centrais de índice, validação e representação, e há problemas de entrada/validação que impedem considerar o fluxo completo como correto.",submission/src/filmnow/FilmNow.java::cadastraFilme | submission/src/filmnow/FilmNow.java::equals1 | submission/src/filmnow/FilmNow.java::toString(int) | submission/src/filmnow/FilmNow.java::colocarHotlist | submission/src/filmnow/MainFilmNow.java::mostrarFilmes | submission/src/filmnow/MainFilmNow.java::AdicionarHot | submission/src/filmnow/MainFilmNow.java::adicionaFilme | submission/src/filmnow/FilmNow.java::formataFilme | submission/src/filmnow/FilmNow.java::Hotlist | submission/src/filmnow/FilmNow.java::cadastraHotlist | submission/src/filmnow/FilmNow.java::removerHot | submission/src/filmnow/MainFilmNow.java::ExibirHotList,medium
S77,official_sample,redacted,llm,unit_tests,Unit Tests,4.5,10,"A submissão contém uma quantidade razoável de testes para cadastro e detalhamento em `FilmNow`, incluindo posições limite e duplicidade. Contudo, os testes de `Filme` são praticamente ausentes, há uma classe de teste com `fail(""Not yet implemented"")`, e a cobertura de listagem e HotList é muito incompleta.",submission/testes/filmnow/FilmNowteste.java::testAdicionarNome até testAdicionarNome9 | submission/testes/filmnow/FilmNowteste.java::testDetalharFilme até testDetalharFilme6 | submission/testes/filmnow/FilmNowteste.java::preparaFilmes | submission/testes/filmnow/Filmteste.java::test | submission/testes/filmnow/Filmteste.java | submission/testes/filmnow/FilmNowteste.java::testNomeAno | submission/src/filmnow/Filme.java | submission/testes/filmnow/FilmNowteste.java | submission/src/filmnow/FilmNow.java::colocarHotlist | submission/src/filmnow/FilmNow.java::removerHot | submission/src/filmnow/MainFilmNow.java::ExibirHotList,medium
S77,official_sample,redacted,llm,class_design,Class Design,6.5,10,"A submissão criou uma classe `Filme`, manteve `FilmNow` como gerenciador com composição por array de filmes e organizou o `MainFilmNow` em métodos. Porém, `Filme` não implementa responsabilidades importantes como `equals` e `toString`, a HotList é modelada como `String[]` em vez de relação com filmes, e há um erro estrutural no `MainFilmNow` que prejudica a classe de interface.",submission/src/filmnow/Filme.java | submission/src/filmnow/FilmNow.java::filmes | submission/src/filmnow/FilmNow.java::cadastraFilme | submission/src/filmnow/MainFilmNow.java | submission/src/filmnow/Filme.java::hashcode | submission/src/filmnow/Filme.java::getNomeAno | submission/src/filmnow/FilmNow.java::equals1 | submission/src/filmnow/FilmNow.java::Hotlist | submission/src/filmnow/FilmNow.java::cadastraHotlist | submission/src/filmnow/MainFilmNow.java::ExibirHotList | submission/src/filmnow/MainFilmNow.java::mostrarFilmes,medium
S77,official_sample,redacted,llm,object_references,Object References and Composition,8,10,"O código usa majoritariamente atributos de instância, constantes estáticas adequadas e cria objetos `FilmNow`, `Filme` e `LeitorFilmNow` de forma coerente. A composição principal `FilmNow` com `Filme[]` está presente. As perdas vêm principalmente da HotList não manter referências a `Filme` e da igualdade ter sido deslocada para um método auxiliar em `FilmNow`.",submission/src/filmnow/FilmNow.java::TAMANHO | submission/src/filmnow/FilmNow.java::TAMANINHO | submission/src/filmnow/FilmNow.java::cadastraFilme | submission/src/filmnow/MainFilmNow.java::main | submission/src/filmnow/MainFilmNow.java::carregaFilmes | submission/src/filmnow/FilmNow.java::Hotlist | submission/src/filmnow/FilmNow.java::cadastraHotlist | submission/src/filmnow/FilmNow.java::EmHotlist | submission/src/filmnow/FilmNow.java::equals1 | submission/src/filmnow/Filme.java,medium
S77,official_sample,redacted,llm,collections_and_arrays,Collections and Arrays,7,10,"A estrutura principal de armazenamento respeita o limite de 100 filmes e a HotList tem tamanho 10. A solução usa arrays de forma compatível com o laboratório. Contudo, várias operações usam índices de maneira inconsistente e a HotList não valida limites nem ausência de filme, o que compromete o uso correto das estruturas.",submission/src/filmnow/FilmNow.java::filmes | submission/src/filmnow/FilmNow.java::Hotlist | submission/src/filmnow/FilmNow.java::getFilmes | submission/src/filmnow/FilmNow.java::getHotlist | submission/src/filmnow/FilmNow.java::cadastraFilme | submission/src/filmnow/FilmNow.java::colocarHotlist | submission/src/filmnow/FilmNow.java::removerHot | submission/src/filmnow/FilmNow.java::cadastraHotlist | submission/src/filmnow/FilmNow.java::getFilme | submission/src/filmnow/FilmNow.java::getAno | submission/src/filmnow/FilmNow.java::getLocal | submission/src/filmnow/FilmNow.java::toString,medium
S77,official_sample,redacted,llm,separation_of_concerns,Separation of Concerns,6.5,10,"Há uma separação básica: o `MainFilmNow` concentra interação com usuário, `FilmNow` gerencia o cadastro e `Filme` guarda dados do filme. Porém, a formatação e a lógica de exibição estão espalhadas, `Filme` quase não assume responsabilidades de representação textual, e a interface acessa arrays e getters para montar listagens.",submission/src/filmnow/MainFilmNow.java::menu | submission/src/filmnow/MainFilmNow.java::comando | submission/src/filmnow/FilmNow.java::cadastraFilme | submission/src/filmnow/FilmNow.java::equals1 | submission/src/filmnow/Filme.java | submission/src/filmnow/FilmNow.java::toString | submission/src/filmnow/MainFilmNow.java::mostrarFilmes | submission/src/filmnow/MainFilmNow.java::ExibirHotList | submission/src/filmnow/FilmNow.java::formataFilme | submission/src/filmnow/FilmNow.java::getFilmes | submission/src/filmnow/FilmNow.java::getHotlist,medium
S77,official_sample,redacted,llm,readability_and_documentation,Readability and Documentation,5,10,"O código é parcialmente compreensível e há alguns comentários em formato Javadoc, especialmente nas classes derivadas do esqueleto. Ainda assim, a documentação é incompleta ou pouco objetiva em vários métodos adicionados, há nomes fora do padrão Java e comentários informais, e alguns erros de organização dificultam a leitura e manutenção.",submission/src/filmnow/FilmNow.java | submission/src/filmnow/MainFilmNow.java | submission/src/filmnow/Filme.java | submission/src/filmnow/FilmNow.java::EmHotlist | submission/src/filmnow/FilmNow.java::colocarHotlist | submission/src/filmnow/FilmNow.java::equals1 | submission/src/filmnow/FilmNow.java::Hotlist | submission/src/filmnow/FilmNow.java::TAMANINHO | submission/src/filmnow/MainFilmNow.java::AdicionarHot | submission/src/filmnow/MainFilmNow.java::ExibirHotList | submission/src/filmnow/MainFilmNow.java::RemoverHot | submission/src/filmnow/Filme.java::hashcode | submission/src/filmnow/MainFilmNow.java::carregaFilmes(),medium
S78,official_sample,redacted,llm,basic_functionality,Basic Functionality,7,10,"A submissão implementa cadastro, detalhamento, listagem simples e um fluxo básico de HotList, com retorno de mensagens e uso de objetos Filme. Porém, há falhas materiais na rejeição de filmes duplicados e várias regras especificadas da HotList não são respeitadas, especialmente em posições vazias, duplicidade e sobrescrita/remoção.","submission/src/filmnow/FilmNow.java: método cadastraFilme | submission/src/filmnow/FilmNow.java: método detalharFilmeNow | submission/src/filmnow/FilmNow.java: métodos cadastraHot, removerHot, inHot | submission/src/filmnow/MainFilmNow.java: métodos mostrarFilmes, adicionaHot, exibeHot, removeHot | submission/src/filmnow/FilmNow.java: método cadastraFilme, bloco `if (inFilmes(filme))` | submission/src/filmnow/FilmNow.java: comparações `ano == """"`, `nome == """"`, `local == """"` | submission/src/filmnow/MainFilmNow.java: método adicionaFilme | submission/src/filmnow/FilmNow.java: método cadastraHot | submission/src/filmnow/FilmNow.java: método removerHot | submission/src/filmnow/MainFilmNow.java: métodos adicionaHot, removeHot, exibeHot",high
S78,official_sample,redacted,llm,unit_tests,Unit Tests,6,10,"Há uma suíte com muitos cenários relevantes de cadastro, detalhamento, igualdade e alguns casos de HotList. No entanto, os testes usam `assert` da linguagem Java em vez de asserções JUnit, cobrem pouco a classe `Filme` e deixam de verificar casos importantes de estado, listagem e HotList.","submission/testes/FilmNowTest.java: testes verificaIgualdade e toStringTest | submission/testes/FilmNowTest.java: testes adicionaFilme01 a adicionaFilme10 | submission/testes/FilmNowTest.java: testes detalharFilme01 a detelharFilme06 | submission/testes/FilmNowTest.java: testes removerFilmeHot, inHotTest, inFilmeTest | submission/testes/FilmNowTest.java: uso repetido de `assert (...)` em praticamente todos os testes | submission/testes/FilmNowTest.java: ausência de testes para exibeHotList/listagem e casos inválidos de HotList | submission/testes/FilmNowTest.java: testes adicionaFilme03 e adicionaFilme04 verificam só a mensagem, não o estado da posição 3",high
S78,official_sample,redacted,llm,class_design,Class Design,8,10,"A solução evolui substancialmente o código inicial: cria uma classe `Filme`, usa `FilmNow` como gerenciador com composição e mantém uma classe de interface modularizada. As principais limitações de modelagem são o acoplamento de `Filme` à posição do array e a exposição de estruturas internas para listagem e HotList.","submission/src/filmnow/Filme.java | submission/src/filmnow/FilmNow.java: atributos filmes e filmesHot; construtor; métodos de cadastro/detalhamento | submission/src/filmnow/MainFilmNow.java: métodos menu, comando, adicionaFilme, mostrarFilmes, detalharFilme | submission/src/filmnow/Filme.java: atributo posicao, construtor e método getPosicao | submission/src/filmnow/MainFilmNow.java: método formataFilme usa filme.getPosicao() | submission/src/filmnow/FilmNow.java: métodos getFilmes e getFilmesHot | submission/src/filmnow/MainFilmNow.java: métodos mostrarFilmes e exibeHot",high
S78,official_sample,redacted,llm,object_references,Object References and Composition,10,10,"A solução demonstra corretamente a ideia central de composição: `FilmNow` mantém referências para objetos `Filme`, cria objetos quando cadastra filmes e usa `static` apenas no `main`, métodos auxiliares de interface e constantes. Não há falha material específica deste critério que não esteja melhor avaliada em funcionalidade ou uso de arrays.",submission/src/filmnow/FilmNow.java: atributos filmes e filmesHot | submission/src/filmnow/FilmNow.java: método cadastraFilme | submission/src/filmnow/MainFilmNow.java: método main | submission/src/filmnow/LeitorFilmNow.java: método processaLinhaCsvFilmes,high
S78,official_sample,redacted,llm,collections_and_arrays,Collections and Arrays,7,10,"A estrutura principal usa arrays com os tamanhos exigidos, 100 filmes e 10 posições de HotList, e em vários fluxos a conversão de posição 1-base para índice 0-base funciona. Contudo, o gerenciamento da HotList tem erros de índice e a estrutura pode ficar inconsistente em casos especificados.","submission/src/filmnow/FilmNow.java: atributos TAMANHO, filmes, filmesHot e construtor | submission/src/filmnow/FilmNow.java: métodos getFilmes, getFilmesHot, cadastraFilme | submission/src/filmnow/FilmNow.java: métodos cadastraHot e removerHot | submission/src/filmnow/FilmNow.java: método cadastraHot | submission/src/filmnow/FilmNow.java: método removerHot | submission/src/filmnow/FilmNow.java: método cadastraFilme, bloco de duplicidade",high
S78,official_sample,redacted,llm,separation_of_concerns,Separation of Concerns,8,10,"Há separação básica correta: a interface lê e imprime, `FilmNow` concentra boa parte das regras e `Filme` representa o objeto de domínio. A principal limitação é que a interface percorre arrays e monta diretamente representações de listagem e HotList, o que deixa parte da lógica de apresentação/consulta fora do gerenciador.","submission/src/filmnow/MainFilmNow.java | submission/src/filmnow/FilmNow.java | submission/src/filmnow/Filme.java: método toString | submission/src/filmnow/MainFilmNow.java: métodos mostrarFilmes, formataFilme e exibeHot | submission/src/filmnow/FilmNow.java: métodos getFilmes e getFilmesHot",high
S78,official_sample,redacted,llm,readability_and_documentation,Readability and Documentation,8,10,"O código é em geral legível, com nomes compreensíveis e Javadocs em quase todos os métodos públicos relevantes. As perdas vêm de documentação frequentemente superficial ou imprecisa e de alguns problemas de clareza textual/nomeação que dificultam a manutenção, mas não impedem a compreensão geral.","submission/src/filmnow/Filme.java | submission/src/filmnow/FilmNow.java | submission/src/filmnow/MainFilmNow.java | submission/src/filmnow/LeitorFilmNow.java | submission/src/filmnow/FilmNow.java: Javadocs de cadastraFilme, cadastraHot e removerHot | submission/src/filmnow/Filme.java: Javadocs do construtor e toString | submission/src/filmnow/Filme.java: comentários de atributos | submission/src/filmnow/MainFilmNow.java: Javadocs de adicionaHot e removeHot | submission/src/filmnow/MainFilmNow.java: textos de menu e prompts",high
S79,official_sample,redacted,llm,basic_functionality,Basic Functionality,4.5,10,"Há implementação parcial do fluxo principal: é possível cadastrar filmes válidos em algumas posições, listar filmes cadastrados, detalhar um filme existente e marcar/desmarcar um filme como hot. Porém, várias regras centrais da especificação falham, especialmente validações de posição, detecção de duplicidade, ano vazio, detalhamento de posições vazias/inválidas e a HotList como lista limitada de 10 posições.","submission/src/filmnow/MainFilmNow.java: métodos `adicionaFilme`, `mostrarFilmes`, `detalharFilme`, `atribuirHot`, `removerHot`, `exibirHotList` | submission/src/filmnow/FilmNow.java: métodos `cadastraFilme`, `verificaSeFilmeJaFoiInserido`, `adicionaHot`, `removeHot`, `getFilme` | submission/src/filmnow/Filme.java: método `toString` e atributo `hot` | submission/src/filmnow/MainFilmNow.java: método `adicionaFilme` | submission/src/filmnow/FilmNow.java: métodos `cadastraFilme` e `verificaSeFilmeJaFoiInserido` | submission/src/filmnow/MainFilmNow.java: métodos `mostrarFilmes` e `detalharFilme` | submission/src/filmnow/FilmNow.java: método `getFilme` | submission/src/filmnow/FilmNow.java: métodos `adicionaHot` e `removeHot` | submission/src/filmnow/MainFilmNow.java: métodos `atribuirHot`, `removerHot` e `exibirHotList` | submission/src/filmnow/Filme.java: atributo `hot`",high
S79,official_sample,redacted,llm,unit_tests,Unit Tests,4,10,"Há testes JUnit reais para `Filme` e alguns métodos de `FilmNow`, com uso de `@BeforeEach` e asserções. Entretanto, a cobertura é bastante parcial: muitos casos obrigatórios de cadastro, listagem, detalhamento e HotList não são testados, e alguns testes de HotList não verificam efetivamente a mudança de estado por causa da implementação de `equals`.","submission/test/FilmeTest.java | submission/test/FilmNowTeste.java | submission/test/FilmeTest.java: método `testEquals` | submission/test/FilmeTest.java: método `testToString` | submission/src/filmnow/Filme.java: método `equals` | submission/src/filmnow/FilmNow.java: métodos `cadastraFilme`, `getFilme`, `verificaSeFilmeJaFoiInserido` | submission/test/FilmNowTeste.java: métodos `testAdicionaHot` e `testRemoveHot`",high
S79,official_sample,redacted,llm,class_design,Class Design,7,10,"A submissão cria uma classe `Filme`, mantém `FilmNow` como classe de sistema com composição por array de `Filme[]` e possui uma interface `MainFilmNow` modularizada em métodos. O desenho central existe, mas há problemas importantes na modelagem de igualdade, na representação de ano vazio e na ausência de uma HotList como entidade/estrutura própria gerenciada pelo sistema.","submission/src/filmnow/Filme.java | submission/src/filmnow/FilmNow.java | submission/src/filmnow/MainFilmNow.java | submission/src/filmnow/LeitorFilmNow.java | submission/src/filmnow/Filme.java: métodos `equals` e `hashCode` | submission/src/filmnow/MainFilmNow.java: métodos `adicionaFilme`, `mostrarFilmes`, `detalharFilme`, `exibirHotList`",high
S79,official_sample,redacted,llm,object_references,Object References and Composition,8,10,"O código demonstra uso razoável de referências: `FilmNow` armazena objetos `Filme`, cria objetos no cadastro e evita estado estático indevido nas classes de domínio. As perdas vêm de problemas conceituais localizados no uso de referências, especialmente comparação de `String` com `==` e a HotList modelada como flag booleana em vez de referências organizadas em uma estrutura própria.","submission/src/filmnow/FilmNow.java: atributo `Filme[] filmes`, construtor, método `cadastraFilme`, método `getFilmes` | submission/src/filmnow/MainFilmNow.java: método `main` e métodos estáticos de interface | submission/src/filmnow/LeitorFilmNow.java: constantes estáticas | submission/src/filmnow/FilmNow.java: método `verificaSeFilmeJaFoiInserido` | submission/src/filmnow/Filme.java: atributo `hot` | submission/src/filmnow/FilmNow.java: métodos `adicionaHot` e `removeHot`",high
S79,official_sample,redacted,llm,collections_and_arrays,Collections and Arrays,6,10,"A estrutura principal de armazenamento de filmes foi evoluída para um array de `Filme` com tamanho 100, o que demonstra compreensão parcial do uso de arrays. Contudo, o mapeamento de posições 1–100 para índices do array está incorreto e a HotList não possui estrutura de armazenamento própria nem limite de 10 posições.","submission/src/filmnow/FilmNow.java: atributo `Filme[] filmes`, constante `TAMANHO`, construtor e método `cadastraFilme` | submission/src/filmnow/MainFilmNow.java: métodos `mostrarFilmes` e `exibirHotList` | submission/src/filmnow/FilmNow.java: métodos `cadastraFilme`, `getFilme`, `verificaSePosicaoEstaVazia` | submission/src/filmnow/MainFilmNow.java: método `verificaPosicaoEhValida` | submission/src/filmnow/FilmNow.java: ausência de atributo de HotList; métodos `adicionaHot` e `removeHot` | submission/src/filmnow/MainFilmNow.java: método `exibirHotList`",high
S79,official_sample,redacted,llm,separation_of_concerns,Separation of Concerns,5,10,"Existe alguma separação básica: `MainFilmNow` cuida da interação com usuário, `FilmNow` armazena filmes e `Filme` representa os dados de um filme. Porém, regras de negócio e formatação essenciais estão concentradas na interface, enquanto `FilmNow` não gerencia completamente cadastro, listagem, detalhamento e HotList.","submission/src/filmnow/MainFilmNow.java | submission/src/filmnow/FilmNow.java | submission/src/filmnow/Filme.java | submission/src/filmnow/LeitorFilmNow.java | submission/src/filmnow/MainFilmNow.java: método `adicionaFilme` | submission/src/filmnow/FilmNow.java: método `cadastraFilme` | submission/src/filmnow/MainFilmNow.java: métodos `mostrarFilmes`, `detalharFilme`, `exibirHotList` | submission/src/filmnow/Filme.java: método `toString` | submission/src/filmnow/MainFilmNow.java: método `formataFilme`",high
S79,official_sample,redacted,llm,readability_and_documentation,Readability and Documentation,7,10,"O código é em geral compreensível, usa nomes razoáveis e possui Javadocs em várias classes e métodos. As deduções decorrem de documentação por vezes superficial ou imprecisa e de escolhas de estilo que reduzem clareza, mas não impedem totalmente a leitura do programa.",submission/src/filmnow/Filme.java | submission/src/filmnow/FilmNow.java | submission/src/filmnow/MainFilmNow.java | submission/src/filmnow/LeitorFilmNow.java | submission/src/filmnow/Filme.java: Javadocs de atributos e métodos | submission/src/filmnow/MainFilmNow.java: Javadocs de `verificaPosicaoEhValida` | submission/src/filmnow/LeitorFilmNow.java: método `carregaContatos` | submission/src/filmnow/FilmNow.java: método `verificaSeFilmeJaFoiInserido` | submission/src/filmnow/MainFilmNow.java: métodos `adicionaFilme` e `exibirHotList` | submission/src/filmnow/Filme.java: método `toString` | submission/src/filmnow/Filme.java: atributo `posicao` | submission/src/filmnow/FilmNow.java: método `verificaSePosicaoEstaVazia`,high
S80,official_sample,redacted,llm,basic_functionality,Basic Functionality,8.5,10,"A submissão implementa quase todo o fluxo principal: cadastro de filmes com validações centrais, detalhamento, listagem pela interface e operações básicas de HotList. As perdas são concentradas em casos de borda da HotList e na representação de filme sem ano no detalhamento.","submission/src/filmnow/FilmNow.java: cadastraFilme(int,String,String,String) | submission/src/filmnow/FilmNow.java: detalharFilme(int) | submission/src/filmnow/FilmNow.java: cadastraHot(int,int) e removerHot(int) | submission/src/filmnow/MainFilmNow.java: comando(String,FilmNow,Scanner), mostrarFilmes(FilmNow), exibirHotList(FilmNow) | submission/src/filmnow/Filme.java: equals(Object), toString() | submission/src/filmnow/FilmNow.java: cadastraHot(int,int) | submission/src/filmnow/FilmNow.java: removerHot(int) | submission/src/filmnow/Filme.java: toString() | submission/testes/filmnow/FilmNowTest.java: testDetalharFilmeSemAno()",high
S80,official_sample,redacted,llm,unit_tests,Unit Tests,7.0,10,"Há uma suíte JUnit significativa, especialmente para cadastro, limites, duplicidade, detalhamento e vários fluxos de HotList. A cobertura, porém, ainda deixa lacunas importantes em Filme, na listagem e em casos de borda da HotList; além disso, um teste aceita uma saída contrária ao formato especificado para filme sem ano.","submission/testes/filmnow/FilmNowTest.java: testCadastraFilme(), testCadastraFilmeLimite(), testCadastraFilmeAcimaLimite(), testCadastraFilmeAbaixoLimite() | submission/testes/filmnow/FilmNowTest.java: testCadastraFilmesIguais(), testCadastraFilmesIguaisExetoLocal(), testCadastraFilmePosicaoExistente() | submission/testes/filmnow/FilmNowTest.java: testDetalharFilme(), testDetalharFilmePosicaoVazia(), testDetalharFilmePosicaoInferior(), testDetalharFilmePosicaoSuperior() | submission/testes/filmnow/FilmNowTest.java: testCadastraHot(), testCadastraHotRepetido(), testRemoverHot() | submission/testes/filmnow/FilmeTest.java | submission/testes/filmnow/FilmNowTest.java: testGetFilmes() | submission/testes/filmnow/FilmNowTest.java: testDetalharFilmeSemAno() | submission/testes/filmnow/FilmNowTest.java: testGetFilmesHot() | submission/testes/filmnow/FilmNowTest.java: conjunto de testes testCadastraHot* e testRemoverHot*",high
S80,official_sample,redacted,llm,class_design,Class Design,10,10,"A modelagem central pedida pelo laboratório está presente: há uma classe Filme com seus dados e igualdade, uma classe FilmNow que compõe e gerencia objetos Filme, e uma classe MainFilmNow com a interface textual modularizada por métodos auxiliares.","submission/src/filmnow/Filme.java | submission/src/filmnow/FilmNow.java | submission/src/filmnow/MainFilmNow.java | submission/src/filmnow/LeitorFilmNow.java: processaLinhaCsvFilmes(String[],FilmNow)",high
S80,official_sample,redacted,llm,object_references,Object References and Composition,10,10,"A solução demonstra uso adequado de referências para o nível do laboratório: FilmNow armazena referências para objetos Filme, a HotList reutiliza referências aos mesmos filmes, e o uso de membros estáticos fica restrito a constantes e à classe de interface.","submission/src/filmnow/FilmNow.java: atributos filmes e filmesHot | submission/src/filmnow/FilmNow.java: cadastraFilme(int,String,String,String) | submission/src/filmnow/FilmNow.java: cadastraHot(int,int) | submission src/filmnow/MainFilmNow.java: main(String[]) e carregaFilmes(String,FilmNow)",high
S80,official_sample,redacted,llm,collections_and_arrays,Collections and Arrays,9.0,10,"As estruturas de armazenamento respeitam os limites principais do enunciado: 100 filmes e 10 itens na HotList, com mapeamento correto das posições de usuário para índices internos. A perda é pequena e está ligada a inconsistências de estado na estrutura da HotList em casos de borda.","submission/src/filmnow/FilmNow.java: constantes TAMANHO e TAMANHOHOT | submission/src/filmnow/FilmNow.java: construtor FilmNow() | submission/src/filmnow/FilmNow.java: detalharFilme(int), cadastraFilme(int,String,String,String), cadastraHot(int,int), removerHot(int) | submission/src/filmnow/MainFilmNow.java: mostrarFilmes(FilmNow), exibirHotList(FilmNow) | submission/src/filmnow/FilmNow.java: cadastraHot(int,int) | submission/src/filmnow/FilmNow.java: removerHot(int)",high
S80,official_sample,redacted,llm,separation_of_concerns,Separation of Concerns,7.5,10,"Há boa separação básica: MainFilmNow cuida da interação com o usuário, FilmNow concentra cadastro/detalhamento/HotList, e Filme sabe gerar seus detalhes. Ainda assim, a listagem e a formatação resumida dependem bastante da interface, que percorre arrays e acessa diretamente dados dos filmes.","submission/src/filmnow/MainFilmNow.java: adicionaFilme(FilmNow,Scanner), detalharFilme(FilmNow,Scanner), mostrarFilmes(FilmNow), exibirHotList(FilmNow) | submission/src/filmnow/FilmNow.java: cadastraFilme(int,String,String,String), detalharFilme(int), cadastraHot(int,int), removerHot(int) | submission/src/filmnow/Filme.java: toString(), equals(Object) | submission/src/filmnow/MainFilmNow.java: mostrarFilmes(FilmNow) | submission/src/filmnow/MainFilmNow.java: exibirHotList(FilmNow) | submission/src/filmnow/FilmNow.java: getFilmes(), getFilmesHot() | submission/src/filmnow/MainFilmNow.java: formataFilme(int,Filme) | submission/src/filmnow/MainFilmNow.java: formataHot(int,Filme) | submission/src/filmnow/Filme.java: getNome(), getAno(), toString()",high
S80,official_sample,redacted,llm,readability_and_documentation,Readability and Documentation,8.5,10,"O código é legível, com nomes em geral compreensíveis, métodos curtos e documentação Javadoc nas classes e nos métodos principais. A perda decorre de documentação pública incompleta em alguns acessores e de pequenos problemas de clareza ou acabamento textual.","submission/src/filmnow/Filme.java | submission/src/filmnow/FilmNow.java | submission/src/filmnow/MainFilmNow.java | submission/src/filmnow/LeitorFilmNow.java | submission/src/filmnow/Filme.java: getNome(), setNome(String), getAno(), setAno(String), getLocal(), setLocal(String), setHot(String) | submission/src/filmnow/Filme.java: Javadocs de construtor e toString() | submission/src/filmnow/FilmNow.java: Javadocs de cadastraFilme(int,String,String,String) e removerHot(int) | submission/src/filmnow/MainFilmNow.java: Javadocs de métodos auxiliares",high
S81,official_sample,redacted,llm,basic_functionality,Basic Functionality,6.5,10,"A submissão implementa uma parte relevante das operações principais: cadastro direto de filmes funciona em vários casos, há listagem via interface, detalhamento de filme ocupado e uma HotList parcialmente operacional. Entretanto, há falhas funcionais importantes em fluxos de interface, posições vazias/inválidas, representação de ano ausente e manutenção da HotList.",submission/src/filmnow/FilmNow.java:cadastraFilme | submission/src/filmnow/FilmNow.java:existeFilme | submission/src/filmnow/MainFilmNow.java:mostrarFilmes | submission/src/filmnow/MainFilmNow.java:detalharFilme | submission/src/filmnow/Filme.java:detalhesFilme | submission/src/filmnow/FilmNow.java:adicionaHot | submission/src/filmnow/FilmNow.java:removeHot | submission/src/filmnow/MainFilmNow.java:adicionaFilme | submission/src/filmnow/FilmNow.java:getFilmes | submission/src/filmnow/FilmNow.java:getFilme | submission/src/filmnow/Filme.java:setIsHot,high
S81,official_sample,redacted,llm,unit_tests,Unit Tests,4.0,10,"Há testes reais e independentes para cadastro de filmes e para alguns comportamentos da classe `Filme`, especialmente `equals`. Contudo, a suíte cobre quase exclusivamente adição e igualdade; faltam testes de listagem, detalhamento via `FilmNow` e HotList, além de grupos importantes de testes de `Filme`.",submission/Test/FilmNowTest.java:testAdicionarFilmeEmPosicaoVazia | submission/Test/FilmNowTest.java:testAdicionarFilmeEmPosicaoExistente | submission/Test/FilmNowTest.java:testAdicionarFilmeJaExistenteEmOutraPosicao | submission/Test/FilmNowTest.java:testAdicionarFilmeNaPosicaoLimite | submission/Test/FilmNowTest.java:testAdicionarFilmeEmPosicaoAcimaLimite | submission/Test/FilmNowTest.java:testAdicionarFilmeEmPosicaoAbaixoLimite | submission/Test/FilmTest.java:testEqualsFilmeIgual | submission/Test/FilmTest.java:testEqualsFilmeDiferente | submission/Test/FilmNowTest.java | submission/src/filmnow/FilmNow.java:adicionaHot | submission/src/filmnow/FilmNow.java:removeHot | submission/Test/FilmTest.java:testDetalhesFilmeComAnoZero | submission/Test/FilmTest.java:testDetalhesFilmeSendoHotComAnoZero | submission/Test/FilmTest.java,high
S81,official_sample,redacted,llm,class_design,Class Design,8.0,10,"A solução demonstra a modelagem central esperada: há uma classe `Filme`, uma classe `FilmNow` composta por filmes e uma classe de interface com métodos auxiliares. As perdas decorrem de lacunas no papel da classe de sistema e de uma representação/exibição incompleta para ano ausente.",submission/src/filmnow/Filme.java | submission/src/filmnow/FilmNow.java | submission/src/filmnow/MainFilmNow.java:main | submission/src/filmnow/MainFilmNow.java:comando | submission/src/filmnow/FilmNow.java:getFilmes | submission/src/filmnow/FilmNow.java:getHotList | submission/src/filmnow/FilmNow.java:setHotList | submission/src/filmnow/MainFilmNow.java:mostrarFilmes | submission/src/filmnow/MainFilmNow.java:detalharFilme | submission/src/filmnow/Filme.java:ano | submission/src/filmnow/Filme.java:detalhesFilme | submission/src/filmnow/Filme.java:toString,high
S81,official_sample,redacted,llm,object_references,Object References and Composition,8.5,10,"A composição principal está presente: `FilmNow` armazena referências a objetos `Filme`, cria filmes no cadastro e a HotList reutiliza referências aos mesmos filmes. A perda é por encapsulamento e manutenção inconsistente dessas referências em alguns casos.",submission/src/filmnow/FilmNow.java:filmes | submission/src/filmnow/FilmNow.java:hotList | submission/src/filmnow/FilmNow.java:cadastraFilme | submission/src/filmnow/FilmNow.java:adicionaHot | submission/src/filmnow/Filme.java:isHot | submission/src/filmnow/FilmNow.java:getFilmes | submission/src/filmnow/FilmNow.java:getHotList | submission/src/filmnow/FilmNow.java:setHotList,high
S81,official_sample,redacted,llm,collections_and_arrays,Collections and Arrays,8.0,10,"A solução usa arrays com os tamanhos esperados para a lista principal e a HotList, e converte posições de usuário para índices internos com `posicao - 1`. Entretanto, alguns acessos a arrays ocorrem antes ou sem validação suficiente, gerando exceções em casos de borda.",submission/src/filmnow/FilmNow.java:TAMANHO | submission/src/filmnow/FilmNow.java:TAMANHO_HOTLIST | submission/src/filmnow/FilmNow.java:FilmNow | submission/src/filmnow/FilmNow.java:cadastraFilme | submission/src/filmnow/FilmNow.java:getFilme | submission/src/filmnow/FilmNow.java:adicionaHot | submission/src/filmnow/FilmNow.java:removeHot | submission/src/filmnow/Filme.java:setIsHot,high
S81,official_sample,redacted,llm,separation_of_concerns,Separation of Concerns,7.0,10,"Há separação básica entre entidade (`Filme`), sistema (`FilmNow`) e interface (`MainFilmNow`). Porém, a interface assume responsabilidades de navegação sobre os arrays e de algumas regras de validação que deveriam estar mais centralizadas em `FilmNow`.",submission/src/filmnow/MainFilmNow.java:menu | submission/src/filmnow/MainFilmNow.java:comando | submission/src/filmnow/FilmNow.java:cadastraFilme | submission/src/filmnow/FilmNow.java:adicionaHot | submission/src/filmnow/Filme.java:equals | submission/src/filmnow/Filme.java:detalhesFilme | submission/src/filmnow/MainFilmNow.java:mostrarFilmes | submission/src/filmnow/MainFilmNow.java:detalharFilme | submission/src/filmnow/MainFilmNow.java:exibeHotList | submission/src/filmnow/FilmNow.java:getFilmes | submission/src/filmnow/FilmNow.java:getHotList | submission/src/filmnow/FilmNow.java:getFilme,high
S81,official_sample,redacted,llm,readability_and_documentation,Readability and Documentation,8.0,10,"O código é em geral legível, com nomes majoritariamente compreensíveis e Javadocs em classes e métodos públicos. As perdas são por documentação genérica/imprecisa e por nomes/parâmetros que confundem a interpretação de algumas operações.",submission/src/filmnow/Filme.java | submission/src/filmnow/FilmNow.java | submission/src/filmnow/MainFilmNow.java | submission/src/filmnow/Filme.java:getLocal | submission/src/filmnow/FilmNow.java:Javadoc da classe | submission/src/filmnow/FilmNow.java:getHotList | submission/src/filmnow/FilmNow.java:adicionaHot | submission/src/filmnow/MainFilmNow.java:adicionaHotList,high
S82,official_sample,redacted,llm,basic_functionality,Basic Functionality,5,10,"A submissão implementa caminhos normais simples para cadastrar, listar, detalhar e manipular HotList, mas grande parte das regras obrigatórias de validação, mensagens e limites não foi implementada. O fluxo funciona parcialmente para entradas internas comuns, porém falha em vários casos-limite exigidos pelo enunciado.","submission/src/filmnow/FilmNow.java: cadastraFilme, getFilme, getFilmeOBJ, cadastraHot, removerHot, adicionadoHot | submission/src/filmnow/MainFilmNow.java: adicionaFilme, mostrarFilmes, detalharFilme, adicionarHot, exibirHot, removeHot | submission/src/filmnow/Filme.java: toString, equals | submission/src/filmnow/FilmNow.java: cadastraFilme | submission/src/filmnow/MainFilmNow.java: adicionaFilme | submission/src/filmnow/Filme.java: equals | submission/src/filmnow/FilmNow.java: getFilme, getFilmeOBJ | submission/src/filmnow/MainFilmNow.java: mostrarFilmes, detalharFilme | submission/src/filmnow/Filme.java: toString | submission/src/filmnow/FilmNow.java: cadastraHot, verificaRemover, removerHot, adicionadoHot | submission/src/filmnow/MainFilmNow.java: adicionarHot, exibirHot, removeHot, detalharFilme",high
S82,official_sample,redacted,llm,unit_tests,Unit Tests,0,10,"Não há arquivos de teste JUnit na submissão. Assim, não há evidência de testes para Filme nem para FilmNow, incluindo os casos-limite explicitamente solicitados no roteiro.","Árvore da submissão: nenhum arquivo de teste listado | Source Tree contém apenas submission/src/filmnow/Filme.java, FilmNow.java, LeitorFilmNow.java e MainFilmNow.java | Árvore da submissão sem diretório ou arquivos de teste | Metadados: Test file count = 0",high
S82,official_sample,redacted,llm,class_design,Class Design,8,10,"A solução cria uma classe Filme adequada para representar nome, ano e local, e FilmNow usa composição com arrays de Filme e de HotList. A classe MainFilmNow também está modularizada em métodos. A perda ocorre porque a classe de sistema ainda está muito baixa em abstração e não encapsula várias operações completas do domínio.","submission/src/filmnow/Filme.java: classe Filme, construtor, atributos, toString, equals | submission/src/filmnow/FilmNow.java: atributos filmes e filmesHot, construtor, cadastraFilme, cadastraHot | submission/src/filmnow/MainFilmNow.java: menu, comando, adicionaFilme, mostrarFilmes, detalharFilme | submission/src/filmnow/FilmNow.java: cadastraFilme, getFilmeOBJ, cadastraHot, getHot | submission/src/filmnow/MainFilmNow.java: mostrarFilmes, detalharFilme, adicionarHot",high
S82,official_sample,redacted,llm,object_references,Object References and Composition,9,10,"A solução demonstra entendimento da criação e uso de objetos: FilmNow instancia Filme, armazena referências em arrays e reutiliza a mesma referência na HotList. Não há uso problemático de estado estático nas classes de domínio. A principal ressalva é a exposição direta de referências internas.","submission/src/filmnow/FilmNow.java: filmes, filmesHot, cadastraFilme, cadastraHot, adicionadoHot | submission/src/filmnow/Filme.java: equals | submission/src/filmnow/MainFilmNow.java: main cria FilmNow | submission/src/filmnow/FilmNow.java: getFilmeOBJ, getFilmes, getHot | submission/src/filmnow/Filme.java: setNome, setAno, setLocal",high
S82,official_sample,redacted,llm,collections_and_arrays,Collections and Arrays,7,10,"A submissão usa arrays com os tamanhos esperados para a lista principal e a HotList, o que atende parcialmente ao critério. Contudo, o uso dos índices não respeita corretamente as posições especificadas de 1 a 100 e de 1 a 10, nem há validação de limites antes do acesso.","submission/src/filmnow/FilmNow.java: TAMANHO, TAMANHOHOT, filmes, filmesHot, construtor | submission/src/filmnow/MainFilmNow.java: mostrarFilmes, exibirHot | submission/src/filmnow/FilmNow.java: getFilme, getFilmeOBJ, cadastraFilme, cadastraHot, verificaRemover | submission/src/filmnow/MainFilmNow.java: adicionaFilme, adicionarHot, detalharFilme, removeHot",high
S82,official_sample,redacted,llm,separation_of_concerns,Separation of Concerns,6.5,10,"Há uma separação inicial entre entidade Filme, sistema FilmNow e interface MainFilmNow. Porém, várias regras e formatações de domínio ficam na interface, enquanto FilmNow oferece métodos de baixo nível e não concentra adequadamente as regras de negócio exigidas.","submission/src/filmnow/MainFilmNow.java: menu, comando, adicionaFilme, mostrarFilmes, detalharFilme, adicionarHot, exibirHot | submission/src/filmnow/FilmNow.java: cadastraFilme, cadastraHot, removerHot, adicionadoHot | submission/src/filmnow/Filme.java: toString, equals | submission/src/filmnow/MainFilmNow.java: adicionarHot, detalharFilme, formataFilme, formataHot | submission/src/filmnow/FilmNow.java: adicionadoHot, cadastraHot | submission/src/filmnow/Filme.java: toString | submission/src/filmnow/MainFilmNow.java: formataFilme, formataHot",high
S82,official_sample,redacted,llm,readability_and_documentation,Readability and Documentation,8,10,"O código é compreensível, usa nomes em geral adequados e possui Javadocs em classes e métodos principais. As perdas são por documentação genérica ou imprecisa em relação ao comportamento real e por alguns nomes/decisões de estilo que reduzem clareza.","submission/src/filmnow/Filme.java: Javadocs da classe, construtor, getters, setters, toString e equals | submission/src/filmnow/FilmNow.java: Javadocs da classe e métodos públicos | submission/src/filmnow/MainFilmNow.java: Javadocs dos métodos de interface | submission/src/filmnow/FilmNow.java: Javadoc de getFilme, getFilmeOBJ, cadastraFilme, cadastraHot, verificaRemover | submission/src/filmnow/FilmNow.java: TAMANHOHOT, getFilmeOBJ | submission/src/filmnow/MainFilmNow.java: adicionarHot, removeHot",high
S83,official_sample,redacted,llm,basic_functionality,Basic Functionality,6.5,10,"A submissão implementa o fluxo central de cadastro, listagem, detalhamento e uma HotList parcial. O cadastro e a listagem funcionam em vários casos importantes, mas há falhas materiais em validação de strings, formato/retorno do detalhamento e principalmente nas regras de HotList.","submission/src/filmnow/FilmNow.java: cadastraFilme(int,String,String,String) | submission/src/filmnow/FilmNow.java: analisaIguais(Filmes) | submission/src/filmnow/FilmNow.java: detalhar(int) | submission/src/filmnow/FilmNow.java: adicionaHotList(int,int), removeHotList(int) | submission/src/filmnow/MainFilmNow.java: mostrarFilmes(FilmNow), exibirHotList(FilmNow) | submission/src/filmnow/Filmes.java: equals(Object), toString() | submission/src/filmnow/FilmNow.java: cadastraFilme(int,String,String,String), condição nome == """" || local == """" | submission/src/filmnow/Filmes.java: toString() | submission/src/filmnow/MainFilmNow.java: detalharFilme(FilmNow,Scanner) | submission/src/filmnow/FilmNow.java: adicionaHotList(int,int) | submission/src/filmnow/FilmNow.java: removeHotList(int)",high
S83,official_sample,redacted,llm,unit_tests,Unit Tests,4.5,10,"Há uma quantidade razoável de testes para cadastro e alguns testes para detalhamento e toString, mas a suíte é incompleta e parte dos testes de Filme não verifica nada efetivamente. A HotList e a listagem são pouco testadas.","submission/src/filmnow/FilmNowTeste.java: testCadastraFilme até testCadastraFilme10 | submission/src/filmnow/FilmesTeste.java: testToString2 até testToString5 | submission/src/filmnow/FilmNowDetalhar.java: testDetalhar1 até testDetalhar5 | submission/src/filmnow/FilmesTeste.java: testEqualsObject1 até testEqualsObject4 | submission/src/filmnow/FilmesTeste.java: assertboolean(boolean,boolean) | submission/src/filmnow/FilmNowTeste.java | submission/src/filmnow/FilmNowDetalhar.java: testDetalhar5 | submission/src/filmnow/FilmNowTeste.java: testCadastraFilme8 | submission/src/filmnow/FilmNowDetalhar.java",high
S83,official_sample,redacted,llm,class_design,Class Design,8.5,10,"O projeto contém uma classe de filme, uma classe gerenciadora FilmNow com composição e uma interface principal modularizada. A modelagem central esperada foi compreendida, embora a API pública apresente inconsistências de abstração e indexação.","submission/src/filmnow/Filmes.java | submission/src/filmnow/FilmNow.java: atributos filmes e hotList | submission/src/filmnow/MainFilmNow.java: menu, comando e métodos auxiliares | submission/src/filmnow/LeitorFilmNow.java: processaLinhaCsvFilmes(String[],FilmNow) | submission/src/filmnow/FilmNow.java: getFilmes(), getFilme(int), detalhar(int) | submission/src/filmnow/MainFilmNow.java: mostrarFilmes(FilmNow)",high
S83,official_sample,redacted,llm,object_references,Object References and Composition,9,10,"A submissão usa objetos e referências de forma majoritariamente adequada: FilmNow cria e armazena objetos Filmes, e a HotList reutiliza referências aos filmes cadastrados. Há uma falha localizada no uso da referência correta ao remover da HotList.","submission/src/filmnow/FilmNow.java: private Filmes[] filmes; private Filmes[] hotList; | submission/src/filmnow/FilmNow.java: cadastraFilme(int,String,String,String) | submission/src/filmnow/FilmNow.java: adicionaHotList(int,int) | submission/src/filmnow/MainFilmNow.java | submission/src/filmnow/FilmNow.java: removeHotList(int)",high
S83,official_sample,redacted,llm,collections_and_arrays,Collections and Arrays,7.5,10,"A estrutura principal usa arrays com os tamanhos exigidos, respeitando a ideia de 100 filmes e 10 posições de HotList. As falhas concentram-se na falta de validação e no uso incorreto de índices na HotList.","submission/src/filmnow/FilmNow.java: TAMANHO = 100, construtor | submission/src/filmnow/FilmNow.java: cadastraFilme(int,String,String,String) | submission/src/filmnow/FilmNow.java: getHotList(), adicionaHotList(int,int), removeHotList(int) | submission/src/filmnow/MainFilmNow.java: mostrarFilmes(FilmNow) | submission/src/filmnow/FilmNow.java: adicionaHotList(int,int) | submission/src/filmnow/FilmNow.java: removeHotList(int)",high
S83,official_sample,redacted,llm,separation_of_concerns,Separation of Concerns,8,10,"A separação geral entre interface, sistema e entidade de filme está presente. A interface cuida da entrada e saída, FilmNow gerencia os filmes e Filmes concentra parte da representação textual. Ainda há dispersão de regras de apresentação e listagem entre MainFilmNow, FilmNow e Filmes.","submission/src/filmnow/MainFilmNow.java | submission/src/filmnow/FilmNow.java | submission/src/filmnow/Filmes.java | submission/src/filmnow/LeitorFilmNow.java | submission/src/filmnow/MainFilmNow.java: mostrarFilmes(FilmNow), exibirHotList(FilmNow) | submission/src/filmnow/FilmNow.java: detalhar(int) | submission/src/filmnow/Filmes.java: toString()",high
S83,official_sample,redacted,llm,readability_and_documentation,Readability and Documentation,7,10,"O código é compreensível e possui Javadocs em várias classes e métodos, mas a documentação contém muitos erros e imprecisões, e há escolhas de implementação que reduzem legibilidade e robustez.","submission/src/filmnow/Filmes.java | submission/src/filmnow/FilmNow.java | submission/src/filmnow/MainFilmNow.java | submission/src/filmnow/LeitorFilmNow.java | submission/src/filmnow/FilmesTeste.java | submission/src/filmnow/Filmes.java: comentários de construtor, getLocal(), removeHot(), toString() | submission/src/filmnow/FilmNow.java: comentários de analisaIguais(Filmes), adicionaHotList(int,int), detalhar(int) | submission/src/filmnow/FilmNow.java: cadastraFilme(int,String,String,String), detalhar(int) | submission/src/filmnow/Filmes.java: toString() | submission/src/filmnow/FilmesTeste.java: assertboolean(boolean,boolean) | submission/src/filmnow/FilmNowDetalhar.java",high
S84,official_sample,redacted,llm,basic_functionality,Basic Functionality,5.5,10,"Há implementação real das operações principais, especialmente cadastro e detalhamento simples de filmes, mas a listagem tem erro de posição, o detalhamento de posição válida vazia contradiz a especificação e a HotList está substancialmente inconsistente com o fluxo pedido.","submission/src/filmnow/FilmNow.java: cadastraFilme(int,String,String,String) | submission/src/filmnow/FilmNow.java: detalhaFilme(int) | submission/src/filmnow/FilmNow.java: atribuirHot(int), removerHot(int), hotList | submission/src/filmnow/MainFilmNow.java: mostrarFilmes(FilmNow), exibirHot(FilmNow), adicionaFilme(FilmNow,Scanner) | submission/src/filmnow/Filme.java: equals(Object), toString() | submission/src/filmnow/MainFilmNow.java: adicionaFilme(FilmNow,Scanner) | submission/src/filmnow/MainFilmNow.java: mostrarFilmes(FilmNow) | submission/src/filmnow/FilmNow.java: atribuirHot(int) | submission/src/filmnow/FilmNow.java: removerHot(int) | submission/src/filmnow/MainFilmNow.java: atribuirHot(FilmNow,Scanner), removerHot(FilmNow,Scanner), exibirHot(FilmNow)",high
S84,official_sample,redacted,llm,unit_tests,Unit Tests,6,10,"A submissão contém uma suíte JUnit relevante, com muitos casos de cadastro e alguns casos de Filme e detalhamento. Entretanto, há lacunas importantes em listagem e HotList, além de expectativas incorretas em alguns testes em relação à especificação.",submission/testes/filmnow/FilmNowTest.java | submission/testes/filmnow/FilmTest.java | submission/testes/filmnow/FilmNowTest.java: testAdicionarFilmeAnoVazio() | submission/testes/filmnow/FilmNowTest.java: testDetalharFilmePosicaoSemFilme() | submission/testes/filmnow/FilmNowTest.java: testDetalharFilmeHotList(),high
S84,official_sample,redacted,llm,class_design,Class Design,8,10,"A solução cria as classes centrais esperadas e usa FilmNow composto por objetos Filme. O desenho geral demonstra a modelagem principal do laboratório, mas há inconsistências no contrato de Filme e na API pública de FilmNow.","submission/src/filmnow/Filme.java | submission/src/filmnow/FilmNow.java | submission/src/filmnow/MainFilmNow.java | submission/src/filmnow/Filme.java: equals(Object), hashCode() | submission/testes/filmnow/FilmTest.java: testHashCodeIgualParaFilmesIguais() | submission/src/filmnow/FilmNow.java: getFilme(int), cadastraFilme(int,String,String,String), detalhaFilme(int), atribuirHot(int)",high
S84,official_sample,redacted,llm,object_references,Object References and Composition,9,10,"O uso de referências está majoritariamente adequado: FilmNow cria e armazena objetos Filme, e não há uso indevido de estado estático nas classes de domínio. A principal fragilidade é o vazamento das referências internas dos arrays.","submission/src/filmnow/FilmNow.java: filmes, hotList, cadastraFilme(int,String,String,String) | submission/src/filmnow/MainFilmNow.java: main(String[]), carregaFilmes(String,FilmNow) | submission/src/filmnow/FilmNow.java: getFilmes(), getHotFilmes() | submission/src/filmnow/MainFilmNow.java: mostrarFilmes(FilmNow), exibirHot(FilmNow)",high
S84,official_sample,redacted,llm,collections_and_arrays,Collections and Arrays,8,10,"As estruturas escolhidas são adequadas ao problema e respeitam os tamanhos principais de 100 filmes e 10 itens hot. A perda decorre de validações e conversões de índices inconsistentes, principalmente na HotList.","submission/src/filmnow/FilmNow.java: TAMANHO, HOT_TAMANHO, filmes, hotList | submission/src/filmnow/FilmNow.java: cadastraFilme(int,String,String,String), detalhaFilme(int), atribuirHot(int), removerHot(int) | submission/src/filmnow/MainFilmNow.java: mostrarFilmes(FilmNow), exibirHot(FilmNow) | submission/src/filmnow/FilmNow.java: getFilme(int), atribuirHot(int), removerHot(int) | submission/src/filmnow/MainFilmNow.java: removerHot(FilmNow,Scanner)",high
S84,official_sample,redacted,llm,separation_of_concerns,Separation of Concerns,7,10,"Há separação básica entre entidade Filme, gerenciador FilmNow e interface MainFilmNow. Porém, parte da lógica de listagem e da manipulação de posições fica espalhada pela interface, o que reduz a coesão de FilmNow.","submission/src/filmnow/MainFilmNow.java | submission/src/filmnow/FilmNow.java | submission/src/filmnow/Filme.java: toString() | submission/src/filmnow/MainFilmNow.java: mostrarFilmes(FilmNow), exibirHot(FilmNow) | submission/src/filmnow/FilmNow.java: getFilmes(), getHotFilmes() | submission/src/filmnow/MainFilmNow.java: removerHot(FilmNow,Scanner) | submission/src/filmnow/FilmNow.java: atribuirHot(int), removerHot(int)",high
S84,official_sample,redacted,llm,readability_and_documentation,Readability and Documentation,8,10,"O código é geralmente legível, com nomes compreensíveis e Javadocs em vários métodos. As principais perdas estão em inconsistências de convenção de posição e documentação pouco precisa em alguns pontos.","submission/src/filmnow/Filme.java | submission/src/filmnow/FilmNow.java | submission/src/filmnow/MainFilmNow.java | submission/src/filmnow/LeitorFilmNow.java | submission/src/filmnow/FilmNow.java: getFilme(int), cadastraFilme(int,String,String,String), detalhaFilme(int), atribuirHot(int), removerHot(int) | submission/src/filmnow/MainFilmNow.java: removerHot(FilmNow,Scanner) | submission/src/filmnow/FilmNow.java: getFilme(int), detalhaFilme(int), atribuirHot(int), removerHot(int)",high
