submission_id,role,original_repository,evaluator_type,criterion_id,criterion_name,score,max_score,justification,evidence_refs,confidence
S01,official_sample,redacted,human,basic_functionality,Basic Functionality,8.0,10,"No método cadastraFilmeHotList, caso não tenha um filme na posição indicada deveria retornar ""POSIÇÃO INVÁLIDA"".",src/filmnow/FilmNow.java,
S01,official_sample,redacted,human,unit_tests,Unit Tests,0.0,10,Testes não implementados.,tests/,
S01,official_sample,redacted,human,class_design,Class Design,7.0,10,A classe FilmNow deveria apenas manter a lógica de negócio.,src/filmnow/FilmNow.java,
S01,official_sample,redacted,human,object_references,Object References,10.0,10,Não se deve usar '==' para comparar 2 strings.,src/filmnow/,
S01,official_sample,redacted,human,collections_and_arrays,Collections And Arrays,10.0,10,Critério atendido.,,
S01,official_sample,redacted,human,separation_of_concerns,Separation Of Concerns,9.0,10,A variável booleana 'hot' na classe Filme não deveria estar nela.,src/filmnow/Filme.java,
S01,official_sample,redacted,human,readability_and_documentation,Readability And Documentation,10.0,10,Critério atendido.,,
S02,official_sample,redacted,human,basic_functionality,Basic Functionality,10.0,10,Critério atendido.,,
S02,official_sample,redacted,human,unit_tests,Unit Tests,9.5,10,Faltou testar detalhar um filme ex hot.,tests/,
S02,official_sample,redacted,human,class_design,Class Design,7.0,10,"O método estático confereExistencia não deveria ser estático; a responsabilidade de verificar se um filme já existe é da classe FilmeNow. Além disso, o sistema armazena filmes como String[] em vez de Filme[], descartando as instâncias após gerar a string.",src/filmnow/FilmeNow.java,
S02,official_sample,redacted,human,object_references,Object References,3.0,10,O array de hotlist está sendo inicializado duas vezes e não está diminuindo -1 da posição passada ao acessar os arrays.,src/filmnow/FilmeNow.java,
S02,official_sample,redacted,human,collections_and_arrays,Collections And Arrays,10.0,10,Critério atendido.,,
S02,official_sample,redacted,human,separation_of_concerns,Separation Of Concerns,9.0,10,A classe Main deve lidar apenas com a entrada e saída.,src/filmnow/Main.java,
S02,official_sample,redacted,human,readability_and_documentation,Readability And Documentation,10.0,10,Critério atendido.,,
S03,official_sample,redacted,human,basic_functionality,Basic Functionality,8.5,10,"Nos métodos de Hot, as posições de entrada vão de 1-10, não de 0-9. Em detalharFilme ele deveria retornar uma String vazia caso não tenha nenhum filme naquela posição mas no código está 'POSIÇÃO INVÁLIDA'.",src/filmnow/FilmNow.java,
S03,official_sample,redacted,human,unit_tests,Unit Tests,6.0,10,"Nos testes da classe Filme faltou testar o toString, e nos testes da classe FilmNow, os métodos de listagem da lista de filmes e da hotlist, adicionar e remover da hotlist não foram implementados.",tests/,
S03,official_sample,redacted,human,class_design,Class Design,7.0,10,"Classe Filme bem implementada, um único ponto é que posição do filme na lista não deveria ser armazenada dentro de filme.",src/filmnow/Filme.java,
S03,official_sample,redacted,human,object_references,Object References,10.0,10,Critério atendido.,,
S03,official_sample,redacted,human,collections_and_arrays,Collections And Arrays,10.0,10,Critério atendido.,,
S03,official_sample,redacted,human,separation_of_concerns,Separation Of Concerns,7.0,10,"A classe Main deve lidar apenas com a entrada e saída, detalhes como verificar se o filme já está na hotlist devem estar no FilmNow.",src/filmnow/Main.java,
S03,official_sample,redacted,human,readability_and_documentation,Readability And Documentation,9.0,10,Na documentação procure deixar mais claro quais os parâmetros e o que aquele método faz.,src/filmnow/,
S04,official_sample,redacted,human,basic_functionality,Basic Functionality,9.0,10,"Caso o usuário tentasse adicionar um filme com local vazio deveria retornar ""FILME INVALIDO"".",src/filmnow/FilmNow.java,
S04,official_sample,redacted,human,unit_tests,Unit Tests,9.5,10,Faltou testar detalhar um filme que foi removido da hotlist.,tests/,
S04,official_sample,redacted,human,class_design,Class Design,10.0,10,Critério atendido.,,
S04,official_sample,redacted,human,object_references,Object References,10.0,10,Critério atendido.,,
S04,official_sample,redacted,human,collections_and_arrays,Collections And Arrays,10.0,10,Critério atendido.,,
S04,official_sample,redacted,human,separation_of_concerns,Separation Of Concerns,9.0,10,HotList deveria ser uma lista dentro de FilmNow não uma classe separada. A variável booleana 'hot' na classe Filme não deveria estar nela.,src/filmnow/HotList.java | src/filmnow/Filme.java,
S04,official_sample,redacted,human,readability_and_documentation,Readability And Documentation,10.0,10,Critério atendido.,,
S05,official_sample,redacted,human,basic_functionality,Basic Functionality,9.0,10,Atribuir hot a um filme que não existe numa posição válida deveria retornar 'POSIÇÃO INVÁLIDA'.,src/filmnow/FilmNow.java,
S05,official_sample,redacted,human,unit_tests,Unit Tests,9.5,10,Faltou testar detalhar um filme ex hot.,tests/,
S05,official_sample,redacted,human,class_design,Class Design,8.0,10,"O método equals de Filme usa == para comparar o atributo ano (String), comprometendo a verificação de duplicidade com entradas do usuário.",,
S05,official_sample,redacted,human,object_references,Object References,10.0,10,Critério atendido.,,
S05,official_sample,redacted,human,collections_and_arrays,Collections And Arrays,10.0,10,Critério atendido.,,
S05,official_sample,redacted,human,separation_of_concerns,Separation Of Concerns,9.0,10,A variável booleana 'hot' na classe Filme não deveria estar nela.,src/filmnow/Filme.java,
S05,official_sample,redacted,human,readability_and_documentation,Readability And Documentation,9.0,10,Tags Javadoc com descrições de @param e @return deixadas em branco em alguns métodos.,,
S06,official_sample,redacted,human,basic_functionality,Basic Functionality,8.5,10,Falta verificação de posição vazia nos métodos da HotList — posições válidas sem filme não retornam POSIÇÃO INVÁLIDA.,,
S06,official_sample,redacted,human,unit_tests,Unit Tests,9.0,10,"Faltaram testes específicos para hotFilme, ex-hot e diferentes versões de dados.",tests/,
S06,official_sample,redacted,human,class_design,Class Design,10.0,10,Critério atendido.,,
S06,official_sample,redacted,human,object_references,Object References,10.0,10,Critério atendido.,,
S06,official_sample,redacted,human,collections_and_arrays,Collections And Arrays,10.0,10,Critério atendido.,,
S06,official_sample,redacted,human,separation_of_concerns,Separation Of Concerns,10.0,10,Critério atendido.,,
S06,official_sample,redacted,human,readability_and_documentation,Readability And Documentation,9.0,10,Faltou documentação da classe Filme.,src/filmnow/Filme.java,
S07,official_sample,redacted,human,basic_functionality,Basic Functionality,10.0,10,Critério atendido.,,
S07,official_sample,redacted,human,unit_tests,Unit Tests,8.5,10,"Critério atendido. Além disso, faltam testes para o construtor e getters da classe Filme.",,
S07,official_sample,redacted,human,class_design,Class Design,9.0,10,A variável booleana 'temHot' na classe Filme não deveria estar nela.,src/filmnow/Filme.java,
S07,official_sample,redacted,human,object_references,Object References,9.0,10,"O hashcode está sendo gerado com base no nome e local, mas deveria ser nome e ano para manter consistência com o equals.",src/filmnow/Filme.java,
S07,official_sample,redacted,human,collections_and_arrays,Collections And Arrays,10.0,10,Critério atendido.,,
S07,official_sample,redacted,human,separation_of_concerns,Separation Of Concerns,9.0,10,A variável booleana 'temHot' não deveria estar na classe Filme (já contabilizado em class_design).,src/filmnow/Filme.java,
S07,official_sample,redacted,human,readability_and_documentation,Readability And Documentation,9.5,10,O método getLocal de Filme está com documentação incorreta.,src/filmnow/Filme.java,
S08,official_sample,redacted,human,basic_functionality,Basic Functionality,9.0,10,"O método detalharFilme não deveria imprimir ""POSIÇÃO INVÁLIDA"" para posições válidas sem filme.",src/filmnow/Main.java#detalharFilme,
S08,official_sample,redacted,human,unit_tests,Unit Tests,8.5,10,Faltou testar a exibição da hot list.,tests/,
S08,official_sample,redacted,human,class_design,Class Design,9.0,10,Atributos não utilizados na classe FilmNow.,src/filmnow/FilmNow.java,
S08,official_sample,redacted,human,object_references,Object References,10.0,10,Critério atendido.,,
S08,official_sample,redacted,human,collections_and_arrays,Collections And Arrays,10.0,10,Faltou verificação ao cadastrar filme na hotlist.,src/filmnow/FilmNow.java,
S08,official_sample,redacted,human,separation_of_concerns,Separation Of Concerns,10.0,10,Critério atendido.,,
S08,official_sample,redacted,human,readability_and_documentation,Readability And Documentation,6.0,10,Documentação incompleta.,src/filmnow/,
S09,official_sample,redacted,human,basic_functionality,Basic Functionality,9.0,10,"Nos métodos de hotlist, caso seja passada uma posição que não possui um filme deveria retornar 'POSIÇÃO INVÁLIDA'.",src/filmnow/FilmNow.java,
S09,official_sample,redacted,human,unit_tests,Unit Tests,9.5,10,Faltou testar detalhar um filme ex hot.,tests/,
S09,official_sample,redacted,human,class_design,Class Design,10.0,10,Critério atendido.,,
S09,official_sample,redacted,human,object_references,Object References,10.0,10,Critério atendido.,,
S09,official_sample,redacted,human,collections_and_arrays,Collections And Arrays,10.0,10,Critério atendido.,,
S09,official_sample,redacted,human,separation_of_concerns,Separation Of Concerns,9.0,10,A variável booleana 'hot' na classe Filme não deveria estar nela.,src/filmnow/Filme.java,
S09,official_sample,redacted,human,readability_and_documentation,Readability And Documentation,10.0,10,Critério atendido.,,
S10,official_sample,redacted,human,basic_functionality,Basic Functionality,10.0,10,Critério atendido.,,
S10,official_sample,redacted,human,unit_tests,Unit Tests,8.0,10,Faltaram testes de construtor e detalhar filme na Hotlist.,tests/,
S10,official_sample,redacted,human,class_design,Class Design,10.0,10,Critério atendido.,,
S10,official_sample,redacted,human,object_references,Object References,10.0,10,Critério atendido.,,
S10,official_sample,redacted,human,collections_and_arrays,Collections And Arrays,10.0,10,Critério atendido.,,
S10,official_sample,redacted,human,separation_of_concerns,Separation Of Concerns,9.0,10,A variável booleana 'hot' não deveria estar na classe Filme.,src/filmnow/Filme.java,
S10,official_sample,redacted,human,readability_and_documentation,Readability And Documentation,10.0,10,Critério atendido.,,
S11,official_sample,redacted,human,basic_functionality,Basic Functionality,10.0,10,Critério atendido.,,
S11,official_sample,redacted,human,unit_tests,Unit Tests,8.0,10,Faltou testar os métodos de exibir lista de filmes e exibir hot list.,tests/,
S11,official_sample,redacted,human,class_design,Class Design,8.0,10,"O método equals de Filme usa == para comparar o atributo anoDeLancamento (String), comprometendo a verificação de duplicidade.",,
S11,official_sample,redacted,human,object_references,Object References,10.0,10,Critério atendido.,,
S11,official_sample,redacted,human,collections_and_arrays,Collections And Arrays,10.0,10,Critério atendido.,,
S11,official_sample,redacted,human,separation_of_concerns,Separation Of Concerns,10.0,10,Critério atendido.,,
S11,official_sample,redacted,human,readability_and_documentation,Readability And Documentation,10.0,10,Critério atendido.,,
S12,official_sample,redacted,human,basic_functionality,Basic Functionality,9.0,10,"Nos métodos de hotlist, caso seja passada uma posição que não possui um filme deveria retornar 'POSIÇÃO INVÁLIDA'. Não está diminuindo -1 da posição passada ao acessar os arrays.",src/filmnow/FilmNow.java,
S12,official_sample,redacted,human,unit_tests,Unit Tests,5.0,10,"Não testou os métodos de hotlist, nem os métodos de mostrar a lista de filmes, nem de detalhar um filme.",tests/,
S12,official_sample,redacted,human,class_design,Class Design,10.0,10,Critério atendido.,,
S12,official_sample,redacted,human,object_references,Object References,10.0,10,Critério atendido.,,
S12,official_sample,redacted,human,collections_and_arrays,Collections And Arrays,7.0,10,"exibir hot está com muita lógica em filmnow, Filme que deveria ser responsável pelos detalhes de exibição.",src/filmnow/FilmNow.java,
S12,official_sample,redacted,human,separation_of_concerns,Separation Of Concerns,6.0,10,"A classe Main deve lidar apenas com a entrada e saída, verificações como posição inválida devem estar dentro de FilmNow.",src/filmnow/Main.java,
S12,official_sample,redacted,human,readability_and_documentation,Readability And Documentation,3.0,10,Não documentou a classe Filme e documentação da classe FilmNow incompleta.,src/filmnow/,
S13,official_sample,redacted,human,basic_functionality,Basic Functionality,8.5,10,Validação de posições na HotList usa || incorretamente e não verifica nulidade do filme. Detalhar posição vazia retorna POSIÇÃO INVÁLIDA em vez de vazio.,,
S13,official_sample,redacted,human,unit_tests,Unit Tests,9.5,10,Faltou testar a remoção da hotlist e exibir filme ex-hot.,tests/,
S13,official_sample,redacted,human,class_design,Class Design,10.0,10,Critério atendido.,,
S13,official_sample,redacted,human,object_references,Object References,10.0,10,Critério atendido.,,
S13,official_sample,redacted,human,collections_and_arrays,Collections And Arrays,10.0,10,Critério atendido.,,
S13,official_sample,redacted,human,separation_of_concerns,Separation Of Concerns,9.0,10,A variável booleana 'isHot' na classe Filme não deveria estar nela.,src/filmnow/Filme.java,
S13,official_sample,redacted,human,readability_and_documentation,Readability And Documentation,10.0,10,Critério atendido.,,
S14,official_sample,redacted,human,basic_functionality,Basic Functionality,8.0,10,MainFilmNow não imprime o retorno de detalhaFilme e adicionaHot. removeHot não valida limites nem nulidade.,,
S14,official_sample,redacted,human,unit_tests,Unit Tests,9.0,10,Não testou o equals da classe Filme nem exibir filme ex-hot.,tests/,
S14,official_sample,redacted,human,class_design,Class Design,10.0,10,Critério atendido.,,
S14,official_sample,redacted,human,object_references,Object References,10.0,10,Critério atendido.,,
S14,official_sample,redacted,human,collections_and_arrays,Collections And Arrays,10.0,10,Critério atendido.,,
S14,official_sample,redacted,human,separation_of_concerns,Separation Of Concerns,7.0,10,A classe Filme tem responsabilidade excessiva na exibição de detalhes.,src/filmnow/Filme.java | src/filmnow/FilmNow.java,
S14,official_sample,redacted,human,readability_and_documentation,Readability And Documentation,10.0,10,Critério atendido.,,
S15,official_sample,redacted,human,basic_functionality,Basic Functionality,8.0,10,Ao cadastrar um filme deveria verificar se o nome ou local está vazio. Ao adicionar um filme na hot list deveria verificar se a posição passada possuía um filme cadastrado.,src/filmnow/FilmNow.java,
S15,official_sample,redacted,human,unit_tests,Unit Tests,5.0,10,"Os testes estão testando apenas os cenários felizes, faltam testes de adicionar filme nas posições limite, sobreposição de filmes, testes de listar filmes, listar hot list, detalhar ex hot.",tests/,
S15,official_sample,redacted,human,class_design,Class Design,9.5,10,Inicialização de variáveis como ano na classe Filme devem ocorrer dentro do construtor.,src/filmnow/Filme.java,
S15,official_sample,redacted,human,object_references,Object References,10.0,10,Critério atendido.,,
S15,official_sample,redacted,human,collections_and_arrays,Collections And Arrays,10.0,10,Critério atendido.,,
S15,official_sample,redacted,human,separation_of_concerns,Separation Of Concerns,8.0,10,A variável booleana 'hot' na classe Filme não deveria estar nela.,src/filmnow/Filme.java,
S15,official_sample,redacted,human,readability_and_documentation,Readability And Documentation,5.0,10,Não documentou a classe Filme.,src/filmnow/Filme.java,
S16,official_sample,redacted,human,basic_functionality,Basic Functionality,4.5,10,Não implementou as funcionalidades de hotlist.,src/filmnow/FilmNow.java,
S16,official_sample,redacted,human,unit_tests,Unit Tests,0.0,10,Não implementou nenhum teste.,tests/,
S16,official_sample,redacted,human,class_design,Class Design,10.0,10,Critério atendido.,,
S16,official_sample,redacted,human,object_references,Object References,10.0,10,Critério atendido.,,
S16,official_sample,redacted,human,collections_and_arrays,Collections And Arrays,0.0,10,O método estaCadastrado possui erros de sintaxe que impedem a compilação.,,
S16,official_sample,redacted,human,separation_of_concerns,Separation Of Concerns,7.0,10,"A classe Main deve lidar apenas com a entrada e saída, verificações como posição inválida devem estar dentro da classe FilmNow. Mostrar filmes na main não deveria lidar com a classe Filme diretamente.",src/filmnow/Main.java,
S16,official_sample,redacted,human,readability_and_documentation,Readability And Documentation,7.0,10,Documentação incompleta da classe Filme.,src/filmnow/Filme.java,
S17,official_sample,redacted,human,basic_functionality,Basic Functionality,10.0,10,Critério atendido.,,
S17,official_sample,redacted,human,unit_tests,Unit Tests,7.0,10,Nomenclatura e cobertura de testes incompletas.,csv_monitor_notes,
S17,official_sample,redacted,human,class_design,Class Design,9.0,10,Inicialização fora do construtor.,csv_monitor_notes,
S17,official_sample,redacted,human,object_references,Object References,9.0,10,Problema em comparação e hash.,csv_monitor_notes,
S17,official_sample,redacted,human,collections_and_arrays,Collections And Arrays,10.0,10,Critério atendido.,,
S17,official_sample,redacted,human,separation_of_concerns,Separation Of Concerns,9.0,10,Lógica de validação exposta.,csv_monitor_notes,
S17,official_sample,redacted,human,readability_and_documentation,Readability And Documentation,10.0,10,Critério atendido.,,
S18,official_sample,redacted,human,basic_functionality,Basic Functionality,7.5,10,A adição de um segundo filme à HotList causa NullPointerException. Uso de == para comparar string vazia.,csv_monitor_notes,
S18,official_sample,redacted,human,unit_tests,Unit Tests,7.0,10,Cobertura limitada para classe Filme.,csv_monitor_notes,
S18,official_sample,redacted,human,class_design,Class Design,10.0,10,Critério atendido.,,
S18,official_sample,redacted,human,object_references,Object References,9.0,10,Implementação de hash incompleta.,csv_monitor_notes,
S18,official_sample,redacted,human,collections_and_arrays,Collections And Arrays,10.0,10,Critério atendido.,,
S18,official_sample,redacted,human,separation_of_concerns,Separation Of Concerns,8.0,10,Responsabilidade misturada em Filme.,csv_monitor_notes,
S18,official_sample,redacted,human,readability_and_documentation,Readability And Documentation,9.5,10,Documentação incompleta em método.,csv_monitor_notes,
S19,official_sample,redacted,human,basic_functionality,Basic Functionality,10.0,10,Falta validação de posição inválida.,csv_monitor_notes,
S19,official_sample,redacted,human,unit_tests,Unit Tests,8.0,10,Cobertura incompleta de métodos de listagem.,csv_monitor_notes,
S19,official_sample,redacted,human,class_design,Class Design,10.0,10,Critério atendido.,,
S19,official_sample,redacted,human,object_references,Object References,10.0,10,Critério atendido.,,
S19,official_sample,redacted,human,collections_and_arrays,Collections And Arrays,10.0,10,Critério atendido.,,
S19,official_sample,redacted,human,separation_of_concerns,Separation Of Concerns,10.0,10,Critério atendido.,,
S19,official_sample,redacted,human,readability_and_documentation,Readability And Documentation,10.0,10,Critério atendido.,,
S20,official_sample,redacted,human,basic_functionality,Basic Functionality,8.0,10,Problemas na especificação de índices e validações de hotlist.,csv_monitor_notes,
S20,official_sample,redacted,human,unit_tests,Unit Tests,7.0,10,Cobertura incompleta em métodos importantes.,csv_monitor_notes,
S20,official_sample,redacted,human,class_design,Class Design,10.0,10,Critério atendido.,,
S20,official_sample,redacted,human,object_references,Object References,10.0,10,Critério atendido.,,
S20,official_sample,redacted,human,collections_and_arrays,Collections And Arrays,8.0,10,Tamanho de array e indexação incorretos.,csv_monitor_notes,
S20,official_sample,redacted,human,separation_of_concerns,Separation Of Concerns,8.0,10,Múltiplas violações de separação de responsabilidades.,csv_monitor_notes,
S20,official_sample,redacted,human,readability_and_documentation,Readability And Documentation,10.0,10,Critério atendido.,,
S21,official_sample,redacted,human,basic_functionality,Basic Functionality,8.0,10,O sistema falha ao tratar duplicatas e não exibe corretamente os retornos da lógica de negócio.,csv_monitor_notes,
S21,official_sample,redacted,human,unit_tests,Unit Tests,7.0,10,Cobertura de testes incompleta para as funcionalidades principais.,csv_monitor_notes,
S21,official_sample,redacted,human,class_design,Class Design,10.0,10,Critério atendido.,,
S21,official_sample,redacted,human,object_references,Object References,9.0,10,Uso incorreto de comparação de igualdade para Strings.,csv_monitor_notes,
S21,official_sample,redacted,human,collections_and_arrays,Collections And Arrays,9.0,10,Problemas na manipulação de índices e validação de limites do array.,csv_monitor_notes,
S21,official_sample,redacted,human,separation_of_concerns,Separation Of Concerns,9.0,10,Estado da hotlist sendo gerenciado pela entidade Filme.,csv_monitor_notes,
S21,official_sample,redacted,human,readability_and_documentation,Readability And Documentation,10.0,10,Critério atendido.,,
S22,official_sample,redacted,human,basic_functionality,Basic Functionality,10.0,10,Critério atendido.,,
S22,official_sample,redacted,human,unit_tests,Unit Tests,3.0,10,"Suíte de testes extremamente insuficiente, negligenciando a maioria das classes e funcionalidades.",csv_monitor_notes,
S22,official_sample,redacted,human,class_design,Class Design,9.0,10,Deficiência na inicialização de estruturas de dados e delegação de responsabilidades.,csv_monitor_notes,
S22,official_sample,redacted,human,object_references,Object References,10.0,10,Critério atendido.,,
S22,official_sample,redacted,human,collections_and_arrays,Collections And Arrays,10.0,10,Critério atendido.,,
S22,official_sample,redacted,human,separation_of_concerns,Separation Of Concerns,7.0,10,Violações de SRP na entidade Filme e na classe Main.,csv_monitor_notes,
S22,official_sample,redacted,human,readability_and_documentation,Readability And Documentation,9.0,10,Documentação Javadoc incompleta.,csv_monitor_notes,
S23,official_sample,redacted,human,basic_functionality,Basic Functionality,7.5,10,Não implementou os métodos de hotlist.,src/filmnow/FilmNow.java,
S23,official_sample,redacted,human,unit_tests,Unit Tests,0.0,10,Não implementou testes.,tests/,
S23,official_sample,redacted,human,class_design,Class Design,9.0,10,O método equals da classe Filme compara o atributo 'ano' (String) usando o operador '==' em vez de '.equals()'.,src/filmnow/Filme.java,
S23,official_sample,redacted,human,object_references,Object References,8.0,10,A tentativa de adicionar um filme à HotList na Main cria um novo objeto Filme com valores nulos em vez de usar a referência do filme já existente no acervo.,src/filmnow/Main.java,
S23,official_sample,redacted,human,collections_and_arrays,Collections And Arrays,10.0,10,Critério atendido.,,
S23,official_sample,redacted,human,separation_of_concerns,Separation Of Concerns,7.0,10,"A classe Main deve lidar apenas com a entrada e saída, os métodos que enviam objetos Filme para a main deveriam enviar a representação em string. Também não deveria verificar posições inválidas.",src/filmnow/Main.java,
S23,official_sample,redacted,human,readability_and_documentation,Readability And Documentation,7.0,10,Não documentou a classe Filme.,src/filmnow/Filme.java,
S24,official_sample,redacted,human,basic_functionality,Basic Functionality,9.0,10,O sistema carece de tratamento de erros amigável em operações de hotlist.,csv_monitor_notes,
S24,official_sample,redacted,human,unit_tests,Unit Tests,7.0,10,Lacunas importantes na cobertura de testes para métodos de igualdade e manipulação de estado.,csv_monitor_notes,
S24,official_sample,redacted,human,class_design,Class Design,10.0,10,Critério atendido.,,
S24,official_sample,redacted,human,object_references,Object References,10.0,10,Critério atendido.,,
S24,official_sample,redacted,human,collections_and_arrays,Collections And Arrays,10.0,10,Critério atendido.,,
S24,official_sample,redacted,human,separation_of_concerns,Separation Of Concerns,8.0,10,Quebra de encapsulamento e má distribuição de responsabilidades de exibição.,csv_monitor_notes,
S24,official_sample,redacted,human,readability_and_documentation,Readability And Documentation,10.0,10,Critério atendido.,,
S25,official_sample,redacted,human,basic_functionality,Basic Functionality,10.0,10,Critério atendido.,,
S25,official_sample,redacted,human,unit_tests,Unit Tests,8.5,10,"Testes adequados para o fluxo principal, mas incompletos em validações de igualdade e robustez.",csv_monitor_notes,
S25,official_sample,redacted,human,class_design,Class Design,10.0,10,Critério atendido.,,
S25,official_sample,redacted,human,object_references,Object References,10.0,10,Critério atendido.,,
S25,official_sample,redacted,human,collections_and_arrays,Collections And Arrays,8.0,10,Uso inadequado de estruturas de dados conforme a especificação do problema.,csv_monitor_notes,
S25,official_sample,redacted,human,separation_of_concerns,Separation Of Concerns,10.0,10,Critério atendido.,,
S25,official_sample,redacted,human,readability_and_documentation,Readability And Documentation,10.0,10,Critério atendido.,,
S26,official_sample,redacted,human,basic_functionality,Basic Functionality,9.0,10,"Critério atendido, apesar de inconsistência menor em retorno de erro da hotlist. O sistema lança NumberFormatException ao receber ano vazio, encerrando abruptamente em vez de exibir mensagem de erro.",csv_monitor_notes | src/filmnow/MainFilmNow.java,
S26,official_sample,redacted,human,unit_tests,Unit Tests,7.0,10,Faltam testes para o caminho feliz de cadastro e operações de listagem.,csv_monitor_notes,
S26,official_sample,redacted,human,class_design,Class Design,8.5,10,Problemas na estruturação do construtor e acoplamento na classe Main.,csv_monitor_notes,
S26,official_sample,redacted,human,object_references,Object References,10.0,10,Critério atendido.,,
S26,official_sample,redacted,human,collections_and_arrays,Collections And Arrays,10.0,10,Critério atendido.,,
S26,official_sample,redacted,human,separation_of_concerns,Separation Of Concerns,10.0,10,Critério atendido.,,
S26,official_sample,redacted,human,readability_and_documentation,Readability And Documentation,8.0,10,Faltam Javadocs em métodos importantes do controlador.,csv_monitor_notes,
S27,official_sample,redacted,human,basic_functionality,Basic Functionality,8.5,10,"A lógica de adição na HotList está incompleta: não impede duplicatas, não remove o status 'hot' do filme antigo ao sobrescrever uma posição e não valida os limites do array. Além disso, o método de cadastro não valida se o campo 'local' está vazio.",csv_monitor_notes | src/filmnow/FilmNow.java,
S27,official_sample,redacted,human,unit_tests,Unit Tests,5.0,10,Ausência total de testes para a classe entidade e lacunas no controlador.,csv_monitor_notes,
S27,official_sample,redacted,human,class_design,Class Design,10.0,10,Critério atendido.,,
S27,official_sample,redacted,human,object_references,Object References,10.0,10,Critério atendido.,,
S27,official_sample,redacted,human,collections_and_arrays,Collections And Arrays,10.0,10,Critério atendido.,,
S27,official_sample,redacted,human,separation_of_concerns,Separation Of Concerns,8.0,10,Violação de responsabilidades na classe Filme e na classe Main.,csv_monitor_notes,
S27,official_sample,redacted,human,readability_and_documentation,Readability And Documentation,7.0,10,Documentação Javadoc insuficiente para o projeto.,csv_monitor_notes,
S28,official_sample,redacted,human,basic_functionality,Basic Functionality,8.5,10,Problemas na lógica de indexação que impedem o uso total das funcionalidades do sistema.,csv_monitor_notes,
S28,official_sample,redacted,human,unit_tests,Unit Tests,9.0,10,"Boa cobertura, mas com pequenas omissões em casos de borda e listagens.",csv_monitor_notes,
S28,official_sample,redacted,human,class_design,Class Design,10.0,10,Critério atendido.,,
S28,official_sample,redacted,human,object_references,Object References,10.0,10,Critério atendido.,,
S28,official_sample,redacted,human,collections_and_arrays,Collections And Arrays,7.0,10,Uso de coleção dinâmica em vez de array fixo conforme especificado.,csv_monitor_notes,
S28,official_sample,redacted,human,separation_of_concerns,Separation Of Concerns,5.0,10,Forte acoplamento entre a interface (Main) e as regras de negócio.,csv_monitor_notes,
S28,official_sample,redacted,human,readability_and_documentation,Readability And Documentation,10.0,10,Critério atendido.,,
S29,official_sample,redacted,human,basic_functionality,Basic Functionality,9.0,10,Retornos de erro imprecisos em operações de exibição.,csv_monitor_notes,
S29,official_sample,redacted,human,unit_tests,Unit Tests,10.0,10,Critério atendido.,,
S29,official_sample,redacted,human,class_design,Class Design,10.0,10,Critério atendido.,,
S29,official_sample,redacted,human,object_references,Object References,10.0,10,Critério atendido.,,
S29,official_sample,redacted,human,collections_and_arrays,Collections And Arrays,7.0,10,Uso de estruturas de dados flexíveis onde era exigido um limite fixo via array.,csv_monitor_notes,
S29,official_sample,redacted,human,separation_of_concerns,Separation Of Concerns,10.0,10,Critério atendido.,,
S29,official_sample,redacted,human,readability_and_documentation,Readability And Documentation,10.0,10,Critério atendido.,,
S30,official_sample,redacted,human,basic_functionality,Basic Functionality,10.0,10,Critério atendido.,,
S30,official_sample,redacted,human,unit_tests,Unit Tests,8.0,10,Testes de unidade ausentes para métodos de representação e listagem.,csv_monitor_notes,
S30,official_sample,redacted,human,class_design,Class Design,10.0,10,Critério atendido.,,
S30,official_sample,redacted,human,object_references,Object References,10.0,10,Critério atendido.,,
S30,official_sample,redacted,human,collections_and_arrays,Collections And Arrays,10.0,10,Critério atendido.,,
S30,official_sample,redacted,human,separation_of_concerns,Separation Of Concerns,7.0,10,Problemas de coesão e má distribuição de responsabilidades de visualização.,csv_monitor_notes,
S30,official_sample,redacted,human,readability_and_documentation,Readability And Documentation,7.0,10,Ausência total de documentação na classe principal de domínio.,csv_monitor_notes,
S31,official_sample,redacted,human,basic_functionality,Basic Functionality,1.5,10,Não implementou os métodos de hotlist. O método de detalhar um filme na Main chama um método não implementado do FilmNow.,src/filmnow/FilmNow.java,
S31,official_sample,redacted,human,unit_tests,Unit Tests,0.0,10,Não implementou testes.,tests/,
S31,official_sample,redacted,human,class_design,Class Design,5.0,10,Classe Filme praticamente não implementada e variáveis foram declaradas dentro de um método estático main.,src/filmnow/Filme.java,
S31,official_sample,redacted,human,object_references,Object References,10.0,10,Critério atendido.,,
S31,official_sample,redacted,human,collections_and_arrays,Collections And Arrays,10.0,10,Critério atendido.,,
S31,official_sample,redacted,human,separation_of_concerns,Separation Of Concerns,0.0,10,"Classe FilmNow imprimindo saídas diretamente, sendo que era responsabilidade da classe Main lidar com a entrada e saída.",src/filmnow/FilmNow.java,
S31,official_sample,redacted,human,readability_and_documentation,Readability And Documentation,5.0,10,Não documentou os métodos.,src/filmnow/,
S32,official_sample,redacted,human,basic_functionality,Basic Functionality,9.0,10,Atribuir hot a um filme que não existe numa posição válida deveria retornar 'POSIÇÃO INVÁLIDA'.,src/filmnow/FilmNow.java,
S32,official_sample,redacted,human,unit_tests,Unit Tests,8.0,10,"Faltou testar os métodos de listar filmes, listar hotlist, detalhar um filme hot e um filme ex hot.",tests/,
S32,official_sample,redacted,human,class_design,Class Design,10.0,10,Critério atendido.,,
S32,official_sample,redacted,human,object_references,Object References,10.0,10,Critério atendido.,,
S32,official_sample,redacted,human,collections_and_arrays,Collections And Arrays,10.0,10,Critério atendido.,,
S32,official_sample,redacted,human,separation_of_concerns,Separation Of Concerns,8.0,10,As variáveis 'posicao' e 'status' na classe Filme não deveriam estar nela.,src/filmnow/Filme.java,
S32,official_sample,redacted,human,readability_and_documentation,Readability And Documentation,10.0,10,Critério atendido.,,
S33,official_sample,redacted,human,basic_functionality,Basic Functionality,9.0,10,"Nos métodos de Hot, as posições de entrada vão de 1-10, não de 0-9. Em cadastraHotList, não está verificando se a posição na lista de filmes é válida. Em cadastraFilm, se o local é inválido, deve retornar 'FILME INVALIDO'.",src/filmnow/FilmNow.java,
S33,official_sample,redacted,human,unit_tests,Unit Tests,5.0,10,Faltam implementações de testes para os métodos de hotlist.,tests/,
S33,official_sample,redacted,human,class_design,Class Design,10.0,10,Critério atendido.,,
S33,official_sample,redacted,human,object_references,Object References,10.0,10,Critério atendido.,,
S33,official_sample,redacted,human,collections_and_arrays,Collections And Arrays,10.0,10,Critério atendido.,,
S33,official_sample,redacted,human,separation_of_concerns,Separation Of Concerns,9.0,10,A variável booleana 'hot' na classe Filme não deveria estar nela.,src/filmnow/Filme.java,
S33,official_sample,redacted,human,readability_and_documentation,Readability And Documentation,10.0,10,Critério atendido.,,
S34,official_sample,redacted,human,basic_functionality,Basic Functionality,10.0,10,Critério atendido.,,
S34,official_sample,redacted,human,unit_tests,Unit Tests,9.0,10,"Boa cobertura de testes, com pequenas omissões em casos de exibição.",csv_monitor_notes,
S34,official_sample,redacted,human,class_design,Class Design,10.0,10,Critério atendido.,,
S34,official_sample,redacted,human,object_references,Object References,10.0,10,Critério atendido.,,
S34,official_sample,redacted,human,collections_and_arrays,Collections And Arrays,10.0,10,Critério atendido.,,
S34,official_sample,redacted,human,separation_of_concerns,Separation Of Concerns,10.0,10,Critério atendido.,,
S34,official_sample,redacted,human,readability_and_documentation,Readability And Documentation,10.0,10,Critério atendido.,,
S35,official_sample,redacted,human,basic_functionality,Basic Functionality,0.0,10,Nenhuma funcionalidade do sistema foi implementada.,csv_monitor_notes,
S35,official_sample,redacted,human,unit_tests,Unit Tests,0.0,10,Ausência total de testes.,csv_monitor_notes,
S35,official_sample,redacted,human,class_design,Class Design,4.0,10,Estrutura de classes incompleta e insuficiente.,csv_monitor_notes,
S35,official_sample,redacted,human,object_references,Object References,10.0,10,Critério atendido.,,
S35,official_sample,redacted,human,collections_and_arrays,Collections And Arrays,10.0,10,Critério atendido.,,
S35,official_sample,redacted,human,separation_of_concerns,Separation Of Concerns,10.0,10,Critério atendido.,,
S35,official_sample,redacted,human,readability_and_documentation,Readability And Documentation,0.0,10,Ausência de documentação Javadoc.,csv_monitor_notes,
S36,official_sample,redacted,human,basic_functionality,Basic Functionality,9.0,10,O sistema lança NumberFormatException se o usuário deixar o ano vazio na entrada de dados.,src/filmnow/FilmNow.java,
S36,official_sample,redacted,human,unit_tests,Unit Tests,9.5,10,"Suíte de testes quase completa, com uma pequena lacuna em cenários de exibição.",csv_monitor_notes,
S36,official_sample,redacted,human,class_design,Class Design,10.0,10,Critério atendido.,,
S36,official_sample,redacted,human,object_references,Object References,10.0,10,Critério atendido.,,
S36,official_sample,redacted,human,collections_and_arrays,Collections And Arrays,10.0,10,Critério atendido.,,
S36,official_sample,redacted,human,separation_of_concerns,Separation Of Concerns,9.0,10,Acoplamento entre a interface e o retorno dos métodos do controlador.,csv_monitor_notes,
S36,official_sample,redacted,human,readability_and_documentation,Readability And Documentation,10.0,10,Critério atendido.,,
S37,official_sample,redacted,human,basic_functionality,Basic Functionality,9.0,10,Falha na validação de limites em operações de hotlist.,csv_monitor_notes,
S37,official_sample,redacted,human,unit_tests,Unit Tests,9.0,10,"Boa cobertura, mas com lacunas em cenários específicos de hotlist.",csv_monitor_notes,
S37,official_sample,redacted,human,class_design,Class Design,10.0,10,Critério atendido.,,
S37,official_sample,redacted,human,object_references,Object References,9.0,10,Uso incorreto de operadores de igualdade para tipos por referência.,csv_monitor_notes,
S37,official_sample,redacted,human,collections_and_arrays,Collections And Arrays,10.0,10,Critério atendido.,,
S37,official_sample,redacted,human,separation_of_concerns,Separation Of Concerns,9.0,10,Violação de encapsulamento com estado da hotlist em Filme.,csv_monitor_notes,
S37,official_sample,redacted,human,readability_and_documentation,Readability And Documentation,10.0,10,Critério atendido.,,
S38,official_sample,redacted,human,basic_functionality,Basic Functionality,8.5,10,"Uso incorreto de métodos de leitura do Scanner, prejudicando a entrada de dados compostos.",csv_monitor_notes,
S38,official_sample,redacted,human,unit_tests,Unit Tests,10.0,10,Critério atendido.,,
S38,official_sample,redacted,human,class_design,Class Design,9.0,10,O método equals da classe Filme compara o atributo ano (String) usando o operador '==' em vez de '.equals()'.,src/filmnow/Filme.java,
S38,official_sample,redacted,human,object_references,Object References,10.0,10,Critério atendido.,,
S38,official_sample,redacted,human,collections_and_arrays,Collections And Arrays,10.0,10,Critério atendido.,,
S38,official_sample,redacted,human,separation_of_concerns,Separation Of Concerns,8.0,10,Violação de responsabilidades de visualização e encapsulamento.,csv_monitor_notes,
S38,official_sample,redacted,human,readability_and_documentation,Readability And Documentation,10.0,10,Critério atendido.,,
S39,official_sample,redacted,human,basic_functionality,Basic Functionality,9.0,10,"Atribuir hot a um filme que não existe numa posição válida deveria retornar 'POSIÇÃO INVÁLIDA'. No método de remover um filme da hot list, caso não tenha um filme na posição indicada deveria retornar 'POSIÇÃO INVÁLIDA'.",src/filmnow/FilmNow.java,
S39,official_sample,redacted,human,unit_tests,Unit Tests,2.0,10,Só está testando o construtor e o método de exibição de Filme.,tests/,
S39,official_sample,redacted,human,class_design,Class Design,10.0,10,Critério atendido.,,
S39,official_sample,redacted,human,object_references,Object References,10.0,10,Critério atendido.,,
S39,official_sample,redacted,human,collections_and_arrays,Collections And Arrays,5.0,10,Hotlist deveria ser um array na classe FilmNow com apenas 10 posições.,src/filmnow/FilmNow.java,
S39,official_sample,redacted,human,separation_of_concerns,Separation Of Concerns,7.0,10,"As variáveis booleanas 'hot' e 'posicionHot' na classe Filme não deveriam estar nela. A classe filme que deveria ser responsável pela exibição dos seus detalhes, mas o código pega os atributos de Filme diretamente.",src/filmnow/Filme.java | src/filmnow/FilmNow.java,
S39,official_sample,redacted,human,readability_and_documentation,Readability And Documentation,10.0,10,Critério atendido.,,
S40,official_sample,redacted,human,basic_functionality,Basic Functionality,9.0,10,As operações adicionaHotList e removeHotList possuem validações de limite incorretas ou ausentes.,src/filmnow/FilmNow.java,
S40,official_sample,redacted,human,unit_tests,Unit Tests,10.0,10,Critério atendido.,,
S40,official_sample,redacted,human,class_design,Class Design,10.0,10,"Critério atendido, com pequena observação pedagógica sobre encapsulamento.",manual_refinement,
S40,official_sample,redacted,human,object_references,Object References,10.0,10,Critério atendido.,,
S40,official_sample,redacted,human,collections_and_arrays,Collections And Arrays,10.0,10,"Critério atendido, com pequena observação sobre validação de índices.",manual_refinement,
S40,official_sample,redacted,human,separation_of_concerns,Separation Of Concerns,9.0,10,Pequena falha na separação de responsabilidades (já contemplada nas observações de Class Design).,,
S40,official_sample,redacted,human,readability_and_documentation,Readability And Documentation,10.0,10,Critério atendido.,,
S41,official_sample,redacted,human,basic_functionality,Basic Functionality,9.5,10,Faltou implementar a verificação se um filme já está na hotlist antes de adicionar na hotlist. A classe Filme não implementou o método toString() para exibir seus detalhes.,,
S41,official_sample,redacted,human,unit_tests,Unit Tests,9.0,10,Faltou testar a exibição da hotlist e detalhar um filme ex-hot.,,
S41,official_sample,redacted,human,class_design,Class Design,10.0,10,Critério atendido.,,
S41,official_sample,redacted,human,object_references,Object References,9.0,10,O método atribuirHot cria uma nova instância de Filme (new Filme(...)) em vez de armazenar a referência do filme já existente no acervo.,src/filmnow/FilmNow.java,
S41,official_sample,redacted,human,collections_and_arrays,Collections And Arrays,10.0,10,Critério atendido.,,
S41,official_sample,redacted,human,separation_of_concerns,Separation Of Concerns,6.5,10,"A classe Main está executando lógica de negócio, como verificar se um filme existe no método atribuirHot, além de manipular objetos Filme diretamente em vez de usar índices.",,
S41,official_sample,redacted,human,readability_and_documentation,Readability And Documentation,10.0,10,Critério atendido.,,
S42,official_sample,redacted,human,basic_functionality,Basic Functionality,10.0,10,Critério atendido.,,
S42,official_sample,redacted,human,unit_tests,Unit Tests,9.0,10,Faltou testar a exibição da hotlist e detalhar um filme ex-hot.,,
S42,official_sample,redacted,human,class_design,Class Design,9.0,10,O método equals da classe Filme compara o atributo ano (String) usando o operador '==' em vez de '.equals()'.,src/filmnow/Filme.java,
S42,official_sample,redacted,human,object_references,Object References,10.0,10,Critério atendido.,,
S42,official_sample,redacted,human,collections_and_arrays,Collections And Arrays,10.0,10,Critério atendido.,,
S42,official_sample,redacted,human,separation_of_concerns,Separation Of Concerns,9.0,10,"A classe Main está realizando verificações de lógica de negócio, como a validade das posições informadas.",,
S42,official_sample,redacted,human,readability_and_documentation,Readability And Documentation,10.0,10,Critério atendido.,,
S43,official_sample,redacted,human,basic_functionality,Basic Functionality,6.5,10,Não foram implementadas as funcionalidades relacionadas à Hotlist. O método listarFilmes lança NullPointerException por falta de verificação de existência de filme na posição.,,
S43,official_sample,redacted,human,unit_tests,Unit Tests,2.0,10,Os testes não estão em formato executável e não cobrem a classe Filme nem a Hotlist.,,
S43,official_sample,redacted,human,class_design,Class Design,8.0,10,A classe Filme está com o nome incorreto (possivelmente grafia errada ou fora do padrão).,,
S43,official_sample,redacted,human,object_references,Object References,10.0,10,Uso do operador '==' para comparar Strings no método equals da classe Filme.,,
S43,official_sample,redacted,human,collections_and_arrays,Collections And Arrays,10.0,10,Critério atendido.,,
S43,official_sample,redacted,human,separation_of_concerns,Separation Of Concerns,8.0,10,"O método main da classe principal está sobrecarregado com todo o código, em vez de distribuir a lógica em métodos estáticos auxiliares ou na classe de domínio.",,
S43,official_sample,redacted,human,readability_and_documentation,Readability And Documentation,8.0,10,Alguns métodos não seguem o padrão Javadoc.,,
S44,official_sample,redacted,human,basic_functionality,Basic Functionality,9.0,10,Faltou implementar o toString() na classe Filme e o método mostrarFilmes diverge da especificação.,,
S44,official_sample,redacted,human,unit_tests,Unit Tests,0.0,10,Não foram implementados testes unitários.,,
S44,official_sample,redacted,human,class_design,Class Design,10.0,10,Critério atendido.,,
S44,official_sample,redacted,human,object_references,Object References,9.0,10,A inicialização do array da Hotlist ocorre fora do construtor.,,
S44,official_sample,redacted,human,collections_and_arrays,Collections And Arrays,10.0,10,Critério atendido.,,
S44,official_sample,redacted,human,separation_of_concerns,Separation Of Concerns,5.5,10,A variável 'isHot' na classe Filme acopla o domínio à regra de negócio da Hotlist. A classe Main contém verificações de nulidade e prints estão espalhados em outras classes.,,
S44,official_sample,redacted,human,readability_and_documentation,Readability And Documentation,2.0,10,A documentação não está no padrão JavaDoc e carece de clareza e objetividade.,,
S45,official_sample,redacted,human,basic_functionality,Basic Functionality,10.0,10,Critério atendido.,,
S45,official_sample,redacted,human,unit_tests,Unit Tests,8.0,10,Faltou testar o método detalhesString da classe Filme e cenários de filmes na hotlist/ex-hot.,,
S45,official_sample,redacted,human,class_design,Class Design,10.0,10,Critério atendido.,,
S45,official_sample,redacted,human,object_references,Object References,10.0,10,Critério atendido.,,
S45,official_sample,redacted,human,collections_and_arrays,Collections And Arrays,10.0,10,Critério atendido.,,
S45,official_sample,redacted,human,separation_of_concerns,Separation Of Concerns,8.0,10,Lógica de exibição de detalhes de filmes da Hotlist está na classe FilmNow em vez de usar o toString da classe Filme.,,
S45,official_sample,redacted,human,readability_and_documentation,Readability And Documentation,10.0,10,Critério atendido.,,
S46,official_sample,redacted,human,basic_functionality,Basic Functionality,9.0,10,Os métodos atribuirHotFilme e removerHotFilme não verificam se as posições passadas estão dentro dos limites dos arrays antes de acessá-los.,src/filmnow/FilmNow.java,
S46,official_sample,redacted,human,unit_tests,Unit Tests,9.5,10,Faltou testar filme ex-hot.,,
S46,official_sample,redacted,human,class_design,Class Design,10.0,10,Critério atendido.,,
S46,official_sample,redacted,human,object_references,Object References,10.0,10,Critério atendido.,,
S46,official_sample,redacted,human,collections_and_arrays,Collections And Arrays,9.0,10,Erro na indexação (1-100).,,
S46,official_sample,redacted,human,separation_of_concerns,Separation Of Concerns,10.0,10,Critério atendido.,,
S46,official_sample,redacted,human,readability_and_documentation,Readability And Documentation,7.0,10,Não documentou a Filme.,,
S47,official_sample,redacted,human,basic_functionality,Basic Functionality,10.0,10,Critério atendido.,,
S47,official_sample,redacted,human,unit_tests,Unit Tests,9.5,10,Faltou testar o cenário de filme ex-hot.,,
S47,official_sample,redacted,human,class_design,Class Design,10.0,10,Critério atendido.,,
S47,official_sample,redacted,human,object_references,Object References,10.0,10,Critério atendido.,,
S47,official_sample,redacted,human,collections_and_arrays,Collections And Arrays,10.0,10,Critério atendido.,,
S47,official_sample,redacted,human,separation_of_concerns,Separation Of Concerns,7.0,10,A classe Filme guarda sua própria posição na lista geral.,,
S47,official_sample,redacted,human,readability_and_documentation,Readability And Documentation,0.0,10,Ausência total de documentação nas classes.,,
S48,official_sample,redacted,human,basic_functionality,Basic Functionality,8.0,10,"A manipulação do array da HotList utiliza uma variável 'ultimoHot' para empilhar e desempilhar elementos em vez de usar a posição especificada pelo usuário. Além disso, retorno vazio em vez de 'POSIÇÃO INVÁLIDA' para filmes inexistentes.",src/filmnow/FilmNow.java,
S48,official_sample,redacted,human,unit_tests,Unit Tests,7.0,10,Faltou testar hotlist e listagem de filmes.,,
S48,official_sample,redacted,human,class_design,Class Design,9.0,10,Critério atendido ou sem observações específicas.,,
S48,official_sample,redacted,human,object_references,Object References,10.0,10,Uso de '==' para comparação de strings no equals de Filme.,,
S48,official_sample,redacted,human,collections_and_arrays,Collections And Arrays,10.0,10,Critério atendido.,,
S48,official_sample,redacted,human,separation_of_concerns,Separation Of Concerns,8.0,10,O estado 'isHot' está na classe Filme e a Main realiza validações de índices.,,
S48,official_sample,redacted,human,readability_and_documentation,Readability And Documentation,5.0,10,Documentação incompleta ou ausente na classe Filme e FilmNow.,,
S49,official_sample,redacted,human,basic_functionality,Basic Functionality,10,10,Critério atendido.,,
S49,official_sample,redacted,human,unit_tests,Unit Tests,9.0,10,Faltou testar a substituição de filmes na hotlist e a exibição de filme ex-hot.,,
S49,official_sample,redacted,human,class_design,Class Design,10.0,10,Critério atendido.,,
S49,official_sample,redacted,human,object_references,Object References,10.0,10,Critério atendido.,,
S49,official_sample,redacted,human,collections_and_arrays,Collections And Arrays,10.0,10,Critério atendido.,,
S49,official_sample,redacted,human,separation_of_concerns,Separation Of Concerns,8.0,10,A classe FilmNow está formatando os detalhes do filme em vez de chamar o toString.,,
S49,official_sample,redacted,human,readability_and_documentation,Readability And Documentation,10.0,10,Critério atendido.,,
S50,official_sample,redacted,human,basic_functionality,Basic Functionality,10.0,10,Critério atendido.,,
S50,official_sample,redacted,human,unit_tests,Unit Tests,9.5,10,Faltou testar filme ex-hot.,,
S50,official_sample,redacted,human,class_design,Class Design,9.0,10,Uso de '==' para comparação de Strings no método nomeAno.,,
S50,official_sample,redacted,human,object_references,Object References,10.0,10,Critério atendido.,,
S50,official_sample,redacted,human,collections_and_arrays,Collections And Arrays,10.0,10,Critério atendido.,,
S50,official_sample,redacted,human,separation_of_concerns,Separation Of Concerns,9.0,10,Variável 'statusHot' na classe Filme.,,
S50,official_sample,redacted,human,readability_and_documentation,Readability And Documentation,10.0,10,Critério atendido.,,
S51,official_sample,redacted,human,basic_functionality,Basic Functionality,9.0,10,Mensagens de saída divergem da especificação.,,
S51,official_sample,redacted,human,unit_tests,Unit Tests,9.5,10,Faltou testar exibição de filme ex-hot.,,
S51,official_sample,redacted,human,class_design,Class Design,9.0,10,Uso de '==' no equals e divergência nas mensagens de saída.,,
S51,official_sample,redacted,human,object_references,Object References,10.0,10,Critério atendido.,,
S51,official_sample,redacted,human,collections_and_arrays,Collections And Arrays,10.0,10,Critério atendido.,,
S51,official_sample,redacted,human,separation_of_concerns,Separation Of Concerns,9.0,10,Variável 'hot' na classe Filme.,,
S51,official_sample,redacted,human,readability_and_documentation,Readability And Documentation,10.0,10,Critério atendido.,,
S52,official_sample,redacted,human,basic_functionality,Basic Functionality,9.0,10,"O método getFilmes() contém um System.out.println(this.filmes[1].toString()) fixo, imprimindo sempre o segundo filme independentemente do contexto.",src/filmnow/FilmNow.java,
S52,official_sample,redacted,human,unit_tests,Unit Tests,9.0,10,Faltou testar o método equals da classe Filme.,,
S52,official_sample,redacted,human,class_design,Class Design,10.0,10,Critério atendido.,,
S52,official_sample,redacted,human,object_references,Object References,10.0,10,Critério atendido.,,
S52,official_sample,redacted,human,collections_and_arrays,Collections And Arrays,10.0,10,Critério atendido.,,
S52,official_sample,redacted,human,separation_of_concerns,Separation Of Concerns,8.0,10,Variável 'hot' na classe Filme e presença de prints no método getFilmes da FilmNow.,,
S52,official_sample,redacted,human,readability_and_documentation,Readability And Documentation,10.0,10,Critério atendido.,,
S53,official_sample,redacted,human,basic_functionality,Basic Functionality,9.0,10,Uso do operador '==' para comparar strings vazias no cadastro de filmes.,src/filmnow/FilmNow.java,
S53,official_sample,redacted,human,unit_tests,Unit Tests,7.0,10,"Falta de testes para detalhamento de filmes (comum, hot e ex-hot).",,
S53,official_sample,redacted,human,class_design,Class Design,10.0,10,Critério atendido.,,
S53,official_sample,redacted,human,object_references,Object References,10.0,10,Critério atendido.,,
S53,official_sample,redacted,human,collections_and_arrays,Collections And Arrays,9.0,10,Acesso ao array usando índices 1-100.,,
S53,official_sample,redacted,human,separation_of_concerns,Separation Of Concerns,9.0,10,Validações de negócio na classe Main.,,
S53,official_sample,redacted,human,readability_and_documentation,Readability And Documentation,4.0,10,Falta de documentação na classe Filme e FilmNow.,,
S54,official_sample,redacted,human,basic_functionality,Basic Functionality,7.0,10,Funcionalidade comprometida pela falta de modelagem adequada.,,
S54,official_sample,redacted,human,unit_tests,Unit Tests,0.0,10,Não implementou testes.,,
S54,official_sample,redacted,human,class_design,Class Design,6.0,10,Ausência da classe Filme.,,
S54,official_sample,redacted,human,object_references,Object References,10.0,10,Critério atendido.,,
S54,official_sample,redacted,human,collections_and_arrays,Collections And Arrays,10.0,10,Critério atendido.,,
S54,official_sample,redacted,human,separation_of_concerns,Separation Of Concerns,5.0,10,Validações de negócio na Main e ausência de separação de entidades.,,
S54,official_sample,redacted,human,readability_and_documentation,Readability And Documentation,10.0,10,Critério atendido.,,
S55,official_sample,redacted,human,basic_functionality,Basic Functionality,10.0,10,Critério atendido.,,
S55,official_sample,redacted,human,unit_tests,Unit Tests,9.5,10,Faltou testar filme ex-hot.,,
S55,official_sample,redacted,human,class_design,Class Design,9.0,10,Uso de '==' para comparação de strings no equals.,,
S55,official_sample,redacted,human,object_references,Object References,10.0,10,Critério atendido.,,
S55,official_sample,redacted,human,collections_and_arrays,Collections And Arrays,9.0,10,Arrays com tamanho excessivo (101/11) para evitar subtração de índice.,,
S55,official_sample,redacted,human,separation_of_concerns,Separation Of Concerns,10.0,10,Critério atendido.,,
S55,official_sample,redacted,human,readability_and_documentation,Readability And Documentation,10.0,10,Critério atendido.,,
S56,official_sample,redacted,human,basic_functionality,Basic Functionality,9.0,10,"O método adicionarHot valida a posição da HotList usando TAMANHO (100) em vez de 10, não impede duplicatas e removerHot não valida a posição.",src/filmnow/FilmNow.java,
S56,official_sample,redacted,human,unit_tests,Unit Tests,9.0,10,Faltou testar o equals da classe Filme.,,
S56,official_sample,redacted,human,class_design,Class Design,10.0,10,Critério atendido.,,
S56,official_sample,redacted,human,object_references,Object References,10.0,10,Critério atendido.,,
S56,official_sample,redacted,human,collections_and_arrays,Collections And Arrays,10.0,10,Critério atendido.,,
S56,official_sample,redacted,human,separation_of_concerns,Separation Of Concerns,10.0,10,Critério atendido.,,
S56,official_sample,redacted,human,readability_and_documentation,Readability And Documentation,9.0,10,Falta da tag @return em algumas documentações.,,
S57,official_sample,redacted,human,basic_functionality,Basic Functionality,9.0,10,Não há impedimento para adicionar um filme que já está na HotList em outra posição.,src/filmnow/FilmNow.java,
S57,official_sample,redacted,human,unit_tests,Unit Tests,0.0,10,Não implementou testes.,,
S57,official_sample,redacted,human,class_design,Class Design,10.0,10,Critério atendido.,,
S57,official_sample,redacted,human,object_references,Object References,10.0,10,Critério atendido.,,
S57,official_sample,redacted,human,collections_and_arrays,Collections And Arrays,9.0,10,"Inconsistência no uso de índices de array, misturando base 0 e base 1 em acessos diretos.",src/filmnow/FilmNow.java,
S57,official_sample,redacted,human,separation_of_concerns,Separation Of Concerns,7.0,10,Lógica de negócio na classe Main.,,
S57,official_sample,redacted,human,readability_and_documentation,Readability And Documentation,10.0,10,Critério atendido.,,
S58,official_sample,redacted,human,basic_functionality,Basic Functionality,9.0,10,Falta de mensagem 'POSIÇÃO INVÁLIDA' e erro na lógica de atribuirHot (permite adicionar nulos).,,
S58,official_sample,redacted,human,unit_tests,Unit Tests,8.5,10,Faltou testar toString e filme ex-hot.,,
S58,official_sample,redacted,human,class_design,Class Design,10.0,10,Critério atendido.,,
S58,official_sample,redacted,human,object_references,Object References,10.0,10,Critério atendido.,,
S58,official_sample,redacted,human,collections_and_arrays,Collections And Arrays,10.0,10,Critério atendido.,,
S58,official_sample,redacted,human,separation_of_concerns,Separation Of Concerns,10.0,10,Critério atendido.,,
S58,official_sample,redacted,human,readability_and_documentation,Readability And Documentation,7.0,10,Falta de documentação na Filme.,,
S59,official_sample,redacted,human,basic_functionality,Basic Functionality,8.0,10,Permite duplicados silenciosamente e erro de decremento duplo de índice.,,
S59,official_sample,redacted,human,unit_tests,Unit Tests,8.0,10,Faltou testar listagem de filmes e hotlist.,,
S59,official_sample,redacted,human,class_design,Class Design,10.0,10,Critério atendido.,,
S59,official_sample,redacted,human,object_references,Object References,10.0,10,Critério atendido.,,
S59,official_sample,redacted,human,collections_and_arrays,Collections And Arrays,10.0,10,Critério atendido.,,
S59,official_sample,redacted,human,separation_of_concerns,Separation Of Concerns,6.0,10,Atributos e métodos de validação de índice na Filme e lógica de hotlist na Main.,,
S59,official_sample,redacted,human,readability_and_documentation,Readability And Documentation,10.0,10,Critério atendido.,,
S60,official_sample,redacted,human,basic_functionality,Basic Functionality,9.0,10,Falta de validação de índice na hotlist.,,
S60,official_sample,redacted,human,unit_tests,Unit Tests,6.0,10,"Faltou testar equals, hotlist e listagem.",,
S60,official_sample,redacted,human,class_design,Class Design,9.0,10,Uso de '==' no equals.,,
S60,official_sample,redacted,human,object_references,Object References,10.0,10,Critério atendido.,,
S60,official_sample,redacted,human,collections_and_arrays,Collections And Arrays,10.0,10,Critério atendido.,,
S60,official_sample,redacted,human,separation_of_concerns,Separation Of Concerns,9.0,10,Variável 'hotlist' na Filme.,,
S60,official_sample,redacted,human,readability_and_documentation,Readability And Documentation,10.0,10,Critério atendido.,,
S61,official_sample,redacted,human,basic_functionality,Basic Functionality,8.5,10,"O sistema impede a sobrescrita de um filme em uma posição já ocupada retornando 'POSIÇÃO OCUPADA!', contrariando o requisito. Além disso, a verificação de duplicidade considera apenas o nome, ignorando o ano de lançamento.",src/filmnow/FilmNow.java,
S61,official_sample,redacted,human,unit_tests,Unit Tests,8.0,10,Faltou testar detalhamento de filmes hot e ex-hot.,,
S61,official_sample,redacted,human,class_design,Class Design,10.0,10,Critério atendido.,,
S61,official_sample,redacted,human,object_references,Object References,10.0,10,Critério atendido.,,
S61,official_sample,redacted,human,collections_and_arrays,Collections And Arrays,10.0,10,Critério atendido.,,
S61,official_sample,redacted,human,separation_of_concerns,Separation Of Concerns,5.0,10,Lógica de negócio (detalhamento) na classe Main.,,
S61,official_sample,redacted,human,readability_and_documentation,Readability And Documentation,10.0,10,Critério atendido.,,
S62,official_sample,redacted,human,basic_functionality,Basic Functionality,9.0,10,As operações de adicionar e remover da HotList não validam se a posição informada está dentro do limite permitido (1 a 10).,src/filmnow/FilmNow.java,
S62,official_sample,redacted,human,unit_tests,Unit Tests,9.0,10,Faltou testar detalhadamente a sobrescrita em listas e hotlist.,,
S62,official_sample,redacted,human,class_design,Class Design,9.0,10,Hash e equals usam campos além de nome e ano.,,
S62,official_sample,redacted,human,object_references,Object References,10.0,10,Critério atendido.,,
S62,official_sample,redacted,human,collections_and_arrays,Collections And Arrays,9.0,10,Erro na indexação e tamanho dos arrays.,,
S62,official_sample,redacted,human,separation_of_concerns,Separation Of Concerns,9.0,10,Lógica de verificação de hotlist na Main.,,
S62,official_sample,redacted,human,readability_and_documentation,Readability And Documentation,7.0,10,Não documentou a classe Filme.,,
S63,official_sample,redacted,human,basic_functionality,Basic Functionality,10.0,10,Critério atendido.,,
S63,official_sample,redacted,human,unit_tests,Unit Tests,4.0,10,"Ausência de testes para Filme, Hotlist e listagem.",,
S63,official_sample,redacted,human,class_design,Class Design,9.0,10,Erro no hash/equals.,,
S63,official_sample,redacted,human,object_references,Object References,10.0,10,Critério atendido.,,
S63,official_sample,redacted,human,collections_and_arrays,Collections And Arrays,10.0,10,Critério atendido.,,
S63,official_sample,redacted,human,separation_of_concerns,Separation Of Concerns,9.0,10,Variável 'ehHot' na Filme.,,
S63,official_sample,redacted,human,readability_and_documentation,Readability And Documentation,7.0,10,Não documentou a Filme.,,
S64,official_sample,redacted,human,basic_functionality,Basic Functionality,9.0,10,O método getFilmes ignora o filme da posição 1 (índice 0) e exibe o índice interno do array em vez da posição amigável ao usuário.,src/filmnow/FilmNow.java,
S64,official_sample,redacted,human,unit_tests,Unit Tests,7.0,10,Não testou hotlist e listagem.,,
S64,official_sample,redacted,human,class_design,Class Design,10.0,10,Critério atendido.,,
S64,official_sample,redacted,human,object_references,Object References,9.0,10,"No método removeHot, o código tenta limpar o status do filme acessando filmes[posicao], usando o índice da HotList no array principal.",src/filmnow/FilmNow.java,
S64,official_sample,redacted,human,collections_and_arrays,Collections And Arrays,9.0,10,"A condição do laço for no método mostrarHot está invertida (i > hotList.length com i iniciando em 0), nunca executando o corpo do laço.",src/filmnow/FilmNow.java,
S64,official_sample,redacted,human,separation_of_concerns,Separation Of Concerns,9.0,10,Variável 'hot' na Filme.,,
S64,official_sample,redacted,human,readability_and_documentation,Readability And Documentation,10.0,10,Critério atendido.,,
S65,official_sample,redacted,human,basic_functionality,Basic Functionality,10.0,10,Critério atendido.,,
S65,official_sample,redacted,human,unit_tests,Unit Tests,8.5,10,Faltou testar toString e filme ex-hot.,,
S65,official_sample,redacted,human,class_design,Class Design,10.0,10,Critério atendido.,,
S65,official_sample,redacted,human,object_references,Object References,10.0,10,Critério atendido.,,
S65,official_sample,redacted,human,collections_and_arrays,Collections And Arrays,10.0,10,Critério atendido.,,
S65,official_sample,redacted,human,separation_of_concerns,Separation Of Concerns,10.0,10,Critério atendido.,,
S65,official_sample,redacted,human,readability_and_documentation,Readability And Documentation,10.0,10,Critério atendido.,,
S66,official_sample,redacted,human,basic_functionality,Basic Functionality,9.0,10,O método descreveFilme não utiliza o toString da classe Filme e faltam validações de posição na Hotlist.,,
S66,official_sample,redacted,human,unit_tests,Unit Tests,7.0,10,Faltam testes para cenários de erro da Hotlist e os nomes dos métodos de teste não são descritivos.,,
S66,official_sample,redacted,human,class_design,Class Design,10.0,10,Critério atendido.,,
S66,official_sample,redacted,human,object_references,Object References,10.0,10,Critério atendido.,,
S66,official_sample,redacted,human,collections_and_arrays,Collections And Arrays,10.0,10,Critério atendido.,,
S66,official_sample,redacted,human,separation_of_concerns,Separation Of Concerns,7.0,10,A classe Main está realizando verificações de negócio (estado na hotlist).,,
S66,official_sample,redacted,human,readability_and_documentation,Readability And Documentation,10.0,10,Critério atendido.,,
S67,official_sample,redacted,human,basic_functionality,Basic Functionality,9.0,10,NullPointerException no método equals da classe Filme quando o atributo ano é nulo.,src/filmnow/Filme.java,
S67,official_sample,redacted,human,unit_tests,Unit Tests,9.5,10,Faltou testar a exibição de filme ex-hot.,,
S67,official_sample,redacted,human,class_design,Class Design,10.0,10,Critério atendido.,,
S67,official_sample,redacted,human,object_references,Object References,10.0,10,Critério atendido.,,
S67,official_sample,redacted,human,collections_and_arrays,Collections And Arrays,10.0,10,Critério atendido.,,
S67,official_sample,redacted,human,separation_of_concerns,Separation Of Concerns,8.0,10,A variável booleana 'hot' está declarada na classe Filme.,,
S67,official_sample,redacted,human,readability_and_documentation,Readability And Documentation,10.0,10,Critério atendido.,,
S68,official_sample,redacted,human,basic_functionality,Basic Functionality,10.0,10,Critério atendido.,,
S68,official_sample,redacted,human,unit_tests,Unit Tests,7.0,10,Não testou hotlist e listagem.,,
S68,official_sample,redacted,human,class_design,Class Design,9.0,10,Ausência do método hashCode na Filme.,,
S68,official_sample,redacted,human,object_references,Object References,10.0,10,Critério atendido.,,
S68,official_sample,redacted,human,collections_and_arrays,Collections And Arrays,10.0,10,Critério atendido.,,
S68,official_sample,redacted,human,separation_of_concerns,Separation Of Concerns,9.0,10,Atributo 'posição' na Filme.,,
S68,official_sample,redacted,human,readability_and_documentation,Readability And Documentation,10.0,10,Critério atendido.,,
S69,official_sample,redacted,human,basic_functionality,Basic Functionality,9.0,10,Os métodos de manipulação da HotList não verificam se o filme na posição solicitada é nulo antes de acessar seus métodos.,src/filmnow/FilmNow.java,
S69,official_sample,redacted,human,unit_tests,Unit Tests,4.5,10,Não testou a classe Filme nem os métodos da hotlist.,,
S69,official_sample,redacted,human,class_design,Class Design,9.0,10,Variáveis inicializadas fora do construtor na classe Filme.,,
S69,official_sample,redacted,human,object_references,Object References,10.0,10,Critério atendido.,,
S69,official_sample,redacted,human,collections_and_arrays,Collections And Arrays,10.0,10,Critério atendido.,,
S69,official_sample,redacted,human,separation_of_concerns,Separation Of Concerns,9.0,10,Variável 'hot' na classe Filme.,,
S69,official_sample,redacted,human,readability_and_documentation,Readability And Documentation,10.0,10,Critério atendido.,,
S70,official_sample,redacted,human,basic_functionality,Basic Functionality,10.0,10,Critério atendido.,,
S70,official_sample,redacted,human,unit_tests,Unit Tests,9.5,10,Faltou testar exibição de filme ex-hot.,,
S70,official_sample,redacted,human,class_design,Class Design,10.0,10,Critério atendido.,,
S70,official_sample,redacted,human,object_references,Object References,10.0,10,Critério atendido.,,
S70,official_sample,redacted,human,collections_and_arrays,Collections And Arrays,10.0,10,Critério atendido.,,
S70,official_sample,redacted,human,separation_of_concerns,Separation Of Concerns,9.0,10,Presença da variável 'hot' na classe Filme.,,
S70,official_sample,redacted,human,readability_and_documentation,Readability And Documentation,10.0,10,Critério atendido.,,
S71,official_sample,redacted,human,basic_functionality,Basic Functionality,10.0,10,Critério atendido.,,
S71,official_sample,redacted,human,unit_tests,Unit Tests,10.0,10,Critério atendido.,,
S71,official_sample,redacted,human,class_design,Class Design,10.0,10,Critério atendido.,,
S71,official_sample,redacted,human,object_references,Object References,10.0,10,Critério atendido.,,
S71,official_sample,redacted,human,collections_and_arrays,Collections And Arrays,9.0,10,Uso de índices 1-100 sem ajuste para 0-99 no acesso ao array.,,
S71,official_sample,redacted,human,separation_of_concerns,Separation Of Concerns,8.0,10,Variável 'hot' na classe Filme e lógica de negócio na Main.,,
S71,official_sample,redacted,human,readability_and_documentation,Readability And Documentation,10.0,10,Critério atendido.,,
S72,official_sample,redacted,human,basic_functionality,Basic Functionality,9.0,10,Falta de validação de índice nos métodos da Hotlist.,,
S72,official_sample,redacted,human,unit_tests,Unit Tests,7.0,10,Faltou testar o equals e os métodos da hotlist.,,
S72,official_sample,redacted,human,class_design,Class Design,9.0,10,Uso de '==' para comparação de strings no equals da Filme.,,
S72,official_sample,redacted,human,object_references,Object References,10.0,10,Critério atendido.,,
S72,official_sample,redacted,human,collections_and_arrays,Collections And Arrays,10.0,10,Critério atendido.,,
S72,official_sample,redacted,human,separation_of_concerns,Separation Of Concerns,9.0,10,Variável 'hotList' na classe Filme.,,
S72,official_sample,redacted,human,readability_and_documentation,Readability And Documentation,10.0,10,Critério atendido.,,
S73,official_sample,redacted,human,basic_functionality,Basic Functionality,7.0,10,Mensagens de retorno em desacordo com a especificação (métodos retornando void).,,
S73,official_sample,redacted,human,unit_tests,Unit Tests,5.0,10,Testes insuficientes ou ausentes para a estrutura implementada.,,
S73,official_sample,redacted,human,class_design,Class Design,6.0,10,Ausência da classe Filme; os dados são armazenados em uma matriz.,,
S73,official_sample,redacted,human,object_references,Object References,7.0,10,Tamanho incorreto da Hotlist e ausência de composição com objetos Filme.,,
S73,official_sample,redacted,human,collections_and_arrays,Collections And Arrays,10.0,10,Critério atendido.,,
S73,official_sample,redacted,human,separation_of_concerns,Separation Of Concerns,8.0,10,Critério atendido ou sem observações específicas.,,
S73,official_sample,redacted,human,readability_and_documentation,Readability And Documentation,6.0,10,Documentação pobre e simplificada.,,
S74,official_sample,redacted,human,basic_functionality,Basic Functionality,9,10,Saída do método de detalhar filme incorreta.,,
S74,official_sample,redacted,human,unit_tests,Unit Tests,0.0,10,Não implementou testes.,,
S74,official_sample,redacted,human,class_design,Class Design,9.0,10,Hash e equals implementados incorretamente (deveriam usar apenas nome e ano).,,
S74,official_sample,redacted,human,object_references,Object References,10.0,10,Critério atendido.,,
S74,official_sample,redacted,human,collections_and_arrays,Collections And Arrays,10.0,10,Critério atendido.,,
S74,official_sample,redacted,human,separation_of_concerns,Separation Of Concerns,7.0,10,Prints fora da classe Main.,,
S74,official_sample,redacted,human,readability_and_documentation,Readability And Documentation,0.0,10,Não documentou as classes.,,
S75,official_sample,redacted,human,basic_functionality,Basic Functionality,8.5,10,Uso do operador '!=' para comparar strings e as operações da HotList não retornam as mensagens de erro exigidas pelo enunciado.,src/filmnow/FilmNow.java,
S75,official_sample,redacted,human,unit_tests,Unit Tests,10.0,10,Critério atendido.,,
S75,official_sample,redacted,human,class_design,Class Design,10.0,10,Critério atendido.,,
S75,official_sample,redacted,human,object_references,Object References,10.0,10,Critério atendido.,,
S75,official_sample,redacted,human,collections_and_arrays,Collections And Arrays,9.0,10,O método acessa filmes[posicaoFilme-1] antes de verificar se posicaoFilme é um índice válido (entre 1 e 100).,src/filmnow/FilmNow.java,
S75,official_sample,redacted,human,separation_of_concerns,Separation Of Concerns,7.0,10,Formatação da hotlist na FilmNow e validações de existência na Main.,,
S75,official_sample,redacted,human,readability_and_documentation,Readability And Documentation,5.0,10,Documentação confusa ou ausente na classe Filme.,,
S76,official_sample,redacted,human,basic_functionality,Basic Functionality,9.0,10,Falta de retorno ao usuário em operações bem-sucedidas (ex: remover hot).,,
S76,official_sample,redacted,human,unit_tests,Unit Tests,2.0,10,Testes muito limitados (só adição em FilmNow).,,
S76,official_sample,redacted,human,class_design,Class Design,10.0,10,Critério atendido.,,
S76,official_sample,redacted,human,object_references,Object References,10.0,10,Critério atendido.,,
S76,official_sample,redacted,human,collections_and_arrays,Collections And Arrays,10.0,10,Critério atendido.,,
S76,official_sample,redacted,human,separation_of_concerns,Separation Of Concerns,7.0,10,Prints fora da classe Main.,,
S76,official_sample,redacted,human,readability_and_documentation,Readability And Documentation,5.0,10,Não documentou a classe Filme nem os métodos da hotlist.,,
S77,official_sample,redacted,human,basic_functionality,Basic Functionality,9.0,10,Uso de '==' para comparar Strings ao verificar se nome e local são vazios.,src/filmnow/FilmNow.java,
S77,official_sample,redacted,human,unit_tests,Unit Tests,4.0,10,Não testou a classe Filme nem a Hotlist.,,
S77,official_sample,redacted,human,class_design,Class Design,10.0,10,Critério atendido.,,
S77,official_sample,redacted,human,object_references,Object References,9.0,10,A HotList foi implementada como um array de Strings (nomes dos filmes) em vez de um array de referências para objetos Filme.,src/filmnow/FilmNow.java,
S77,official_sample,redacted,human,collections_and_arrays,Collections And Arrays,9.0,10,Confusão de índices na manipulação da HotList: o código acessa o array 'filmes' usando o índice de destino da HotList em vez do índice de origem do filme.,src/filmnow/FilmNow.java,
S77,official_sample,redacted,human,separation_of_concerns,Separation Of Concerns,8.0,10,Ausência do método toString() na Filme.,,
S77,official_sample,redacted,human,readability_and_documentation,Readability And Documentation,3.0,10,Documentação ruim e incompleta.,,
S78,official_sample,redacted,human,basic_functionality,Basic Functionality,9.0,10,Permite cadastro de filmes duplicados.,,
S78,official_sample,redacted,human,unit_tests,Unit Tests,10.0,10,Critério atendido.,,
S78,official_sample,redacted,human,class_design,Class Design,10.0,10,Critério atendido.,,
S78,official_sample,redacted,human,object_references,Object References,10.0,10,Critério atendido.,,
S78,official_sample,redacted,human,collections_and_arrays,Collections And Arrays,9.0,10,"O método cadastraHot decrementa a posição e depois chama removerHot, que decrementa novamente, resultando em double-decrement.",src/filmnow/FilmNow.java,
S78,official_sample,redacted,human,separation_of_concerns,Separation Of Concerns,9.0,10,Atributo 'posição' na classe Filme.,,
S78,official_sample,redacted,human,readability_and_documentation,Readability And Documentation,10.0,10,Critério atendido.,,
S79,official_sample,redacted,human,basic_functionality,Basic Functionality,8.0,10,Falha na implementação da estrutura da Hotlist e indexação.,,
S79,official_sample,redacted,human,unit_tests,Unit Tests,7.0,10,Faltou testar listagens.,,
S79,official_sample,redacted,human,class_design,Class Design,9.0,10,HashCode/Equals com campos excessivos.,,
S79,official_sample,redacted,human,object_references,Object References,10.0,10,Critério atendido.,,
S79,official_sample,redacted,human,collections_and_arrays,Collections And Arrays,9.0,10,Hotlist não é um array de 10 e erro de indexação (0-based).,,
S79,official_sample,redacted,human,separation_of_concerns,Separation Of Concerns,9.0,10,Variáveis 'posicao' e 'hot' na Filme.,,
S79,official_sample,redacted,human,readability_and_documentation,Readability And Documentation,10.0,10,Critério atendido.,,
S80,official_sample,redacted,human,basic_functionality,Basic Functionality,9.0,10,Tentar adicionar à HotList uma posição do acervo que está vazia (null) causa NullPointerException.,src/filmnow/FilmNow.java,
S80,official_sample,redacted,human,unit_tests,Unit Tests,9.5,10,Faltou testar filme ex-hot.,,
S80,official_sample,redacted,human,class_design,Class Design,10.0,10,Critério atendido.,,
S80,official_sample,redacted,human,object_references,Object References,10.0,10,Critério atendido.,,
S80,official_sample,redacted,human,collections_and_arrays,Collections And Arrays,10.0,10,Critério atendido.,,
S80,official_sample,redacted,human,separation_of_concerns,Separation Of Concerns,9.0,10,Variável 'hot' na Filme.,,
S80,official_sample,redacted,human,readability_and_documentation,Readability And Documentation,10.0,10,Critério atendido.,,
S81,official_sample,redacted,human,basic_functionality,Basic Functionality,8.0,10,Falta de validação de índice na hotlist e NullPointerException ao detalhar posição vazia no acervo.,src/filmnow/FilmNow.java,
S81,official_sample,redacted,human,unit_tests,Unit Tests,4.0,10,"Faltam diversos testes (construtor, getters, sobrescrita, listagem, hotlist).",,
S81,official_sample,redacted,human,class_design,Class Design,10.0,10,Critério atendido.,,
S81,official_sample,redacted,human,object_references,Object References,10.0,10,Critério atendido.,,
S81,official_sample,redacted,human,collections_and_arrays,Collections And Arrays,10.0,10,Critério atendido.,,
S81,official_sample,redacted,human,separation_of_concerns,Separation Of Concerns,9.0,10,Variável 'isHot' na Filme.,,
S81,official_sample,redacted,human,readability_and_documentation,Readability And Documentation,10.0,10,Critério atendido.,,
S82,official_sample,redacted,human,basic_functionality,Basic Functionality,6.0,10,Falta de validação de dados obrigatórios (nome/local vazios).,,
S82,official_sample,redacted,human,unit_tests,Unit Tests,0.0,10,Não implementou testes.,,
S82,official_sample,redacted,human,class_design,Class Design,10.0,10,Critério atendido.,,
S82,official_sample,redacted,human,object_references,Object References,10.0,10,Critério atendido.,,
S82,official_sample,redacted,human,collections_and_arrays,Collections And Arrays,9.0,10,Erro na indexação (1-100).,,
S82,official_sample,redacted,human,separation_of_concerns,Separation Of Concerns,10.0,10,Critério atendido.,,
S82,official_sample,redacted,human,readability_and_documentation,Readability And Documentation,10.0,10,Critério atendido.,,
S83,official_sample,redacted,human,basic_functionality,Basic Functionality,9.0,10,O método adicionaHotList não valida se a posição informada está dentro dos limites (1 a 10).,src/filmnow/FilmNow.java,
S83,official_sample,redacted,human,unit_tests,Unit Tests,7.0,10,Faltou testar hotlist e listagem.,,
S83,official_sample,redacted,human,class_design,Class Design,10.0,10,Critério atendido.,,
S83,official_sample,redacted,human,object_references,Object References,10.0,10,Critério atendido.,,
S83,official_sample,redacted,human,collections_and_arrays,Collections And Arrays,9.0,10,"No método removeHotList, o código usa a posição da HotList para acessar o array principal de filmes.",src/filmnow/FilmNow.java,
S83,official_sample,redacted,human,separation_of_concerns,Separation Of Concerns,9.0,10,Variável 'hot' na Filme.,,
S83,official_sample,redacted,human,readability_and_documentation,Readability And Documentation,10.0,10,Critério atendido.,,
S84,official_sample,redacted,human,basic_functionality,Basic Functionality,9.0,10,Acesso inconsistente a posições na hotlist.,,
S84,official_sample,redacted,human,unit_tests,Unit Tests,7.0,10,Faltou testar hotlist e listagem.,,
S84,official_sample,redacted,human,class_design,Class Design,9.0,10,Erro no hash/equals.,,
S84,official_sample,redacted,human,object_references,Object References,10.0,10,Critério atendido.,,
S84,official_sample,redacted,human,collections_and_arrays,Collections And Arrays,10.0,10,Critério atendido.,,
S84,official_sample,redacted,human,separation_of_concerns,Separation Of Concerns,10.0,10,Critério atendido.,,
S84,official_sample,redacted,human,readability_and_documentation,Readability And Documentation,10.0,10,Critério atendido.,,
S01,official_sample,redacted,llm,basic_functionality,Basic Functionality,7.5,10,"O sistema implementa a maior parte das funcionalidades, como adicionar, listar e gerenciar a HotList. No entanto, há falhas no detalhamento de filmes (não trata posições inválidas corretamente e não exibe o ícone de Hot), na remoção da HotList (o filme não perde o status) e na verificação de filmes duplicados (uso de '==' para comparar Strings).",FilmNow.cadastraFilme | MainFilmNow.mostrarFilmes | FilmNow.cadastraFilmeHotList | MainFilmNow.detalharFilme | Filme.toString | FilmNow.removeHotList | Filme.equals,high
S01,official_sample,redacted,llm,unit_tests,Unit Tests,0,10,Não foram encontrados arquivos de testes na submissão.,Submission Package,high
S01,official_sample,redacted,llm,class_design,Class Design,8,10,"As classes principais (Filme e FilmNow) foram criadas e modeladas adequadamente na sua estrutura básica. No entanto, a classe FilmNow possui atributos de estado que pertencem a um único filme, demonstrando uma leve confusão de responsabilidades.",Filme.java | FilmNow.java,high
S01,official_sample,redacted,llm,object_references,Object References and Composition,10,10,O uso de referências e composição está correto. A classe FilmNow compõe instâncias de Filme adequadamente e o uso de métodos estáticos está restrito à classe MainFilmNow.,FilmNow.cadastraFilme | MainFilmNow.java,high
S01,official_sample,redacted,llm,collections_and_arrays,Collections and Arrays,10,10,"As estruturas de dados (arrays) foram utilizadas corretamente para armazenar os filmes e a HotList, respeitando os limites estabelecidos.",FilmNow.java | FilmNow.cadastraFilme,high
S01,official_sample,redacted,llm,separation_of_concerns,Separation of Concerns,10,10,"A separação de responsabilidades está bem definida. A interface com o usuário (MainFilmNow) lida com entrada e saída, enquanto FilmNow gerencia a lógica de negócio e Filme encapsula seus próprios dados.",MainFilmNow.comando | FilmNow.cadastraFilme | Filme.toString,high
S01,official_sample,redacted,llm,readability_and_documentation,Readability and Documentation,10,10,"O código está bem formatado, legível e possui documentação Javadoc clara e objetiva para as classes e métodos.",Filme.java | FilmNow.java,high
S02,official_sample,redacted,llm,basic_functionality,Basic Functionality,10,10,"Todas as funcionalidades básicas (adicionar, detalhar, mostrar todos e hotlist) foram implementadas e funcionam conforme especificado, lidando corretamente com os casos limite e validações.",FilmNow.java: cadastraFilme | FilmNow.java: detalhaFilme | FilmNow.java: atribuirHot,high
S02,official_sample,redacted,llm,unit_tests,Unit Tests,10,10,"Excelente suíte de testes. O aluno testou exaustivamente as classes Filme e FilmNow, cobrindo casos normais, limites e exceções.",FilmNowTest.java | FilmeTest.java,high
S02,official_sample,redacted,llm,class_design,Class Design,7.5,10,"As classes principais foram criadas e a classe Filme possui boa estrutura. No entanto, a classe FilmNow falha em estabelecer uma verdadeira composição com a classe Filme, optando por armazenar representações em texto.",Filme.java | FilmNow.java | FilmNow.java: private String[] filmes; | FilmNow.java: filmes[posicao - 1] = filme.toString();,high
S02,official_sample,redacted,llm,object_references,Object References and Composition,6,10,"O uso de referências foi severamente prejudicado pela decisão de descartar os objetos Filme após a criação. Além disso, houve uso inadequado de métodos estáticos para lógica de domínio.","FilmNow.java: Filme filme = new Filme(nome, String.valueOf(ano), local); | FilmNow.java: Filme filme = new Filme(...); filmes[posicao - 1] = filme.toString(); | Filme.java: public static boolean confereExistencia(FilmNow fn, String nome, String ano)",high
S02,official_sample,redacted,llm,collections_and_arrays,Collections and Arrays,8,10,"O aluno utilizou arrays corretamente para gerenciar as posições e limites, mas escolheu o tipo incorreto (String em vez de Filme), contrariando a especificação de design do laboratório.",FilmNow.java: this.filmes = new String[TAMANHO]; | FilmNow.java: this.hotlist = new String[10]; | FilmNow.java: private String[] filmes; | FilmNow.java: private String[] hotlist = new String[10];,high
S02,official_sample,redacted,llm,separation_of_concerns,Separation of Concerns,8.5,10,"A separação entre interface (Main) e domínio (FilmNow/Filme) foi bem feita. No entanto, a classe Filme assumiu a responsabilidade indevida de vasculhar o array interno de FilmNow.","MainFilmNow.java | Filme.java: toString | Filme.java: public static boolean confereExistencia(FilmNow fn, String nome, String ano)",high
S02,official_sample,redacted,llm,readability_and_documentation,Readability and Documentation,10,10,"O código está muito bem formatado, legível e com excelente documentação Javadoc em todos os métodos públicos.",Filme.java | FilmNow.java,high
S03,official_sample,redacted,llm,basic_functionality,Basic Functionality,6.5,10,"As funcionalidades principais foram implementadas, incluindo validações de adição e formatação da HotList. No entanto, há uma falha estrutural no tratamento de índices (0-based vs 1-based) que quebra a busca de filmes, e a remoção da HotList está incompleta na interface.",src/filmnow/FilmNow.java:cadastraFilme | src/filmnow/FilmNow.java:exibirDetalhes | src/filmnow/FilmNow.java:getFilme | src/filmnow/MainFilmNow.java:mostrarFilmes | src/filmnow/MainFilmNow.java:removerHot,high
S03,official_sample,redacted,llm,unit_tests,Unit Tests,7.0,10,"A suíte de testes é extensa para a adição de filmes e cobre bem os métodos de igualdade da classe Filme. Contudo, faltam testes para as operações da HotList e para os métodos básicos da classe Filme.",testes/filmnow/FilmNowTest.java | testes/filmnow/FilmeTest.java,high
S03,official_sample,redacted,llm,class_design,Class Design,10.0,10,"As classes foram modeladas corretamente, com boa separação entre a entidade Filme e o gerenciador FilmNow.",src/filmnow/Filme.java | src/filmnow/FilmNow.java | src/filmnow/MainFilmNow.java,high
S03,official_sample,redacted,llm,object_references,Object References and Composition,10.0,10,Uso correto de referências e composição entre as classes do sistema.,src/filmnow/FilmNow.java:cadastraFilme | src/filmnow/MainFilmNow.java,high
S03,official_sample,redacted,llm,collections_and_arrays,Collections and Arrays,10.0,10,"Arrays foram utilizados corretamente para armazenar os filmes e a HotList, respeitando os limites estabelecidos.",src/filmnow/FilmNow.java:FilmNow,high
S03,official_sample,redacted,llm,separation_of_concerns,Separation of Concerns,10.0,10,"As responsabilidades estão bem divididas entre a interface de usuário, o gerenciador do sistema e a classe de modelo.",src/filmnow/MainFilmNow.java | src/filmnow/FilmNow.java | src/filmnow/Filme.java,high
S03,official_sample,redacted,llm,readability_and_documentation,Readability and Documentation,10.0,10,"O código é limpo, legível e possui excelente documentação Javadoc.",src/filmnow/FilmNow.java | src/filmnow/Filme.java,high
S04,official_sample,redacted,llm,basic_functionality,Basic Functionality,9.5,10,"Funcionalidades implementadas quase na totalidade com sucesso, incluindo a lógica da HotList e substituição de filmes. Houve apenas uma pequena falha na validação de local vazio ao cadastrar um filme.",FilmNow.cadastraFilme | FilmNow.atribuirHot | HotList.addFilme,high
S04,official_sample,redacted,llm,unit_tests,Unit Tests,10,10,"Excelente conjunto de testes de unidade, cobrindo as classes Filme, FilmNow e HotList com diversos cenários, incluindo limites e exceções.",FilmeTest.java | FilmNowTeste.java | HotListTest.java,high
S04,official_sample,redacted,llm,class_design,Class Design,10,10,"Modelagem de classes muito bem executada. As classes Filme, FilmNow e HotList foram criadas com responsabilidades claras e atributos adequados.",Filme.java | FilmNow.java | HotList.java,high
S04,official_sample,redacted,llm,object_references,Object References and Composition,10,10,Uso correto de referências e composição. Os objetos são instanciados adequadamente e as relações entre as classes estão bem estabelecidas.,FilmNow.java | HotList.java,high
S04,official_sample,redacted,llm,collections_and_arrays,Collections and Arrays,10,10,Estruturas de dados utilizadas corretamente e respeitando os limites estabelecidos na especificação.,FilmNow.java | HotList.java,high
S04,official_sample,redacted,llm,separation_of_concerns,Separation of Concerns,10,10,"Excelente separação de responsabilidades. A interface com o usuário está isolada no Main, enquanto a lógica de negócio reside nas classes de domínio.",MainFilmNow.java | FilmNow.java | Filme.java,high
S04,official_sample,redacted,llm,readability_and_documentation,Readability and Documentation,9,10,"Código limpo, legível e bem organizado. A documentação está presente e clara, mas utiliza o formato de comentário de bloco comum em vez de Javadoc em vários métodos.",Filme.java | FilmNow.java | HotList.java | Filme.toString | FilmNow.exibirHotList | HotList.addFilme,high
S05,official_sample,redacted,llm,basic_functionality,Basic Functionality,8.5,10,"As funcionalidades principais foram implementadas com sucesso, incluindo adição, listagem e detalhamento de filmes, além da manipulação da HotList. No entanto, há falhas na lógica de validação de posições ao adicionar à HotList e no retorno esperado ao detalhar uma posição vazia.",FilmNow.java: cadastraFilme | FilmNow.java: adicionaHotList | FilmNow.java: exibirFilmes | FilmNow.java: adicionaHotList (linha 94) | FilmNow.java: detalharFilme (linha 116),high
S05,official_sample,redacted,llm,unit_tests,Unit Tests,9.5,10,"Excelente cobertura de testes para as classes Filme e FilmNow, explorando casos normais e limites. Houve apenas uma pequena omissão no teste do método equals.",FilmeTest.java | FilmeNowTest.java | FilmeTest.java: testEqualsMesmoFilme,high
S05,official_sample,redacted,llm,class_design,Class Design,9.0,10,"As classes foram bem modeladas, com responsabilidades claras e uso adequado de composição. O único problema relevante foi a implementação incorreta da comparação de Strings no método equals.",Filme.java | FilmNow.java | MainFilmNow.java | Filme.java: equals (linha 59),high
S05,official_sample,redacted,llm,object_references,Object References and Composition,9.5,10,Uso correto de referências e instanciação de objetos na maior parte do código. Houve apenas um pequeno desvio conceitual ao passar a própria instância como parâmetro para métodos de instância.,FilmNow.java: cadastraFilme | MainFilmNow.java | FilmNow.java: exibirFilmes (linha 125) | FilmNow.java: exibirHotFilmes (linha 139),high
S05,official_sample,redacted,llm,collections_and_arrays,Collections and Arrays,10.0,10,"Uso excelente de arrays para armazenar os filmes e a HotList, respeitando os limites estabelecidos.",FilmNow.java: construtor | FilmNow.java: temFilme,high
S05,official_sample,redacted,llm,separation_of_concerns,Separation of Concerns,10.0,10,"Ótima separação de responsabilidades entre a interface de usuário, o gerenciador do sistema e a classe de domínio.",MainFilmNow.java | FilmNow.java | Filme.java: detalha,high
S05,official_sample,redacted,llm,readability_and_documentation,Readability and Documentation,10.0,10,"Código muito legível, com boa escolha de nomes e documentação Javadoc clara e objetiva.",Filme.java | FilmNow.java,high
S06,official_sample,redacted,llm,basic_functionality,Basic Functionality,9.5,10,"A funcionalidade principal está excelente, cobrindo quase todos os requisitos, incluindo a substituição de filmes e atualização da HotList. Houve apenas uma pequena falha na validação de posições vazias nas operações da HotList.",FilmNow.java (método cadastraFilme) | FilmNow.java (método detalharFilme) | FilmNow.java (métodos addFilmeHot e removerFilmeHot),high
S06,official_sample,redacted,llm,unit_tests,Unit Tests,10,10,"Os testes são extensos, bem organizados e cobrem a grande maioria dos casos de uso e regras de negócio exigidas para as classes Filme e FilmNow.",teste/filmnow/FilmeTest.java | teste/filmnow/FilmNowTest.java,high
S06,official_sample,redacted,llm,class_design,Class Design,10,10,"A modelagem das classes está muito boa, com a classe Filme encapsulando seus dados e FilmNow gerenciando as coleções adequadamente.",Filme.java | FilmNow.java,high
S06,official_sample,redacted,llm,object_references,Object References and Composition,10,10,"O uso de referências e composição está correto, sem uso indevido de modificadores estáticos fora do Main.",FilmNow.java | MainFilmNow.java,high
S06,official_sample,redacted,llm,collections_and_arrays,Collections and Arrays,10,10,"Os arrays foram utilizados corretamente, respeitando os limites de tamanho estabelecidos na especificação.",FilmNow.java (construtor e manipulação de índices),high
S06,official_sample,redacted,llm,separation_of_concerns,Separation of Concerns,10,10,Excelente separação de responsabilidades entre a interface de usuário e a lógica de negócio.,MainFilmNow.java | FilmNow.java | Filme.java,high
S06,official_sample,redacted,llm,readability_and_documentation,Readability and Documentation,9.0,10,O código é muito legível e a classe FilmNow possui excelente documentação Javadoc. Houve apenas a omissão de Javadoc na classe Filme.,FilmNow.java | Filme.java,high
S07,official_sample,redacted,llm,basic_functionality,Basic Functionality,8.5,10,"A funcionalidade básica foi quase totalmente implementada com sucesso, incluindo adição, listagem e detalhamento de filmes. No entanto, há falhas na validação de limites e posições vazias nas operações da HotList, o que pode causar exceções (NullPointerException e ArrayIndexOutOfBoundsException) em vez de retornar a mensagem de erro esperada.",FilmNow.cadastraFilme | FilmNow.getFilme | FilmNow.getFilmes | FilmNow.adicionaHot | FilmNow.removerDaHotList | MainFilmNow.removerHot,high
S07,official_sample,redacted,llm,unit_tests,Unit Tests,10,10,Excelente conjunto de testes. O aluno cobriu a grande maioria dos casos de uso e limites especificados para as classes Filme e FilmNow.,testes/lab3FilmNow/FilmeTest.java | testes/lab3FilmNow/FilmNowTest.java,high
S07,official_sample,redacted,llm,class_design,Class Design,10,10,O design de classes atende perfeitamente aos requisitos. As classes Filme e FilmNow foram criadas com responsabilidades claras e atributos adequados.,Filme.java | FilmNow.java | MainFilmNow.java,high
S07,official_sample,redacted,llm,object_references,Object References and Composition,10,10,Uso correto de referências e composição. A classe FilmNow compõe e gerencia instâncias de Filme de forma apropriada.,FilmNow.cadastraFilme | FilmNow.adicionaHot,high
S07,official_sample,redacted,llm,collections_and_arrays,Collections and Arrays,10,10,As estruturas de dados foram utilizadas corretamente e respeitam as restrições de tamanho do laboratório.,FilmNow.java | FilmNow.hotList,high
S07,official_sample,redacted,llm,separation_of_concerns,Separation of Concerns,10,10,"Excelente separação de responsabilidades entre interface, gerenciador e modelo de domínio.",MainFilmNow.comando | Filme.exibeFilme | FilmNow.cadastraFilme,high
S07,official_sample,redacted,llm,readability_and_documentation,Readability and Documentation,10,10,"Código muito legível, bem organizado e com excelente documentação Javadoc.",Filme.java | FilmNow.java,high
S08,official_sample,redacted,llm,basic_functionality,Basic Functionality,8.5,10,"O sistema implementa quase todas as funcionalidades corretamente, incluindo adição, listagem, detalhamento e a lógica principal da HotList. No entanto, há falhas no tratamento de posições vazias durante as operações da HotList.",src/filmnow/FilmNow.java:cadastraFilme | src/filmnow/FilmNow.java:detalharFilme | src/filmnow/Filme.java:toString | src/filmnow/FilmNow.java:CadastrarFilmeHot | src/filmnow/FilmNow.java:removerFilmeHot,high
S08,official_sample,redacted,llm,unit_tests,Unit Tests,10,10,"A suíte de testes é excelente, cobrindo a grande maioria dos casos de uso, incluindo limites, campos vazios e regras de negócio da HotList.",testes/filmnow/FilmeTest.java | testes/filmnow/FilmNowTest.java,high
S08,official_sample,redacted,llm,class_design,Class Design,10,10,"As classes foram modeladas corretamente, com a classe Filme encapsulando seus dados e FilmNow gerenciando a coleção de filmes.",src/filmnow/Filme.java | src/filmnow/FilmNow.java | src/filmnow/MainFilmNow.java,high
S08,official_sample,redacted,llm,object_references,Object References and Composition,10,10,Uso correto de referências e composição entre as classes do sistema.,src/filmnow/FilmNow.java:cadastraFilme | src/filmnow/MainFilmNow.java,high
S08,official_sample,redacted,llm,collections_and_arrays,Collections and Arrays,10,10,Estruturas de dados utilizadas corretamente e respeitando os limites estabelecidos.,src/filmnow/FilmNow.java:TAMANHO | src/filmnow/FilmNow.java:TAMANHOHOTLIST | src/filmnow/FilmNow.java:cadastraFilme,high
S08,official_sample,redacted,llm,separation_of_concerns,Separation of Concerns,10,10,"Excelente separação de responsabilidades entre interface, controle e modelo.",src/filmnow/MainFilmNow.java | src/filmnow/FilmNow.java | src/filmnow/Filme.java:toString,high
S08,official_sample,redacted,llm,readability_and_documentation,Readability and Documentation,9.5,10,"Código limpo, bem organizado e com Javadoc presente na maioria dos métodos. Há apenas um pequeno desvio nas convenções de nomenclatura Java.",src/filmnow/FilmNow.java | src/filmnow/Filme.java | src/filmnow/FilmNow.java:CadastrarFilmeHot,high
S09,official_sample,redacted,llm,basic_functionality,Basic Functionality,9.0,10,"A funcionalidade principal foi implementada com sucesso, incluindo adição, listagem e detalhamento de filmes. No entanto, há falhas na validação de posições e filmes nulos nas operações da HotList.",FilmNow.cadastraFilme | FilmNow.getFilme | MainFilmNow.mostrarFilmes | FilmNow.removeHotlist | FilmNow.cadastraHotlist | MainFilmNow.removeHotlist,high
S09,official_sample,redacted,llm,unit_tests,Unit Tests,10.0,10,"O aluno implementou uma suíte de testes excelente e abrangente, cobrindo tanto a classe Filme quanto a classe FilmNow com múltiplos cenários, incluindo casos limite e de erro.",testes/lab3FilmNow/Filmetest.java | testes/lab3FilmNow/FilmNowtest.java,high
S09,official_sample,redacted,llm,class_design,Class Design,10.0,10,"As classes foram modeladas corretamente, com a classe Filme encapsulando os dados do filme e a classe FilmNow gerenciando as coleções.",Filme.java | FilmNow.java,high
S09,official_sample,redacted,llm,object_references,Object References and Composition,10.0,10,Uso correto de referências e composição. A classe FilmNow compõe instâncias de Filme de forma adequada.,FilmNow.cadastraFilme | FilmNow.java,high
S09,official_sample,redacted,llm,collections_and_arrays,Collections and Arrays,10.0,10,As estruturas de dados (arrays) foram utilizadas corretamente e respeitando os limites estabelecidos na especificação.,FilmNow.java | FilmNow.cadastraFilme | FilmNow.cadastraHotlist,high
S09,official_sample,redacted,llm,separation_of_concerns,Separation of Concerns,10.0,10,Excelente separação de responsabilidades entre a interface de usuário (MainFilmNow) e a lógica de negócio (FilmNow e Filme).,MainFilmNow.java | FilmNow.java | Filme.toString,high
S09,official_sample,redacted,llm,readability_and_documentation,Readability and Documentation,10.0,10,O código é muito legível e possui excelente documentação Javadoc em todas as classes e métodos principais.,Filme.java | FilmNow.java,high
S10,official_sample,redacted,llm,basic_functionality,Basic Functionality,9.0,10,"O sistema implementa quase todas as funcionalidades corretamente, incluindo validações de limites, campos vazios e duplicatas. Apenas um pequeno defeito foi encontrado na substituição de filmes na HotList.","FilmNow.java (métodos cadastraFilme, getFilme, getFilmes) | MainFilmNow.java (métodos de interação com o usuário) | FilmNow.java (método adicionaHot)",high
S10,official_sample,redacted,llm,unit_tests,Unit Tests,10.0,10,"Excelente conjunto de testes. Cobre os construtores, métodos de formatação, igualdade e as principais regras de negócio do sistema, incluindo limites e casos de erro.",testes/lab3FilmNow/FilmeTest.java | testes/lab3FilmNow/FilmNowTest.java,high
S10,official_sample,redacted,llm,class_design,Class Design,10.0,10,"O design de classes está muito bem estruturado. A classe Filme encapsula corretamente os dados e comportamentos do filme, e FilmNow gerencia as coleções adequadamente.",Filme.java | FilmNow.java,high
S10,official_sample,redacted,llm,object_references,Object References and Composition,10.0,10,"Uso correto de referências e composição. A classe FilmNow compõe instâncias de Filme de forma adequada, sem uso indevido de modificadores estáticos.",FilmNow.java (método cadastraFilme) | MainFilmNow.java,high
S10,official_sample,redacted,llm,collections_and_arrays,Collections and Arrays,10.0,10,"Uso correto de arrays para armazenar os filmes e a HotList, respeitando os limites de tamanho estabelecidos na especificação.",FilmNow.java (construtor e manipulação de arrays),high
S10,official_sample,redacted,llm,separation_of_concerns,Separation of Concerns,10.0,10,"Excelente separação de responsabilidades. A interface com o usuário está isolada no MainFilmNow, a lógica de negócio no FilmNow e a representação dos dados no Filme.",MainFilmNow.java | FilmNow.java | Filme.java,high
S10,official_sample,redacted,llm,readability_and_documentation,Readability and Documentation,10.0,10,"Código muito legível, bem organizado e com excelente documentação Javadoc para as classes e métodos públicos.",Filme.java | FilmNow.java,high
S11,official_sample,redacted,llm,basic_functionality,Basic Functionality,9.5,10,"O sistema implementa corretamente as funcionalidades principais (adicionar, detalhar, listar e hotlist), respeitando as regras de negócio. No entanto, há um pequeno erro na interface de usuário ao adicionar um filme, onde uma chamada extra ao scanner causa travamento na leitura.","FilmNow.java (métodos cadastraFilme, getFilme, adicionaHot) | MainFilmNow.java (fluxo de menus) | MainFilmNow.java (método adicionaFilme, linha 138)",high
S11,official_sample,redacted,llm,unit_tests,Unit Tests,10,10,"Excelente conjunto de testes. O aluno cobriu exaustivamente as classes Filme e FilmNow, incluindo casos limite e cenários de erro.",FilmeTestes.java | FilmNowTestes.java,high
S11,official_sample,redacted,llm,class_design,Class Design,9,10,"As classes foram bem modeladas, com atributos corretos e métodos adequados. Houve apenas um erro conceitual importante na implementação do método equals da classe Filme ao comparar strings.","Filme.java | FilmNow.java | Filme.java (método equals, linha 82)",high
S11,official_sample,redacted,llm,object_references,Object References and Composition,10,10,O uso de referências e a composição entre FilmNow e Filme foram implementados de forma correta e segura.,FilmNow.java (atributos filmes e hotList) | MainFilmNow.java,high
S11,official_sample,redacted,llm,collections_and_arrays,Collections and Arrays,10,10,"Os arrays foram utilizados corretamente, respeitando os limites estabelecidos pela especificação.",FilmNow.java (construtor e manipulação de índices),high
S11,official_sample,redacted,llm,separation_of_concerns,Separation of Concerns,10,10,"As responsabilidades estão bem divididas entre a interface de usuário, a classe de domínio e a classe gerenciadora.",MainFilmNow.java | FilmNow.java | Filme.java,high
S11,official_sample,redacted,llm,readability_and_documentation,Readability and Documentation,10,10,"O código é muito legível, bem organizado e a documentação Javadoc está completa e clara.",Filme.java | FilmNow.java,high
S12,official_sample,redacted,llm,basic_functionality,Basic Functionality,8.0,10,"A maior parte das funcionalidades básicas foi implementada com sucesso, incluindo a adição, listagem e detalhamento de filmes. No entanto, há falhas na integração da HotList com o detalhamento de filmes e na lógica de atribuição de posição na HotList.",src/filmnow/FilmNow.java:cadastraFilme | src/filmnow/MainFilmNow.java:mostrarFilmes | src/filmnow/FilmNow.java:removeHotFilme | src/filmnow/MainFilmNow.java:detalharFilme | src/filmnow/FilmNow.java:cadastrarHotFilme | src/filmnow/MainFilmNow.java:comando,high
S12,official_sample,redacted,llm,unit_tests,Unit Tests,7.0,10,"Os testes cobrem bem a classe Filme e as operações básicas de adição na classe FilmNow. Contudo, faltam testes para as operações da HotList e para a listagem/detalhamento.",teste/filmnow/FilmeTeste.java | teste/filmnow/FilmNowTeste.java,high
S12,official_sample,redacted,llm,class_design,Class Design,10.0,10,O design das classes atende perfeitamente aos requisitos. A classe Filme foi criada com os atributos corretos e a classe FilmNow gerencia a coleção de filmes adequadamente.,src/filmnow/Filme.java | src/filmnow/FilmNow.java | src/filmnow/MainFilmNow.java,high
S12,official_sample,redacted,llm,object_references,Object References and Composition,10.0,10,O uso de referências e composição está correto. A classe FilmNow compõe objetos da classe Filme de forma adequada e não há uso indevido de modificadores estáticos.,src/filmnow/FilmNow.java:cadastraFilme | src/filmnow/MainFilmNow.java,high
S12,official_sample,redacted,llm,collections_and_arrays,Collections and Arrays,9.0,10,"Os arrays foram utilizados corretamente para armazenar os filmes e a HotList, respeitando os limites de tamanho. Houve apenas um erro no mapeamento dos índices do array principal.",src/filmnow/FilmNow.java:FilmNow | src/filmnow/FilmNow.java:exibirHot | src/filmnow/FilmNow.java:cadastraFilme | src/filmnow/FilmNow.java:getFilme,high
S12,official_sample,redacted,llm,separation_of_concerns,Separation of Concerns,10.0,10,"A separação de responsabilidades está bem definida. A interface com o usuário está isolada no MainFilmNow, enquanto a lógica de negócio e armazenamento reside no FilmNow.",src/filmnow/MainFilmNow.java | src/filmnow/FilmNow.java | src/filmnow/Filme.java:toString,high
S12,official_sample,redacted,llm,readability_and_documentation,Readability and Documentation,8.0,10,"O código é legível e possui boa nomenclatura de variáveis e métodos. No entanto, faltam comentários Javadoc em vários métodos novos adicionados à classe FilmNow.",src/filmnow/FilmNow.java | src/filmnow/Filme.java | src/filmnow/FilmNow.java:verificaPosicao | src/filmnow/FilmNow.java:cadastrarHotFilme | src/filmnow/FilmNow.java:removeHotFilme,high
S13,official_sample,redacted,llm,basic_functionality,Basic Functionality,8.0,10,"O sistema implementa a maioria das funcionalidades corretamente, incluindo adição, listagem e detalhamento de filmes, além da HotList. No entanto, há pequenas falhas na validação de posições vazias ao detalhar filmes e erros lógicos na adição à HotList que podem causar exceções ou estados inconsistentes.",FilmNow.cadastraFilme | FilmNow.exibirFilmes | FilmNow.removeHotFilmes | FilmNow.detalhaFilme | FilmNow.adicionaHotList,high
S13,official_sample,redacted,llm,unit_tests,Unit Tests,10.0,10,"Os testes de unidade estão excelentes, cobrindo de forma abrangente as classes Filme e FilmNow, incluindo casos normais, limites e situações de erro.",FilmeTeste.java | FilmNowTest.java,high
S13,official_sample,redacted,llm,class_design,Class Design,10.0,10,"As classes foram criadas e modeladas corretamente, demonstrando bom entendimento dos conceitos de orientação a objetos para o nível esperado.",Filme.java | FilmNow.java | MainFilmNow.java,high
S13,official_sample,redacted,llm,object_references,Object References and Composition,10.0,10,O uso de referências e a composição entre FilmNow e Filme foram implementados de forma correta e coerente.,FilmNow.cadastraFilme | FilmNow.filmes,high
S13,official_sample,redacted,llm,collections_and_arrays,Collections and Arrays,10.0,10,As estruturas de dados (arrays) foram utilizadas corretamente e respeitam as restrições de tamanho impostas pelo laboratório.,FilmNow.TAMANHO | FilmNow.TAMANHO_HOT | FilmNow.cadastraFilme,high
S13,official_sample,redacted,llm,separation_of_concerns,Separation of Concerns,9.0,10,"A separação de responsabilidades está muito boa no geral, com a interface isolada no Main e a lógica de negócio em FilmNow e Filme. Houve apenas um pequeno desvio conceitual na passagem de parâmetros em métodos de instância.",MainFilmNow.comando | FilmNow.cadastraFilme | Filme.detalha | FilmNow.exibirFilmes | FilmNow.exibirHot,high
S13,official_sample,redacted,llm,readability_and_documentation,Readability and Documentation,10.0,10,"O código é altamente legível e a documentação Javadoc está excelente, explicando claramente o propósito de classes e métodos.",Filme.java | FilmNow.java,high
S14,official_sample,redacted,llm,basic_functionality,Basic Functionality,9.0,10,"O sistema implementa quase todas as funcionalidades corretamente, incluindo adição, listagem e detalhamento de filmes. No entanto, há pequenas falhas na manipulação da HotList, como a ausência de exibição de mensagens de retorno na interface e risco de exceção ao remover itens vazios.",FilmNow.java:cadastraFilme | FilmNow.java:detalhaFilme | FilmNow.java:adicionaHot | MainFilmNow.java:atribuirHot | FilmNow.java:removeHot,high
S14,official_sample,redacted,llm,unit_tests,Unit Tests,8.0,10,"Excelente cobertura de testes para a classe FilmNow, explorando bem os casos limite. Contudo, faltam testes unitários explícitos para os métodos da classe Filme, conforme exigido pela rubrica.",FilmeNowtestes.java:testAdicionaFilmePosicao100 | FilmeNowtestes.java:testAdicionaFilmePosicaoMaior | FilmeNowtestes.java:detalharFilmeHot | FilmeNowtestes.java,high
S14,official_sample,redacted,llm,class_design,Class Design,10.0,10,O design das classes está excelente. A entidade Filme foi bem modelada e a classe FilmNow gerencia corretamente a composição.,Filme.java | FilmNow.java | MainFilmNow.java,high
S14,official_sample,redacted,llm,object_references,Object References and Composition,10.0,10,Uso correto de referências e composição. Os objetos são instanciados adequadamente e não há uso indevido de modificadores estáticos.,FilmNow.java:cadastraFilme | MainFilmNow.java,high
S14,official_sample,redacted,llm,collections_and_arrays,Collections and Arrays,10.0,10,"As estruturas de dados foram utilizadas corretamente, respeitando os limites estabelecidos no roteiro.",FilmNow.java:TAMANHO | FilmNow.java:cadastraFilme,high
S14,official_sample,redacted,llm,separation_of_concerns,Separation of Concerns,10.0,10,"Ótima separação de responsabilidades. A interface com o usuário está isolada na classe Main, enquanto a lógica de negócio reside em FilmNow e Filme.",MainFilmNow.java | FilmNow.java | Filme.java:toString,high
S14,official_sample,redacted,llm,readability_and_documentation,Readability and Documentation,10.0,10,O código é muito legível e a documentação Javadoc está completa e bem redigida.,Filme.java | FilmNow.java,high
S15,official_sample,redacted,llm,basic_functionality,Basic Functionality,7.5,10,"A maior parte das funcionalidades foi implementada corretamente, incluindo adição, listagem e detalhamento. No entanto, faltaram validações de entradas vazias, a lógica de igualdade de filmes está incorreta segundo a especificação e a substituição na HotList não remove o status 'hot' do filme anterior.",MainFilmNow.java:adicionaFilme | FilmNow.java:getFilmes | FilmNow.java:adicionaHot | Filme.java:equals,high
S15,official_sample,redacted,llm,unit_tests,Unit Tests,7.5,10,"Os testes cobrem o funcionamento básico das classes Filme e FilmNow, mas omitem casos importantes como valores limite, filmes repetidos e construtores alternativos.",FilmeTest.java | FilmNowTest.java,high
S15,official_sample,redacted,llm,class_design,Class Design,10.0,10,"As classes foram criadas e modeladas adequadamente, com a classe Filme encapsulando seus dados e FilmNow gerenciando a coleção.",Filme.java | FilmNow.java | MainFilmNow.java,high
S15,official_sample,redacted,llm,object_references,Object References and Composition,10.0,10,Uso correto de referências e composição entre FilmNow e Filme. Modificadores estáticos foram usados apenas onde apropriado.,FilmNow.java:cadastraFilme | FilmNow.java:adicionaHot,high
S15,official_sample,redacted,llm,collections_and_arrays,Collections and Arrays,10.0,10,"Os arrays foram utilizados corretamente para armazenar os filmes e a HotList, respeitando os limites de tamanho estabelecidos.",FilmNow.java:FilmNow | FilmNow.java:cadastraFilme,high
S15,official_sample,redacted,llm,separation_of_concerns,Separation of Concerns,10.0,10,"Boa separação de responsabilidades. A interface com o usuário está isolada no Main, a lógica de negócio no FilmNow e a formatação de dados no Filme.",MainFilmNow.java | FilmNow.java | Filme.java:toString,high
S15,official_sample,redacted,llm,readability_and_documentation,Readability and Documentation,8.0,10,"O código é legível e organizado, mas a classe Filme carece totalmente de documentação Javadoc.",FilmNow.java | MainFilmNow.java | Filme.java,high
S16,official_sample,redacted,llm,basic_functionality,Basic Functionality,4.0,10,"As funcionalidades básicas de adicionar e mostrar filmes foram parcialmente implementadas. No entanto, há um erro de compilação no método 'estaCadastrado', ausência de validações na adição, um erro de mapeamento de índice ao detalhar filmes e a funcionalidade de HotList foi completamente omitida.",MainFilmNow.java:46-60 | MainFilmNow.java:128-145 | FilmNow.java:45-48 | MainFilmNow.java | FilmNow.java | FilmNow.java:50-54 | FilmNow.java:34-36 | MainFilmNow.java:106-111,high
S16,official_sample,redacted,llm,unit_tests,Unit Tests,0.0,10,Nenhum teste de unidade foi implementado ou enviado na submissão.,Submission Package,high
S16,official_sample,redacted,llm,class_design,Class Design,10.0,10,"As classes principais (Filme e FilmNow) foram criadas corretamente, demonstrando entendimento da modelagem orientada a objetos para o problema.",Filme.java:9-15 | FilmNow.java:9-13 | MainFilmNow.java:66-82,high
S16,official_sample,redacted,llm,object_references,Object References and Composition,10.0,10,O uso de referências e a composição entre FilmNow e Filme foram implementados de forma correta.,FilmNow.java:13 | FilmNow.java:46 | MainFilmNow.java:15,high
S16,official_sample,redacted,llm,collections_and_arrays,Collections and Arrays,10.0,10,"A estrutura de dados (array) foi utilizada corretamente para armazenar os filmes, respeitando o limite de 100 posições.",FilmNow.java:11 | FilmNow.java:18 | FilmNow.java:47,high
S16,official_sample,redacted,llm,separation_of_concerns,Separation of Concerns,10.0,10,"As responsabilidades estão bem divididas entre a interface com o usuário (MainFilmNow), a lógica de gerenciamento (FilmNow) e a representação dos dados (Filme).",MainFilmNow.java:46-60 | FilmNow.java:45-48 | Filme.java:29-31,high
S16,official_sample,redacted,llm,readability_and_documentation,Readability and Documentation,7.0,10,"O código possui boa legibilidade geral, mas apresenta blocos de Javadoc vazios e um trecho de código com erro de sintaxe que prejudica a leitura e manutenção.",FilmNow.java:21-24 | MainFilmNow.java:40-45 | Filme.java:5-7 | Filme.java:10-12 | Filme.java:17-22 | FilmNow.java:50-54,high
S17,official_sample,redacted,llm,basic_functionality,Basic Functionality,10,10,"Todas as funcionalidades básicas (adicionar, mostrar, detalhar e HotList) foram implementadas corretamente, respeitando as regras de negócio e limites estabelecidos.",src/filmnow/FilmNow.java | src/filmnow/MainFilmNow.java,high
S17,official_sample,redacted,llm,unit_tests,Unit Tests,8.5,10,"A suíte de testes é extensa e cobre muito bem as operações principais e casos limite de adição e detalhamento, mas faltam testes para algumas operações da HotList.",src/testes/FilmNowTest.java | src/testes/FilmeTest.java,high
S17,official_sample,redacted,llm,class_design,Class Design,9,10,"As classes foram bem modeladas, com construtores adequados e métodos bem definidos. Houve apenas um erro conceitual importante na implementação do método equals.",src/filmnow/Filme.java | src/filmnow/MainFilmNow.java,high
S17,official_sample,redacted,llm,object_references,Object References and Composition,10,10,Excelente uso de referências e composição. A classe FilmNow gerencia corretamente instâncias de Filme sem abusar de modificadores estáticos.,src/filmnow/FilmNow.java | src/filmnow/MainFilmNow.java,high
S17,official_sample,redacted,llm,collections_and_arrays,Collections and Arrays,10,10,"Os arrays foram utilizados de forma impecável, respeitando os limites de tamanho e mapeando corretamente as posições lógicas (1 a N) para os índices físicos (0 a N-1).",src/filmnow/FilmNow.java,high
S17,official_sample,redacted,llm,separation_of_concerns,Separation of Concerns,10,10,"A separação de responsabilidades está muito bem definida entre a interface de usuário, o gerenciador do sistema e a classe de domínio.",src/filmnow/MainFilmNow.java | src/filmnow/FilmNow.java | src/filmnow/Filme.java,high
S17,official_sample,redacted,llm,readability_and_documentation,Readability and Documentation,10,10,"O código é extremamente legível e a documentação Javadoc é clara, objetiva e bem formatada.",src/filmnow/Filme.java | src/filmnow/FilmNow.java,high
S18,official_sample,redacted,llm,basic_functionality,Basic Functionality,7,10,"As funcionalidades principais de adicionar, listar e detalhar filmes funcionam muito bem. No entanto, a funcionalidade da HotList possui falhas lógicas importantes: a verificação de limites permite posições inválidas que causam exceção, a verificação de duplicatas checa o filme errado, e há uso incorreto do operador '==' para comparar o conteúdo de Strings.",FilmNow.cadastraFilme | FilmNow.getFilmes | FilmNow.getFilme | FilmNow.atribuiHot | FilmNow.retiraHot | Filme.formataFilme,high
S18,official_sample,redacted,llm,unit_tests,Unit Tests,9,10,"Excelente conjunto de testes, cobrindo a maioria dos casos normais e limites para ambas as classes. Houve apenas um pequeno deslize com a omissão da anotação @Test em um método, o que acabou mascarando um bug da HotList.",FilmeTest.java | FilmNowTest.java | FilmNowTest.testAtribuiHotDeDestinoAlem,high
S18,official_sample,redacted,llm,class_design,Class Design,10,10,"As classes foram bem modeladas, com atributos adequados e responsabilidades bem definidas. A classe Filme encapsula bem seus dados e FilmNow gerencia as coleções corretamente.",Filme.java | FilmNow.java | MainFilmNow.java,high
S18,official_sample,redacted,llm,object_references,Object References and Composition,10,10,O uso de referências e a composição entre FilmNow e Filme foram implementados corretamente. A instanciação de objetos ocorre nos momentos adequados.,FilmNow.cadastraFilme | FilmNow.atribuiHot,high
S18,official_sample,redacted,llm,collections_and_arrays,Collections and Arrays,10,10,"Os arrays foram utilizados corretamente para armazenar os filmes e a HotList, respeitando os tamanhos especificados e a indexação baseada em zero internamente.",FilmNow.FilmNow | FilmNow.cadastraFilme,high
S18,official_sample,redacted,llm,separation_of_concerns,Separation of Concerns,10,10,"Boa separação de responsabilidades. A classe Main lida com a interface, FilmNow com as regras de negócio e Filme com a formatação de seus próprios dados.",MainFilmNow.java | FilmNow.java | Filme.formataFilme,high
S18,official_sample,redacted,llm,readability_and_documentation,Readability and Documentation,10,10,"O código é muito legível, com boa escolha de nomes para variáveis e métodos. A documentação Javadoc está excelente, clara e objetiva.",Filme.java | FilmNow.java,high
S19,official_sample,redacted,llm,basic_functionality,Basic Functionality,9.5,10,"As funcionalidades foram implementadas com excelência, cobrindo quase todos os requisitos e casos limite. Houve apenas uma pequena falha na validação da existência do filme ao adicioná-lo na HotList.",FilmNow.cadastraFilme | FilmNow.detalhesFilme | FilmNow.cadastraHot,high
S19,official_sample,redacted,llm,unit_tests,Unit Tests,9.5,10,"A suíte de testes é muito completa e bem estruturada, cobrindo a grande maioria dos cenários de sucesso e falha. Faltou apenas o teste para o caso limite da HotList mencionado na funcionalidade.",FilmeTest.java | FilmNowTest.java,high
S19,official_sample,redacted,llm,class_design,Class Design,10,10,"Excelente modelagem de classes, com responsabilidades bem definidas e uso adequado dos conceitos de orientação a objetos.",Filme.java | FilmNow.java | MainFilmNow.java,high
S19,official_sample,redacted,llm,object_references,Object References and Composition,10,10,Uso correto de referências e composição. Instanciação adequada de objetos e uso correto do método equals.,FilmNow.java | Filme.equals,high
S19,official_sample,redacted,llm,collections_and_arrays,Collections and Arrays,10,10,"Uso perfeito de arrays para armazenar os filmes e a HotList, respeitando os limites estabelecidos e mapeando corretamente as posições lógicas para os índices.",FilmNow.java,high
S19,official_sample,redacted,llm,separation_of_concerns,Separation of Concerns,10,10,"Ótima separação de responsabilidades entre interface com o usuário, regras de negócio e modelo de dados.",MainFilmNow.java | FilmNow.java | Filme.java,high
S19,official_sample,redacted,llm,readability_and_documentation,Readability and Documentation,10,10,"Código muito limpo, legível e bem documentado com Javadoc claro e objetivo.",Filme.java | FilmNow.java | MainFilmNow.java,high
S20,official_sample,redacted,llm,basic_functionality,Basic Functionality,8.5,10,"A maior parte das funcionalidades foi implementada corretamente, incluindo a adição de filmes, detalhamento e manipulação da HotList. No entanto, a listagem de filmes não exibe o ano conforme especificado, e a interface principal falha ao tentar processar um ano vazio.",MainFilmNow.java:comando | FilmNow.java:adicionaHot | FilmNow.java:jaExisteFilme | MainFilmNow.java:mostrarFilmes | MainFilmNow.java:adicionaFilme,high
S20,official_sample,redacted,llm,unit_tests,Unit Tests,9.0,10,"Excelente suíte de testes, cobrindo a grande maioria dos casos especificados para FilmNow, incluindo limites e HotList. Faltaram apenas testes para o método equals da classe Filme.",Testes/lab3FilmNow/FilmNowTest.java | Testes/lab3FilmNow/FilmNowHotTest.java | Testes/lab3FilmNow/DetalharFilmesTest.java | Testes/lab3FilmNow/FilmeTest.java,high
S20,official_sample,redacted,llm,class_design,Class Design,10.0,10,"As classes foram bem modeladas, com a classe Filme encapsulando seus dados e FilmNow gerenciando a coleção de filmes.",Filme.java | FilmNow.java | MainFilmNow.java,high
S20,official_sample,redacted,llm,object_references,Object References and Composition,10.0,10,Uso correto de composição e referências entre objetos. O método equals foi sobrescrito e utilizado adequadamente.,FilmNow.java:jaExisteFilme | Filme.java:equals,high
S20,official_sample,redacted,llm,collections_and_arrays,Collections and Arrays,9.0,10,Uso adequado de arrays para armazenar os filmes e a HotList. Houve um pequeno desvio ao criar o array com tamanho 101 para ignorar o índice 0.,FilmNow.java:hotList | MainFilmNow.java:mostrarFilmes | FilmNow.java:TAMANHO,high
S20,official_sample,redacted,llm,separation_of_concerns,Separation of Concerns,9.0,10,"Boa separação geral entre interface e domínio, mas a classe FilmNow contém métodos que retornam mensagens de interface com o usuário.",MainFilmNow.java | Filme.java:getDetalhes | FilmNow.java:adicionaFilme | FilmNow.java:detalharFilme,high
S20,official_sample,redacted,llm,readability_and_documentation,Readability and Documentation,10.0,10,"O código está muito bem documentado com Javadoc claro e objetivo, e a legibilidade geral é excelente.",Filme.java | FilmNow.java,high
S21,official_sample,redacted,llm,basic_functionality,Basic Functionality,7.0,10,"O sistema implementa a maior parte das funcionalidades, mas apresenta falhas na integração com a interface (mensagens de retorno ignoradas e exceções não tratadas que encerram o programa) e um erro lógico grave na remoção da HotList.",FilmNow.java: cadastraFilme | FilmNow.java: detalhesFilme | FilmNow.java: atribuirHotlist | MainFilmNow.java: adicionaFilme | MainFilmNow.java: detalharFilme | FilmNow.java: removerHotlist | FilmNow.java: posicaoFilme,high
S21,official_sample,redacted,llm,unit_tests,Unit Tests,6.0,10,"Excelente cobertura de testes para a classe FilmNow, explorando bem os casos limite e exceções. No entanto, há ausência total de testes para a classe Filme.",FilmeTest.java: adicionarFilmeNaPosiçãoVazia | FilmeTest.java: filmePosicaoAcimaDoLimite | FilmeTest.java: detalharFilmeDaHotlist | FilmeTest.java,high
S21,official_sample,redacted,llm,class_design,Class Design,10.0,10,"As classes foram criadas e modeladas corretamente, com a classe Filme encapsulando seus dados e FilmNow gerenciando a coleção de filmes.",Filme.java | FilmNow.java,high
S21,official_sample,redacted,llm,object_references,Object References and Composition,10.0,10,Uso adequado de referências e composição. A instanciação de objetos ocorre nos momentos corretos e não há uso indevido de modificadores estáticos nas classes de domínio.,FilmNow.java: cadastraFilme | MainFilmNow.java,high
S21,official_sample,redacted,llm,collections_and_arrays,Collections and Arrays,9.0,10,"As estruturas de array foram utilizadas corretamente para armazenar os filmes e a HotList, respeitando os limites do laboratório. Houve apenas um pequeno desvio ao ignorar o índice 0 do array.",FilmNow.java: filmes | FilmNow.java: hotlist | FilmNow.java: FilmNow(),high
S21,official_sample,redacted,llm,separation_of_concerns,Separation of Concerns,9.0,10,"Boa separação de responsabilidades no geral. FilmNow gerencia a lógica e Filme a formatação. No entanto, a classe MainFilmNow falha em assumir completamente sua responsabilidade de exibir os resultados das operações.",Filme.java: toString | FilmNow.java | MainFilmNow.java | MainFilmNow.java: adicionaFilme | MainFilmNow.java: adicionarHot,high
S21,official_sample,redacted,llm,readability_and_documentation,Readability and Documentation,10.0,10,"O código está muito bem documentado, seguindo o padrão Javadoc de forma clara e objetiva. A legibilidade do código é excelente, com bons nomes de variáveis e métodos.",Filme.java | FilmNow.java,high
S22,official_sample,redacted,llm,basic_functionality,Basic Functionality,8.5,10,"A funcionalidade principal de adicionar, mostrar e detalhar filmes foi implementada com sucesso. No entanto, há falhas na implementação da HotList, como a ausência de validação de posições inválidas e a falta da mensagem 'FILME JÁ ADICIONADO' ao tentar inserir um filme repetido.",FilmNow.cadastraFilme | MainFilmNow.mostrarFilmes | MainFilmNow.detalharFilme | FilmNow.retiraHotList | MainFilmNow.atribuirHotList | MainFilmNow.removeHotList,high
S22,official_sample,redacted,llm,unit_tests,Unit Tests,5,10,"O aluno implementou uma boa suíte de testes para a classe FilmNow, cobrindo vários casos de adição e detalhamento. Contudo, faltam testes para a classe Filme e para as operações da HotList.",FIlmeTeste.java,high
S22,official_sample,redacted,llm,class_design,Class Design,10,10,O design das classes atende aos requisitos do laboratório. A criação da classe `Filme` e a composição em `FilmNow` foram feitas corretamente. A escolha de criar uma classe `DetalhaFilme` para formatar a saída é uma alternativa válida e sugerida no roteiro.,Filme.java | DetalhaFilme.java,high
S22,official_sample,redacted,llm,object_references,Object References and Composition,10,10,"O uso de referências e a instanciação de objetos foram feitos de forma adequada, sem uso indevido de modificadores estáticos fora do main.",MainFilmNow.java | FilmNow.java,high
S22,official_sample,redacted,llm,collections_and_arrays,Collections and Arrays,10,10,"Os arrays foram utilizados corretamente para armazenar os filmes e a HotList, respeitando os limites de tamanho estabelecidos.",FilmNow.java,high
S22,official_sample,redacted,llm,separation_of_concerns,Separation of Concerns,10,10,"As responsabilidades estão bem divididas. O `MainFilmNow` cuida da interação com o usuário, enquanto `FilmNow` gerencia as regras de negócio e coleções.",MainFilmNow.java | FilmNow.java | DetalhaFilme.java,high
S22,official_sample,redacted,llm,readability_and_documentation,Readability and Documentation,8,10,"O código é legível e segue o estilo Java. O Javadoc está presente, mas várias tags `@param` e `@return` foram deixadas em branco, reduzindo a utilidade da documentação.",FilmNow.java | DetalhaFilme.java | FilmNow.adicionaHotList | DetalhaFilme.DetalhaFilme,high
S23,official_sample,redacted,llm,basic_functionality,Basic Functionality,5.5,10,"As funcionalidades básicas de adicionar e mostrar filmes foram implementadas, mas há falhas na listagem de detalhes devido a um erro de índice. A funcionalidade de HotList não foi implementada.",MainFilmNow.java:adicionaFilme | MainFilmNow.java:mostrarFilmes | MainFilmNow.java:exibirHotList | FilmNow.java:getHotList | FilmNow.java:cadastraFilme | FilmNow.java:getFilme | MainFilmNow.java:detalharFilme,high
S23,official_sample,redacted,llm,unit_tests,Unit Tests,0,10,Nenhum teste de unidade foi implementado.,testes/lab3FilmNow/testes/FilmeTest.java | testes/lab3FilmNow/testes/MainFilmNowTest.java,high
S23,official_sample,redacted,llm,class_design,Class Design,8.5,10,"As classes principais foram criadas e modeladas adequadamente, mas o método equals da classe Filme possui erros de lógica e especificação.",Filme.java | FilmNow.java | Filme.java:equals,high
S23,official_sample,redacted,llm,object_references,Object References and Composition,10,10,O uso de referências e a criação de objetos foram feitos de forma adequada.,FilmNow.java:cadastraFilme | Filme.java:verificaFilme,high
S23,official_sample,redacted,llm,collections_and_arrays,Collections and Arrays,8.0,10,"O array principal de filmes foi utilizado corretamente, mas falta a estrutura para a HotList.",FilmNow.java:FilmNow | FilmNow.java,high
S23,official_sample,redacted,llm,separation_of_concerns,Separation of Concerns,10,10,"Boa separação de responsabilidades entre a interface de usuário (Main), o gerenciador (FilmNow) e a entidade (Filme).",MainFilmNow.java | FilmNow.java | Filme.java,high
S23,official_sample,redacted,llm,readability_and_documentation,Readability and Documentation,7.0,10,"O código é legível e segue boas práticas de nomenclatura, mas falta documentação Javadoc na classe criada pelo aluno.",Filme.java | FilmNow.java,high
S24,official_sample,redacted,llm,basic_functionality,Basic Functionality,9.0,10,"A funcionalidade básica foi implementada com sucesso na maior parte, incluindo adição, listagem e detalhamento de filmes. No entanto, há uma falha na validação da posição do filme ao adicionar à HotList, o que pode causar exceções se a posição for vazia ou inválida.",FilmNow.cadastraFilme | FilmNow.detalharFilme | FilmNow.exibeHot | FilmNow.adicionaHot,high
S24,official_sample,redacted,llm,unit_tests,Unit Tests,7.0,10,"A classe FilmNow possui uma excelente e abrangente suíte de testes. Contudo, a classe Filme foi testada de forma muito superficial, cobrindo apenas o método toString e omitindo testes para construtor, getters e o método equals.",FilmNowTest.java | FilmeTest.java,high
S24,official_sample,redacted,llm,class_design,Class Design,10.0,10,"O design de classes está excelente. A classe Filme foi criada corretamente para representar a entidade, e a classe FilmNow gerencia a coleção de filmes, demonstrando bom entendimento de orientação a objetos.",Filme.java | FilmNow.java | MainFilmNow.java,high
S24,official_sample,redacted,llm,object_references,Object References and Composition,10.0,10,Uso correto de referências e composição. Os objetos são instanciados adequadamente e não há uso indevido de modificadores estáticos fora do Main.,FilmNow.java | MainFilmNow.java,high
S24,official_sample,redacted,llm,collections_and_arrays,Collections and Arrays,10.0,10,As estruturas de dados (arrays) foram utilizadas corretamente e respeitam os limites estabelecidos pela especificação.,FilmNow.java,high
S24,official_sample,redacted,llm,separation_of_concerns,Separation of Concerns,10.0,10,"A separação de responsabilidades está muito bem definida. A interface com o usuário está isolada no Main, a lógica de negócio no FilmNow e a representação dos dados no Filme.",MainFilmNow.java | FilmNow.java | Filme.java,high
S24,official_sample,redacted,llm,readability_and_documentation,Readability and Documentation,10.0,10,"O código é altamente legível, segue as convenções da linguagem Java e possui documentação Javadoc clara e objetiva para as classes e métodos públicos.",Filme.java | FilmNow.java | MainFilmNow.java,high
S25,official_sample,redacted,llm,basic_functionality,Basic Functionality,9.5,10,"A funcionalidade básica foi implementada com sucesso, atendendo a quase todos os requisitos, incluindo validações, listagem e manipulação da HotList. Houve apenas um pequeno desvio no detalhamento de posições vazias.",FilmNow.java:cadastraFilme | FilmNow.java:detalharFilme | FilmNow.java:adicionarHot,high
S25,official_sample,redacted,llm,unit_tests,Unit Tests,7.0,10,"Os testes da classe Filme estão excelentes e cobrem bem os métodos. No entanto, os testes da classe FilmNow estão incompletos, focando apenas em casos de erro e na HotList, omitindo os fluxos principais de sucesso.",FilmeTest.java | FilmeNowTest.java:testAdicionarHot | FilmeNowTest.java,high
S25,official_sample,redacted,llm,class_design,Class Design,10.0,10,"O design de classes está excelente. A classe Filme foi criada adequadamente com seus atributos e métodos, e a classe FilmNow utiliza composição de forma correta.",Filme.java | FilmNow.java | MainFilmNow.java,high
S25,official_sample,redacted,llm,object_references,Object References and Composition,10.0,10,O uso de referências e composição foi feito de maneira correta. Os objetos são instanciados adequadamente e o uso de modificadores estáticos está restrito ao Main e constantes.,FilmNow.java:cadastraFilme | Filme.java,high
S25,official_sample,redacted,llm,collections_and_arrays,Collections and Arrays,10.0,10,"As estruturas de dados foram utilizadas corretamente, respeitando os limites estabelecidos no laboratório (100 filmes e 10 na HotList).",FilmNow.java:TAMANHO | FilmNow.java:TAMANHO_HOTLIST | FilmNow.java:cadastraFilme,high
S25,official_sample,redacted,llm,separation_of_concerns,Separation of Concerns,10.0,10,"A separação de responsabilidades está muito bem definida. A interface com o usuário está isolada no Main, enquanto a lógica de negócio e formatação de dados estão nas classes de domínio.",MainFilmNow.java | FilmNow.java | Filme.java:stringDetalha,high
S25,official_sample,redacted,llm,readability_and_documentation,Readability and Documentation,10.0,10,"O código é altamente legível e a documentação Javadoc está clara, objetiva e presente em todas as classes e métodos públicos.",Filme.java | FilmNow.java,high
S26,official_sample,redacted,llm,basic_functionality,Basic Functionality,9.0,10,"As funcionalidades principais foram implementadas com sucesso, incluindo adição, listagem, detalhamento e HotList. Houve pequenos problemas no tratamento de limites ao detalhar o último filme e na conversão de ano vazio na interface.",FilmNow.java: cadastraFilme | FilmNow.java: cadastrarFilmeHot | MainFilmNow.java: detalharFilme | linha 151 | MainFilmNow.java: adicionaFilme | linha 208,high
S26,official_sample,redacted,llm,unit_tests,Unit Tests,10.0,10,"Excelente conjunto de testes. A classe FilmeTest cobre adequadamente equals, hashCode e toString. A classe FilmNowTest é bastante abrangente, cobrindo os casos de sucesso, limites de array, validações de entrada e a lógica da HotList.",FilmeTest.java | FilmNowTest.java,high
S26,official_sample,redacted,llm,class_design,Class Design,10.0,10,"As classes foram modeladas corretamente. Filme encapsula os dados e comportamentos de um filme, enquanto FilmNow gerencia as coleções de filmes, demonstrando bom entendimento de orientação a objetos.",Filme.java | FilmNow.java | MainFilmNow.java,high
S26,official_sample,redacted,llm,object_references,Object References and Composition,10.0,10,Uso correto de referências e composição. Os objetos são instanciados adequadamente e não há uso indevido de modificadores estáticos fora da classe principal.,FilmNow.java | MainFilmNow.java,high
S26,official_sample,redacted,llm,collections_and_arrays,Collections and Arrays,10.0,10,"Os arrays foram utilizados corretamente para armazenar os filmes e a HotList, respeitando os limites de tamanho estabelecidos no roteiro.",FilmNow.java: construtor | FilmNow.java: cadastraFilme,high
S26,official_sample,redacted,llm,separation_of_concerns,Separation of Concerns,10.0,10,"Boa separação de responsabilidades. A interface com o usuário está isolada no MainFilmNow, enquanto as regras de negócio e validações estão no FilmNow.",MainFilmNow.java | FilmNow.java | Filme.java,high
S26,official_sample,redacted,llm,readability_and_documentation,Readability and Documentation,10.0,10,"O código é bastante legível, com boa escolha de nomes para variáveis e métodos. A documentação Javadoc está presente e clara nas principais classes.",Filme.java | FilmNow.java,high
S27,official_sample,redacted,llm,basic_functionality,Basic Functionality,7.0,10,"A maior parte das funcionalidades básicas foi implementada corretamente, mas há falhas importantes na manipulação da HotList (loop infinito na remoção e falta de validações) e ausência de validação de local vazio no cadastro.",FilmNow.java: cadastraFilme | FilmNow.java: detalharFilme | MainFilmNow.java: mostrarFilmes | FilmNow.java: removerHot | FilmNow.java: adicionarParaHot,high
S27,official_sample,redacted,llm,unit_tests,Unit Tests,4.5,10,"O aluno implementou uma boa suíte de testes para o cadastro e detalhamento em FilmNow, mas omitiu completamente os testes da classe Filme e os testes das operações da HotList.",FilmNowTest.java: cadastraFilmeTest | FilmNowTest.java: detalhaFilmeTest | Test/filmnow/ | FilmNowTest.java,high
S27,official_sample,redacted,llm,class_design,Class Design,10.0,10,"As classes foram criadas e modeladas adequadamente, com a separação correta entre Filme e FilmNow.",Filme.java | FilmNow.java | MainFilmNow.java,high
S27,official_sample,redacted,llm,object_references,Object References and Composition,10.0,10,Uso correto de referências e composição. A classe FilmNow compõe instâncias de Filme adequadamente.,FilmNow.java: cadastraFilme | Filme.java: equals,high
S27,official_sample,redacted,llm,collections_and_arrays,Collections and Arrays,10.0,10,"Os arrays foram utilizados corretamente para armazenar os filmes e a HotList, respeitando os limites estabelecidos.",FilmNow.java: construtor | FilmNow.java: cadastraFilme,high
S27,official_sample,redacted,llm,separation_of_concerns,Separation of Concerns,9.0,10,"Boa separação de responsabilidades no geral, mas a classe FilmNow assumiu a responsabilidade de formatar os detalhes do filme, ignorando o método criado na classe Filme para esse fim.",MainFilmNow.java | FilmNow.java | FilmNow.java: detalharFilme | Filme.java: toStringDetalhado,high
S27,official_sample,redacted,llm,readability_and_documentation,Readability and Documentation,10.0,10,O código está bem legível e a documentação Javadoc foi feita de forma clara e objetiva.,Filme.java | FilmNow.java,high
S28,official_sample,redacted,llm,basic_functionality,Basic Functionality,9.0,10,"As principais funcionalidades foram implementadas com sucesso, incluindo a adição, listagem e detalhamento de filmes, além da HotList. Houve pequenos desvios no tratamento de posições limite e na validação de posições inválidas em algumas operações.",MainFilmNow.adicionaFilme | MainFilmNow.mostrarFilmes | FilmNow.cadastraFilme | MainFilmNow.detalharFilme | MainFilmNow.atribuirHot,high
S28,official_sample,redacted,llm,unit_tests,Unit Tests,10.0,10,"Os testes de unidade foram implementados de forma abrangente e correta, cobrindo tanto a classe Film quanto a classe FilmNow, incluindo casos normais e limites.",testes/filmnow/FilmTestes.java | testes/filmnow/FilmNowTestes.java,high
S28,official_sample,redacted,llm,class_design,Class Design,10.0,10,"As classes foram bem modeladas, com a classe Film encapsulando os dados do filme e a classe FilmNow gerenciando a coleção de filmes e a HotList.",src/filmnow/Film.java | src/filmnow/FilmNow.java,high
S28,official_sample,redacted,llm,object_references,Object References and Composition,10.0,10,O uso de referências e a composição entre FilmNow e Film foram implementados corretamente. O modificador static foi restrito à classe principal (MainFilmNow).,src/filmnow/FilmNow.java | src/filmnow/MainFilmNow.java,high
S28,official_sample,redacted,llm,collections_and_arrays,Collections and Arrays,9.0,10,"As estruturas de dados foram bem utilizadas, com um array para os filmes e um ArrayList para a HotList. Houve um pequeno desconto por ignorar a posição 0 do array.",src/filmnow/FilmNow.java | src/filmnow/MainFilmNow.java,high
S28,official_sample,redacted,llm,separation_of_concerns,Separation of Concerns,10.0,10,"Excelente separação de responsabilidades. A interface com o usuário está isolada no MainFilmNow, a lógica de negócio no FilmNow e a formatação básica no Film.",src/filmnow/MainFilmNow.java | src/filmnow/FilmNow.java | src/filmnow/Film.java,high
S28,official_sample,redacted,llm,readability_and_documentation,Readability and Documentation,10.0,10,"O código é muito legível, bem organizado e possui documentação Javadoc clara e objetiva para as classes e métodos públicos.",src/filmnow/Film.java | src/filmnow/FilmNow.java,high
S29,official_sample,redacted,llm,basic_functionality,Basic Functionality,9.5,10,"As funcionalidades principais foram implementadas corretamente, incluindo validações e limites. Há apenas uma pequena falha lógica ao sobrescrever um filme na HotList, onde o status do filme antigo não é atualizado.",FilmNow.cadastraFilme | FilmNow.detalharFilme | FilmNow.cadastraHotList,high
S29,official_sample,redacted,llm,unit_tests,Unit Tests,10,10,"Excelente conjunto de testes. Cobre as classes Filme e FilmNow com diversos cenários, incluindo limites, validações de nulidade/vazio e regras de negócio da HotList.",FilmNowTest.java | FIlmeTest.java,high
S29,official_sample,redacted,llm,class_design,Class Design,10,10,Modelagem adequada das classes. A classe Filme encapsula bem seus dados e a classe FilmNow gerencia corretamente a coleção de filmes.,Filme.java | FilmNow.java,high
S29,official_sample,redacted,llm,object_references,Object References and Composition,10,10,Uso correto de composição entre FilmNow e Filme. Instanciação adequada de objetos e ausência de uso indevido de modificadores estáticos.,FilmNow.java,high
S29,official_sample,redacted,llm,collections_and_arrays,Collections and Arrays,10,10,Utilização correta de arrays respeitando os limites estabelecidos e fazendo a conversão adequada de índices.,FilmNow.java,high
S29,official_sample,redacted,llm,separation_of_concerns,Separation of Concerns,10,10,"Ótima separação de responsabilidades. A classe MainFilmNow lida exclusivamente com a interface, enquanto FilmNow concentra a lógica de negócio.",MainFilmNow.java | FilmNow.java | Filme.java,high
S29,official_sample,redacted,llm,readability_and_documentation,Readability and Documentation,10,10,"Código muito limpo, legível e bem documentado. O uso de Javadoc está excelente, explicando o propósito de classes e métodos de forma clara.",Filme.java | FilmNow.java,high
S30,official_sample,redacted,llm,basic_functionality,Basic Functionality,9.0,10,"O sistema implementa quase todas as funcionalidades corretamente, incluindo validações de entrada e limites. No entanto, há uma falha na lógica de substituição da HotList, onde o filme substituído não perde seu status de 'hot'.",FilmNow.java: cadastraFilme | FilmNow.java: detalharFilme | FilmNow.java: addHotList,high
S30,official_sample,redacted,llm,unit_tests,Unit Tests,10.0,10,"Os testes de unidade foram implementados de forma abrangente, cobrindo os principais cenários de sucesso e falha para as classes Filme e FilmNow.",FilmeTest.java | FilmNowTest.java,high
S30,official_sample,redacted,llm,class_design,Class Design,10.0,10,"As classes foram criadas e modeladas corretamente, com a classe Filme encapsulando os dados do filme e FilmNow gerenciando as coleções.",Filme.java | FilmNow.java | MainFilmNow.java,high
S30,official_sample,redacted,llm,object_references,Object References and Composition,10.0,10,O uso de referências e a composição entre FilmNow e Filme foram implementados corretamente.,FilmNow.java: cadastraFilme | FilmNow.java: addHotList,high
S30,official_sample,redacted,llm,collections_and_arrays,Collections and Arrays,10.0,10,"Os arrays foram utilizados corretamente para armazenar os filmes e a HotList, respeitando os limites estabelecidos.",FilmNow.java: construtor | FilmNow.java: cadastraFilme,high
S30,official_sample,redacted,llm,separation_of_concerns,Separation of Concerns,8.0,10,"A separação de responsabilidades está boa na maior parte do sistema, mas a formatação dos detalhes do filme vazou para as classes gerenciadoras.",MainFilmNow.java | FilmNow.java | FilmNow.java: detalharFilme | MainFilmNow.java: mostrarFilmes | Filme.java,high
S30,official_sample,redacted,llm,readability_and_documentation,Readability and Documentation,10.0,10,"O código é legível, bem organizado e possui documentação Javadoc adequada para os métodos públicos.",FilmNow.java | MainFilmNow.java,high
S31,official_sample,redacted,llm,basic_functionality,Basic Functionality,2.5,10,"A funcionalidade básica está severamente comprometida. A HotList não foi implementada. O detalhamento de filmes causa erro de compilação devido à remoção do método 'getFilme'. A listagem de filmes imprime referências de memória, e a adição de filmes não consegue verificar duplicatas corretamente pois a classe Filme não implementa 'equals' e não armazena dados.",FilmNow.java: cadastraFilme | MainFilmNow.java: mostrarFilmes | FilmNow.java | MainFilmNow.java | FilmNow.java: adicionarFilmeEmposicao | MainFilmNow.java: detalharFilme | Filme.java,high
S31,official_sample,redacted,llm,unit_tests,Unit Tests,0,10,Não há nenhuma evidência de testes de unidade (JUnit) implementados para as classes do sistema.,Pacote de submissão,high
S31,official_sample,redacted,llm,class_design,Class Design,4,10,"A classe Filme foi criada, demonstrando um entendimento inicial da necessidade de um novo tipo, mas está completamente vazia (sem atributos). A classe FilmNow foi parcialmente adaptada, mas perdeu métodos essenciais.",Filme.java | FilmNow.java: filmes | Filme.java: construtor | FilmNow.java: adicionarFilmeEmposicao,high
S31,official_sample,redacted,llm,object_references,Object References and Composition,6,10,"O aluno compreendeu a sintaxe básica de composição ao declarar um array de objetos Filme em FilmNow e instanciá-los. No entanto, como a classe Filme não retém estado, a composição é funcionalmente inócua.",FilmNow.java: filmes | FilmNow.java: cadastraFilme | Filme.java,high
S31,official_sample,redacted,llm,collections_and_arrays,Collections and Arrays,10,10,"O uso do array para armazenar os filmes está correto, respeitando o limite de 100 posições e fazendo o mapeamento adequado de índices (1 a 100 para 0 a 99).",FilmNow.java: construtor | FilmNow.java: cadastraFilme,high
S31,official_sample,redacted,llm,separation_of_concerns,Separation of Concerns,8,10,"A separação entre a interface (MainFilmNow) e a lógica (FilmNow) foi mantida a partir do código base. Contudo, a classe Filme não assumiu suas responsabilidades de formatação e comparação.",MainFilmNow.java | FilmNow.java | Filme.java,high
S31,official_sample,redacted,llm,readability_and_documentation,Readability and Documentation,5,10,"A documentação presente é quase exclusivamente a do código base. A nova classe Filme não possui documentação, e há trechos de código confuso em FilmNow.",FilmNow.java | Filme.java | FilmNow.java: adicionarFilmeEmposicao,high
S32,official_sample,redacted,llm,basic_functionality,Basic Functionality,10,10,"Todas as funcionalidades exigidas (adicionar, mostrar, detalhar e manipular a HotList) foram implementadas corretamente, respeitando as regras de negócio e os limites estabelecidos.",src/filmnow/FilmNow.java:cadastraFilme | src/filmnow/FilmNow.java:atribuiHot | src/filmnow/Filme.java:toString,high
S32,official_sample,redacted,llm,unit_tests,Unit Tests,10,10,"A suíte de testes é excelente, cobrindo exaustivamente os cenários de sucesso, falha e valores limites para as classes Filme e FilmNow.",testes/lab3FilmNow/FilmeTest.java | testes/lab3FilmNow/FilmNowTest.java,high
S32,official_sample,redacted,llm,class_design,Class Design,10,10,"As classes foram modeladas de forma adequada, com a classe Filme encapsulando seus dados e a classe FilmNow gerenciando as coleções.",src/filmnow/Filme.java | src/filmnow/FilmNow.java,high
S32,official_sample,redacted,llm,object_references,Object References and Composition,10,10,"A composição entre FilmNow e Filme foi implementada corretamente, com instanciação adequada de objetos e uso correto de referências.",src/filmnow/FilmNow.java:cadastraFilme | src/filmnow/FilmNow.java:atribuiHot,high
S32,official_sample,redacted,llm,collections_and_arrays,Collections and Arrays,10,10,"Os arrays foram utilizados corretamente, respeitando os limites de tamanho estabelecidos no roteiro e ajustando os índices baseados em 1 para índices baseados em 0.",src/filmnow/FilmNow.java:21 | src/filmnow/FilmNow.java:22 | src/filmnow/FilmNow.java:71,high
S32,official_sample,redacted,llm,separation_of_concerns,Separation of Concerns,10,10,"Boa separação de responsabilidades. A interface com o usuário está isolada no Main, enquanto a lógica de negócio e validações residem no FilmNow.",src/filmnow/MainFilmNow.java | src/filmnow/FilmNow.java | src/filmnow/Filme.java:toString,high
S32,official_sample,redacted,llm,readability_and_documentation,Readability and Documentation,10,10,"O código é muito legível, bem organizado e possui documentação Javadoc clara e objetiva para os métodos implementados.",src/filmnow/Filme.java | src/filmnow/FilmNow.java,high
S33,official_sample,redacted,llm,basic_functionality,Basic Functionality,7.5,10,"A maior parte das funcionalidades foi implementada corretamente, incluindo adição, listagem e detalhamento de filmes. No entanto, há falhas lógicas na manipulação da HotList (validação incorreta de posições e ausência de checagem de duplicatas) e falta de validação de limites de array ao detalhar filmes ou acessar posições inválidas.",FilmNow.java: cadastraFilme | Filme.java: toString | MainFilmNow.java: mostrarFilmes | FilmNow.java: cadastraHotList | FilmNow.java: getFilme | MainFilmNow.java: detalharFilme,high
S33,official_sample,redacted,llm,unit_tests,Unit Tests,8.0,10,"Os testes implementados cobrem muito bem as classes Filme e as funcionalidades básicas de FilmNow (adição com diversas regras). Contudo, faltam testes para as funcionalidades da HotList.","FilmNowTest.java: testCadastraFilmePosVazia, testAdicionaFilmeRepetido, etc. | FilmeTest.java: testEquals, testToString | FilmNowTest.java",high
S33,official_sample,redacted,llm,class_design,Class Design,10.0,10,"As classes foram bem modeladas, com Filme encapsulando seus dados e FilmNow gerenciando as coleções, demonstrando bom entendimento de orientação a objetos.",Filme.java | FilmNow.java | MainFilmNow.java,high
S33,official_sample,redacted,llm,object_references,Object References and Composition,10.0,10,Uso correto de referências e composição. A classe FilmNow compõe instâncias de Filme adequadamente e o uso de modificadores estáticos está restrito ao Main.,FilmNow.java: cadastraFilme | MainFilmNow.java,high
S33,official_sample,redacted,llm,collections_and_arrays,Collections and Arrays,10.0,10,"Os arrays foram utilizados corretamente para armazenar os filmes e a HotList, respeitando os tamanhos definidos no roteiro.","FilmNow.java: construtor, getFilme",high
S33,official_sample,redacted,llm,separation_of_concerns,Separation of Concerns,10.0,10,"Boa separação de responsabilidades. A interface com o usuário está isolada no Main, enquanto as regras de negócio e formatação de exibição estão nas classes de domínio.",MainFilmNow.java | Filme.java: toString,high
S33,official_sample,redacted,llm,readability_and_documentation,Readability and Documentation,10.0,10,"O código é legível, bem organizado e possui documentação Javadoc clara e objetiva para os métodos públicos.",Filme.java | FilmNow.java,high
S34,official_sample,redacted,llm,basic_functionality,Basic Functionality,9.5,10,Funcionalidades implementadas com sucesso e cobrindo quase todos os requisitos. Há apenas um pequeno desvio na especificação ao detalhar uma posição válida porém vazia.,FilmNow.java:adicionaFilme | FilmNow.java:atribuirHot | MainFilmNow.java:mostrarFilmes | FilmNow.java:detalharFilme,high
S34,official_sample,redacted,llm,unit_tests,Unit Tests,10,10,"Excelente suíte de testes, cobrindo exaustivamente as classes Filme e FilmNow, incluindo casos limite e exceções.",FilmeTest.java | FilmNowTest.java,high
S34,official_sample,redacted,llm,class_design,Class Design,10,10,"Classes bem modeladas, com responsabilidades claras e atributos adequados para o domínio do problema.",Filme.java | FilmNow.java,high
S34,official_sample,redacted,llm,object_references,Object References and Composition,10,10,Uso correto de referências e composição entre FilmNow e Filme.,FilmNow.java:adicionaFilme | MainFilmNow.java:main,high
S34,official_sample,redacted,llm,collections_and_arrays,Collections and Arrays,10,10,Uso adequado de arrays respeitando os limites estabelecidos no roteiro.,FilmNow.java:TAMANHO | FilmNow.java:TAMANHO_HOTLIST | FilmNow.java:adicionaFilme,high
S34,official_sample,redacted,llm,separation_of_concerns,Separation of Concerns,10,10,Ótima separação entre a interface de usuário e a lógica de negócio.,MainFilmNow.java | FilmNow.java,high
S34,official_sample,redacted,llm,readability_and_documentation,Readability and Documentation,10,10,"Código muito legível, bem organizado e com excelente documentação Javadoc.",Filme.java | FilmNow.java,high
S35,official_sample,redacted,llm,basic_functionality,Basic Functionality,6.5,10,"As funcionalidades de mostrar e detalhar filmes foram implementadas corretamente. No entanto, a funcionalidade de HotList não foi implementada e a adição de filmes carece das validações exigidas (filmes duplicados, campos vazios).",MainFilmNow.java:comando | FilmNow.java:cadastraFilme | MainFilmNow.java:mostrarFilmes | MainFilmNow.java:menu | FilmNow.java,high
S35,official_sample,redacted,llm,unit_tests,Unit Tests,0,10,Não foram encontrados arquivos de testes de unidade (JUnit) na submissão.,Pacote da submissão,high
S35,official_sample,redacted,llm,class_design,Class Design,9.0,10,"As classes principais foram criadas e modeladas adequadamente, demonstrando bom entendimento de orientação a objetos. Faltou apenas a sobrescrita do método equals na classe Filme.",Filme.java | FilmNow.java | MainFilmNow.java,high
S35,official_sample,redacted,llm,object_references,Object References and Composition,10.0,10,O uso de referências e a composição entre FilmNow e Filme foram implementados corretamente.,FilmNow.java:cadastraFilme | MainFilmNow.java,high
S35,official_sample,redacted,llm,collections_and_arrays,Collections and Arrays,8.5,10,"O array de filmes foi utilizado corretamente na maior parte, mas há um problema com os limites e o mapeamento de posições (1 a 100) para os índices do array.",FilmNow.java:FilmNow | MainFilmNow.java:mostrarFilmes | FilmNow.java:cadastraFilme,high
S35,official_sample,redacted,llm,separation_of_concerns,Separation of Concerns,10.0,10,"Excelente separação de responsabilidades. A interface com o usuário está isolada no Main, enquanto a lógica de negócio e armazenamento fica em FilmNow e Filme.",MainFilmNow.java | FilmNow.java | Filme.java:toString,high
S35,official_sample,redacted,llm,readability_and_documentation,Readability and Documentation,6.0,10,"O código é legível e bem organizado, mas carece completamente de documentação Javadoc, que era exigida pela especificação.",Filme.java | FilmNow.java,high
S36,official_sample,redacted,llm,basic_functionality,Basic Functionality,9.0,10,"As funcionalidades principais foram implementadas com sucesso, incluindo a adição, listagem e detalhamento de filmes, além do gerenciamento da HotList. Houve pequenos desvios em relação à especificação no tratamento de posições vazias ao detalhar filmes e ao remover da HotList.",src/filmnow/FilmNow.java:cadastraFilme | src/filmnow/FilmNow.java:mostrarTodos | src/filmnow/FilmNow.java:adicionaHot | src/filmnow/FilmNow.java:102-104 | src/filmnow/FilmNow.java:153-158,high
S36,official_sample,redacted,llm,unit_tests,Unit Tests,8.5,10,"Os testes cobrem bem a classe Filme e as funcionalidades principais de FilmNow. No entanto, faltam testes para condições de limite e fluxos de erro específicos em FilmNow.",testes/lab3FilmNow/FilmeTest.java | testes/lab3FilmNow/FilmNowTest.java | testes/lab3FilmNow/FilmNowTest.java:testCadastraFilmeValido | testes/lab3FilmNow/FilmNowTest.java:testDetalharFilmeSemHot,high
S36,official_sample,redacted,llm,class_design,Class Design,10.0,10,Excelente modelagem de classes. A classe Filme foi criada adequadamente e a classe FilmNow gerencia a composição de forma correta. O MainFilmNow foi bem modularizado.,src/filmnow/Filme.java | src/filmnow/FilmNow.java | src/filmnow/MainFilmNow.java,high
S36,official_sample,redacted,llm,object_references,Object References and Composition,10.0,10,Uso correto de referências e instanciação de objetos. A composição entre FilmNow e Filme foi implementada sem falhas.,src/filmnow/FilmNow.java:66 | src/filmnow/MainFilmNow.java,high
S36,official_sample,redacted,llm,collections_and_arrays,Collections and Arrays,10.0,10,As estruturas de dados (arrays) foram utilizadas corretamente e respeitam os limites estabelecidos na especificação.,src/filmnow/FilmNow.java:21-22 | src/filmnow/FilmNow.java:105,high
S36,official_sample,redacted,llm,separation_of_concerns,Separation of Concerns,10.0,10,"A separação de responsabilidades está muito bem definida. A interface com o usuário, a lógica de negócio e a representação dos dados estão isoladas em suas respectivas classes.",src/filmnow/MainFilmNow.java | src/filmnow/FilmNow.java | src/filmnow/Filme.java:55-61,high
S36,official_sample,redacted,llm,readability_and_documentation,Readability and Documentation,10.0,10,"O código é altamente legível, segue as convenções da linguagem Java e possui documentação Javadoc clara e objetiva para as classes e métodos.",src/filmnow/FilmNow.java:48-56 | src/filmnow/Filme.java:13-20,high
S37,official_sample,redacted,llm,basic_functionality,Basic Functionality,8.5,10,"A maior parte das funcionalidades foi implementada corretamente, incluindo cadastro, listagem e detalhamento. No entanto, há falhas na validação de posições vazias ou inválidas nas operações da HotList, o que pode gerar exceções em vez de retornar a mensagem de erro especificada.",FilmNow.java: cadastraFilme | FilmNow.java: detalharFilme | FilmNow.java: adicionaHot | FilmNow.java: removeHot,high
S37,official_sample,redacted,llm,unit_tests,Unit Tests,9.5,10,"Excelente conjunto de testes, cobrindo a maioria dos casos de sucesso e falha especificados para FilmNow e Filme. Faltou apenas testar os casos limites da HotList (como adicionar um filme de uma posição vazia).",FilmNowTest.java | testFilme.java | FilmNowTest.java: testAdicionaHot,high
S37,official_sample,redacted,llm,class_design,Class Design,10,10,As classes foram criadas e modeladas de forma muito adequada. A classe Filme encapsula bem seus dados e a classe FilmNow gerencia corretamente as coleções.,Filme.java | FilmNow.java | MainFilmNow.java,high
S37,official_sample,redacted,llm,object_references,Object References and Composition,10,10,O uso de referências e composição está correto. A classe FilmNow compõe objetos Filme adequadamente e não há uso indevido de modificadores estáticos.,FilmNow.java: cadastraFilme | MainFilmNow.java,high
S37,official_sample,redacted,llm,collections_and_arrays,Collections and Arrays,10,10,"O uso de arrays para armazenar os filmes e a HotList foi feito de maneira correta, respeitando os limites de tamanho estabelecidos. O aluno demonstrou boa prática ao clonar o array antes de retorná-lo.",FilmNow.java: construtor | FilmNow.java: clonaFilmes,high
S37,official_sample,redacted,llm,separation_of_concerns,Separation of Concerns,10,10,"As responsabilidades estão bem divididas. A interface com o usuário está isolada no MainFilmNow, a lógica de negócio no FilmNow e a representação dos dados no Filme.",MainFilmNow.java | FilmNow.java | Filme.java: detalhes,high
S37,official_sample,redacted,llm,readability_and_documentation,Readability and Documentation,10,10,"O código é muito legível, segue as convenções de nomenclatura do Java e possui documentação Javadoc clara e objetiva para as classes e métodos públicos.",Filme.java | FilmNow.java,high
S38,official_sample,redacted,llm,basic_functionality,Basic Functionality,7.5,10,"As funcionalidades principais foram implementadas com sucesso, incluindo a HotList. No entanto, há um erro que causa quebra (NPE) ao detalhar posições vazias e uma falha na verificação de duplicatas devido ao uso de '==' para comparar Strings.",FilmNow.cadastraFilme | FilmNow.adicionaHot | MainFilmNow.comando | MainFilmNow.java (linha 108) | FilmNow.java (linha 102) | FilmNow.java (linha 88),high
S38,official_sample,redacted,llm,unit_tests,Unit Tests,10.0,10,"Excelente conjunto de testes. O aluno cobriu exaustivamente os cenários de sucesso, falha e limites para as classes Filme e FilmNow.",testes/lab3FilmNow/FilmeTest.java | testes/lab3FilmNow/FilmNowTest.java,high
S38,official_sample,redacted,llm,class_design,Class Design,10.0,10,"As classes foram bem modeladas, com responsabilidades claras e atributos adequados para o domínio do problema.",Filme.java | FilmNow.java,high
S38,official_sample,redacted,llm,object_references,Object References and Composition,9.0,10,A composição foi bem feita e os objetos são instanciados corretamente. Houve apenas uma subutilização do método equals da classe Filme na lógica de negócio.,FilmNow.java (construtor) | FilmNow.cadastraFilme | FilmNow.java (linha 88) | Filme.java (linha 73),high
S38,official_sample,redacted,llm,collections_and_arrays,Collections and Arrays,10.0,10,"Uso correto de arrays para armazenar os filmes e a HotList, respeitando os limites estabelecidos.",FilmNow.java (linhas 18-19) | FilmNow.cadastraFilme,high
S38,official_sample,redacted,llm,separation_of_concerns,Separation of Concerns,10.0,10,"Excelente separação de responsabilidades entre a interface de usuário, a classe gerenciadora e a classe de domínio.",MainFilmNow.java | FilmNow.java | Filme.toString,high
S38,official_sample,redacted,llm,readability_and_documentation,Readability and Documentation,10.0,10,"Código muito limpo, legível e bem documentado com Javadoc.",Filme.java | FilmNow.java,high
S39,official_sample,redacted,llm,basic_functionality,Basic Functionality,9.0,10,"A funcionalidade principal foi implementada com sucesso, incluindo adição, listagem e gerenciamento da HotList. Houve pequenos desvios no tratamento de posições vazias (lançamento de exceção ao remover Hot e mensagem incorreta ao detalhar).",src/filmnow/FilmNow.java:adicionaFilme | src/filmnow/FilmNow.java:atribuiHot | src/filmnow/FilmNow.java:exibirHotList | src/filmnow/FilmNow.java:RemoverHot | src/filmnow/FilmNow.java:detalharFilme,high
S39,official_sample,redacted,llm,unit_tests,Unit Tests,0.0,10,"Não há testes válidos implementados. O único teste fornecido para a classe Filme não compila, e não há testes para a classe FilmNow.",testes/filmNow/FilmeTest.java | testes/filmNow/,high
S39,official_sample,redacted,llm,class_design,Class Design,10.0,10,"As classes Filme e FilmNow foram modeladas corretamente, com atributos adequados e boa modularização no MainFilmNow.",src/filmnow/Filme.java | src/filmnow/FilmNow.java | src/filmnow/MainFilmNow.java,high
S39,official_sample,redacted,llm,object_references,Object References and Composition,10.0,10,O uso de referências e a composição entre FilmNow e Filme foram implementados corretamente.,src/filmnow/FilmNow.java:adicionaFilme | src/filmnow/FilmNow.java:filmes,high
S39,official_sample,redacted,llm,collections_and_arrays,Collections and Arrays,10.0,10,"O array de filmes foi utilizado corretamente, respeitando o limite de 100 posições e fazendo a conversão adequada entre a posição informada pelo usuário (1 a 100) e o índice do array (0 a 99).",src/filmnow/FilmNow.java:TAMANHO | src/filmnow/FilmNow.java:getFilme,high
S39,official_sample,redacted,llm,separation_of_concerns,Separation of Concerns,10.0,10,"Excelente separação de responsabilidades. A interface com o usuário está isolada no Main, a lógica de negócio no FilmNow e a representação dos dados no Filme.",src/filmnow/MainFilmNow.java | src/filmnow/FilmNow.java | src/filmnow/Filme.java:toString,high
S39,official_sample,redacted,llm,readability_and_documentation,Readability and Documentation,10.0,10,"O código é muito legível e a documentação Javadoc está presente, clara e bem formatada.",src/filmnow/FilmNow.java | src/filmnow/Filme.java,high
S40,official_sample,redacted,llm,basic_functionality,Basic Functionality,9.0,10,"As funcionalidades principais foram implementadas com sucesso, incluindo as regras de negócio da HotList e validações de filmes repetidos. Houve apenas uma falha na validação de limites ao manipular a HotList, o que pode gerar exceções.",src/filmnow/FilmNow.java:cadastraFilme | src/filmnow/FilmNow.java:adicionaHotList | src/filmnow/FilmNow.java:existeFilme | src/filmnow/FilmNow.java:removeHotList,high
S40,official_sample,redacted,llm,unit_tests,Unit Tests,10.0,10,"A suíte de testes é excelente e abrangente, cobrindo as classes Filme e FilmNow com diversos cenários, incluindo limites e casos de erro.",testes/lab3FilmNow/testeFilme.java | testes/lab3FilmNow/testeFilmNow.java,high
S40,official_sample,redacted,llm,class_design,Class Design,10.0,10,"Modelagem de classes muito bem feita, com a criação da classe Filme encapsulando seus dados e a classe FilmNow atuando como gerenciadora.",src/filmnow/Filme.java | src/filmnow/FilmNow.java | src/filmnow/MainFilmNow.java,high
S40,official_sample,redacted,llm,object_references,Object References and Composition,10.0,10,Uso correto de referências e composição. A classe FilmNow compõe e gerencia instâncias de Filme adequadamente.,src/filmnow/FilmNow.java:cadastraFilme | src/filmnow/Filme.java:equals,high
S40,official_sample,redacted,llm,collections_and_arrays,Collections and Arrays,10.0,10,Uso correto de arrays respeitando os limites estabelecidos no laboratório.,src/filmnow/FilmNow.java:FilmNow | src/filmnow/FilmNow.java:cadastraFilme,high
S40,official_sample,redacted,llm,separation_of_concerns,Separation of Concerns,10.0,10,Excelente separação de responsabilidades entre a interface com o usuário e a lógica de negócio.,src/filmnow/MainFilmNow.java | src/filmnow/FilmNow.java:exibirFilmes | src/filmnow/Filme.java:detalhes,high
S40,official_sample,redacted,llm,readability_and_documentation,Readability and Documentation,10.0,10,"Código muito legível, bem organizado e com boa documentação Javadoc.",src/filmnow/FilmNow.java | src/filmnow/Filme.java,high
S41,official_sample,redacted,llm,basic_functionality,Basic Functionality,9.0,10,As funcionalidades principais foram implementadas com sucesso. Apenas a validação de filme duplicado na HotList não foi realizada.,FilmNow.cadastraFilme | FilmNow.filmeDetalhado | FilmNow.atribuirHot,high
S41,official_sample,redacted,llm,unit_tests,Unit Tests,10.0,10,"Excelente suíte de testes, cobrindo as principais regras de negócio, limites de array e o método equals.",FilmeTeste.java | FilmNowTeste.java,high
S41,official_sample,redacted,llm,class_design,Class Design,10.0,10,"Classes bem modeladas, com a separação adequada entre o sistema (FilmNow) e a entidade (Filme).",Filme.java | FilmNow.java | MainFilmNow.java,high
S41,official_sample,redacted,llm,object_references,Object References and Composition,10.0,10,Uso correto de referências e composição entre FilmNow e Filme.,FilmNow.java | Filme.equals,high
S41,official_sample,redacted,llm,collections_and_arrays,Collections and Arrays,10.0,10,Uso correto de arrays respeitando os limites estabelecidos no laboratório.,FilmNow.java | FilmNow.cadastraFilme,high
S41,official_sample,redacted,llm,separation_of_concerns,Separation of Concerns,8.0,10,"Boa separação geral entre I/O e lógica, mas a formatação dos detalhes do filme não foi delegada à classe Filme.",MainFilmNow.java | FilmNow.java | FilmNow.filmeDetalhado | MainFilmNow.formataFilme,high
S41,official_sample,redacted,llm,readability_and_documentation,Readability and Documentation,10.0,10,"Código limpo, legível e bem documentado com Javadoc.",Filme.java | FilmNow.java,high
S42,official_sample,redacted,llm,basic_functionality,Basic Functionality,7.5,10,"O sistema implementa a maior parte das funcionalidades exigidas, como adicionar, listar, detalhar e gerenciar a HotList. No entanto, existem falhas lógicas importantes: a comparação de strings usando '==' em vez de '.equals()', a impossibilidade de adicionar um filme na posição 100 devido à verificação de limites, e um erro crítico na adição à HotList que causa ArrayIndexOutOfBoundsException se houver buracos na lista principal.",MainFilmNow.java:73-96 | FilmNow.java:59-65 | MainFilmNow.java:153-172 | Filme.java:69 | FilmNow.java:93 | FilmNow.java:60 | FilmNow.java:111,high
S42,official_sample,redacted,llm,unit_tests,Unit Tests,0.0,10,"Não foram submetidos arquivos de teste (JUnit) para as classes Filme e FilmNow, descumprindo um dos requisitos centrais do laboratório.",Submission Package (Test file count: 0),high
S42,official_sample,redacted,llm,class_design,Class Design,10.0,10,"As classes principais (Filme e FilmNow) foram criadas corretamente, com atributos adequados e a classe MainFilmNow foi bem modularizada com métodos estáticos.",Filme.java:18-28 | FilmNow.java:14-17 | MainFilmNow.java:73-96,high
S42,official_sample,redacted,llm,object_references,Object References and Composition,10.0,10,O uso de referências e composição está correto. A classe FilmNow compõe instâncias de Filme adequadamente e o uso de modificadores estáticos foi restrito ao Main e constantes.,FilmNow.java:61 | MainFilmNow.java:16 | MainFilmNow.java:34,high
S42,official_sample,redacted,llm,collections_and_arrays,Collections and Arrays,9.0,10,"Os arrays foram utilizados corretamente para armazenar os filmes e a HotList, respeitando os limites estabelecidos. Houve apenas um pequeno desvio ao ignorar o índice 0 do array na lógica de cadastro.",FilmNow.java:23-26 | FilmNow.java:60-61,high
S42,official_sample,redacted,llm,separation_of_concerns,Separation of Concerns,8.0,10,"A separação de responsabilidades está boa no geral, com o Main cuidando da I/O e FilmNow da lógica. No entanto, a formatação dos detalhes do filme vazou para a classe Main, em vez de ser responsabilidade da classe Filme.",MainFilmNow.java:153-172 | FilmNow.java:59-65 | MainFilmNow.java:165-167,high
S42,official_sample,redacted,llm,readability_and_documentation,Readability and Documentation,10.0,10,"O código está bem formatado, legível e possui documentação Javadoc clara e objetiva para as classes e métodos principais.",Filme.java:5-11 | FilmNow.java:103-108,high
S43,official_sample,redacted,llm,basic_functionality,Basic Functionality,6.0,10,"As funcionalidades de adicionar e detalhar filmes foram implementadas corretamente. No entanto, a funcionalidade de mostrar filmes possui um erro crítico (NullPointerException) ao iterar sobre posições vazias do array, e a funcionalidade de HotList não foi implementada.",FilmNow.java: adicionarFilme | FilmNow.java: detalhesFilme | FilmNow.java | MainFilmNow.java | FilmNow.java: listarFilmes,high
S43,official_sample,redacted,llm,unit_tests,Unit Tests,0.0,10,Não foram encontrados arquivos de testes de unidade na submissão.,Pacote de submissão,high
S43,official_sample,redacted,llm,class_design,Class Design,9.0,10,As classes de domínio (Filme e FilmNow) foram bem modeladas. O único desconto refere-se à falta de modularização do método main na classe de interface.,Filme.java | FilmNow.java | MainFilmNow.java: main,high
S43,official_sample,redacted,llm,object_references,Object References and Composition,10.0,10,O uso de referências e a composição entre FilmNow e Filme foram implementados corretamente.,FilmNow.java: adicionarFilme | MainFilmNow.java: main,high
S43,official_sample,redacted,llm,collections_and_arrays,Collections and Arrays,10.0,10,"A estrutura de dados para armazenar os filmes foi utilizada corretamente, respeitando o limite de 100 posições e mapeando adequadamente os índices.",FilmNow.java: listaFilmes | FilmNow.java: adicionarFilme,high
S43,official_sample,redacted,llm,separation_of_concerns,Separation of Concerns,8.0,10,"A separação entre interface (MainFilmNow) e lógica (FilmNow) foi bem feita. No entanto, a responsabilidade de formatar a exibição dos detalhes do filme não foi delegada à classe Filme.",MainFilmNow.java | FilmNow.java | FilmNow.java: detalhesFilme,high
S43,official_sample,redacted,llm,readability_and_documentation,Readability and Documentation,10.0,10,"O código apresenta boa legibilidade, nomes de variáveis adequados e documentação Javadoc clara e objetiva.",Filme.java | FilmNow.java,high
S44,official_sample,redacted,llm,basic_functionality,Basic Functionality,8.5,10,"A maioria das funcionalidades foi implementada corretamente, incluindo a HotList e a exibição de filmes. No entanto, faltam as validações exigidas na adição de filmes (filmes duplicados e campos vazios).",FilmNow.java:cadastraFilme | FilmNow.java:adicionarHot | MainFilmNow.java:detalharFilme | MainFilmNow.java:adicionaFilme,high
S44,official_sample,redacted,llm,unit_tests,Unit Tests,0,10,Não foram encontrados arquivos de testes de unidade na submissão.,submission/src/filmnow/,high
S44,official_sample,redacted,llm,class_design,Class Design,10,10,"As classes principais foram criadas e modeladas adequadamente, demonstrando bom entendimento de orientação a objetos para o nível exigido.",Filme.java | FilmNow.java | MainFilmNow.java,high
S44,official_sample,redacted,llm,object_references,Object References and Composition,10,10,"O uso de referências, instanciação de objetos e composição entre FilmNow e Filme foi feito de maneira correta.",MainFilmNow.java:adicionaFilme | FilmNow.java:cadastraFilme,high
S44,official_sample,redacted,llm,collections_and_arrays,Collections and Arrays,10,10,As estruturas de dados (arrays) foram utilizadas corretamente e respeitando os limites estabelecidos.,FilmNow.java:TAMANHO | FilmNow.java:hotList | FilmNow.java:cadastraFilme,high
S44,official_sample,redacted,llm,separation_of_concerns,Separation of Concerns,8,10,"A separação entre interface (Main) e domínio (FilmNow) está boa, mas a classe Filme não encapsula a lógica de exibição de seus próprios detalhes.",MainFilmNow.java | FilmNow.java | Filme.java | MainFilmNow.java:mostrarFilmes | MainFilmNow.java:detalharFilme,high
S44,official_sample,redacted,llm,readability_and_documentation,Readability and Documentation,8,10,"O código é legível e bem organizado, mas a documentação nas classes de domínio não segue o padrão Javadoc exigido.",Filme.java | FilmNow.java,high
S45,official_sample,redacted,llm,basic_functionality,Basic Functionality,9.5,10,"O sistema implementa corretamente todas as funcionalidades principais, incluindo a lógica da HotList e as validações de limite. Houve apenas pequenos desvios na formatação de mensagens de erro no detalhamento de filmes.",FilmNow.java: cadastraFilme | FilmNow.java: adicionaHot | FilmNow.java: getFilme | MainFilmNow.java: detalharFilme,high
S45,official_sample,redacted,llm,unit_tests,Unit Tests,10,10,"Excelente suíte de testes. O aluno cobriu exaustivamente os casos de sucesso e falha para as classes Filme e FilmNow, incluindo testes de limites e validações.",testes/filmnow/FilmeTest.java | testes/filmnow/FilmNowTest.java,high
S45,official_sample,redacted,llm,class_design,Class Design,10,10,"As classes foram modeladas corretamente, com a criação da classe Filmes e a devida composição na classe FilmNow. O Main foi bem modularizado.",Filmes.java | FilmNow.java | MainFilmNow.java,high
S45,official_sample,redacted,llm,object_references,Object References and Composition,10,10,Uso correto de referências e composição. Os objetos são instanciados adequadamente e não há uso indevido de modificadores estáticos.,FilmNow.java: private Filmes[] filmes | FilmNow.java: cadastraFilme,high
S45,official_sample,redacted,llm,collections_and_arrays,Collections and Arrays,10,10,"As estruturas de dados foram utilizadas corretamente, respeitando os limites de tamanho estabelecidos na especificação.",FilmNow.java: construtor | FilmNow.java: ehPosicaoValida,high
S45,official_sample,redacted,llm,separation_of_concerns,Separation of Concerns,9,10,"Boa separação geral entre interface e lógica, mas houve um pequeno vazamento da responsabilidade de formatação visual da classe Filmes para a classe FilmNow.",MainFilmNow.java | FilmNow.java | Filmes.java: detalhesString | FilmNow.java: getFilme,high
S45,official_sample,redacted,llm,readability_and_documentation,Readability and Documentation,10,10,"Código muito limpo, legível e bem documentado. O uso de Javadoc está excelente e as variáveis possuem nomes claros.",Filmes.java | FilmNow.java,high
S46,official_sample,redacted,llm,basic_functionality,Basic Functionality,6.5,10,"A funcionalidade básica foi implementada e atende a maior parte dos requisitos, incluindo a adição, listagem e a lógica da HotList. No entanto, há falhas importantes: detalhar uma posição vazia gera NullPointerException, não há validação de limites ao acessar os arrays (causando ArrayIndexOutOfBoundsException nas posições limite como 100 ou na HotList), e a validação de strings vazias foi feita com '==' em vez de '.equals()'.",FilmNow.java: cadastraFilme | FilmNow.java: mostrarFilmes | FilmNow.java: detalharFilme | FilmNow.java: existeFilme | FilmNow.java: atribuirHotFilme | FilmNow.java: removerHotFilme,high
S46,official_sample,redacted,llm,unit_tests,Unit Tests,8.5,10,"Os testes foram bem estruturados, cobrindo as classes Filme e FilmNow com diversos cenários, incluindo testes de igualdade e operações da HotList. Contudo, faltaram testes para as condições limite (como a posição 100) e para o detalhamento de posições vazias, que teriam revelado os erros presentes no código.",testes/FilmeTest.java | testes/FilmNowTest.java | testes/FilmNowTest.java: addFilme | testes/FilmNowTest.java: detalharFilme,high
S46,official_sample,redacted,llm,class_design,Class Design,10,10,A modelagem das classes atende perfeitamente aos requisitos. A classe Filme foi criada com os atributos corretos e a classe FilmNow gerencia adequadamente a composição.,Filme.java | FilmNow.java | MainFilmNow.java,high
S46,official_sample,redacted,llm,object_references,Object References and Composition,10,10,"O uso de referências e a instanciação de objetos foram feitos de forma correta. O modificador static foi restrito ao main e constantes, conforme esperado.",FilmNow.java: cadastraFilme,high
S46,official_sample,redacted,llm,collections_and_arrays,Collections and Arrays,9.0,10,"Os arrays foram utilizados corretamente para armazenar os filmes e a HotList. Houve apenas um pequeno desvio em relação ao uso dos índices, ignorando a posição 0 sem ajustar o tamanho da estrutura, o que é penalizado pela rubrica.",FilmNow.java: Construtor | FilmNow.java: mostrarFilmes,high
S46,official_sample,redacted,llm,separation_of_concerns,Separation of Concerns,10,10,"A divisão de responsabilidades está excelente. A interface com o usuário está isolada no Main, enquanto a lógica de negócio e formatação básica estão nas classes de domínio.",MainFilmNow.java | FilmNow.java | Filme.java: toString,high
S46,official_sample,redacted,llm,readability_and_documentation,Readability and Documentation,10,10,"O código é muito legível, segue as convenções da linguagem Java e possui documentação Javadoc clara e objetiva para os métodos principais.",FilmNow.java | Filme.java,high
S47,official_sample,redacted,llm,basic_functionality,Basic Functionality,10,10,"O sistema implementa todas as funcionalidades exigidas (adicionar, mostrar, detalhar e gerenciar HotList) de forma correta, tratando os casos de erro e limites especificados.",submission/src/filmnow/FilmNow.java | submission/src/filmnow/MainFilmNow.java,high
S47,official_sample,redacted,llm,unit_tests,Unit Tests,10,10,"A suíte de testes é excelente, cobrindo de forma abrangente os cenários de sucesso, limites e exceções para as classes Filme e FilmNow.",submission/testes/FilmeTest.java | submission/testes/FilmNowTest.java,high
S47,official_sample,redacted,llm,class_design,Class Design,10,10,"As classes foram modeladas corretamente, com a classe Filme encapsulando seus dados e a classe FilmNow atuando como gerenciadora.",submission/src/filmnow/Filme.java | submission/src/filmnow/FilmNow.java,high
S47,official_sample,redacted,llm,object_references,Object References and Composition,10,10,"O uso de referências e composição está correto, com a classe FilmNow instanciando e gerenciando objetos Filme adequadamente.",submission/src/filmnow/FilmNow.java | submission/src/filmnow/MainFilmNow.java,high
S47,official_sample,redacted,llm,collections_and_arrays,Collections and Arrays,10,10,"Os arrays foram utilizados corretamente para armazenar os filmes e a HotList, respeitando os limites de tamanho e o mapeamento de índices.",submission/src/filmnow/FilmNow.java,high
S47,official_sample,redacted,llm,separation_of_concerns,Separation of Concerns,10,10,Excelente separação de responsabilidades entre a interface de usuário e a lógica de negócio.,submission/src/filmnow/FilmNow.java | submission/src/filmnow/MainFilmNow.java | submission/src/filmnow/Filme.java,high
S47,official_sample,redacted,llm,readability_and_documentation,Readability and Documentation,6,10,"O código possui boa legibilidade e segue as convenções do Java, mas carece completamente de documentação Javadoc nas classes criadas pelo aluno.",submission/src/filmnow/Filme.java | submission/src/filmnow/FilmNow.java | submission/src/filmnow/MainFilmNow.java,high
S48,official_sample,redacted,llm,basic_functionality,Basic Functionality,8.0,10,"As principais funcionalidades foram implementadas e operam de forma próxima ao esperado, mas existem falhas na exibição da lista de filmes e no gerenciamento da HotList (erros de índice e exceções não tratadas).",FilmNow.cadastraFilme | FilmNow.detalharFilme | MainFilmNow.mostrarFilmes | FilmNow.cadastraHot | FilmNow.removeHot,high
S48,official_sample,redacted,llm,unit_tests,Unit Tests,7.5,10,"Boa cobertura de testes para adição e detalhamento de filmes, mas ausência completa de testes para as funcionalidades da HotList.",testes/filmnow/FilmNowTeste.java | testes/filmnow/FilmeTeste.java,high
S48,official_sample,redacted,llm,class_design,Class Design,8.5,10,"As classes foram bem modeladas e a composição foi compreendida, mas há um erro conceitual importante no método equals da classe Filme.",Filme.java | FilmNow.java | MainFilmNow.java | Filme.equals,high
S48,official_sample,redacted,llm,object_references,Object References and Composition,10.0,10,"O uso de referências e a instanciação de objetos foram feitos de maneira correta, respeitando os princípios de orientação a objetos para este nível.",FilmNow.cadastraFilme | MainFilmNow.java,high
S48,official_sample,redacted,llm,collections_and_arrays,Collections and Arrays,8.5,10,"Os arrays foram utilizados para armazenar os filmes, mas há falhas na manipulação do array da HotList e no respeito ao limite de tamanho especificado.",FilmNow.cadastraFilme | FilmNow.detalharFilme | FilmNow.FilmNow (construtor) | FilmNow.removeHot,high
S48,official_sample,redacted,llm,separation_of_concerns,Separation of Concerns,10.0,10,"Excelente separação de responsabilidades entre a interface de usuário, o gerenciador do sistema e a classe de domínio.",MainFilmNow.java | FilmNow.java | Filme.java,high
S48,official_sample,redacted,llm,readability_and_documentation,Readability and Documentation,8.0,10,"O código é legível e segue boas práticas de nomenclatura, mas carece de documentação Javadoc nas novas classes e métodos criados.",Filme.java | FilmNow.java,high
S49,official_sample,redacted,llm,basic_functionality,Basic Functionality,10,10,"O sistema implementa todas as funcionalidades exigidas (adicionar, mostrar, detalhar e gerenciar HotList) com tratamento adequado de limites e regras de negócio.",FilmNow.java:cadastraFilme | FilmNow.java:detalhaFilme | FilmNow.java:cadastraHotList | MainFilmNow.java:mostrarFilmes,high
S49,official_sample,redacted,llm,unit_tests,Unit Tests,10,10,"A suíte de testes é excelente, cobrindo a classe Filme e os diversos cenários (incluindo limites e exceções) da classe FilmNow.",testes/FilmeTest.java | testes/FilmNowTest.java,high
S49,official_sample,redacted,llm,class_design,Class Design,10,10,"As classes Filme e FilmNow foram modeladas corretamente, com atributos adequados e encapsulamento respeitado.",Filme.java | FilmNow.java | MainFilmNow.java,high
S49,official_sample,redacted,llm,object_references,Object References and Composition,10,10,"A composição entre FilmNow e Filme foi feita corretamente, e a instanciação de objetos ocorre nos locais apropriados.",FilmNow.java:cadastraFilme | FilmNow.java:22 | MainFilmNow.java,high
S49,official_sample,redacted,llm,collections_and_arrays,Collections and Arrays,10,10,"Os arrays para filmes e HotList foram instanciados com os tamanhos corretos e manipulados adequadamente, mapeando posições de 1 a N para índices de 0 a N-1.",FilmNow.java:21 | FilmNow.java:22 | FilmNow.java:76,high
S49,official_sample,redacted,llm,separation_of_concerns,Separation of Concerns,10,10,"A separação de responsabilidades está clara: MainFilmNow cuida da E/S, FilmNow da lógica de negócio e Filme da representação dos dados.",FilmNow.java | MainFilmNow.java | Filme.java:86,high
S49,official_sample,redacted,llm,readability_and_documentation,Readability and Documentation,10,10,"O código é muito legível, com boa escolha de nomes e documentação Javadoc clara e objetiva em todas as classes e métodos principais.",Filme.java | FilmNow.java | MainFilmNow.java,high
S50,official_sample,redacted,llm,basic_functionality,Basic Functionality,8.5,10,"As funcionalidades principais foram implementadas com sucesso, cobrindo os requisitos de adição, listagem, detalhamento e hotlist. Houve pequenos desvios: a listagem de filmes ignora a última posição do array devido a um erro de limite no laço, e as operações da hotlist retornam 'FILME INVÁLIDO' em vez de 'POSIÇÃO INVÁLIDA' ao acessar posições vazias.",FilmNow.java: cadastraFilme() | FilmNow.java: detalhaFilme() | FilmNow.java: adicionaHot() | FilmNow.java: exibeFilmes() | FilmNow.java: verificaFilmeHot() | FilmNow.java: removeHot(),high
S50,official_sample,redacted,llm,unit_tests,Unit Tests,10,10,"Excelente suíte de testes. Os testes cobrem as classes Filme e FilmNow de forma abrangente, incluindo casos normais, limites e cenários de erro.",FilmeTest.java | FilmNowTest.java,high
S50,official_sample,redacted,llm,class_design,Class Design,10,10,"O design de classes está adequado. A classe Filme foi criada corretamente para encapsular os dados, e a classe FilmNow gerencia a coleção de filmes.",Filme.java,high
S50,official_sample,redacted,llm,object_references,Object References and Composition,10,10,Uso correto de referências e composição. A classe FilmNow compõe e gerencia instâncias de Filme adequadamente.,FilmNow.java: cadastraFilme() | FilmNow.java: adicionaHot(),high
S50,official_sample,redacted,llm,collections_and_arrays,Collections and Arrays,10,10,"Uso correto de arrays para armazenar os filmes e a hotlist, respeitando os limites de tamanho estabelecidos.",FilmNow.java: FilmNow() | FilmNow.java: getFilme(),high
S50,official_sample,redacted,llm,separation_of_concerns,Separation of Concerns,10,10,"Boa separação de responsabilidades. A interface com o usuário está isolada no Main, enquanto a lógica de negócio e formatação estão em FilmNow e Filme.",MainFilmNow.java | FilmNow.java | Filme.java,high
S50,official_sample,redacted,llm,readability_and_documentation,Readability and Documentation,10,10,Código muito legível e bem documentado. O uso de Javadoc está excelente e os nomes de variáveis e métodos são claros.,Filme.java | FilmNow.java,high
S51,official_sample,redacted,llm,basic_functionality,Basic Functionality,8.0,10,"O sistema implementa corretamente a maior parte das funcionalidades exigidas, incluindo o cadastro, listagem e detalhamento de filmes, além da manipulação da HotList. No entanto, há falhas na comparação de Strings usando '==' em vez de '.equals()', o que compromete a validação de entradas vazias e a verificação de filmes duplicados em tempo de execução. Há também um pequeno erro de lógica na HotList ao tentar adicionar um filme que já está na lista em uma posição ocupada.","FilmNow.java (métodos cadastraFilme, getFilmeDetalhado, setFilmeHotlist) | FilmNow.java (linhas 38, 41) | Filme.java (linha 95) | FilmNow.java (linhas 111-124)",high
S51,official_sample,redacted,llm,unit_tests,Unit Tests,9.0,10,"Os testes cobrem bem as funcionalidades principais da classe FilmNow e os métodos básicos da classe Filme. No entanto, faltaram testes para o método equals da classe Filme, o que acabou mascarando um bug na implementação.",FilmNowTeste.java | FilmeTeste.java,high
S51,official_sample,redacted,llm,class_design,Class Design,10.0,10,A modelagem das classes está excelente. A classe Filme foi criada com os atributos corretos e a classe FilmNow gerencia adequadamente a coleção de filmes. O Main foi bem modularizado.,Filme.java | FilmNow.java | MainFilmNow.java,high
S51,official_sample,redacted,llm,object_references,Object References and Composition,10.0,10,O uso de referências e a composição entre FilmNow e Filme foram implementados corretamente. A instanciação de objetos ocorre nos momentos adequados e não há uso indevido de modificadores estáticos.,FilmNow.java (linha 32) | MainFilmNow.java,high
S51,official_sample,redacted,llm,collections_and_arrays,Collections and Arrays,10.0,10,"Os arrays foram utilizados corretamente para armazenar os filmes e a HotList, respeitando os limites de tamanho estabelecidos na especificação.","FilmNow.java (linhas 19-20, 54, 107)",high
S51,official_sample,redacted,llm,separation_of_concerns,Separation of Concerns,10.0,10,"A separação de responsabilidades está muito bem feita. A interface com o usuário está isolada no Main, a lógica de negócio em FilmNow e a representação dos dados em Filme.",MainFilmNow.java | FilmNow.java | Filme.java,high
S51,official_sample,redacted,llm,readability_and_documentation,Readability and Documentation,10.0,10,"O código é bastante legível, com bons nomes de variáveis e métodos. A documentação Javadoc está presente e clara na maioria dos métodos públicos.",Filme.java | FilmNow.java,high
S52,official_sample,redacted,llm,basic_functionality,Basic Functionality,8.0,10,"A maior parte das funcionalidades foi implementada corretamente, incluindo validações de adição e manipulação da HotList. No entanto, há um erro crítico na listagem de filmes devido a um print de debug esquecido que causa NullPointerException, e pequenos desvios nas mensagens de detalhamento.",FilmNow.java: cadastraFilme | FilmNow.java: cadastraHot | FilmNow.java: getFilmes | FilmNow.java: getFilme,high
S52,official_sample,redacted,llm,unit_tests,Unit Tests,9.0,10,"Excelente cobertura de testes para a classe FilmNow, explorando bem os casos limite e regras de negócio. Faltaram apenas testes específicos para o método equals da classe Filme.",FilmNowTest.java | FilmeTest.java,high
S52,official_sample,redacted,llm,class_design,Class Design,10.0,10,"As classes foram modeladas corretamente, com a classe Filme encapsulando seus dados e FilmNow gerenciando a coleção de filmes.",Filme.java | MainFilmNow.java,high
S52,official_sample,redacted,llm,object_references,Object References and Composition,10.0,10,Uso correto de referências e composição. A classe FilmNow compõe instâncias de Filme adequadamente.,FilmNow.java: cadastraFilme | MainFilmNow.java,high
S52,official_sample,redacted,llm,collections_and_arrays,Collections and Arrays,10.0,10,"Uso correto de arrays para armazenar os filmes e a HotList, respeitando os limites de tamanho estabelecidos.",FilmNow.java: FilmNow() | FilmNow.java: cadastraFilme,high
S52,official_sample,redacted,llm,separation_of_concerns,Separation of Concerns,9.0,10,"Boa separação de responsabilidades na maior parte do sistema, com a interface isolada no Main. Houve apenas um pequeno deslize com um print na classe de domínio.",MainFilmNow.java | Filme.java: toString | FilmNow.java: getFilmes,high
S52,official_sample,redacted,llm,readability_and_documentation,Readability and Documentation,10.0,10,"Código muito bem escrito, legível e com documentação Javadoc clara e objetiva nos principais métodos.",Filme.java | FilmNow.java,high
S53,official_sample,redacted,llm,basic_functionality,Basic Functionality,8.5,10,"As funcionalidades principais foram implementadas com sucesso, incluindo a lógica da HotList. No entanto, há falhas na validação de limites ao detalhar um filme e um erro conceitual na comparação de Strings ao validar entradas vazias.",FilmNow.java: cadastraFilme | FilmNow.java: adicionarHot | MainFilmNow.java: detalharFilme | FilmNow.java: getFilme,high
S53,official_sample,redacted,llm,unit_tests,Unit Tests,8.5,10,Bons testes para a classe Filme e para as operações de adição e HotList na classe FilmNow. Faltaram testes para as funcionalidades de listagem e detalhamento de filmes.,FilmeTest.java | FilmNowTest.java,high
S53,official_sample,redacted,llm,class_design,Class Design,10.0,10,"Excelente modelagem das classes. A classe Filme foi criada corretamente com seus atributos e métodos, e a classe FilmNow gerencia os filmes de forma adequada.",Filme.java | FilmNow.java | MainFilmNow.java,high
S53,official_sample,redacted,llm,object_references,Object References and Composition,10.0,10,Uso correto de referências e composição. Os objetos são instanciados adequadamente e não há uso indevido de modificadores estáticos.,FilmNow.java: comparaFilme | FilmNow.java: removerHot,high
S53,official_sample,redacted,llm,collections_and_arrays,Collections and Arrays,9.0,10,"Uso adequado de arrays para armazenar os filmes e a HotList. Houve um pequeno erro de mapeamento de índices no array principal, ignorando a posição 0 sem ajustar o tamanho total.",FilmNow.java: construtor | FilmNow.java: adicionarHot | FilmNow.java: cadastraFilme | FilmNow.java: getFilme,high
S53,official_sample,redacted,llm,separation_of_concerns,Separation of Concerns,10.0,10,"Boa separação de responsabilidades. A interface com o usuário está isolada no Main, enquanto a lógica de negócio e armazenamento fica no FilmNow.",MainFilmNow.java | FilmNow.java | Filme.java: toString,high
S53,official_sample,redacted,llm,readability_and_documentation,Readability and Documentation,8.0,10,"O código é legível e bem organizado, seguindo as convenções do Java. No entanto, faltou documentação Javadoc na classe Filme e nos novos métodos da classe FilmNow.",FilmNow.java | MainFilmNow.java | Filme.java,high
S54,official_sample,redacted,llm,basic_functionality,Basic Functionality,7.5,10,"O programa implementa a maior parte das funcionalidades solicitadas (adicionar, mostrar, detalhar e hotlist). No entanto, apresenta uma falha crítica nos limites de posição que causa erro de execução (exceção) ao tentar adicionar um filme na posição 100.",MainFilmNow.java: comando() | MainFilmNow.java: adicionaFilme() | MainFilmNow.java: atribuirHot() | FilmNow.java: TAMANHO = 100 | MainFilmNow.java: adicionaFilme() - if ((Integer.parseInt(posicao) >= 1) && (Integer.parseInt(posicao) <= 100)),high
S54,official_sample,redacted,llm,unit_tests,Unit Tests,0,10,Não há evidências de testes de unidade na submissão.,Pacote de submissão (ausência de arquivos de teste),high
S54,official_sample,redacted,llm,class_design,Class Design,5,10,"A classe FilmNow e a interface principal foram criadas, mas a classe Filme, que era uma exigência central de modelagem orientada a objetos para este laboratório, foi omitida em favor de arrays paralelos.","FilmNow.java | Hotlist.java | FilmNow.java: declaração de atributos (filmes, locais, anos)",high
S54,official_sample,redacted,llm,object_references,Object References and Composition,7,10,"O uso de métodos estáticos está restrito corretamente à classe Main, mas a falta da classe Filme impede a demonstração de composição e instanciação adequada de objetos de domínio.",MainFilmNow.java: main() | FilmNow.java: cadastraFilme(),high
S54,official_sample,redacted,llm,collections_and_arrays,Collections and Arrays,8,10,"Os arrays foram utilizados para armazenar os dados, mas há problemas com o mapeamento de índices (ignorando a posição 0) e risco de estouro de limite.",FilmNow.java: construtor | Hotlist.java: construtor | MainFilmNow.java: adicionaFilme() | FilmNow.java: TAMANHO = 100,high
S54,official_sample,redacted,llm,separation_of_concerns,Separation of Concerns,4,10,"A separação de responsabilidades é fraca. A classe MainFilmNow concentra regras de negócio que deveriam pertencer ao FilmNow, quebrando o encapsulamento.","MainFilmNow.java: menu(), detalharFilme() | MainFilmNow.java: adicionaFilme() - laço for que verifica filmesarr[i].equals(nome)",high
S54,official_sample,redacted,llm,readability_and_documentation,Readability and Documentation,9,10,"O código possui boa documentação Javadoc e nomes de variáveis compreensíveis, mas apresenta aninhamento excessivo em alguns métodos da interface.",FilmNow.java | Hotlist.java | MainFilmNow.java: adicionaFilme(),high
S55,official_sample,redacted,llm,basic_functionality,Basic Functionality,10,10,"Todas as funcionalidades principais (adicionar, mostrar, detalhar e HotList) foram implementadas corretamente e atendem aos requisitos da especificação.",submission/src/filmnow/FilmNow.java:55-73 | submission/src/filmnow/FilmNow.java:111-128 | submission/src/filmnow/MainFilmNow.java:148-151,high
S55,official_sample,redacted,llm,unit_tests,Unit Tests,10,10,"Excelente suíte de testes, cobrindo exaustivamente os cenários normais e os limites especificados para as classes Filme e FilmNow.",submission/testes/FilmeTest.java:16-58 | submission/testes/FilmNowTest.java:17-188,high
S55,official_sample,redacted,llm,class_design,Class Design,10,10,"As classes foram modeladas corretamente, com a classe Filme encapsulando seus dados e a classe FilmNow gerenciando as coleções.",submission/src/filmnow/Filme.java:9-12 | submission/src/filmnow/FilmNow.java:15-16,high
S55,official_sample,redacted,llm,object_references,Object References and Composition,8.5,10,"A composição e a criação de objetos estão corretas, mas há um erro conceitual na comparação de Strings no método equals da classe Filme.",submission/src/filmnow/FilmNow.java:71 | submission/src/filmnow/Filme.java:66,high
S55,official_sample,redacted,llm,collections_and_arrays,Collections and Arrays,9,10,"Os arrays foram utilizados corretamente para armazenar os filmes e a HotList, mas a implementação ignorou o índice 0, o que acarreta uma pequena penalização conforme a rubrica.",submission/src/filmnow/FilmNow.java:15-16 | submission/src/filmnow/FilmNow.java:12-13 | submission/src/filmnow/FilmNow.java:22,high
S55,official_sample,redacted,llm,separation_of_concerns,Separation of Concerns,10,10,"Excelente separação de responsabilidades entre a interface com o usuário, a classe de sistema e a classe de domínio.",submission/src/filmnow/MainFilmNow.java:66-90 | submission/src/filmnow/FilmNow.java:55-73 | submission/src/filmnow/Filme.java:42-48,high
S55,official_sample,redacted,llm,readability_and_documentation,Readability and Documentation,10,10,"Código muito bem escrito, legível e com excelente documentação Javadoc.",submission/src/filmnow/FilmNow.java:45-54 | submission/src/filmnow/Filme.java:53-58,high
S56,official_sample,redacted,llm,basic_functionality,Basic Functionality,8.5,10,"A maior parte das funcionalidades foi implementada corretamente, incluindo validações de limites e regras de negócio principais. No entanto, faltou a validação de duplicidade na HotList e o tratamento correto para detalhar posições válidas porém vazias.",FilmNow.java:cadastraFilme | FilmNow.java:verificaFilme | MainFilmNow.java:detalharFilme | FilmNow.java:adicionarHot | FilmNow.java:getFilme,high
S56,official_sample,redacted,llm,unit_tests,Unit Tests,6.5,10,"Há uma boa quantidade de testes para FilmNow, cobrindo limites e validações. Contudo, faltam testes importantes na classe Filme (como o equals) e há erros de copiar e colar nos testes de detalhar filme, além da ausência de testes para as listagens.",FilmNowTest.java:testAdicionarFilmeEmPosicaoLimite | FilmeTest.java:testExibiFilme | FilmeTest.java | FilmNowTest.java:testDetalharFilmeEmPosicaoAbaixoDoLimiteInferior | FilmNowTest.java:testDetalharFilmeEmPosicaoAcimaDoLimiteSuperior,high
S56,official_sample,redacted,llm,class_design,Class Design,10.0,10,"As classes foram criadas e modeladas corretamente, com Filme encapsulando seus dados e FilmNow gerenciando a coleção de filmes.",Filme.java | FilmNow.java | MainFilmNow.java,high
S56,official_sample,redacted,llm,object_references,Object References and Composition,10.0,10,Uso correto de referências e composição. A classe FilmNow compõe instâncias de Filme adequadamente.,FilmNow.java:cadastraFilme | MainFilmNow.java:comando,high
S56,official_sample,redacted,llm,collections_and_arrays,Collections and Arrays,10.0,10,"Os arrays foram utilizados corretamente, respeitando os limites de tamanho estabelecidos no laboratório.",FilmNow.java:FilmNow | FilmNow.java:cadastraFilme,high
S56,official_sample,redacted,llm,separation_of_concerns,Separation of Concerns,10.0,10,"Excelente separação de responsabilidades. A interface com o usuário está isolada no Main, a lógica de negócio no FilmNow e a formatação de dados no Filme.",MainFilmNow.java | FilmNow.java | Filme.java,high
S56,official_sample,redacted,llm,readability_and_documentation,Readability and Documentation,9.0,10,"O código é legível e possui Javadoc na maioria dos métodos, mas algumas tags Javadoc estão vazias.",FilmNow.java | MainFilmNow.java | Filme.java:16 | Filme.java:62,high
S57,official_sample,redacted,llm,basic_functionality,Basic Functionality,7.5,10,"A maior parte das funcionalidades foi implementada corretamente, incluindo a adição, listagem e detalhamento de filmes, bem como a manipulação básica da HotList. No entanto, há falhas no controle de duplicatas na HotList e erros de índice (off-by-one) que podem causar exceções em tempo de execução e comportamentos inesperados.",FilmNow.cadastraFilme | MainFilmNow.mostrarFilmes | MainFilmNow.detalharFilme | FilmNow.verificaParametrosHot | FilmNow.atribuiHot,high
S57,official_sample,redacted,llm,unit_tests,Unit Tests,0.0,10,Não foram encontrados testes de unidade na submissão.,Pacote de submissão,high
S57,official_sample,redacted,llm,class_design,Class Design,10.0,10,As classes foram criadas e modeladas adequadamente. A classe Filme encapsula os dados do filme e a classe FilmNow gerencia as coleções.,Filme.java | FilmNow.java,high
S57,official_sample,redacted,llm,object_references,Object References and Composition,10.0,10,O uso de referências e a composição entre FilmNow e Filme foram implementados corretamente.,FilmNow.cadastraFilme | MainFilmNow.main,high
S57,official_sample,redacted,llm,collections_and_arrays,Collections and Arrays,10.0,10,"Os arrays foram utilizados corretamente para armazenar os filmes e a HotList, respeitando os limites estabelecidos.",FilmNow.FilmNow() | FilmNow.cadastraFilme,high
S57,official_sample,redacted,llm,separation_of_concerns,Separation of Concerns,10.0,10,"Boa separação de responsabilidades. A interface com o usuário está isolada no MainFilmNow, enquanto a lógica de negócio reside em FilmNow e Filme.",MainFilmNow.comando | FilmNow.cadastraFilme | Filme.toString,high
S57,official_sample,redacted,llm,readability_and_documentation,Readability and Documentation,10.0,10,"O código é legível, com bons nomes de variáveis e métodos. A documentação Javadoc está presente e descreve adequadamente o propósito dos métodos.",FilmNow.java | MainFilmNow.java,high
S58,official_sample,redacted,llm,basic_functionality,Basic Functionality,9.0,10,"O programa implementa quase todas as funcionalidades corretamente, incluindo adição, listagem, detalhamento e manipulação da HotList. Há apenas uma falha ao tentar adicionar um filme inexistente à HotList.",FilmNow.cadastraFilme | FilmNow.detalhaFilme | FilmNow.BuscaFilme | FilmNow.cadastraHotList,high
S58,official_sample,redacted,llm,unit_tests,Unit Tests,7.0,10,"A classe FilmNow possui uma suíte de testes excelente e exaustiva. No entanto, a classe Filme possui apenas testes para o método equals, faltando cobertura para os demais métodos.",FilmNowTeste.java | FilmeTest.java,high
S58,official_sample,redacted,llm,class_design,Class Design,10.0,10,"As classes foram bem modeladas, com a classe Filme encapsulando os dados do filme e FilmNow gerenciando as coleções.",Filme.java | FilmNow.java,high
S58,official_sample,redacted,llm,object_references,Object References and Composition,10.0,10,O uso de referências e a composição entre FilmNow e Filme foram implementados corretamente.,FilmNow.cadastraFilme | FilmNow.java,high
S58,official_sample,redacted,llm,collections_and_arrays,Collections and Arrays,10.0,10,"Os arrays foram utilizados corretamente, respeitando os limites de tamanho estabelecidos no laboratório.",FilmNow.java | FilmNow.getFilme,high
S58,official_sample,redacted,llm,separation_of_concerns,Separation of Concerns,9.0,10,"Boa separação geral, mantendo o System.out restrito ao Main. Há um pequeno acoplamento ao retornar mensagens de interface diretamente da classe de domínio.",MainFilmNow.java | Filme.filmeDetalhado | FilmNow.cadastraFilme | FilmNow.cadastraHotList,high
S58,official_sample,redacted,llm,readability_and_documentation,Readability and Documentation,9.0,10,"O código é legível e a classe FilmNow está bem documentada com Javadoc. A classe Filme, no entanto, carece de documentação.",FilmNow.java | MainFilmNow.java | Filme.java,high
S59,official_sample,redacted,llm,basic_functionality,Basic Functionality,7.0,10,"O programa implementa a maior parte das funcionalidades, mas apresenta falhas importantes: erro de índice ao detalhar filmes, mensagens incorretas ou ausentes na adição de filmes, ausência do ano na listagem e risco de exceção na HotList.",FilmNow.java: cadastraFilme | FilmNow.java: getFilmes | FilmNow.java: adicionaHot | MainFilmNow.java: detalharFilme | FilmNow.java: getDadosFilme,high
S59,official_sample,redacted,llm,unit_tests,Unit Tests,8.0,10,"Os testes cobrem bem a classe Filme e os cenários básicos de FilmNow, mas faltam testes para algumas regras de negócio importantes, como filmes duplicados e listagem.",TesteFilme.java | TesteFilmNow.java,high
S59,official_sample,redacted,llm,class_design,Class Design,7.5,10,"As classes foram criadas corretamente, mas há uma falha conceitual na modelagem da HotList, que modifica o atributo 'nome' do filme para incluir um emoji.",Filme.java | FilmNow.java | FilmNow.java: adicionaHot | FilmNow.java: removeHot | Filme.java: posicao,high
S59,official_sample,redacted,llm,object_references,Object References and Composition,10.0,10,"O uso de referências e a composição entre FilmNow e Filme foram implementados corretamente, sem uso indevido de modificadores estáticos.",FilmNow.java: cadastraFilme | MainFilmNow.java,high
S59,official_sample,redacted,llm,collections_and_arrays,Collections and Arrays,10.0,10,"Os arrays foram utilizados corretamente para armazenar os filmes e a HotList, respeitando os limites de tamanho estabelecidos.",FilmNow.java: arrayFilmes | FilmNow.java: hotList,high
S59,official_sample,redacted,llm,separation_of_concerns,Separation of Concerns,7.5,10,"A separação de responsabilidades foi parcialmente respeitada, mas a classe de domínio FilmNow realiza impressões diretas no console, violando a separação entre UI e lógica de negócio.",MainFilmNow.java | Filme.java | FilmNow.java: cadastraFilme,high
S59,official_sample,redacted,llm,readability_and_documentation,Readability and Documentation,10.0,10,"O código apresenta boa legibilidade, formatação consistente e documentação Javadoc clara e objetiva para as classes e métodos principais.",Filme.java | FilmNow.java,high
S60,official_sample,redacted,llm,basic_functionality,Basic Functionality,7.5,10,"As funcionalidades principais foram implementadas com sucesso, incluindo a lógica de substituição na HotList. No entanto, faltam validações de nulidade e limites nas operações da HotList, e o método equals compara Strings com '=='.",FilmNow.java: cadastraFilme | FilmNow.java: adicionaHot | FilmNow.java: removeHot | Filme.java: equals,high
S60,official_sample,redacted,llm,unit_tests,Unit Tests,7.0,10,Bons testes para as operações de cadastro e detalhamento de filmes. Faltaram testes para as operações de modificação da HotList e para o método equals.,FilmNowTest.java: testCadastraFilmePadrao | FilmNowTest.java: testDetalhaFilmeHotlist | FilmNowTest.java | FilmeTest.java,high
S60,official_sample,redacted,llm,class_design,Class Design,10.0,10,"As classes foram modeladas corretamente, com Filme encapsulando seus dados e FilmNow atuando como gerenciadora.",Filme.java | FilmNow.java | MainFilmNow.java,high
S60,official_sample,redacted,llm,object_references,Object References and Composition,10.0,10,"Composição entre FilmNow e Filme realizada corretamente, com instanciação adequada de objetos.",FilmNow.java: private Filme[] filmes,high
S60,official_sample,redacted,llm,collections_and_arrays,Collections and Arrays,10.0,10,"Uso correto de arrays para armazenar os filmes e a HotList, respeitando os limites estabelecidos.",FilmNow.java: this.filmes = new Filme[TAMANHO] | FilmNow.java: this.hotlist = new Filme[TAMANHOHOTLIST],high
S60,official_sample,redacted,llm,separation_of_concerns,Separation of Concerns,10.0,10,"Excelente separação de responsabilidades entre interface, gerenciamento e modelo de dados.",MainFilmNow.java | FilmNow.java | Filme.java: toString,high
S60,official_sample,redacted,llm,readability_and_documentation,Readability and Documentation,10.0,10,"Código bem organizado, legível e com boa documentação Javadoc.",FilmNow.java | Filme.java,high
S61,official_sample,redacted,llm,basic_functionality,Basic Functionality,9.0,10,"A maior parte das funcionalidades foi implementada corretamente, incluindo listagem, detalhamento e manipulação da HotList. No entanto, a adição de filmes apresenta falhas em relação à especificação: não permite sobrescrever filmes em posições já ocupadas e a verificação de duplicidade considera apenas o nome do filme.",MainFilmNow.java:mostrarFilmes | MainFilmNow.java:detalharFilme | FilmNow.java:atribuirHot | FilmNow.java:removerHot | FilmNow.java:cadastraFilme,high
S61,official_sample,redacted,llm,unit_tests,Unit Tests,10.0,10,"Os testes de unidade foram implementados de forma abrangente, cobrindo as classes Filme e FilmNow, além de testes adicionais para o leitor de CSV.",testes/FilmeTest.java | testes/FilmNowTest.java,high
S61,official_sample,redacted,llm,class_design,Class Design,9.0,10,"As classes foram bem modeladas, com a criação da classe Filme e a composição em FilmNow. Houve um pequeno desvio na implementação do método equals da classe Filme em relação à especificação.",Filme.java | FilmNow.java | MainFilmNow.java | Filme.java:equals,high
S61,official_sample,redacted,llm,object_references,Object References and Composition,10.0,10,O uso de referências e a composição entre objetos foram implementados corretamente.,FilmNow.java:cadastraFilme | MainFilmNow.java:main,high
S61,official_sample,redacted,llm,collections_and_arrays,Collections and Arrays,10.0,10,As estruturas de dados foram utilizadas corretamente e respeitam as restrições de tamanho impostas pelo laboratório.,FilmNow.java:FilmNow | FilmNow.java:getFilme | FilmNow.java:cadastraFilme,high
S61,official_sample,redacted,llm,separation_of_concerns,Separation of Concerns,10.0,10,"A separação de responsabilidades está bem definida entre a interface de usuário, a classe de domínio e a classe gerenciadora.",MainFilmNow.java | FilmNow.java | Filme.java:toString,high
S61,official_sample,redacted,llm,readability_and_documentation,Readability and Documentation,10.0,10,O código apresenta excelente legibilidade e está devidamente documentado com Javadoc.,Filme.java | FilmNow.java | MainFilmNow.java,high
S62,official_sample,redacted,llm,basic_functionality,Basic Functionality,9.0,10,"A maior parte das funcionalidades foi implementada corretamente, incluindo adição, listagem e detalhamento de filmes. No entanto, há um erro de lógica na verificação de duplicatas da HotList que pode causar NullPointerException, além da ausência de validação de limites ao adicionar na HotList.",FilmNow.java: cadastraFilme | FilmNow.java: detalhaFilme | MainFilmNow.java: mostrarFilmes | FilmNow.java: comparaHot | FilmNow.java: cadastraHotList,high
S62,official_sample,redacted,llm,unit_tests,Unit Tests,10.0,10,"Excelente conjunto de testes, cobrindo as principais funcionalidades e casos limite especificados no roteiro para ambas as classes.",FilmeTest.java | FilmNowTest.java,high
S62,official_sample,redacted,llm,class_design,Class Design,9.0,10,As classes foram bem modeladas e as responsabilidades básicas estão corretas. Houve apenas um pequeno desvio na regra de negócio definida para a igualdade de filmes.,Filme.java | FilmNow.java | MainFilmNow.java | Filme.java: equals,high
S62,official_sample,redacted,llm,object_references,Object References and Composition,10.0,10,Uso correto de referências e composição. Os objetos são instanciados adequadamente e não há uso indevido de modificadores estáticos nas classes de domínio.,FilmNow.java: cadastraFilme | MainFilmNow.java,high
S62,official_sample,redacted,llm,collections_and_arrays,Collections and Arrays,9.0,10,"Os arrays foram utilizados corretamente para armazenar os filmes e a HotList, mas a implementação ignorou o índice 0, o que acarreta uma pequena penalidade conforme a rubrica.",FilmNow.java: construtor | FilmNow.java: compara | FilmNow.java: TAMANHO = 101 | FilmNow.java: TAMANHOHOT = 11,high
S62,official_sample,redacted,llm,separation_of_concerns,Separation of Concerns,10.0,10,Excelente separação de responsabilidades. A interface com o usuário está isolada no Main e a lógica de negócio está no FilmNow e Filme.,MainFilmNow.java | FilmNow.java | Filme.java,high
S62,official_sample,redacted,llm,readability_and_documentation,Readability and Documentation,10.0,10,"O código é legível, bem organizado e possui documentação Javadoc adequada para as classes e métodos principais.",FilmNow.java | Filme.java,high
S63,official_sample,redacted,llm,basic_functionality,Basic Functionality,10.0,10,"O programa implementa corretamente todas as funcionalidades exigidas: adição, listagem, detalhamento e manipulação da HotList. As validações de limites e duplicatas funcionam conforme o esperado.",submission/src/filmnow/FilmNow.java:56-82 | submission/src/filmnow/FilmNow.java:95-113 | submission/src/filmnow/MainFilmNow.java:108-115,high
S63,official_sample,redacted,llm,unit_tests,Unit Tests,8.0,10,"Os testes cobrem bem a classe FilmNow, especialmente a adição de filmes e seus casos limite. No entanto, faltam testes explícitos para os métodos da classe Filme e testes mais abrangentes para as operações da HotList.",submission/testes/FilmeTest.java:21-98 | submission/testes/FilmeTest.java,high
S63,official_sample,redacted,llm,class_design,Class Design,10.0,10,As classes foram bem modeladas. A classe Filme encapsula corretamente os dados e FilmNow gerencia as coleções de forma adequada.,submission/src/filmnow/Filme.java:12-17 | submission/src/filmnow/Filme.java:48-62 | submission/src/filmnow/MainFilmNow.java:71-96,high
S63,official_sample,redacted,llm,object_references,Object References and Composition,10.0,10,O uso de referências e composição está correto. FilmNow compõe instâncias de Filme adequadamente e o uso de modificadores estáticos está restrito ao Main.,submission/src/filmnow/FilmNow.java:13-14 | submission/src/filmnow/FilmNow.java:77,high
S63,official_sample,redacted,llm,collections_and_arrays,Collections and Arrays,10.0,10,"Os arrays foram utilizados corretamente para armazenar os filmes e a HotList, respeitando os limites estabelecidos no laboratório.",submission/src/filmnow/FilmNow.java:20-21 | submission/src/filmnow/FilmNow.java:41,high
S63,official_sample,redacted,llm,separation_of_concerns,Separation of Concerns,9.0,10,"A separação de responsabilidades está muito boa, com a interface no Main e a lógica no FilmNow. Houve apenas um pequeno desvio com um print direto no console dentro da classe de negócio.",submission/src/filmnow/MainFilmNow.java:160-172 | submission/src/filmnow/FilmNow.java:56-82 | submission/src/filmnow/Filme.java:39-45 | submission/src/filmnow/FilmNow.java:155,high
S63,official_sample,redacted,llm,readability_and_documentation,Readability and Documentation,9.0,10,"O código é legível, bem organizado e segue as convenções Java. A documentação Javadoc está presente na classe FilmNow, mas ausente na classe Filme.",submission/src/filmnow/FilmNow.java:32-37 | submission/src/filmnow/FilmNow.java:48-55 | submission/src/filmnow/Filme.java,high
S64,official_sample,redacted,llm,basic_functionality,Basic Functionality,7.5,10,"A maioria das funcionalidades básicas foi implementada corretamente, como adicionar e detalhar filmes. No entanto, a listagem de filmes exibe o índice interno em vez da posição correta, e a HotList apresenta falhas críticas na exibição e remoção de filmes.",FilmNow.java: cadastraFilme | FilmNow.java: getFilme | FilmNow.java: getFilmes | FilmNow.java: mostrarHot | FilmNow.java: removeHot,high
S64,official_sample,redacted,llm,unit_tests,Unit Tests,8.0,10,Bons testes foram criados para a classe Filme e para as operações de cadastro e detalhamento em FilmNow. Faltaram testes para a listagem geral e para algumas operações da HotList.,FilmeTest.java | FilmNowTest.java,high
S64,official_sample,redacted,llm,class_design,Class Design,10.0,10,O design de classes atende perfeitamente aos requisitos. A classe Filme foi criada adequadamente e a classe FilmNow gerencia a coleção de filmes usando composição.,Filme.java | FilmNow.java | MainFilmNow.java,high
S64,official_sample,redacted,llm,object_references,Object References and Composition,10.0,10,As referências entre objetos e a composição foram utilizadas corretamente. A instanciação de objetos ocorre nos momentos adequados e não há uso indevido de modificadores estáticos.,FilmNow.java: cadastraFilme | FilmNow.java: adicionaHot | MainFilmNow.java,high
S64,official_sample,redacted,llm,collections_and_arrays,Collections and Arrays,9.0,10,Os arrays foram dimensionados e utilizados corretamente na maior parte do sistema. Houve apenas um pequeno erro na iteração do array principal que ignora a primeira posição.,FilmNow.java: construtor | FilmNow.java: cadastraFilme | FilmNow.java: getFilmes,high
S64,official_sample,redacted,llm,separation_of_concerns,Separation of Concerns,10.0,10,"Excelente separação de responsabilidades. A interface com o usuário está isolada no Main, as regras de negócio em FilmNow e a representação dos dados em Filme.",MainFilmNow.java | FilmNow.java | Filme.java: toString,high
S64,official_sample,redacted,llm,readability_and_documentation,Readability and Documentation,9.0,10,O código está bem formatado e possui Javadoc adequado para a maioria dos métodos. Houve apenas uma pequena perda de legibilidade devido a uma verificação condicional confusa e desnecessária.,Filme.java | FilmNow.java | FilmNow.java: cadastraFilme,high
S65,official_sample,redacted,llm,basic_functionality,Basic Functionality,10,10,"O programa implementa corretamente todas as funcionalidades exigidas: adição de filmes, listagem, detalhamento e manipulação da HotList. As regras de negócio, como verificação de duplicatas e limites de posições, foram respeitadas.","submission/src/filmnow/FilmNow.java (métodos cadastraFilme, detalhaFilme, addHot) | submission/src/filmnow/MainFilmNow.java (método adicionaFilme)",high
S65,official_sample,redacted,llm,unit_tests,Unit Tests,7,10,"A suíte de testes para a classe FilmNow é excelente e muito abrangente. No entanto, os testes da classe Filme estão incompletos (faltam testes de construtor e toString) e há um erro de sintaxe no arquivo MainFilmNowTest que impede a compilação da suíte de testes.",submission/testes/FilmNowTest.java | submission/testes/FilmeTest.java | submission/testes/MainFilmNowTest.java | submission/testes/MainFilmNowTest.java (linha 18),high
S65,official_sample,redacted,llm,class_design,Class Design,10,10,"As classes foram modeladas corretamente. A classe Filme encapsula os dados do filme e a classe FilmNow gerencia as coleções, demonstrando um bom entendimento de orientação a objetos.",submission/src/filmnow/Filme.java | submission/src/filmnow/FilmNow.java | submission/src/filmnow/MainFilmNow.java,high
S65,official_sample,redacted,llm,object_references,Object References and Composition,10,10,O uso de referências e a composição entre FilmNow e Filme foram implementados de forma correta e segura.,"submission/src/filmnow/FilmNow.java (métodos cadastraFilme, addHot, getFilmes, getHot)",high
S65,official_sample,redacted,llm,collections_and_arrays,Collections and Arrays,10,10,"Os arrays foram utilizados corretamente, respeitando os limites estabelecidos no laboratório e lidando adequadamente com a conversão de índices (1-based para 0-based).",submission/src/filmnow/FilmNow.java (construtor e métodos de acesso aos arrays),high
S65,official_sample,redacted,llm,separation_of_concerns,Separation of Concerns,10,10,"A separação de responsabilidades está muito bem definida. A interface com o usuário está isolada no MainFilmNow, enquanto a lógica de negócio e validações residem no FilmNow.",submission/src/filmnow/FilmNow.java | submission/src/filmnow/MainFilmNow.java | submission/src/filmnow/Filme.java,high
S65,official_sample,redacted,llm,readability_and_documentation,Readability and Documentation,10,10,"O código é altamente legível, com boa escolha de nomes para variáveis e métodos, e possui documentação Javadoc clara e objetiva em todas as classes principais.",submission/src/filmnow/FilmNow.java | submission/src/filmnow/Filme.java,high
S66,official_sample,redacted,llm,basic_functionality,Basic Functionality,9.0,10,As funcionalidades principais foram implementadas com sucesso. Há pequenas falhas na validação de limites da HotList e no uso do operador '==' para comparar strings.,FilmNow.java: cadastraFilme | FilmNow.java: cadastraHot | MainFilmNow.java: comando | FilmNow.java: removeHot,high
S66,official_sample,redacted,llm,unit_tests,Unit Tests,10.0,10,"Testes excelentes e abrangentes, cobrindo as classes Filme e FilmNow com diversos casos de teste, incluindo limites e fluxos de erro.",FilmNowTest.java | FilmeTest.java,high
S66,official_sample,redacted,llm,class_design,Class Design,10.0,10,"Modelagem de classes adequada, com Filme e FilmNow bem definidos e Main modularizado.",Filme.java | FilmNow.java | MainFilmNow.java,high
S66,official_sample,redacted,llm,object_references,Object References and Composition,10.0,10,Uso correto de referências e composição entre FilmNow e Filme.,FilmNow.java: construtor | FilmNow.java: cadastraFilme,high
S66,official_sample,redacted,llm,collections_and_arrays,Collections and Arrays,10.0,10,"Uso correto de arrays para armazenar filmes e a HotList, respeitando os limites estabelecidos.",FilmNow.java: construtor | FilmNow.java: getFilme | FilmNow.java: cadastraHot,high
S66,official_sample,redacted,llm,separation_of_concerns,Separation of Concerns,8.5,10,"Boa separação geral, mas a classe de negócio (FilmNow) retorna mensagens de interface e formata a exibição dos filmes.",MainFilmNow.java | FilmNow.java | FilmNow.java: cadastraFilme | FilmNow.java: descreveFilme,high
S66,official_sample,redacted,llm,readability_and_documentation,Readability and Documentation,10.0,10,Código muito legível e bem documentado com Javadoc.,Filme.java | FilmNow.java,high
S67,official_sample,redacted,llm,basic_functionality,Basic Functionality,9.0,10,"A funcionalidade básica foi implementada com sucesso na maior parte, cobrindo adição, listagem, detalhamento e a HotList. No entanto, há uma falha ao sobrescrever um filme na HotList, pois o filme anterior não perde o status de 'hot'.",FilmNow.cadastraFilme | FilmNow.detalhaFilme | MainFilmNow.mostrarFilmes | FilmNow.cadastraHot,high
S67,official_sample,redacted,llm,unit_tests,Unit Tests,10.0,10,"Excelente conjunto de testes, cobrindo as classes Filme e FilmNow com diversos casos de borda e cenários de erro.",testes/filmnow/FilmNowTest.java | testes/filmnow/FilmeTest.java,high
S67,official_sample,redacted,llm,class_design,Class Design,9.5,10,"As classes foram bem modeladas, com atributos adequados. Há apenas um pequeno defeito na implementação do método equals da classe Filme que pode gerar erro de execução.",Filme.java | FilmNow.java | Filme.equals,high
S67,official_sample,redacted,llm,object_references,Object References and Composition,10.0,10,Uso correto de referências e composição. A classe FilmNow compõe instâncias de Filme adequadamente.,FilmNow.cadastraFilme | MainFilmNow.main,high
S67,official_sample,redacted,llm,collections_and_arrays,Collections and Arrays,10.0,10,"Arrays foram utilizados corretamente para armazenar os filmes e a HotList, respeitando os limites de tamanho estabelecidos.",FilmNow.filmes | FilmNow.hotList | FilmNow.cadastraFilme,high
S67,official_sample,redacted,llm,separation_of_concerns,Separation of Concerns,10.0,10,"Excelente separação de responsabilidades. A interface com o usuário está isolada no MainFilmNow, enquanto a lógica de negócio reside em FilmNow e Filme.",MainFilmNow.comando | FilmNow.cadastraFilme | Filme.toString,high
S67,official_sample,redacted,llm,readability_and_documentation,Readability and Documentation,10.0,10,"Código muito legível, bem organizado e com excelente documentação Javadoc.",Filme.java | FilmNow.java,high
S68,official_sample,redacted,llm,basic_functionality,Basic Functionality,9.5,10,"A funcionalidade principal foi implementada com sucesso, cobrindo a adição, listagem e detalhamento de filmes, além da HotList. Há apenas uma pequena falha na validação do filme ao adicioná-lo à HotList.",FilmNow.cadastraFilme | FilmNow.detalharFilme | FilmNow.adicionarHot,high
S68,official_sample,redacted,llm,unit_tests,Unit Tests,8.5,10,"Excelente conjunto de testes para as classes Filme e FilmNow, cobrindo a maioria dos casos de uso e limites. Faltaram apenas testes específicos para as operações de manipulação da HotList.",FilmeTest.java | FilmNowTest.java,high
S68,official_sample,redacted,llm,class_design,Class Design,10,10,"As classes foram modeladas corretamente, com a classe Filme encapsulando seus dados e FilmNow gerenciando a coleção de filmes.",Filme.java | FilmNow.java,high
S68,official_sample,redacted,llm,object_references,Object References and Composition,10,10,Uso correto de referências e composição. A classe FilmNow compõe instâncias de Filme de forma adequada.,FilmNow.cadastraFilme | MainFilmNow.main,high
S68,official_sample,redacted,llm,collections_and_arrays,Collections and Arrays,10,10,"Os arrays foram utilizados corretamente para armazenar os filmes e a HotList, respeitando os limites estabelecidos.",FilmNow.java | FilmNow.cadastraFilme,high
S68,official_sample,redacted,llm,separation_of_concerns,Separation of Concerns,8.0,10,"A separação de responsabilidades está boa na maior parte do sistema, mas a classe FilmNow realiza impressões diretas no console em alguns métodos, misturando lógica de negócio com interface de usuário.",MainFilmNow.java | FilmNow.cadastraFilme | FilmNow.mostrarFilmes | FilmNow.adicionarHot | FilmNow.removerHot | FilmNow.exibirHotList,high
S68,official_sample,redacted,llm,readability_and_documentation,Readability and Documentation,10,10,"O código é muito legível, bem organizado e possui excelente documentação Javadoc.",Filme.java | FilmNow.java,high
S69,official_sample,redacted,llm,basic_functionality,Basic Functionality,8.5,10,"As funcionalidades principais de adicionar, mostrar e detalhar filmes foram implementadas corretamente. No entanto, a manipulação da HotList apresenta falhas ao lidar com posições vazias ou inválidas, resultando em erros de execução (exceções).",FilmNow.java: cadastraFilme | FilmNow.java: detalhando | FilmNow.java: adicionaNaHotList | FilmNow.java: removerHot,high
S69,official_sample,redacted,llm,unit_tests,Unit Tests,4.0,10,"O aluno implementou uma boa quantidade de testes para as funcionalidades de cadastro e detalhamento na classe FilmNow. Contudo, faltam testes para a classe Filme e para as operações da HotList.",FilmNowTest.java: testaCadastraFilmeEmPosicaoVazia | FilmNowTest.java: detalhaFilmeComTodosOsDados | testes/filmnow/ | FilmNowTest.java,high
S69,official_sample,redacted,llm,class_design,Class Design,10.0,10,"As classes foram bem modeladas, com a criação adequada da classe Filme e a correta relação de composição com a classe FilmNow.",Filme.java | FilmNow.java | MainFilmNow.java,high
S69,official_sample,redacted,llm,object_references,Object References and Composition,10.0,10,"O uso de referências e a composição entre FilmNow e Filme foram implementados corretamente, sem uso indevido de modificadores estáticos.",FilmNow.java: cadastraFilme | MainFilmNow.java,high
S69,official_sample,redacted,llm,collections_and_arrays,Collections and Arrays,10.0,10,As estruturas de dados (arrays) foram utilizadas corretamente e respeitam os limites estabelecidos na especificação.,FilmNow.java: TAMANHO | FilmNow.java: TAMANHOHOT | FilmNow.java: cadastraFilme,high
S69,official_sample,redacted,llm,separation_of_concerns,Separation of Concerns,9.0,10,"A separação de responsabilidades está em grande parte correta, com a interface no Main e a lógica no FilmNow. Há apenas um pequeno acoplamento ao retornar mensagens de interface diretamente da classe de negócio.",MainFilmNow.java | Filme.java: toString | FilmNow.java: cadastraFilme | FilmNow.java: adicionaNaHotList,high
S69,official_sample,redacted,llm,readability_and_documentation,Readability and Documentation,10.0,10,"O código é legível, bem organizado e possui documentação Javadoc clara e objetiva para as classes e métodos públicos.",Filme.java | FilmNow.java,high
S70,official_sample,redacted,llm,basic_functionality,Basic Functionality,10,10,"Todas as funcionalidades exigidas (adicionar, mostrar, detalhar e HotList) foram implementadas corretamente, respeitando as regras de negócio e limites especificados.",FilmNow.java: cadastraFilme | FilmNow.java: detalharFilme | FilmNow.java: adicionaHot | FilmNow.java: removeHot,high
S70,official_sample,redacted,llm,unit_tests,Unit Tests,10,10,"A suíte de testes é excelente, cobrindo exaustivamente os métodos das classes Filme e FilmNow, incluindo casos normais e valores limite.",filmeTest.java | filmNowTest.java,high
S70,official_sample,redacted,llm,class_design,Class Design,10,10,"O design de classes atende perfeitamente ao que foi solicitado, com a criação da classe Filme e a adaptação da classe FilmNow para utilizá-la.",Filme.java | FilmNow.java | MainFilmNow.java,high
S70,official_sample,redacted,llm,object_references,Object References and Composition,10,10,"O uso de referências e composição está correto, demonstrando bom entendimento da relação entre FilmNow e Filme.",FilmNow.java: cadastraFilme | FilmNow.java: atributos filmes e filmesHots,high
S70,official_sample,redacted,llm,collections_and_arrays,Collections and Arrays,10,10,"Os arrays foram utilizados corretamente para armazenar os filmes e a HotList, respeitando os tamanhos e a indexação.",FilmNow.java: construtor | FilmNow.java: cadastraFilme (uso de posicao-1),high
S70,official_sample,redacted,llm,separation_of_concerns,Separation of Concerns,10,10,"Excelente separação de responsabilidades entre a interface de usuário, a classe gerenciadora e a classe de modelo.",MainFilmNow.java | FilmNow.java | Filme.java: toString,high
S70,official_sample,redacted,llm,readability_and_documentation,Readability and Documentation,10,10,"O código é muito legível e a documentação Javadoc é clara, objetiva e bem estruturada.",FilmNow.java: Javadoc de adicionaHot | Filme.java: Javadoc da classe e métodos,high
S71,official_sample,redacted,llm,basic_functionality,Basic Functionality,8.5,10,"As funcionalidades principais foram implementadas com sucesso, incluindo adição, listagem, detalhamento e hotlist. No entanto, há falhas na validação de limites que causam exceções (crashes) ao usar as posições máximas permitidas ou posições inválidas na HotList.",FilmNow.java:verificaFilme | FilmNow.java:cadastraFilmeHotList | MainFilmNow.java:comando | FilmNow.java:cadastraFilme | MainFilmNow.java:atribuirHot,high
S71,official_sample,redacted,llm,unit_tests,Unit Tests,10,10,"Excelente conjunto de testes. O aluno cobriu as principais funcionalidades das classes Filme e FilmNow, incluindo testes de limites e regras de negócio.",testes/FilmeTest.java | testes/FilmNowTest.java,high
S71,official_sample,redacted,llm,class_design,Class Design,10,10,"As classes foram bem modeladas, com a classe Filme encapsulando seus dados e a classe FilmNow gerenciando as coleções.",Filme.java | FilmNow.java | MainFilmNow.java,high
S71,official_sample,redacted,llm,object_references,Object References and Composition,10,10,Uso correto de referências e composição. A classe FilmNow compõe instâncias de Filme adequadamente.,FilmNow.java:cadastraFilme | FilmNow.java:cadastraFilmeHotList,high
S71,official_sample,redacted,llm,collections_and_arrays,Collections and Arrays,9,10,"Uso adequado de arrays para armazenar os filmes e a HotList, mas houve um pequeno erro de dimensionamento em relação aos índices utilizados (1-based vs 0-based).",FilmNow.java:FilmNow() | FilmNow.java:verificaFilme | FilmNow.java:cadastraFilme,high
S71,official_sample,redacted,llm,separation_of_concerns,Separation of Concerns,10,10,"Excelente separação de responsabilidades. A interface com o usuário está isolada no Main, a lógica de negócio no FilmNow e a formatação de detalhes no Filme.",MainFilmNow.java | FilmNow.java | Filme.java:toString,high
S71,official_sample,redacted,llm,readability_and_documentation,Readability and Documentation,10,10,Código muito bem documentado com Javadoc claro e objetivo. Nomenclatura de variáveis e métodos é adequada e legível.,Filme.java | FilmNow.java,high
S72,official_sample,redacted,llm,basic_functionality,Basic Functionality,8.5,10,"As funcionalidades principais (adicionar, mostrar e detalhar filmes) foram implementadas corretamente, incluindo validações de duplicidade e campos vazios. No entanto, as operações da HotList não validam posições vazias ou fora dos limites, o que pode gerar exceções durante a execução.",FilmNow.cadastraFilme | FilmNow.detalhaFilme | FilmNow.checaIgual | FilmNow.adicionaHot | FilmNow.removeHot,high
S72,official_sample,redacted,llm,unit_tests,Unit Tests,7.0,10,"Boa cobertura de testes para a adição e detalhamento de filmes, incluindo casos limite. Faltaram testes para o método equals da classe Filme e para as operações da HotList na classe FilmNow.",FilmNowTest.java | FilmeTest.java,high
S72,official_sample,redacted,llm,class_design,Class Design,10.0,10,"Excelente modelagem das classes. A classe Filme foi criada corretamente com seus atributos e métodos, e a classe FilmNow gerencia a coleção de filmes de forma adequada.",Filme.java | FilmNow.java | MainFilmNow.java,high
S72,official_sample,redacted,llm,object_references,Object References and Composition,10.0,10,Uso correto de referências e composição. Os objetos são instanciados adequadamente e não há uso indevido de modificadores estáticos fora da classe Main.,FilmNow.cadastraFilme | MainFilmNow.java,high
S72,official_sample,redacted,llm,collections_and_arrays,Collections and Arrays,10.0,10,"Uso correto de arrays para armazenar os filmes e a HotList, respeitando os limites estabelecidos na especificação.",FilmNow.java,high
S72,official_sample,redacted,llm,separation_of_concerns,Separation of Concerns,10.0,10,"Ótima separação de responsabilidades. A interface com o usuário está isolada no Main, enquanto a lógica de negócio e formatação de dados estão nas classes de domínio.",MainFilmNow.java | FilmNow.java | Filme.toString,high
S72,official_sample,redacted,llm,readability_and_documentation,Readability and Documentation,10.0,10,"Código muito legível, com boa escolha de nomes para variáveis e métodos. A documentação Javadoc está presente, clara e bem formatada.",Filme.java | FilmNow.java,high
S73,official_sample,redacted,llm,basic_functionality,Basic Functionality,8.5,10,"As funcionalidades principais (adicionar, mostrar, detalhar e hotlist) foram implementadas e funcionam em sua maior parte. No entanto, o sistema não respeita os limites de posição especificados (1 a 100), apresentando inconsistências nas bordas (permite cadastro na posição 0, mas falha ao detalhar, e bloqueia a posição 100).",MainFilmNow.java: adicionaFilme | FilmNow.java: cadastraFilme | FilmNow.java: detalharFilmeIsHot | MainFilmNow.java: adicionaFilme (if (posicao >= 100)),high
S73,official_sample,redacted,llm,unit_tests,Unit Tests,6.0,10,"Os testes para a classe FilmNow foram implementados com boa cobertura das regras de negócio e limites. Contudo, não há testes para a classe Filme, pois a mesma não foi criada.",FilmNowTest.java: testAdicionarPosicaoVazia | FilmNowTest.java: testDetalharFilmeHotList | FilmNowTest.java,high
S73,official_sample,redacted,llm,class_design,Class Design,6.0,10,"A classe FilmNow e a interface MainFilmNow foram bem estruturadas. No entanto, a classe Filme não foi criada, contrariando a orientação explícita do laboratório para utilizar orientação a objetos na representação da entidade.",FilmNow.java | MainFilmNow.java | FilmNow.java: private String[][] filmes,high
S73,official_sample,redacted,llm,object_references,Object References and Composition,7.0,10,"O uso de referências estáticas foi restrito ao Main, o que é positivo. Porém, a falta da classe Filme impede a demonstração de composição entre objetos.",MainFilmNow.java: main | FilmNow.java: cadastraFilme,high
S73,official_sample,redacted,llm,collections_and_arrays,Collections and Arrays,9.0,10,"O uso de arrays (matrizes) foi feito de forma consistente para armazenar os dados, respeitando o limite de 100 posições. Houve apenas um pequeno desvio no mapeamento dos índices.",FilmNow.java: filmes | FilmNow.java: hotList | FilmNow.java: cadastraFilme | MainFilmNow.java: adicionaFilme,high
S73,official_sample,redacted,llm,separation_of_concerns,Separation of Concerns,8.0,10,A separação entre a interface (MainFilmNow) e a lógica (FilmNow) foi bem feita. A dedução ocorre porque FilmNow assumiu responsabilidades de formatação que deveriam ser da entidade Filme.,MainFilmNow.java | FilmNow.java | FilmNow.java: detalharFilmeIsHot,high
S73,official_sample,redacted,llm,readability_and_documentation,Readability and Documentation,10.0,10,O código está muito bem documentado com Javadoc claro e objetivo. A nomenclatura de variáveis e métodos é adequada e o código é legível.,FilmNow.java | MainFilmNow.java,high
S74,official_sample,redacted,llm,basic_functionality,Basic Functionality,8.5,10,"A maior parte das funcionalidades foi implementada corretamente, incluindo a adição, listagem e detalhamento de filmes, bem como a manipulação da HotList. No entanto, há pequenos desvios na especificação: o método equals considera o local do filme (o que afeta a verificação de filmes duplicados) e o detalhamento de posições vazias exibe mensagem de erro em vez de retornar vazio.",FilmNow.java: cadastraFilme | FilmNow.java: adicionarHot | FilmNow.java: detalharFilme | Filme.java: equals,high
S74,official_sample,redacted,llm,unit_tests,Unit Tests,0,10,Não foram encontrados arquivos de testes na submissão.,Submission Package,high
S74,official_sample,redacted,llm,class_design,Class Design,10,10,"As classes principais foram criadas e modeladas adequadamente. A classe Filme encapsula os dados do filme e a classe FilmNow gerencia as coleções, com o Main modularizado.",Filme.java | FilmNow.java | MainFilmNow.java,high
S74,official_sample,redacted,llm,object_references,Object References and Composition,10,10,O uso de referências e composição está correto. Os objetos são instanciados adequadamente e não há uso indevido de modificadores estáticos fora do Main ou de constantes.,MainFilmNow.java: adicionarFilme | FilmNow.java: MAX_FILMES,high
S74,official_sample,redacted,llm,collections_and_arrays,Collections and Arrays,10,10,"As estruturas de dados (arrays) foram utilizadas corretamente para armazenar os filmes e a HotList, respeitando os limites estabelecidos e a indexação baseada em zero internamente.",FilmNow.java: construtor | FilmNow.java: cadastraFilme,high
S74,official_sample,redacted,llm,separation_of_concerns,Separation of Concerns,7,10,"A separação de responsabilidades apresenta falhas. Embora o Main gerencie a entrada do usuário, a classe FilmNow realiza impressões diretas no console (System.out.println), misturando lógica de negócio com interface de usuário.",MainFilmNow.java | Filme.java: toString | FilmNow.java: cadastraFilme | FilmNow.java: detalharFilme | FilmNow.java: mostrarTodos,high
S74,official_sample,redacted,llm,readability_and_documentation,Readability and Documentation,5,10,"O código é legível e segue boas práticas de nomenclatura, mas carece severamente de documentação Javadoc nos métodos implementados pelo aluno.",Filme.java | FilmNow.java | MainFilmNow.java,high
S75,official_sample,redacted,llm,basic_functionality,Basic Functionality,7.5,10,"A maior parte das funcionalidades foi implementada corretamente, incluindo a adição, listagem e detalhamento de filmes, além da HotList. No entanto, há falhas na validação de strings vazias (uso de `!= """"`), ausência de mensagens de erro específicas na HotList e pequenas omissões na exibição (como o ano na listagem geral).",FilmNow.java: cadastraFilme | FilmNow.java: getFilme | FilmNow.java: adicionaHot | FilmNow.java: cadastraFilme (linha 88) | FilmNow.java: adicionaHot (linhas 113-122) | FilmNow.java: getFilmes (linha 66) | MainFilmNow.java: detalharFilme (linhas 103-108),high
S75,official_sample,redacted,llm,unit_tests,Unit Tests,10.0,10,"Excelente conjunto de testes. O aluno criou testes abrangentes para as classes Filme e FilmNow, cobrindo condições normais, limites de array, validações de campos e operações da HotList.",testes/filmeNowTest.java | testes/FilmeTest.java,high
S75,official_sample,redacted,llm,class_design,Class Design,10.0,10,"As classes foram modeladas corretamente. A classe Filme encapsula os dados do filme e a classe FilmNow gerencia as coleções, demonstrando bom entendimento de orientação a objetos.",Filme.java | FilmNow.java,high
S75,official_sample,redacted,llm,object_references,Object References and Composition,10.0,10,"Uso adequado de referências e composição. A classe FilmNow compõe instâncias de Filme corretamente, e o uso de modificadores estáticos foi restrito ao Main e constantes.",FilmNow.java: cadastraFilme | FilmNow.java: existeFilme,high
S75,official_sample,redacted,llm,collections_and_arrays,Collections and Arrays,10.0,10,"As estruturas de dados foram utilizadas corretamente, respeitando os limites estabelecidos na especificação (100 filmes e 10 na HotList).",FilmNow.java: construtor | FilmNow.java: cadastraFilme,high
S75,official_sample,redacted,llm,separation_of_concerns,Separation of Concerns,10.0,10,"Boa separação de responsabilidades. A interação com o usuário ficou restrita ao MainFilmNow, enquanto a lógica de negócio e formatação básica ficaram nas classes de domínio.",MainFilmNow.java | FilmNow.java | Filme.java,high
S75,official_sample,redacted,llm,readability_and_documentation,Readability and Documentation,10.0,10,"O código é legível, bem organizado e possui documentação Javadoc adequada para a maioria dos métodos públicos.",FilmNow.java | MainFilmNow.java,high
S76,official_sample,redacted,llm,basic_functionality,Basic Functionality,10,10,"Todas as funcionalidades básicas (adicionar, mostrar, detalhar e hotlist) foram implementadas corretamente e atendem aos requisitos da especificação.",FilmNow.java: cadastraFilme | FilmNow.java: detalharFilme | FilmNow.java: adicionarHot | FilmNow.java: removerHot,high
S76,official_sample,redacted,llm,unit_tests,Unit Tests,2,10,"A suíte de testes está bastante incompleta. Foram implementados apenas testes para a adição de filmes na classe FilmNow. Faltam os testes da classe Filme e os testes de listagem, detalhamento e HotList na classe FilmNow.",FilmNowTest.java: testAdicionarFilmeEmPosicaoVazia | FilmNowTest.java: testAdicionarFilmeNaPosicaoLimite | testes/ | FilmNowTest.java,high
S76,official_sample,redacted,llm,class_design,Class Design,10,10,"As classes foram bem modeladas. A classe Filme foi criada com os atributos corretos e métodos adequados (equals, hashCode, toString). A classe FilmNow utiliza composição corretamente.",Filme.java | FilmNow.java,high
S76,official_sample,redacted,llm,object_references,Object References and Composition,10,10,O uso de referências e a criação de objetos estão corretos. A composição entre FilmNow e Filme foi bem estabelecida e não há uso indevido de modificadores estáticos.,FilmNow.java: cadastraFilme | MainFilmNow.java,high
S76,official_sample,redacted,llm,collections_and_arrays,Collections and Arrays,10,10,"Os arrays foram utilizados corretamente para armazenar os filmes e a HotList, respeitando os limites de tamanho e fazendo o mapeamento correto das posições.",FilmNow.java: FilmNow() | FilmNow.java: cadastraFilme | FilmNow.java: adicionarHot,high
S76,official_sample,redacted,llm,separation_of_concerns,Separation of Concerns,8,10,"A divisão de responsabilidades está boa na maior parte do sistema, mas a classe FilmNow realiza impressões diretas no console, o que fere a separação entre lógica de negócio e interface com o usuário.",MainFilmNow.java | Filme.java | FilmNow.java: cadastraFilme | FilmNow.java: adicionarHot | FilmNow.java: removerHot,high
S76,official_sample,redacted,llm,readability_and_documentation,Readability and Documentation,7,10,"O código é legível, bem organizado e segue as convenções do Java. No entanto, a documentação Javadoc está incompleta, faltando documentar a classe Filme e os novos métodos adicionados na classe FilmNow.",FilmNow.java | MainFilmNow.java | Filme.java | FilmNow.java: adicionarHot | FilmNow.java: removerHot | FilmNow.java: detalharFilme,high
S77,official_sample,redacted,llm,basic_functionality,Basic Functionality,8.0,10,"As funcionalidades principais de adicionar, mostrar e detalhar filmes operam corretamente, incluindo validações de limites e duplicidade. No entanto, a implementação da HotList possui falhas lógicas severas que comprometem seu funcionamento.",FilmNow.java: cadastraFilme | MainFilmNow.java: mostrarFilmes | MainFilmNow.java: detalharFilme | FilmNow.java: colocarHotlist,high
S77,official_sample,redacted,llm,unit_tests,Unit Tests,5.0,10,"A suíte de testes apresenta excelente cobertura para a adição e detalhamento de filmes na classe FilmNow. Contudo, faltam testes para a classe Filme e para as operações da HotList.",FilmNowteste.java: testAdicionarNome até testAdicionarNome9 | FilmNowteste.java: testDetalharFilme até testDetalharFilme6 | Filmteste.java | FilmNowteste.java,high
S77,official_sample,redacted,llm,class_design,Class Design,8.5,10,"As classes principais foram criadas e modeladas adequadamente. O desconto se deve à não implementação do método equals na classe Filme, transferindo essa responsabilidade para a classe gerenciadora.",Filme.java | FilmNow.java | FilmNow.java: equals1,high
S77,official_sample,redacted,llm,object_references,Object References and Composition,10.0,10,O uso de referências e composição foi bem compreendido e aplicado corretamente.,FilmNow.java: private Filme[] filmes | FilmNow.java: cadastraFilme,high
S77,official_sample,redacted,llm,collections_and_arrays,Collections and Arrays,9.0,10,As estruturas de dados foram utilizadas corretamente e respeitam os limites do laboratório. Há apenas uma fragilidade na tipagem do array da HotList.,FilmNow.java: this.filmes = new Filme[TAMANHO] | FilmNow.java: this.Hotlist = new String[TAMANINHO] | FilmNow.java: private String[] Hotlist,high
S77,official_sample,redacted,llm,separation_of_concerns,Separation of Concerns,8.0,10,A separação entre interface e lógica de negócio está bem feita. O desconto ocorre porque a classe FilmNow assumiu responsabilidades de formatação que deveriam ser da classe Filme.,MainFilmNow.java | FilmNow.java | FilmNow.java: toString | FilmNow.java: formataFilme,high
S77,official_sample,redacted,llm,readability_and_documentation,Readability and Documentation,8.0,10,"O código possui boa organização e Javadoc em vários métodos, mas perde pontos por comentários informais e nomenclaturas fora do padrão.",FilmNow.java | FilmNow.java: equals1 | FilmNow.java: TAMANINHO | FilmNow.java: Hotlist,high
S78,official_sample,redacted,llm,basic_functionality,Basic Functionality,7.0,10,"O sistema implementa a maior parte das funcionalidades corretamente, mas apresenta falhas na adição de filmes duplicados (que acabam sendo sobrescritos), na formatação da listagem de filmes (falta o ano) e um erro de índice ao tentar substituir um filme na HotList.",FilmNow.java: cadastraFilme | FilmNow.java: detalharFilmeNow | MainFilmNow.java: exibeHot | MainFilmNow.java: formataFilme | FilmNow.java: cadastraHot | FilmNow.java: removerHot,high
S78,official_sample,redacted,llm,unit_tests,Unit Tests,9.0,10,"Excelente conjunto de testes para a classe FilmNow, cobrindo casos normais e limites. Faltaram apenas testes mais abrangentes para a classe Filme (construtor e getters).",FilmNowTest.java,high
S78,official_sample,redacted,llm,class_design,Class Design,10.0,10,"As classes foram bem modeladas, com Filme representando a entidade e FilmNow gerenciando as coleções.",Filme.java | FilmNow.java | MainFilmNow.java,high
S78,official_sample,redacted,llm,object_references,Object References and Composition,10.0,10,Uso correto de referências e composição entre FilmNow e Filme.,FilmNow.java,high
S78,official_sample,redacted,llm,collections_and_arrays,Collections and Arrays,9.0,10,"Uso adequado de arrays para armazenar os filmes, respeitando os limites. Há apenas um pequeno erro de lógica na manipulação dos índices ao remover da HotList.",FilmNow.java: construtor | Filme.java: construtor | FilmNow.java: removerHot,high
S78,official_sample,redacted,llm,separation_of_concerns,Separation of Concerns,10.0,10,"Excelente separação de responsabilidades. A interface com o usuário está isolada no Main, enquanto a lógica de negócio e armazenamento fica no FilmNow.",MainFilmNow.java | FilmNow.java | Filme.java,high
S78,official_sample,redacted,llm,readability_and_documentation,Readability and Documentation,10.0,10,Código muito bem documentado com Javadoc claro e objetivo. Nomes de variáveis e métodos são expressivos.,FilmNow.java | Filme.java,high
S79,official_sample,redacted,llm,basic_functionality,Basic Functionality,5.5,10,"O sistema implementa a adição e listagem de filmes, mas apresenta falhas na verificação de duplicidade, ausência de validação ao detalhar filmes e uma interpretação incorreta do requisito da HotList, que não foi implementada como uma lista independente.",MainFilmNow.java: adicionaFilme | MainFilmNow.java: mostrarFilmes | Filme.java: toString | FilmNow.java: verificaSeFilmeJaFoiInserido | MainFilmNow.java: detalharFilme | FilmNow.java: adicionaHot | MainFilmNow.java: atribuirHot | Filme.java: hot,high
S79,official_sample,redacted,llm,unit_tests,Unit Tests,7.0,10,"A classe Filme possui boa cobertura de testes, mas a classe FilmNow carece de testes para as funcionalidades principais de adição e listagem.",FilmeTest.java | FilmNowTeste.java,high
S79,official_sample,redacted,llm,class_design,Class Design,10.0,10,"As classes principais foram criadas e modeladas adequadamente, com a classe Filme encapsulando seus dados e FilmNow gerenciando a coleção.",Filme.java | FilmNow.java | MainFilmNow.java,high
S79,official_sample,redacted,llm,object_references,Object References and Composition,10.0,10,O uso de referências e a composição entre FilmNow e Filme foram implementados corretamente.,FilmNow.java: cadastraFilme | MainFilmNow.java: main,high
S79,official_sample,redacted,llm,collections_and_arrays,Collections and Arrays,8.0,10,"O array de filmes foi utilizado, mas a implementação ignora o índice 0 e não ajusta o tamanho do array, causando erro na posição limite.",FilmNow.java: filmes | FilmNow.java: TAMANHO = 100 | FilmNow.java: cadastraFilme | MainFilmNow.java: verificaPosicaoEhValida,high
S79,official_sample,redacted,llm,separation_of_concerns,Separation of Concerns,10.0,10,"Boa separação de responsabilidades entre a interface de usuário, o gerenciador e a classe de domínio.",MainFilmNow.java | FilmNow.java | Filme.java: toString,high
S79,official_sample,redacted,llm,readability_and_documentation,Readability and Documentation,10.0,10,"O código está bem organizado, legível e documentado com Javadoc de forma clara e objetiva.",Filme.java | FilmNow.java,high
S80,official_sample,redacted,llm,basic_functionality,Basic Functionality,7.5,10,"A funcionalidade básica foi implementada com sucesso na maior parte, incluindo validações de limites e duplicatas. No entanto, há falhas no gerenciamento da HotList: tentar adicionar um filme à HotList a partir de uma posição vazia causa um erro de execução (NullPointerException), sobrescrever um filme na HotList não remove o status 'Hot' do filme anterior, e remover de uma posição vazia na HotList não retorna a mensagem de erro esperada.",FilmNow.cadastraFilme | FilmNow.detalharFilme | MainFilmNow.mostrarFilmes | FilmNow.cadastraHot | FilmNow.removerHot,high
S80,official_sample,redacted,llm,unit_tests,Unit Tests,10.0,10,"Excelente conjunto de testes. O aluno cobriu extensivamente as classes Filme e FilmNow, incluindo testes de limites, validações de entrada e operações da HotList.",FilmeTest.java | FilmNowTest.java,high
S80,official_sample,redacted,llm,class_design,Class Design,10.0,10,"O design de classes atende perfeitamente aos requisitos. As classes Filme e FilmNow foram criadas com as responsabilidades corretas, e o MainFilmNow foi bem modularizado.",Filme.java | FilmNow.java | MainFilmNow.java,high
S80,official_sample,redacted,llm,object_references,Object References and Composition,10.0,10,"Uso correto de referências e composição. A classe FilmNow compõe instâncias de Filme adequadamente, e não há uso indevido de modificadores estáticos fora do Main.",FilmNow.cadastraFilme | Filme.equals,high
S80,official_sample,redacted,llm,collections_and_arrays,Collections and Arrays,10.0,10,"Uso correto de arrays para armazenar os filmes e a HotList, respeitando os limites de tamanho estabelecidos no roteiro.",FilmNow.java (construtor) | FilmNow.java (manipulação de índices),high
S80,official_sample,redacted,llm,separation_of_concerns,Separation of Concerns,10.0,10,"Excelente separação de responsabilidades. A interface com o usuário está isolada no MainFilmNow, enquanto a lógica de negócio e formatação básica estão nas classes de domínio.",MainFilmNow.java | FilmNow.java | Filme.toString,high
S80,official_sample,redacted,llm,readability_and_documentation,Readability and Documentation,10.0,10,Código muito legível e bem documentado. O aluno utilizou Javadoc de forma clara e objetiva para descrever o propósito das classes e métodos.,Filme.java | FilmNow.java,high
S81,official_sample,redacted,llm,basic_functionality,Basic Functionality,7.5,10,"A maior parte das funcionalidades foi implementada corretamente, incluindo adição de filmes e manipulação básica da HotList. No entanto, há falhas no tratamento de posições vazias e limites inferiores que causam exceções (NullPointerException e ArrayIndexOutOfBoundsException) ao detalhar filmes ou adicionar à HotList.",FilmNow.cadastraFilme | MainFilmNow.mostrarFilmes | FilmNow.removeHot | MainFilmNow.detalharFilme | FilmNow.getFilme | FilmNow.adicionaHot,high
S81,official_sample,redacted,llm,unit_tests,Unit Tests,5.5,10,"Bons testes foram criados para a adição de filmes e para os métodos da classe Filme (como equals e detalhesFilme). Contudo, faltam testes para as funcionalidades de listagem, detalhamento e manipulação da HotList na classe FilmNow.",FilmNowTest.java | FilmTest.java,high
S81,official_sample,redacted,llm,class_design,Class Design,10,10,"As classes foram modeladas corretamente, com a classe Filme encapsulando seus dados e a classe FilmNow gerenciando as coleções.",Filme.java | FilmNow.java | MainFilmNow.java,high
S81,official_sample,redacted,llm,object_references,Object References and Composition,10,10,O uso de referências e composição está correto. A classe FilmNow compõe instâncias de Filme adequadamente e o uso de modificadores estáticos está restrito ao Main.,FilmNow.cadastraFilme | MainFilmNow.java,high
S81,official_sample,redacted,llm,collections_and_arrays,Collections and Arrays,10,10,As estruturas de dados (arrays) foram utilizadas corretamente e respeitam os limites estabelecidos na especificação.,FilmNow.java,high
S81,official_sample,redacted,llm,separation_of_concerns,Separation of Concerns,10,10,"Boa separação de responsabilidades. A interface com o usuário (MainFilmNow) lida com a entrada/saída, enquanto a lógica de negócio e formatação de dados específicos ficam nas classes de domínio.",Filme.detalhesFilme | MainFilmNow.comando,high
S81,official_sample,redacted,llm,readability_and_documentation,Readability and Documentation,9,10,"O código possui boa legibilidade geral e documentação Javadoc clara. No entanto, há uma confusão significativa na nomenclatura dos parâmetros do método de adicionar à HotList.",Filme.java | FilmNow.java | FilmNow.adicionaHot | MainFilmNow.adicionaHotList,high
S82,official_sample,redacted,llm,basic_functionality,Basic Functionality,6.5,10,"O programa implementa o fluxo principal de adicionar, mostrar, detalhar e gerenciar a HotList. No entanto, faltam diversas validações exigidas na especificação, como limites de posição, campos vazios, filmes duplicados e tratamento de posições vazias (que causam NullPointerException).","MainFilmNow.java: adicionaFilme, mostrarFilmes, detalharFilme, adicionarHot | MainFilmNow.java: adicionaFilme | FilmNow.java: cadastraFilme | MainFilmNow.java: detalharFilme | MainFilmNow.java: adicionarHot",high
S82,official_sample,redacted,llm,unit_tests,Unit Tests,0.0,10,Não foram encontrados arquivos de testes na submissão.,Pacote da submissão,high
S82,official_sample,redacted,llm,class_design,Class Design,10.0,10,"As classes Filme e FilmNow foram criadas e modeladas corretamente, e o MainFilmNow foi modularizado com métodos estáticos.",Filme.java | FilmNow.java | MainFilmNow.java,high
S82,official_sample,redacted,llm,object_references,Object References and Composition,10.0,10,O uso de referências e a composição entre FilmNow e Filme foram implementados de forma adequada. O uso de métodos estáticos foi restrito à classe principal.,"FilmNow.java: cadastraFilme, cadastraHot | MainFilmNow.java",high
S82,official_sample,redacted,llm,collections_and_arrays,Collections and Arrays,9.0,10,Os arrays foram utilizados corretamente para armazenar os filmes e a HotList. Houve um pequeno erro em relação ao tamanho do array e os índices válidos (1 a 100).,"FilmNow.java: filmes, filmesHot, getFilmes, getHot | FilmNow.java: TAMANHO = 100 | MainFilmNow.java: adicionaFilme",high
S82,official_sample,redacted,llm,separation_of_concerns,Separation of Concerns,10.0,10,"As responsabilidades estão bem divididas entre a interface com o usuário (MainFilmNow), a lógica de gerenciamento (FilmNow) e a representação dos dados (Filme).",MainFilmNow.java | FilmNow.java | Filme.java,high
S82,official_sample,redacted,llm,readability_and_documentation,Readability and Documentation,10.0,10,"O código está bem organizado, legível e possui documentação Javadoc clara e objetiva para as classes e métodos públicos.",Filme.java | FilmNow.java | MainFilmNow.java,high
S83,official_sample,redacted,llm,basic_functionality,Basic Functionality,7.0,10,"O sistema implementa a maior parte das funcionalidades exigidas, incluindo cadastro, listagem e detalhamento. No entanto, apresenta falhas lógicas na manipulação da HotList (remoção incorreta e falta de validação) e utiliza comparação de Strings com '=='.",FilmNow.cadastraFilme | FilmNow.detalhar | MainFilmNow.mostrarFilmes | FilmNow.removeHotList | FilmNow.adicionaHotList | MainFilmNow.atribuirHot | Filmes.toString,high
S83,official_sample,redacted,llm,unit_tests,Unit Tests,7.5,10,"A suíte de testes cobre bem a classe FilmNow, mas os testes da classe Filmes possuem um erro estrutural grave que invalida as asserções de igualdade.",FilmNowTeste.java | FilmNowDetalhar.java | FilmesTeste.assertboolean | FilmesTeste.testEqualsObject1,high
S83,official_sample,redacted,llm,class_design,Class Design,10.0,10,"O design de classes atende perfeitamente aos requisitos, com a criação de uma classe de domínio para o filme e a classe gerenciadora do sistema.",Filmes.java | FilmNow.java | MainFilmNow.java,high
S83,official_sample,redacted,llm,object_references,Object References and Composition,10.0,10,Excelente uso de referências e composição. A classe FilmNow compõe corretamente objetos da classe Filmes.,FilmNow.cadastraFilme | FilmNow.adicionaHotList,high
S83,official_sample,redacted,llm,collections_and_arrays,Collections and Arrays,10.0,10,"As estruturas de dados foram utilizadas corretamente, respeitando os limites estabelecidos na especificação.",FilmNow.java (construtor) | FilmNow.cadastraFilme,high
S83,official_sample,redacted,llm,separation_of_concerns,Separation of Concerns,10.0,10,"Boa separação de responsabilidades entre a interface de usuário, a classe gerenciadora e a classe de domínio.",MainFilmNow.comando | FilmNow.cadastraFilme | Filmes.toString,high
S83,official_sample,redacted,llm,readability_and_documentation,Readability and Documentation,9.5,10,"O código é legível e possui boa documentação Javadoc, com apenas um pequeno desvio semântico na nomenclatura da classe de domínio.",Filmes.java | FilmNow.java,high
S84,official_sample,redacted,llm,basic_functionality,Basic Functionality,7.5,10,"A maior parte das funcionalidades foi implementada corretamente, incluindo a adição e detalhamento de filmes com validações adequadas. No entanto, a HotList apresenta falhas significativas: o método `atribuirHot` não ajusta o índice (causando erro off-by-one ou exceção), não permite escolher a posição na HotList, não verifica duplicatas, e `removerHot` impede a remoção do primeiro elemento. Além disso, há pequenos erros de exibição no `mostrarFilmes`.",FilmNow.java: cadastraFilme | FilmNow.java: detalhaFilme | FilmNow.java: atribuirHot | FilmNow.java: removerHot | MainFilmNow.java: atribuirHot | MainFilmNow.java: mostrarFilmes,high
S84,official_sample,redacted,llm,unit_tests,Unit Tests,9.0,10,"Excelente conjunto de testes para as classes Filme e FilmNow, cobrindo a maioria dos casos de sucesso e falha (limites, dados inválidos). Faltaram apenas testes para algumas operações específicas da HotList.",testes/filmnow/FilmNowTest.java | testes/filmnow/FilmTest.java,high
S84,official_sample,redacted,llm,class_design,Class Design,10.0,10,As classes foram criadas e modeladas corretamente para o problema. A classe Filme encapsula bem seus dados e FilmNow gerencia a composição de forma adequada.,Filme.java | FilmNow.java | MainFilmNow.java,high
S84,official_sample,redacted,llm,object_references,Object References and Composition,10.0,10,Uso correto de referências e instanciação de objetos. A composição entre FilmNow e Filme foi bem estabelecida.,FilmNow.java: cadastraFilme | FilmNow.java: existeFilme,high
S84,official_sample,redacted,llm,collections_and_arrays,Collections and Arrays,10.0,10,"Utilizou arrays corretamente para armazenar os filmes e a HotList, respeitando os limites de tamanho estabelecidos.",FilmNow.java: FilmNow() | FilmNow.java: cadastraFilme,high
S84,official_sample,redacted,llm,separation_of_concerns,Separation of Concerns,9.0,10,"Boa separação de responsabilidades no geral. O Main lida com a interface e FilmNow com a lógica. Contudo, o encapsulamento do array de filmes foi quebrado ao retornar a referência direta do array interno.",Filme.java: toString | FilmNow.java: cadastraFilme | MainFilmNow.java | FilmNow.java: getFilmes | FilmNow.java: getHotFilmes,high
S84,official_sample,redacted,llm,readability_and_documentation,Readability and Documentation,10.0,10,"Código muito bem formatado, legível e com excelente documentação Javadoc em todos os métodos e classes.",Filme.java | FilmNow.java,high
