submission_id,role,original_repository,evaluator_type,criterion_id,criterion_name,score,max_score,justification,evidence_refs,confidence
S01,official_sample,redacted,human,basic_functionality,Basic Functionality,8.0,10,"No método cadastraFilmeHotList, caso não tenha um filme na posição indicada deveria retornar ""POSIÇÃO INVÁLIDA"".",src/filmnow/FilmNow.java,
S01,official_sample,redacted,human,unit_tests,Unit Tests,0.0,10,Testes não implementados.,tests/,
S01,official_sample,redacted,human,class_design,Class Design,7.0,10,A classe FilmNow deveria apenas manter a lógica de negócio.,src/filmnow/FilmNow.java,
S01,official_sample,redacted,human,object_references,Object References,10.0,10,Não se deve usar '==' para comparar 2 strings.,src/filmnow/,
S01,official_sample,redacted,human,collections_and_arrays,Collections And Arrays,10.0,10,Critério atendido.,,
S01,official_sample,redacted,human,separation_of_concerns,Separation Of Concerns,9.0,10,A variável booleana 'hot' na classe Filme não deveria estar nela.,src/filmnow/Filme.java,
S01,official_sample,redacted,human,readability_and_documentation,Readability And Documentation,10.0,10,Critério atendido.,,
S02,official_sample,redacted,human,basic_functionality,Basic Functionality,10.0,10,Critério atendido.,,
S02,official_sample,redacted,human,unit_tests,Unit Tests,9.5,10,Faltou testar detalhar um filme ex hot.,tests/,
S02,official_sample,redacted,human,class_design,Class Design,7.0,10,"O método estático confereExistencia não deveria ser estático; a responsabilidade de verificar se um filme já existe é da classe FilmeNow. Além disso, o sistema armazena filmes como String[] em vez de Filme[], descartando as instâncias após gerar a string.",src/filmnow/FilmeNow.java,
S02,official_sample,redacted,human,object_references,Object References,3.0,10,O array de hotlist está sendo inicializado duas vezes e não está diminuindo -1 da posição passada ao acessar os arrays.,src/filmnow/FilmeNow.java,
S02,official_sample,redacted,human,collections_and_arrays,Collections And Arrays,10.0,10,Critério atendido.,,
S02,official_sample,redacted,human,separation_of_concerns,Separation Of Concerns,9.0,10,A classe Main deve lidar apenas com a entrada e saída.,src/filmnow/Main.java,
S02,official_sample,redacted,human,readability_and_documentation,Readability And Documentation,10.0,10,Critério atendido.,,
S03,official_sample,redacted,human,basic_functionality,Basic Functionality,8.5,10,"Nos métodos de Hot, as posições de entrada vão de 1-10, não de 0-9. Em detalharFilme ele deveria retornar uma String vazia caso não tenha nenhum filme naquela posição mas no código está 'POSIÇÃO INVÁLIDA'.",src/filmnow/FilmNow.java,
S03,official_sample,redacted,human,unit_tests,Unit Tests,6.0,10,"Nos testes da classe Filme faltou testar o toString, e nos testes da classe FilmNow, os métodos de listagem da lista de filmes e da hotlist, adicionar e remover da hotlist não foram implementados.",tests/,
S03,official_sample,redacted,human,class_design,Class Design,7.0,10,"Classe Filme bem implementada, um único ponto é que posição do filme na lista não deveria ser armazenada dentro de filme.",src/filmnow/Filme.java,
S03,official_sample,redacted,human,object_references,Object References,10.0,10,Critério atendido.,,
S03,official_sample,redacted,human,collections_and_arrays,Collections And Arrays,10.0,10,Critério atendido.,,
S03,official_sample,redacted,human,separation_of_concerns,Separation Of Concerns,7.0,10,"A classe Main deve lidar apenas com a entrada e saída, detalhes como verificar se o filme já está na hotlist devem estar no FilmNow.",src/filmnow/Main.java,
S03,official_sample,redacted,human,readability_and_documentation,Readability And Documentation,9.0,10,Na documentação procure deixar mais claro quais os parâmetros e o que aquele método faz.,src/filmnow/,
S04,official_sample,redacted,human,basic_functionality,Basic Functionality,9.0,10,"Caso o usuário tentasse adicionar um filme com local vazio deveria retornar ""FILME INVALIDO"".",src/filmnow/FilmNow.java,
S04,official_sample,redacted,human,unit_tests,Unit Tests,9.5,10,Faltou testar detalhar um filme que foi removido da hotlist.,tests/,
S04,official_sample,redacted,human,class_design,Class Design,10.0,10,Critério atendido.,,
S04,official_sample,redacted,human,object_references,Object References,10.0,10,Critério atendido.,,
S04,official_sample,redacted,human,collections_and_arrays,Collections And Arrays,10.0,10,Critério atendido.,,
S04,official_sample,redacted,human,separation_of_concerns,Separation Of Concerns,9.0,10,HotList deveria ser uma lista dentro de FilmNow não uma classe separada. A variável booleana 'hot' na classe Filme não deveria estar nela.,src/filmnow/HotList.java | src/filmnow/Filme.java,
S04,official_sample,redacted,human,readability_and_documentation,Readability And Documentation,10.0,10,Critério atendido.,,
S05,official_sample,redacted,human,basic_functionality,Basic Functionality,9.0,10,Atribuir hot a um filme que não existe numa posição válida deveria retornar 'POSIÇÃO INVÁLIDA'.,src/filmnow/FilmNow.java,
S05,official_sample,redacted,human,unit_tests,Unit Tests,9.5,10,Faltou testar detalhar um filme ex hot.,tests/,
S05,official_sample,redacted,human,class_design,Class Design,8.0,10,"O método equals de Filme usa == para comparar o atributo ano (String), comprometendo a verificação de duplicidade com entradas do usuário.",,
S05,official_sample,redacted,human,object_references,Object References,10.0,10,Critério atendido.,,
S05,official_sample,redacted,human,collections_and_arrays,Collections And Arrays,10.0,10,Critério atendido.,,
S05,official_sample,redacted,human,separation_of_concerns,Separation Of Concerns,9.0,10,A variável booleana 'hot' na classe Filme não deveria estar nela.,src/filmnow/Filme.java,
S05,official_sample,redacted,human,readability_and_documentation,Readability And Documentation,9.0,10,Tags Javadoc com descrições de @param e @return deixadas em branco em alguns métodos.,,
S06,official_sample,redacted,human,basic_functionality,Basic Functionality,8.5,10,Falta verificação de posição vazia nos métodos da HotList — posições válidas sem filme não retornam POSIÇÃO INVÁLIDA.,,
S06,official_sample,redacted,human,unit_tests,Unit Tests,9.0,10,"Faltaram testes específicos para hotFilme, ex-hot e diferentes versões de dados.",tests/,
S06,official_sample,redacted,human,class_design,Class Design,10.0,10,Critério atendido.,,
S06,official_sample,redacted,human,object_references,Object References,10.0,10,Critério atendido.,,
S06,official_sample,redacted,human,collections_and_arrays,Collections And Arrays,10.0,10,Critério atendido.,,
S06,official_sample,redacted,human,separation_of_concerns,Separation Of Concerns,10.0,10,Critério atendido.,,
S06,official_sample,redacted,human,readability_and_documentation,Readability And Documentation,9.0,10,Faltou documentação da classe Filme.,src/filmnow/Filme.java,
S07,official_sample,redacted,human,basic_functionality,Basic Functionality,10.0,10,Critério atendido.,,
S07,official_sample,redacted,human,unit_tests,Unit Tests,8.5,10,"Critério atendido. Além disso, faltam testes para o construtor e getters da classe Filme.",,
S07,official_sample,redacted,human,class_design,Class Design,9.0,10,A variável booleana 'temHot' na classe Filme não deveria estar nela.,src/filmnow/Filme.java,
S07,official_sample,redacted,human,object_references,Object References,9.0,10,"O hashcode está sendo gerado com base no nome e local, mas deveria ser nome e ano para manter consistência com o equals.",src/filmnow/Filme.java,
S07,official_sample,redacted,human,collections_and_arrays,Collections And Arrays,10.0,10,Critério atendido.,,
S07,official_sample,redacted,human,separation_of_concerns,Separation Of Concerns,9.0,10,A variável booleana 'temHot' não deveria estar na classe Filme (já contabilizado em class_design).,src/filmnow/Filme.java,
S07,official_sample,redacted,human,readability_and_documentation,Readability And Documentation,9.5,10,O método getLocal de Filme está com documentação incorreta.,src/filmnow/Filme.java,
S08,official_sample,redacted,human,basic_functionality,Basic Functionality,9.0,10,"O método detalharFilme não deveria imprimir ""POSIÇÃO INVÁLIDA"" para posições válidas sem filme.",src/filmnow/Main.java#detalharFilme,
S08,official_sample,redacted,human,unit_tests,Unit Tests,8.5,10,Faltou testar a exibição da hot list.,tests/,
S08,official_sample,redacted,human,class_design,Class Design,9.0,10,Atributos não utilizados na classe FilmNow.,src/filmnow/FilmNow.java,
S08,official_sample,redacted,human,object_references,Object References,10.0,10,Critério atendido.,,
S08,official_sample,redacted,human,collections_and_arrays,Collections And Arrays,10.0,10,Faltou verificação ao cadastrar filme na hotlist.,src/filmnow/FilmNow.java,
S08,official_sample,redacted,human,separation_of_concerns,Separation Of Concerns,10.0,10,Critério atendido.,,
S08,official_sample,redacted,human,readability_and_documentation,Readability And Documentation,6.0,10,Documentação incompleta.,src/filmnow/,
S09,official_sample,redacted,human,basic_functionality,Basic Functionality,9.0,10,"Nos métodos de hotlist, caso seja passada uma posição que não possui um filme deveria retornar 'POSIÇÃO INVÁLIDA'.",src/filmnow/FilmNow.java,
S09,official_sample,redacted,human,unit_tests,Unit Tests,9.5,10,Faltou testar detalhar um filme ex hot.,tests/,
S09,official_sample,redacted,human,class_design,Class Design,10.0,10,Critério atendido.,,
S09,official_sample,redacted,human,object_references,Object References,10.0,10,Critério atendido.,,
S09,official_sample,redacted,human,collections_and_arrays,Collections And Arrays,10.0,10,Critério atendido.,,
S09,official_sample,redacted,human,separation_of_concerns,Separation Of Concerns,9.0,10,A variável booleana 'hot' na classe Filme não deveria estar nela.,src/filmnow/Filme.java,
S09,official_sample,redacted,human,readability_and_documentation,Readability And Documentation,10.0,10,Critério atendido.,,
S10,official_sample,redacted,human,basic_functionality,Basic Functionality,10.0,10,Critério atendido.,,
S10,official_sample,redacted,human,unit_tests,Unit Tests,8.0,10,Faltaram testes de construtor e detalhar filme na Hotlist.,tests/,
S10,official_sample,redacted,human,class_design,Class Design,10.0,10,Critério atendido.,,
S10,official_sample,redacted,human,object_references,Object References,10.0,10,Critério atendido.,,
S10,official_sample,redacted,human,collections_and_arrays,Collections And Arrays,10.0,10,Critério atendido.,,
S10,official_sample,redacted,human,separation_of_concerns,Separation Of Concerns,9.0,10,A variável booleana 'hot' não deveria estar na classe Filme.,src/filmnow/Filme.java,
S10,official_sample,redacted,human,readability_and_documentation,Readability And Documentation,10.0,10,Critério atendido.,,
S11,official_sample,redacted,human,basic_functionality,Basic Functionality,10.0,10,Critério atendido.,,
S11,official_sample,redacted,human,unit_tests,Unit Tests,8.0,10,Faltou testar os métodos de exibir lista de filmes e exibir hot list.,tests/,
S11,official_sample,redacted,human,class_design,Class Design,8.0,10,"O método equals de Filme usa == para comparar o atributo anoDeLancamento (String), comprometendo a verificação de duplicidade.",,
S11,official_sample,redacted,human,object_references,Object References,10.0,10,Critério atendido.,,
S11,official_sample,redacted,human,collections_and_arrays,Collections And Arrays,10.0,10,Critério atendido.,,
S11,official_sample,redacted,human,separation_of_concerns,Separation Of Concerns,10.0,10,Critério atendido.,,
S11,official_sample,redacted,human,readability_and_documentation,Readability And Documentation,10.0,10,Critério atendido.,,
S12,official_sample,redacted,human,basic_functionality,Basic Functionality,9.0,10,"Nos métodos de hotlist, caso seja passada uma posição que não possui um filme deveria retornar 'POSIÇÃO INVÁLIDA'. Não está diminuindo -1 da posição passada ao acessar os arrays.",src/filmnow/FilmNow.java,
S12,official_sample,redacted,human,unit_tests,Unit Tests,5.0,10,"Não testou os métodos de hotlist, nem os métodos de mostrar a lista de filmes, nem de detalhar um filme.",tests/,
S12,official_sample,redacted,human,class_design,Class Design,10.0,10,Critério atendido.,,
S12,official_sample,redacted,human,object_references,Object References,10.0,10,Critério atendido.,,
S12,official_sample,redacted,human,collections_and_arrays,Collections And Arrays,7.0,10,"exibir hot está com muita lógica em filmnow, Filme que deveria ser responsável pelos detalhes de exibição.",src/filmnow/FilmNow.java,
S12,official_sample,redacted,human,separation_of_concerns,Separation Of Concerns,6.0,10,"A classe Main deve lidar apenas com a entrada e saída, verificações como posição inválida devem estar dentro de FilmNow.",src/filmnow/Main.java,
S12,official_sample,redacted,human,readability_and_documentation,Readability And Documentation,3.0,10,Não documentou a classe Filme e documentação da classe FilmNow incompleta.,src/filmnow/,
S13,official_sample,redacted,human,basic_functionality,Basic Functionality,8.5,10,Validação de posições na HotList usa || incorretamente e não verifica nulidade do filme. Detalhar posição vazia retorna POSIÇÃO INVÁLIDA em vez de vazio.,,
S13,official_sample,redacted,human,unit_tests,Unit Tests,9.5,10,Faltou testar a remoção da hotlist e exibir filme ex-hot.,tests/,
S13,official_sample,redacted,human,class_design,Class Design,10.0,10,Critério atendido.,,
S13,official_sample,redacted,human,object_references,Object References,10.0,10,Critério atendido.,,
S13,official_sample,redacted,human,collections_and_arrays,Collections And Arrays,10.0,10,Critério atendido.,,
S13,official_sample,redacted,human,separation_of_concerns,Separation Of Concerns,9.0,10,A variável booleana 'isHot' na classe Filme não deveria estar nela.,src/filmnow/Filme.java,
S13,official_sample,redacted,human,readability_and_documentation,Readability And Documentation,10.0,10,Critério atendido.,,
S14,official_sample,redacted,human,basic_functionality,Basic Functionality,8.0,10,MainFilmNow não imprime o retorno de detalhaFilme e adicionaHot. removeHot não valida limites nem nulidade.,,
S14,official_sample,redacted,human,unit_tests,Unit Tests,9.0,10,Não testou o equals da classe Filme nem exibir filme ex-hot.,tests/,
S14,official_sample,redacted,human,class_design,Class Design,10.0,10,Critério atendido.,,
S14,official_sample,redacted,human,object_references,Object References,10.0,10,Critério atendido.,,
S14,official_sample,redacted,human,collections_and_arrays,Collections And Arrays,10.0,10,Critério atendido.,,
S14,official_sample,redacted,human,separation_of_concerns,Separation Of Concerns,7.0,10,A classe Filme tem responsabilidade excessiva na exibição de detalhes.,src/filmnow/Filme.java | src/filmnow/FilmNow.java,
S14,official_sample,redacted,human,readability_and_documentation,Readability And Documentation,10.0,10,Critério atendido.,,
S15,official_sample,redacted,human,basic_functionality,Basic Functionality,8.0,10,Ao cadastrar um filme deveria verificar se o nome ou local está vazio. Ao adicionar um filme na hot list deveria verificar se a posição passada possuía um filme cadastrado.,src/filmnow/FilmNow.java,
S15,official_sample,redacted,human,unit_tests,Unit Tests,5.0,10,"Os testes estão testando apenas os cenários felizes, faltam testes de adicionar filme nas posições limite, sobreposição de filmes, testes de listar filmes, listar hot list, detalhar ex hot.",tests/,
S15,official_sample,redacted,human,class_design,Class Design,9.5,10,Inicialização de variáveis como ano na classe Filme devem ocorrer dentro do construtor.,src/filmnow/Filme.java,
S15,official_sample,redacted,human,object_references,Object References,10.0,10,Critério atendido.,,
S15,official_sample,redacted,human,collections_and_arrays,Collections And Arrays,10.0,10,Critério atendido.,,
S15,official_sample,redacted,human,separation_of_concerns,Separation Of Concerns,8.0,10,A variável booleana 'hot' na classe Filme não deveria estar nela.,src/filmnow/Filme.java,
S15,official_sample,redacted,human,readability_and_documentation,Readability And Documentation,5.0,10,Não documentou a classe Filme.,src/filmnow/Filme.java,
S16,official_sample,redacted,human,basic_functionality,Basic Functionality,4.5,10,Não implementou as funcionalidades de hotlist.,src/filmnow/FilmNow.java,
S16,official_sample,redacted,human,unit_tests,Unit Tests,0.0,10,Não implementou nenhum teste.,tests/,
S16,official_sample,redacted,human,class_design,Class Design,10.0,10,Critério atendido.,,
S16,official_sample,redacted,human,object_references,Object References,10.0,10,Critério atendido.,,
S16,official_sample,redacted,human,collections_and_arrays,Collections And Arrays,0.0,10,O método estaCadastrado possui erros de sintaxe que impedem a compilação.,,
S16,official_sample,redacted,human,separation_of_concerns,Separation Of Concerns,7.0,10,"A classe Main deve lidar apenas com a entrada e saída, verificações como posição inválida devem estar dentro da classe FilmNow. Mostrar filmes na main não deveria lidar com a classe Filme diretamente.",src/filmnow/Main.java,
S16,official_sample,redacted,human,readability_and_documentation,Readability And Documentation,7.0,10,Documentação incompleta da classe Filme.,src/filmnow/Filme.java,
S17,official_sample,redacted,human,basic_functionality,Basic Functionality,10.0,10,Critério atendido.,,
S17,official_sample,redacted,human,unit_tests,Unit Tests,7.0,10,Nomenclatura e cobertura de testes incompletas.,csv_monitor_notes,
S17,official_sample,redacted,human,class_design,Class Design,9.0,10,Inicialização fora do construtor.,csv_monitor_notes,
S17,official_sample,redacted,human,object_references,Object References,9.0,10,Problema em comparação e hash.,csv_monitor_notes,
S17,official_sample,redacted,human,collections_and_arrays,Collections And Arrays,10.0,10,Critério atendido.,,
S17,official_sample,redacted,human,separation_of_concerns,Separation Of Concerns,9.0,10,Lógica de validação exposta.,csv_monitor_notes,
S17,official_sample,redacted,human,readability_and_documentation,Readability And Documentation,10.0,10,Critério atendido.,,
S18,official_sample,redacted,human,basic_functionality,Basic Functionality,7.5,10,A adição de um segundo filme à HotList causa NullPointerException. Uso de == para comparar string vazia.,csv_monitor_notes,
S18,official_sample,redacted,human,unit_tests,Unit Tests,7.0,10,Cobertura limitada para classe Filme.,csv_monitor_notes,
S18,official_sample,redacted,human,class_design,Class Design,10.0,10,Critério atendido.,,
S18,official_sample,redacted,human,object_references,Object References,9.0,10,Implementação de hash incompleta.,csv_monitor_notes,
S18,official_sample,redacted,human,collections_and_arrays,Collections And Arrays,10.0,10,Critério atendido.,,
S18,official_sample,redacted,human,separation_of_concerns,Separation Of Concerns,8.0,10,Responsabilidade misturada em Filme.,csv_monitor_notes,
S18,official_sample,redacted,human,readability_and_documentation,Readability And Documentation,9.5,10,Documentação incompleta em método.,csv_monitor_notes,
S19,official_sample,redacted,human,basic_functionality,Basic Functionality,10.0,10,Falta validação de posição inválida.,csv_monitor_notes,
S19,official_sample,redacted,human,unit_tests,Unit Tests,8.0,10,Cobertura incompleta de métodos de listagem.,csv_monitor_notes,
S19,official_sample,redacted,human,class_design,Class Design,10.0,10,Critério atendido.,,
S19,official_sample,redacted,human,object_references,Object References,10.0,10,Critério atendido.,,
S19,official_sample,redacted,human,collections_and_arrays,Collections And Arrays,10.0,10,Critério atendido.,,
S19,official_sample,redacted,human,separation_of_concerns,Separation Of Concerns,10.0,10,Critério atendido.,,
S19,official_sample,redacted,human,readability_and_documentation,Readability And Documentation,10.0,10,Critério atendido.,,
S20,official_sample,redacted,human,basic_functionality,Basic Functionality,8.0,10,Problemas na especificação de índices e validações de hotlist.,csv_monitor_notes,
S20,official_sample,redacted,human,unit_tests,Unit Tests,7.0,10,Cobertura incompleta em métodos importantes.,csv_monitor_notes,
S20,official_sample,redacted,human,class_design,Class Design,10.0,10,Critério atendido.,,
S20,official_sample,redacted,human,object_references,Object References,10.0,10,Critério atendido.,,
S20,official_sample,redacted,human,collections_and_arrays,Collections And Arrays,8.0,10,Tamanho de array e indexação incorretos.,csv_monitor_notes,
S20,official_sample,redacted,human,separation_of_concerns,Separation Of Concerns,8.0,10,Múltiplas violações de separação de responsabilidades.,csv_monitor_notes,
S20,official_sample,redacted,human,readability_and_documentation,Readability And Documentation,10.0,10,Critério atendido.,,
S21,official_sample,redacted,human,basic_functionality,Basic Functionality,8.0,10,O sistema falha ao tratar duplicatas e não exibe corretamente os retornos da lógica de negócio.,csv_monitor_notes,
S21,official_sample,redacted,human,unit_tests,Unit Tests,7.0,10,Cobertura de testes incompleta para as funcionalidades principais.,csv_monitor_notes,
S21,official_sample,redacted,human,class_design,Class Design,10.0,10,Critério atendido.,,
S21,official_sample,redacted,human,object_references,Object References,9.0,10,Uso incorreto de comparação de igualdade para Strings.,csv_monitor_notes,
S21,official_sample,redacted,human,collections_and_arrays,Collections And Arrays,9.0,10,Problemas na manipulação de índices e validação de limites do array.,csv_monitor_notes,
S21,official_sample,redacted,human,separation_of_concerns,Separation Of Concerns,9.0,10,Estado da hotlist sendo gerenciado pela entidade Filme.,csv_monitor_notes,
S21,official_sample,redacted,human,readability_and_documentation,Readability And Documentation,10.0,10,Critério atendido.,,
S22,official_sample,redacted,human,basic_functionality,Basic Functionality,10.0,10,Critério atendido.,,
S22,official_sample,redacted,human,unit_tests,Unit Tests,3.0,10,"Suíte de testes extremamente insuficiente, negligenciando a maioria das classes e funcionalidades.",csv_monitor_notes,
S22,official_sample,redacted,human,class_design,Class Design,9.0,10,Deficiência na inicialização de estruturas de dados e delegação de responsabilidades.,csv_monitor_notes,
S22,official_sample,redacted,human,object_references,Object References,10.0,10,Critério atendido.,,
S22,official_sample,redacted,human,collections_and_arrays,Collections And Arrays,10.0,10,Critério atendido.,,
S22,official_sample,redacted,human,separation_of_concerns,Separation Of Concerns,7.0,10,Violações de SRP na entidade Filme e na classe Main.,csv_monitor_notes,
S22,official_sample,redacted,human,readability_and_documentation,Readability And Documentation,9.0,10,Documentação Javadoc incompleta.,csv_monitor_notes,
S23,official_sample,redacted,human,basic_functionality,Basic Functionality,7.5,10,Não implementou os métodos de hotlist.,src/filmnow/FilmNow.java,
S23,official_sample,redacted,human,unit_tests,Unit Tests,0.0,10,Não implementou testes.,tests/,
S23,official_sample,redacted,human,class_design,Class Design,9.0,10,O método equals da classe Filme compara o atributo 'ano' (String) usando o operador '==' em vez de '.equals()'.,src/filmnow/Filme.java,
S23,official_sample,redacted,human,object_references,Object References,8.0,10,A tentativa de adicionar um filme à HotList na Main cria um novo objeto Filme com valores nulos em vez de usar a referência do filme já existente no acervo.,src/filmnow/Main.java,
S23,official_sample,redacted,human,collections_and_arrays,Collections And Arrays,10.0,10,Critério atendido.,,
S23,official_sample,redacted,human,separation_of_concerns,Separation Of Concerns,7.0,10,"A classe Main deve lidar apenas com a entrada e saída, os métodos que enviam objetos Filme para a main deveriam enviar a representação em string. Também não deveria verificar posições inválidas.",src/filmnow/Main.java,
S23,official_sample,redacted,human,readability_and_documentation,Readability And Documentation,7.0,10,Não documentou a classe Filme.,src/filmnow/Filme.java,
S24,official_sample,redacted,human,basic_functionality,Basic Functionality,9.0,10,O sistema carece de tratamento de erros amigável em operações de hotlist.,csv_monitor_notes,
S24,official_sample,redacted,human,unit_tests,Unit Tests,7.0,10,Lacunas importantes na cobertura de testes para métodos de igualdade e manipulação de estado.,csv_monitor_notes,
S24,official_sample,redacted,human,class_design,Class Design,10.0,10,Critério atendido.,,
S24,official_sample,redacted,human,object_references,Object References,10.0,10,Critério atendido.,,
S24,official_sample,redacted,human,collections_and_arrays,Collections And Arrays,10.0,10,Critério atendido.,,
S24,official_sample,redacted,human,separation_of_concerns,Separation Of Concerns,8.0,10,Quebra de encapsulamento e má distribuição de responsabilidades de exibição.,csv_monitor_notes,
S24,official_sample,redacted,human,readability_and_documentation,Readability And Documentation,10.0,10,Critério atendido.,,
S25,official_sample,redacted,human,basic_functionality,Basic Functionality,10.0,10,Critério atendido.,,
S25,official_sample,redacted,human,unit_tests,Unit Tests,8.5,10,"Testes adequados para o fluxo principal, mas incompletos em validações de igualdade e robustez.",csv_monitor_notes,
S25,official_sample,redacted,human,class_design,Class Design,10.0,10,Critério atendido.,,
S25,official_sample,redacted,human,object_references,Object References,10.0,10,Critério atendido.,,
S25,official_sample,redacted,human,collections_and_arrays,Collections And Arrays,8.0,10,Uso inadequado de estruturas de dados conforme a especificação do problema.,csv_monitor_notes,
S25,official_sample,redacted,human,separation_of_concerns,Separation Of Concerns,10.0,10,Critério atendido.,,
S25,official_sample,redacted,human,readability_and_documentation,Readability And Documentation,10.0,10,Critério atendido.,,
S26,official_sample,redacted,human,basic_functionality,Basic Functionality,9.0,10,"Critério atendido, apesar de inconsistência menor em retorno de erro da hotlist. O sistema lança NumberFormatException ao receber ano vazio, encerrando abruptamente em vez de exibir mensagem de erro.",csv_monitor_notes | src/filmnow/MainFilmNow.java,
S26,official_sample,redacted,human,unit_tests,Unit Tests,7.0,10,Faltam testes para o caminho feliz de cadastro e operações de listagem.,csv_monitor_notes,
S26,official_sample,redacted,human,class_design,Class Design,8.5,10,Problemas na estruturação do construtor e acoplamento na classe Main.,csv_monitor_notes,
S26,official_sample,redacted,human,object_references,Object References,10.0,10,Critério atendido.,,
S26,official_sample,redacted,human,collections_and_arrays,Collections And Arrays,10.0,10,Critério atendido.,,
S26,official_sample,redacted,human,separation_of_concerns,Separation Of Concerns,10.0,10,Critério atendido.,,
S26,official_sample,redacted,human,readability_and_documentation,Readability And Documentation,8.0,10,Faltam Javadocs em métodos importantes do controlador.,csv_monitor_notes,
S27,official_sample,redacted,human,basic_functionality,Basic Functionality,8.5,10,"A lógica de adição na HotList está incompleta: não impede duplicatas, não remove o status 'hot' do filme antigo ao sobrescrever uma posição e não valida os limites do array. Além disso, o método de cadastro não valida se o campo 'local' está vazio.",csv_monitor_notes | src/filmnow/FilmNow.java,
S27,official_sample,redacted,human,unit_tests,Unit Tests,5.0,10,Ausência total de testes para a classe entidade e lacunas no controlador.,csv_monitor_notes,
S27,official_sample,redacted,human,class_design,Class Design,10.0,10,Critério atendido.,,
S27,official_sample,redacted,human,object_references,Object References,10.0,10,Critério atendido.,,
S27,official_sample,redacted,human,collections_and_arrays,Collections And Arrays,10.0,10,Critério atendido.,,
S27,official_sample,redacted,human,separation_of_concerns,Separation Of Concerns,8.0,10,Violação de responsabilidades na classe Filme e na classe Main.,csv_monitor_notes,
S27,official_sample,redacted,human,readability_and_documentation,Readability And Documentation,7.0,10,Documentação Javadoc insuficiente para o projeto.,csv_monitor_notes,
S28,official_sample,redacted,human,basic_functionality,Basic Functionality,8.5,10,Problemas na lógica de indexação que impedem o uso total das funcionalidades do sistema.,csv_monitor_notes,
S28,official_sample,redacted,human,unit_tests,Unit Tests,9.0,10,"Boa cobertura, mas com pequenas omissões em casos de borda e listagens.",csv_monitor_notes,
S28,official_sample,redacted,human,class_design,Class Design,10.0,10,Critério atendido.,,
S28,official_sample,redacted,human,object_references,Object References,10.0,10,Critério atendido.,,
S28,official_sample,redacted,human,collections_and_arrays,Collections And Arrays,7.0,10,Uso de coleção dinâmica em vez de array fixo conforme especificado.,csv_monitor_notes,
S28,official_sample,redacted,human,separation_of_concerns,Separation Of Concerns,5.0,10,Forte acoplamento entre a interface (Main) e as regras de negócio.,csv_monitor_notes,
S28,official_sample,redacted,human,readability_and_documentation,Readability And Documentation,10.0,10,Critério atendido.,,
S29,official_sample,redacted,human,basic_functionality,Basic Functionality,9.0,10,Retornos de erro imprecisos em operações de exibição.,csv_monitor_notes,
S29,official_sample,redacted,human,unit_tests,Unit Tests,10.0,10,Critério atendido.,,
S29,official_sample,redacted,human,class_design,Class Design,10.0,10,Critério atendido.,,
S29,official_sample,redacted,human,object_references,Object References,10.0,10,Critério atendido.,,
S29,official_sample,redacted,human,collections_and_arrays,Collections And Arrays,7.0,10,Uso de estruturas de dados flexíveis onde era exigido um limite fixo via array.,csv_monitor_notes,
S29,official_sample,redacted,human,separation_of_concerns,Separation Of Concerns,10.0,10,Critério atendido.,,
S29,official_sample,redacted,human,readability_and_documentation,Readability And Documentation,10.0,10,Critério atendido.,,
S30,official_sample,redacted,human,basic_functionality,Basic Functionality,10.0,10,Critério atendido.,,
S30,official_sample,redacted,human,unit_tests,Unit Tests,8.0,10,Testes de unidade ausentes para métodos de representação e listagem.,csv_monitor_notes,
S30,official_sample,redacted,human,class_design,Class Design,10.0,10,Critério atendido.,,
S30,official_sample,redacted,human,object_references,Object References,10.0,10,Critério atendido.,,
S30,official_sample,redacted,human,collections_and_arrays,Collections And Arrays,10.0,10,Critério atendido.,,
S30,official_sample,redacted,human,separation_of_concerns,Separation Of Concerns,7.0,10,Problemas de coesão e má distribuição de responsabilidades de visualização.,csv_monitor_notes,
S30,official_sample,redacted,human,readability_and_documentation,Readability And Documentation,7.0,10,Ausência total de documentação na classe principal de domínio.,csv_monitor_notes,
S31,official_sample,redacted,human,basic_functionality,Basic Functionality,1.5,10,Não implementou os métodos de hotlist. O método de detalhar um filme na Main chama um método não implementado do FilmNow.,src/filmnow/FilmNow.java,
S31,official_sample,redacted,human,unit_tests,Unit Tests,0.0,10,Não implementou testes.,tests/,
S31,official_sample,redacted,human,class_design,Class Design,5.0,10,Classe Filme praticamente não implementada e variáveis foram declaradas dentro de um método estático main.,src/filmnow/Filme.java,
S31,official_sample,redacted,human,object_references,Object References,10.0,10,Critério atendido.,,
S31,official_sample,redacted,human,collections_and_arrays,Collections And Arrays,10.0,10,Critério atendido.,,
S31,official_sample,redacted,human,separation_of_concerns,Separation Of Concerns,0.0,10,"Classe FilmNow imprimindo saídas diretamente, sendo que era responsabilidade da classe Main lidar com a entrada e saída.",src/filmnow/FilmNow.java,
S31,official_sample,redacted,human,readability_and_documentation,Readability And Documentation,5.0,10,Não documentou os métodos.,src/filmnow/,
S32,official_sample,redacted,human,basic_functionality,Basic Functionality,9.0,10,Atribuir hot a um filme que não existe numa posição válida deveria retornar 'POSIÇÃO INVÁLIDA'.,src/filmnow/FilmNow.java,
S32,official_sample,redacted,human,unit_tests,Unit Tests,8.0,10,"Faltou testar os métodos de listar filmes, listar hotlist, detalhar um filme hot e um filme ex hot.",tests/,
S32,official_sample,redacted,human,class_design,Class Design,10.0,10,Critério atendido.,,
S32,official_sample,redacted,human,object_references,Object References,10.0,10,Critério atendido.,,
S32,official_sample,redacted,human,collections_and_arrays,Collections And Arrays,10.0,10,Critério atendido.,,
S32,official_sample,redacted,human,separation_of_concerns,Separation Of Concerns,8.0,10,As variáveis 'posicao' e 'status' na classe Filme não deveriam estar nela.,src/filmnow/Filme.java,
S32,official_sample,redacted,human,readability_and_documentation,Readability And Documentation,10.0,10,Critério atendido.,,
S33,official_sample,redacted,human,basic_functionality,Basic Functionality,9.0,10,"Nos métodos de Hot, as posições de entrada vão de 1-10, não de 0-9. Em cadastraHotList, não está verificando se a posição na lista de filmes é válida. Em cadastraFilm, se o local é inválido, deve retornar 'FILME INVALIDO'.",src/filmnow/FilmNow.java,
S33,official_sample,redacted,human,unit_tests,Unit Tests,5.0,10,Faltam implementações de testes para os métodos de hotlist.,tests/,
S33,official_sample,redacted,human,class_design,Class Design,10.0,10,Critério atendido.,,
S33,official_sample,redacted,human,object_references,Object References,10.0,10,Critério atendido.,,
S33,official_sample,redacted,human,collections_and_arrays,Collections And Arrays,10.0,10,Critério atendido.,,
S33,official_sample,redacted,human,separation_of_concerns,Separation Of Concerns,9.0,10,A variável booleana 'hot' na classe Filme não deveria estar nela.,src/filmnow/Filme.java,
S33,official_sample,redacted,human,readability_and_documentation,Readability And Documentation,10.0,10,Critério atendido.,,
S34,official_sample,redacted,human,basic_functionality,Basic Functionality,10.0,10,Critério atendido.,,
S34,official_sample,redacted,human,unit_tests,Unit Tests,9.0,10,"Boa cobertura de testes, com pequenas omissões em casos de exibição.",csv_monitor_notes,
S34,official_sample,redacted,human,class_design,Class Design,10.0,10,Critério atendido.,,
S34,official_sample,redacted,human,object_references,Object References,10.0,10,Critério atendido.,,
S34,official_sample,redacted,human,collections_and_arrays,Collections And Arrays,10.0,10,Critério atendido.,,
S34,official_sample,redacted,human,separation_of_concerns,Separation Of Concerns,10.0,10,Critério atendido.,,
S34,official_sample,redacted,human,readability_and_documentation,Readability And Documentation,10.0,10,Critério atendido.,,
S35,official_sample,redacted,human,basic_functionality,Basic Functionality,0.0,10,Nenhuma funcionalidade do sistema foi implementada.,csv_monitor_notes,
S35,official_sample,redacted,human,unit_tests,Unit Tests,0.0,10,Ausência total de testes.,csv_monitor_notes,
S35,official_sample,redacted,human,class_design,Class Design,4.0,10,Estrutura de classes incompleta e insuficiente.,csv_monitor_notes,
S35,official_sample,redacted,human,object_references,Object References,10.0,10,Critério atendido.,,
S35,official_sample,redacted,human,collections_and_arrays,Collections And Arrays,10.0,10,Critério atendido.,,
S35,official_sample,redacted,human,separation_of_concerns,Separation Of Concerns,10.0,10,Critério atendido.,,
S35,official_sample,redacted,human,readability_and_documentation,Readability And Documentation,0.0,10,Ausência de documentação Javadoc.,csv_monitor_notes,
S36,official_sample,redacted,human,basic_functionality,Basic Functionality,9.0,10,O sistema lança NumberFormatException se o usuário deixar o ano vazio na entrada de dados.,src/filmnow/FilmNow.java,
S36,official_sample,redacted,human,unit_tests,Unit Tests,9.5,10,"Suíte de testes quase completa, com uma pequena lacuna em cenários de exibição.",csv_monitor_notes,
S36,official_sample,redacted,human,class_design,Class Design,10.0,10,Critério atendido.,,
S36,official_sample,redacted,human,object_references,Object References,10.0,10,Critério atendido.,,
S36,official_sample,redacted,human,collections_and_arrays,Collections And Arrays,10.0,10,Critério atendido.,,
S36,official_sample,redacted,human,separation_of_concerns,Separation Of Concerns,9.0,10,Acoplamento entre a interface e o retorno dos métodos do controlador.,csv_monitor_notes,
S36,official_sample,redacted,human,readability_and_documentation,Readability And Documentation,10.0,10,Critério atendido.,,
S37,official_sample,redacted,human,basic_functionality,Basic Functionality,9.0,10,Falha na validação de limites em operações de hotlist.,csv_monitor_notes,
S37,official_sample,redacted,human,unit_tests,Unit Tests,9.0,10,"Boa cobertura, mas com lacunas em cenários específicos de hotlist.",csv_monitor_notes,
S37,official_sample,redacted,human,class_design,Class Design,10.0,10,Critério atendido.,,
S37,official_sample,redacted,human,object_references,Object References,9.0,10,Uso incorreto de operadores de igualdade para tipos por referência.,csv_monitor_notes,
S37,official_sample,redacted,human,collections_and_arrays,Collections And Arrays,10.0,10,Critério atendido.,,
S37,official_sample,redacted,human,separation_of_concerns,Separation Of Concerns,9.0,10,Violação de encapsulamento com estado da hotlist em Filme.,csv_monitor_notes,
S37,official_sample,redacted,human,readability_and_documentation,Readability And Documentation,10.0,10,Critério atendido.,,
S38,official_sample,redacted,human,basic_functionality,Basic Functionality,8.5,10,"Uso incorreto de métodos de leitura do Scanner, prejudicando a entrada de dados compostos.",csv_monitor_notes,
S38,official_sample,redacted,human,unit_tests,Unit Tests,10.0,10,Critério atendido.,,
S38,official_sample,redacted,human,class_design,Class Design,9.0,10,O método equals da classe Filme compara o atributo ano (String) usando o operador '==' em vez de '.equals()'.,src/filmnow/Filme.java,
S38,official_sample,redacted,human,object_references,Object References,10.0,10,Critério atendido.,,
S38,official_sample,redacted,human,collections_and_arrays,Collections And Arrays,10.0,10,Critério atendido.,,
S38,official_sample,redacted,human,separation_of_concerns,Separation Of Concerns,8.0,10,Violação de responsabilidades de visualização e encapsulamento.,csv_monitor_notes,
S38,official_sample,redacted,human,readability_and_documentation,Readability And Documentation,10.0,10,Critério atendido.,,
S39,official_sample,redacted,human,basic_functionality,Basic Functionality,9.0,10,"Atribuir hot a um filme que não existe numa posição válida deveria retornar 'POSIÇÃO INVÁLIDA'. No método de remover um filme da hot list, caso não tenha um filme na posição indicada deveria retornar 'POSIÇÃO INVÁLIDA'.",src/filmnow/FilmNow.java,
S39,official_sample,redacted,human,unit_tests,Unit Tests,2.0,10,Só está testando o construtor e o método de exibição de Filme.,tests/,
S39,official_sample,redacted,human,class_design,Class Design,10.0,10,Critério atendido.,,
S39,official_sample,redacted,human,object_references,Object References,10.0,10,Critério atendido.,,
S39,official_sample,redacted,human,collections_and_arrays,Collections And Arrays,5.0,10,Hotlist deveria ser um array na classe FilmNow com apenas 10 posições.,src/filmnow/FilmNow.java,
S39,official_sample,redacted,human,separation_of_concerns,Separation Of Concerns,7.0,10,"As variáveis booleanas 'hot' e 'posicionHot' na classe Filme não deveriam estar nela. A classe filme que deveria ser responsável pela exibição dos seus detalhes, mas o código pega os atributos de Filme diretamente.",src/filmnow/Filme.java | src/filmnow/FilmNow.java,
S39,official_sample,redacted,human,readability_and_documentation,Readability And Documentation,10.0,10,Critério atendido.,,
S40,official_sample,redacted,human,basic_functionality,Basic Functionality,9.0,10,As operações adicionaHotList e removeHotList possuem validações de limite incorretas ou ausentes.,src/filmnow/FilmNow.java,
S40,official_sample,redacted,human,unit_tests,Unit Tests,10.0,10,Critério atendido.,,
S40,official_sample,redacted,human,class_design,Class Design,10.0,10,"Critério atendido, com pequena observação pedagógica sobre encapsulamento.",manual_refinement,
S40,official_sample,redacted,human,object_references,Object References,10.0,10,Critério atendido.,,
S40,official_sample,redacted,human,collections_and_arrays,Collections And Arrays,10.0,10,"Critério atendido, com pequena observação sobre validação de índices.",manual_refinement,
S40,official_sample,redacted,human,separation_of_concerns,Separation Of Concerns,9.0,10,Pequena falha na separação de responsabilidades (já contemplada nas observações de Class Design).,,
S40,official_sample,redacted,human,readability_and_documentation,Readability And Documentation,10.0,10,Critério atendido.,,
S41,official_sample,redacted,human,basic_functionality,Basic Functionality,9.5,10,Faltou implementar a verificação se um filme já está na hotlist antes de adicionar na hotlist. A classe Filme não implementou o método toString() para exibir seus detalhes.,,
S41,official_sample,redacted,human,unit_tests,Unit Tests,9.0,10,Faltou testar a exibição da hotlist e detalhar um filme ex-hot.,,
S41,official_sample,redacted,human,class_design,Class Design,10.0,10,Critério atendido.,,
S41,official_sample,redacted,human,object_references,Object References,9.0,10,O método atribuirHot cria uma nova instância de Filme (new Filme(...)) em vez de armazenar a referência do filme já existente no acervo.,src/filmnow/FilmNow.java,
S41,official_sample,redacted,human,collections_and_arrays,Collections And Arrays,10.0,10,Critério atendido.,,
S41,official_sample,redacted,human,separation_of_concerns,Separation Of Concerns,6.5,10,"A classe Main está executando lógica de negócio, como verificar se um filme existe no método atribuirHot, além de manipular objetos Filme diretamente em vez de usar índices.",,
S41,official_sample,redacted,human,readability_and_documentation,Readability And Documentation,10.0,10,Critério atendido.,,
S42,official_sample,redacted,human,basic_functionality,Basic Functionality,10.0,10,Critério atendido.,,
S42,official_sample,redacted,human,unit_tests,Unit Tests,9.0,10,Faltou testar a exibição da hotlist e detalhar um filme ex-hot.,,
S42,official_sample,redacted,human,class_design,Class Design,9.0,10,O método equals da classe Filme compara o atributo ano (String) usando o operador '==' em vez de '.equals()'.,src/filmnow/Filme.java,
S42,official_sample,redacted,human,object_references,Object References,10.0,10,Critério atendido.,,
S42,official_sample,redacted,human,collections_and_arrays,Collections And Arrays,10.0,10,Critério atendido.,,
S42,official_sample,redacted,human,separation_of_concerns,Separation Of Concerns,9.0,10,"A classe Main está realizando verificações de lógica de negócio, como a validade das posições informadas.",,
S42,official_sample,redacted,human,readability_and_documentation,Readability And Documentation,10.0,10,Critério atendido.,,
S43,official_sample,redacted,human,basic_functionality,Basic Functionality,6.5,10,Não foram implementadas as funcionalidades relacionadas à Hotlist. O método listarFilmes lança NullPointerException por falta de verificação de existência de filme na posição.,,
S43,official_sample,redacted,human,unit_tests,Unit Tests,2.0,10,Os testes não estão em formato executável e não cobrem a classe Filme nem a Hotlist.,,
S43,official_sample,redacted,human,class_design,Class Design,8.0,10,A classe Filme está com o nome incorreto (possivelmente grafia errada ou fora do padrão).,,
S43,official_sample,redacted,human,object_references,Object References,10.0,10,Uso do operador '==' para comparar Strings no método equals da classe Filme.,,
S43,official_sample,redacted,human,collections_and_arrays,Collections And Arrays,10.0,10,Critério atendido.,,
S43,official_sample,redacted,human,separation_of_concerns,Separation Of Concerns,8.0,10,"O método main da classe principal está sobrecarregado com todo o código, em vez de distribuir a lógica em métodos estáticos auxiliares ou na classe de domínio.",,
S43,official_sample,redacted,human,readability_and_documentation,Readability And Documentation,8.0,10,Alguns métodos não seguem o padrão Javadoc.,,
S44,official_sample,redacted,human,basic_functionality,Basic Functionality,9.0,10,Faltou implementar o toString() na classe Filme e o método mostrarFilmes diverge da especificação.,,
S44,official_sample,redacted,human,unit_tests,Unit Tests,0.0,10,Não foram implementados testes unitários.,,
S44,official_sample,redacted,human,class_design,Class Design,10.0,10,Critério atendido.,,
S44,official_sample,redacted,human,object_references,Object References,9.0,10,A inicialização do array da Hotlist ocorre fora do construtor.,,
S44,official_sample,redacted,human,collections_and_arrays,Collections And Arrays,10.0,10,Critério atendido.,,
S44,official_sample,redacted,human,separation_of_concerns,Separation Of Concerns,5.5,10,A variável 'isHot' na classe Filme acopla o domínio à regra de negócio da Hotlist. A classe Main contém verificações de nulidade e prints estão espalhados em outras classes.,,
S44,official_sample,redacted,human,readability_and_documentation,Readability And Documentation,2.0,10,A documentação não está no padrão JavaDoc e carece de clareza e objetividade.,,
S45,official_sample,redacted,human,basic_functionality,Basic Functionality,10.0,10,Critério atendido.,,
S45,official_sample,redacted,human,unit_tests,Unit Tests,8.0,10,Faltou testar o método detalhesString da classe Filme e cenários de filmes na hotlist/ex-hot.,,
S45,official_sample,redacted,human,class_design,Class Design,10.0,10,Critério atendido.,,
S45,official_sample,redacted,human,object_references,Object References,10.0,10,Critério atendido.,,
S45,official_sample,redacted,human,collections_and_arrays,Collections And Arrays,10.0,10,Critério atendido.,,
S45,official_sample,redacted,human,separation_of_concerns,Separation Of Concerns,8.0,10,Lógica de exibição de detalhes de filmes da Hotlist está na classe FilmNow em vez de usar o toString da classe Filme.,,
S45,official_sample,redacted,human,readability_and_documentation,Readability And Documentation,10.0,10,Critério atendido.,,
S46,official_sample,redacted,human,basic_functionality,Basic Functionality,9.0,10,Os métodos atribuirHotFilme e removerHotFilme não verificam se as posições passadas estão dentro dos limites dos arrays antes de acessá-los.,src/filmnow/FilmNow.java,
S46,official_sample,redacted,human,unit_tests,Unit Tests,9.5,10,Faltou testar filme ex-hot.,,
S46,official_sample,redacted,human,class_design,Class Design,10.0,10,Critério atendido.,,
S46,official_sample,redacted,human,object_references,Object References,10.0,10,Critério atendido.,,
S46,official_sample,redacted,human,collections_and_arrays,Collections And Arrays,9.0,10,Erro na indexação (1-100).,,
S46,official_sample,redacted,human,separation_of_concerns,Separation Of Concerns,10.0,10,Critério atendido.,,
S46,official_sample,redacted,human,readability_and_documentation,Readability And Documentation,7.0,10,Não documentou a Filme.,,
S47,official_sample,redacted,human,basic_functionality,Basic Functionality,10.0,10,Critério atendido.,,
S47,official_sample,redacted,human,unit_tests,Unit Tests,9.5,10,Faltou testar o cenário de filme ex-hot.,,
S47,official_sample,redacted,human,class_design,Class Design,10.0,10,Critério atendido.,,
S47,official_sample,redacted,human,object_references,Object References,10.0,10,Critério atendido.,,
S47,official_sample,redacted,human,collections_and_arrays,Collections And Arrays,10.0,10,Critério atendido.,,
S47,official_sample,redacted,human,separation_of_concerns,Separation Of Concerns,7.0,10,A classe Filme guarda sua própria posição na lista geral.,,
S47,official_sample,redacted,human,readability_and_documentation,Readability And Documentation,0.0,10,Ausência total de documentação nas classes.,,
S48,official_sample,redacted,human,basic_functionality,Basic Functionality,8.0,10,"A manipulação do array da HotList utiliza uma variável 'ultimoHot' para empilhar e desempilhar elementos em vez de usar a posição especificada pelo usuário. Além disso, retorno vazio em vez de 'POSIÇÃO INVÁLIDA' para filmes inexistentes.",src/filmnow/FilmNow.java,
S48,official_sample,redacted,human,unit_tests,Unit Tests,7.0,10,Faltou testar hotlist e listagem de filmes.,,
S48,official_sample,redacted,human,class_design,Class Design,9.0,10,Critério atendido ou sem observações específicas.,,
S48,official_sample,redacted,human,object_references,Object References,10.0,10,Uso de '==' para comparação de strings no equals de Filme.,,
S48,official_sample,redacted,human,collections_and_arrays,Collections And Arrays,10.0,10,Critério atendido.,,
S48,official_sample,redacted,human,separation_of_concerns,Separation Of Concerns,8.0,10,O estado 'isHot' está na classe Filme e a Main realiza validações de índices.,,
S48,official_sample,redacted,human,readability_and_documentation,Readability And Documentation,5.0,10,Documentação incompleta ou ausente na classe Filme e FilmNow.,,
S49,official_sample,redacted,human,basic_functionality,Basic Functionality,10,10,Critério atendido.,,
S49,official_sample,redacted,human,unit_tests,Unit Tests,9.0,10,Faltou testar a substituição de filmes na hotlist e a exibição de filme ex-hot.,,
S49,official_sample,redacted,human,class_design,Class Design,10.0,10,Critério atendido.,,
S49,official_sample,redacted,human,object_references,Object References,10.0,10,Critério atendido.,,
S49,official_sample,redacted,human,collections_and_arrays,Collections And Arrays,10.0,10,Critério atendido.,,
S49,official_sample,redacted,human,separation_of_concerns,Separation Of Concerns,8.0,10,A classe FilmNow está formatando os detalhes do filme em vez de chamar o toString.,,
S49,official_sample,redacted,human,readability_and_documentation,Readability And Documentation,10.0,10,Critério atendido.,,
S50,official_sample,redacted,human,basic_functionality,Basic Functionality,10.0,10,Critério atendido.,,
S50,official_sample,redacted,human,unit_tests,Unit Tests,9.5,10,Faltou testar filme ex-hot.,,
S50,official_sample,redacted,human,class_design,Class Design,9.0,10,Uso de '==' para comparação de Strings no método nomeAno.,,
S50,official_sample,redacted,human,object_references,Object References,10.0,10,Critério atendido.,,
S50,official_sample,redacted,human,collections_and_arrays,Collections And Arrays,10.0,10,Critério atendido.,,
S50,official_sample,redacted,human,separation_of_concerns,Separation Of Concerns,9.0,10,Variável 'statusHot' na classe Filme.,,
S50,official_sample,redacted,human,readability_and_documentation,Readability And Documentation,10.0,10,Critério atendido.,,
S51,official_sample,redacted,human,basic_functionality,Basic Functionality,9.0,10,Mensagens de saída divergem da especificação.,,
S51,official_sample,redacted,human,unit_tests,Unit Tests,9.5,10,Faltou testar exibição de filme ex-hot.,,
S51,official_sample,redacted,human,class_design,Class Design,9.0,10,Uso de '==' no equals e divergência nas mensagens de saída.,,
S51,official_sample,redacted,human,object_references,Object References,10.0,10,Critério atendido.,,
S51,official_sample,redacted,human,collections_and_arrays,Collections And Arrays,10.0,10,Critério atendido.,,
S51,official_sample,redacted,human,separation_of_concerns,Separation Of Concerns,9.0,10,Variável 'hot' na classe Filme.,,
S51,official_sample,redacted,human,readability_and_documentation,Readability And Documentation,10.0,10,Critério atendido.,,
S52,official_sample,redacted,human,basic_functionality,Basic Functionality,9.0,10,"O método getFilmes() contém um System.out.println(this.filmes[1].toString()) fixo, imprimindo sempre o segundo filme independentemente do contexto.",src/filmnow/FilmNow.java,
S52,official_sample,redacted,human,unit_tests,Unit Tests,9.0,10,Faltou testar o método equals da classe Filme.,,
S52,official_sample,redacted,human,class_design,Class Design,10.0,10,Critério atendido.,,
S52,official_sample,redacted,human,object_references,Object References,10.0,10,Critério atendido.,,
S52,official_sample,redacted,human,collections_and_arrays,Collections And Arrays,10.0,10,Critério atendido.,,
S52,official_sample,redacted,human,separation_of_concerns,Separation Of Concerns,8.0,10,Variável 'hot' na classe Filme e presença de prints no método getFilmes da FilmNow.,,
S52,official_sample,redacted,human,readability_and_documentation,Readability And Documentation,10.0,10,Critério atendido.,,
S53,official_sample,redacted,human,basic_functionality,Basic Functionality,9.0,10,Uso do operador '==' para comparar strings vazias no cadastro de filmes.,src/filmnow/FilmNow.java,
S53,official_sample,redacted,human,unit_tests,Unit Tests,7.0,10,"Falta de testes para detalhamento de filmes (comum, hot e ex-hot).",,
S53,official_sample,redacted,human,class_design,Class Design,10.0,10,Critério atendido.,,
S53,official_sample,redacted,human,object_references,Object References,10.0,10,Critério atendido.,,
S53,official_sample,redacted,human,collections_and_arrays,Collections And Arrays,9.0,10,Acesso ao array usando índices 1-100.,,
S53,official_sample,redacted,human,separation_of_concerns,Separation Of Concerns,9.0,10,Validações de negócio na classe Main.,,
S53,official_sample,redacted,human,readability_and_documentation,Readability And Documentation,4.0,10,Falta de documentação na classe Filme e FilmNow.,,
S54,official_sample,redacted,human,basic_functionality,Basic Functionality,7.0,10,Funcionalidade comprometida pela falta de modelagem adequada.,,
S54,official_sample,redacted,human,unit_tests,Unit Tests,0.0,10,Não implementou testes.,,
S54,official_sample,redacted,human,class_design,Class Design,6.0,10,Ausência da classe Filme.,,
S54,official_sample,redacted,human,object_references,Object References,10.0,10,Critério atendido.,,
S54,official_sample,redacted,human,collections_and_arrays,Collections And Arrays,10.0,10,Critério atendido.,,
S54,official_sample,redacted,human,separation_of_concerns,Separation Of Concerns,5.0,10,Validações de negócio na Main e ausência de separação de entidades.,,
S54,official_sample,redacted,human,readability_and_documentation,Readability And Documentation,10.0,10,Critério atendido.,,
S55,official_sample,redacted,human,basic_functionality,Basic Functionality,10.0,10,Critério atendido.,,
S55,official_sample,redacted,human,unit_tests,Unit Tests,9.5,10,Faltou testar filme ex-hot.,,
S55,official_sample,redacted,human,class_design,Class Design,9.0,10,Uso de '==' para comparação de strings no equals.,,
S55,official_sample,redacted,human,object_references,Object References,10.0,10,Critério atendido.,,
S55,official_sample,redacted,human,collections_and_arrays,Collections And Arrays,9.0,10,Arrays com tamanho excessivo (101/11) para evitar subtração de índice.,,
S55,official_sample,redacted,human,separation_of_concerns,Separation Of Concerns,10.0,10,Critério atendido.,,
S55,official_sample,redacted,human,readability_and_documentation,Readability And Documentation,10.0,10,Critério atendido.,,
S56,official_sample,redacted,human,basic_functionality,Basic Functionality,9.0,10,"O método adicionarHot valida a posição da HotList usando TAMANHO (100) em vez de 10, não impede duplicatas e removerHot não valida a posição.",src/filmnow/FilmNow.java,
S56,official_sample,redacted,human,unit_tests,Unit Tests,9.0,10,Faltou testar o equals da classe Filme.,,
S56,official_sample,redacted,human,class_design,Class Design,10.0,10,Critério atendido.,,
S56,official_sample,redacted,human,object_references,Object References,10.0,10,Critério atendido.,,
S56,official_sample,redacted,human,collections_and_arrays,Collections And Arrays,10.0,10,Critério atendido.,,
S56,official_sample,redacted,human,separation_of_concerns,Separation Of Concerns,10.0,10,Critério atendido.,,
S56,official_sample,redacted,human,readability_and_documentation,Readability And Documentation,9.0,10,Falta da tag @return em algumas documentações.,,
S57,official_sample,redacted,human,basic_functionality,Basic Functionality,9.0,10,Não há impedimento para adicionar um filme que já está na HotList em outra posição.,src/filmnow/FilmNow.java,
S57,official_sample,redacted,human,unit_tests,Unit Tests,0.0,10,Não implementou testes.,,
S57,official_sample,redacted,human,class_design,Class Design,10.0,10,Critério atendido.,,
S57,official_sample,redacted,human,object_references,Object References,10.0,10,Critério atendido.,,
S57,official_sample,redacted,human,collections_and_arrays,Collections And Arrays,9.0,10,"Inconsistência no uso de índices de array, misturando base 0 e base 1 em acessos diretos.",src/filmnow/FilmNow.java,
S57,official_sample,redacted,human,separation_of_concerns,Separation Of Concerns,7.0,10,Lógica de negócio na classe Main.,,
S57,official_sample,redacted,human,readability_and_documentation,Readability And Documentation,10.0,10,Critério atendido.,,
S58,official_sample,redacted,human,basic_functionality,Basic Functionality,9.0,10,Falta de mensagem 'POSIÇÃO INVÁLIDA' e erro na lógica de atribuirHot (permite adicionar nulos).,,
S58,official_sample,redacted,human,unit_tests,Unit Tests,8.5,10,Faltou testar toString e filme ex-hot.,,
S58,official_sample,redacted,human,class_design,Class Design,10.0,10,Critério atendido.,,
S58,official_sample,redacted,human,object_references,Object References,10.0,10,Critério atendido.,,
S58,official_sample,redacted,human,collections_and_arrays,Collections And Arrays,10.0,10,Critério atendido.,,
S58,official_sample,redacted,human,separation_of_concerns,Separation Of Concerns,10.0,10,Critério atendido.,,
S58,official_sample,redacted,human,readability_and_documentation,Readability And Documentation,7.0,10,Falta de documentação na Filme.,,
S59,official_sample,redacted,human,basic_functionality,Basic Functionality,8.0,10,Permite duplicados silenciosamente e erro de decremento duplo de índice.,,
S59,official_sample,redacted,human,unit_tests,Unit Tests,8.0,10,Faltou testar listagem de filmes e hotlist.,,
S59,official_sample,redacted,human,class_design,Class Design,10.0,10,Critério atendido.,,
S59,official_sample,redacted,human,object_references,Object References,10.0,10,Critério atendido.,,
S59,official_sample,redacted,human,collections_and_arrays,Collections And Arrays,10.0,10,Critério atendido.,,
S59,official_sample,redacted,human,separation_of_concerns,Separation Of Concerns,6.0,10,Atributos e métodos de validação de índice na Filme e lógica de hotlist na Main.,,
S59,official_sample,redacted,human,readability_and_documentation,Readability And Documentation,10.0,10,Critério atendido.,,
S60,official_sample,redacted,human,basic_functionality,Basic Functionality,9.0,10,Falta de validação de índice na hotlist.,,
S60,official_sample,redacted,human,unit_tests,Unit Tests,6.0,10,"Faltou testar equals, hotlist e listagem.",,
S60,official_sample,redacted,human,class_design,Class Design,9.0,10,Uso de '==' no equals.,,
S60,official_sample,redacted,human,object_references,Object References,10.0,10,Critério atendido.,,
S60,official_sample,redacted,human,collections_and_arrays,Collections And Arrays,10.0,10,Critério atendido.,,
S60,official_sample,redacted,human,separation_of_concerns,Separation Of Concerns,9.0,10,Variável 'hotlist' na Filme.,,
S60,official_sample,redacted,human,readability_and_documentation,Readability And Documentation,10.0,10,Critério atendido.,,
S61,official_sample,redacted,human,basic_functionality,Basic Functionality,8.5,10,"O sistema impede a sobrescrita de um filme em uma posição já ocupada retornando 'POSIÇÃO OCUPADA!', contrariando o requisito. Além disso, a verificação de duplicidade considera apenas o nome, ignorando o ano de lançamento.",src/filmnow/FilmNow.java,
S61,official_sample,redacted,human,unit_tests,Unit Tests,8.0,10,Faltou testar detalhamento de filmes hot e ex-hot.,,
S61,official_sample,redacted,human,class_design,Class Design,10.0,10,Critério atendido.,,
S61,official_sample,redacted,human,object_references,Object References,10.0,10,Critério atendido.,,
S61,official_sample,redacted,human,collections_and_arrays,Collections And Arrays,10.0,10,Critério atendido.,,
S61,official_sample,redacted,human,separation_of_concerns,Separation Of Concerns,5.0,10,Lógica de negócio (detalhamento) na classe Main.,,
S61,official_sample,redacted,human,readability_and_documentation,Readability And Documentation,10.0,10,Critério atendido.,,
S62,official_sample,redacted,human,basic_functionality,Basic Functionality,9.0,10,As operações de adicionar e remover da HotList não validam se a posição informada está dentro do limite permitido (1 a 10).,src/filmnow/FilmNow.java,
S62,official_sample,redacted,human,unit_tests,Unit Tests,9.0,10,Faltou testar detalhadamente a sobrescrita em listas e hotlist.,,
S62,official_sample,redacted,human,class_design,Class Design,9.0,10,Hash e equals usam campos além de nome e ano.,,
S62,official_sample,redacted,human,object_references,Object References,10.0,10,Critério atendido.,,
S62,official_sample,redacted,human,collections_and_arrays,Collections And Arrays,9.0,10,Erro na indexação e tamanho dos arrays.,,
S62,official_sample,redacted,human,separation_of_concerns,Separation Of Concerns,9.0,10,Lógica de verificação de hotlist na Main.,,
S62,official_sample,redacted,human,readability_and_documentation,Readability And Documentation,7.0,10,Não documentou a classe Filme.,,
S63,official_sample,redacted,human,basic_functionality,Basic Functionality,10.0,10,Critério atendido.,,
S63,official_sample,redacted,human,unit_tests,Unit Tests,4.0,10,"Ausência de testes para Filme, Hotlist e listagem.",,
S63,official_sample,redacted,human,class_design,Class Design,9.0,10,Erro no hash/equals.,,
S63,official_sample,redacted,human,object_references,Object References,10.0,10,Critério atendido.,,
S63,official_sample,redacted,human,collections_and_arrays,Collections And Arrays,10.0,10,Critério atendido.,,
S63,official_sample,redacted,human,separation_of_concerns,Separation Of Concerns,9.0,10,Variável 'ehHot' na Filme.,,
S63,official_sample,redacted,human,readability_and_documentation,Readability And Documentation,7.0,10,Não documentou a Filme.,,
S64,official_sample,redacted,human,basic_functionality,Basic Functionality,9.0,10,O método getFilmes ignora o filme da posição 1 (índice 0) e exibe o índice interno do array em vez da posição amigável ao usuário.,src/filmnow/FilmNow.java,
S64,official_sample,redacted,human,unit_tests,Unit Tests,7.0,10,Não testou hotlist e listagem.,,
S64,official_sample,redacted,human,class_design,Class Design,10.0,10,Critério atendido.,,
S64,official_sample,redacted,human,object_references,Object References,9.0,10,"No método removeHot, o código tenta limpar o status do filme acessando filmes[posicao], usando o índice da HotList no array principal.",src/filmnow/FilmNow.java,
S64,official_sample,redacted,human,collections_and_arrays,Collections And Arrays,9.0,10,"A condição do laço for no método mostrarHot está invertida (i > hotList.length com i iniciando em 0), nunca executando o corpo do laço.",src/filmnow/FilmNow.java,
S64,official_sample,redacted,human,separation_of_concerns,Separation Of Concerns,9.0,10,Variável 'hot' na Filme.,,
S64,official_sample,redacted,human,readability_and_documentation,Readability And Documentation,10.0,10,Critério atendido.,,
S65,official_sample,redacted,human,basic_functionality,Basic Functionality,10.0,10,Critério atendido.,,
S65,official_sample,redacted,human,unit_tests,Unit Tests,8.5,10,Faltou testar toString e filme ex-hot.,,
S65,official_sample,redacted,human,class_design,Class Design,10.0,10,Critério atendido.,,
S65,official_sample,redacted,human,object_references,Object References,10.0,10,Critério atendido.,,
S65,official_sample,redacted,human,collections_and_arrays,Collections And Arrays,10.0,10,Critério atendido.,,
S65,official_sample,redacted,human,separation_of_concerns,Separation Of Concerns,10.0,10,Critério atendido.,,
S65,official_sample,redacted,human,readability_and_documentation,Readability And Documentation,10.0,10,Critério atendido.,,
S66,official_sample,redacted,human,basic_functionality,Basic Functionality,9.0,10,O método descreveFilme não utiliza o toString da classe Filme e faltam validações de posição na Hotlist.,,
S66,official_sample,redacted,human,unit_tests,Unit Tests,7.0,10,Faltam testes para cenários de erro da Hotlist e os nomes dos métodos de teste não são descritivos.,,
S66,official_sample,redacted,human,class_design,Class Design,10.0,10,Critério atendido.,,
S66,official_sample,redacted,human,object_references,Object References,10.0,10,Critério atendido.,,
S66,official_sample,redacted,human,collections_and_arrays,Collections And Arrays,10.0,10,Critério atendido.,,
S66,official_sample,redacted,human,separation_of_concerns,Separation Of Concerns,7.0,10,A classe Main está realizando verificações de negócio (estado na hotlist).,,
S66,official_sample,redacted,human,readability_and_documentation,Readability And Documentation,10.0,10,Critério atendido.,,
S67,official_sample,redacted,human,basic_functionality,Basic Functionality,9.0,10,NullPointerException no método equals da classe Filme quando o atributo ano é nulo.,src/filmnow/Filme.java,
S67,official_sample,redacted,human,unit_tests,Unit Tests,9.5,10,Faltou testar a exibição de filme ex-hot.,,
S67,official_sample,redacted,human,class_design,Class Design,10.0,10,Critério atendido.,,
S67,official_sample,redacted,human,object_references,Object References,10.0,10,Critério atendido.,,
S67,official_sample,redacted,human,collections_and_arrays,Collections And Arrays,10.0,10,Critério atendido.,,
S67,official_sample,redacted,human,separation_of_concerns,Separation Of Concerns,8.0,10,A variável booleana 'hot' está declarada na classe Filme.,,
S67,official_sample,redacted,human,readability_and_documentation,Readability And Documentation,10.0,10,Critério atendido.,,
S68,official_sample,redacted,human,basic_functionality,Basic Functionality,10.0,10,Critério atendido.,,
S68,official_sample,redacted,human,unit_tests,Unit Tests,7.0,10,Não testou hotlist e listagem.,,
S68,official_sample,redacted,human,class_design,Class Design,9.0,10,Ausência do método hashCode na Filme.,,
S68,official_sample,redacted,human,object_references,Object References,10.0,10,Critério atendido.,,
S68,official_sample,redacted,human,collections_and_arrays,Collections And Arrays,10.0,10,Critério atendido.,,
S68,official_sample,redacted,human,separation_of_concerns,Separation Of Concerns,9.0,10,Atributo 'posição' na Filme.,,
S68,official_sample,redacted,human,readability_and_documentation,Readability And Documentation,10.0,10,Critério atendido.,,
S69,official_sample,redacted,human,basic_functionality,Basic Functionality,9.0,10,Os métodos de manipulação da HotList não verificam se o filme na posição solicitada é nulo antes de acessar seus métodos.,src/filmnow/FilmNow.java,
S69,official_sample,redacted,human,unit_tests,Unit Tests,4.5,10,Não testou a classe Filme nem os métodos da hotlist.,,
S69,official_sample,redacted,human,class_design,Class Design,9.0,10,Variáveis inicializadas fora do construtor na classe Filme.,,
S69,official_sample,redacted,human,object_references,Object References,10.0,10,Critério atendido.,,
S69,official_sample,redacted,human,collections_and_arrays,Collections And Arrays,10.0,10,Critério atendido.,,
S69,official_sample,redacted,human,separation_of_concerns,Separation Of Concerns,9.0,10,Variável 'hot' na classe Filme.,,
S69,official_sample,redacted,human,readability_and_documentation,Readability And Documentation,10.0,10,Critério atendido.,,
S70,official_sample,redacted,human,basic_functionality,Basic Functionality,10.0,10,Critério atendido.,,
S70,official_sample,redacted,human,unit_tests,Unit Tests,9.5,10,Faltou testar exibição de filme ex-hot.,,
S70,official_sample,redacted,human,class_design,Class Design,10.0,10,Critério atendido.,,
S70,official_sample,redacted,human,object_references,Object References,10.0,10,Critério atendido.,,
S70,official_sample,redacted,human,collections_and_arrays,Collections And Arrays,10.0,10,Critério atendido.,,
S70,official_sample,redacted,human,separation_of_concerns,Separation Of Concerns,9.0,10,Presença da variável 'hot' na classe Filme.,,
S70,official_sample,redacted,human,readability_and_documentation,Readability And Documentation,10.0,10,Critério atendido.,,
S71,official_sample,redacted,human,basic_functionality,Basic Functionality,10.0,10,Critério atendido.,,
S71,official_sample,redacted,human,unit_tests,Unit Tests,10.0,10,Critério atendido.,,
S71,official_sample,redacted,human,class_design,Class Design,10.0,10,Critério atendido.,,
S71,official_sample,redacted,human,object_references,Object References,10.0,10,Critério atendido.,,
S71,official_sample,redacted,human,collections_and_arrays,Collections And Arrays,9.0,10,Uso de índices 1-100 sem ajuste para 0-99 no acesso ao array.,,
S71,official_sample,redacted,human,separation_of_concerns,Separation Of Concerns,8.0,10,Variável 'hot' na classe Filme e lógica de negócio na Main.,,
S71,official_sample,redacted,human,readability_and_documentation,Readability And Documentation,10.0,10,Critério atendido.,,
S72,official_sample,redacted,human,basic_functionality,Basic Functionality,9.0,10,Falta de validação de índice nos métodos da Hotlist.,,
S72,official_sample,redacted,human,unit_tests,Unit Tests,7.0,10,Faltou testar o equals e os métodos da hotlist.,,
S72,official_sample,redacted,human,class_design,Class Design,9.0,10,Uso de '==' para comparação de strings no equals da Filme.,,
S72,official_sample,redacted,human,object_references,Object References,10.0,10,Critério atendido.,,
S72,official_sample,redacted,human,collections_and_arrays,Collections And Arrays,10.0,10,Critério atendido.,,
S72,official_sample,redacted,human,separation_of_concerns,Separation Of Concerns,9.0,10,Variável 'hotList' na classe Filme.,,
S72,official_sample,redacted,human,readability_and_documentation,Readability And Documentation,10.0,10,Critério atendido.,,
S73,official_sample,redacted,human,basic_functionality,Basic Functionality,7.0,10,Mensagens de retorno em desacordo com a especificação (métodos retornando void).,,
S73,official_sample,redacted,human,unit_tests,Unit Tests,5.0,10,Testes insuficientes ou ausentes para a estrutura implementada.,,
S73,official_sample,redacted,human,class_design,Class Design,6.0,10,Ausência da classe Filme; os dados são armazenados em uma matriz.,,
S73,official_sample,redacted,human,object_references,Object References,7.0,10,Tamanho incorreto da Hotlist e ausência de composição com objetos Filme.,,
S73,official_sample,redacted,human,collections_and_arrays,Collections And Arrays,10.0,10,Critério atendido.,,
S73,official_sample,redacted,human,separation_of_concerns,Separation Of Concerns,8.0,10,Critério atendido ou sem observações específicas.,,
S73,official_sample,redacted,human,readability_and_documentation,Readability And Documentation,6.0,10,Documentação pobre e simplificada.,,
S74,official_sample,redacted,human,basic_functionality,Basic Functionality,9,10,Saída do método de detalhar filme incorreta.,,
S74,official_sample,redacted,human,unit_tests,Unit Tests,0.0,10,Não implementou testes.,,
S74,official_sample,redacted,human,class_design,Class Design,9.0,10,Hash e equals implementados incorretamente (deveriam usar apenas nome e ano).,,
S74,official_sample,redacted,human,object_references,Object References,10.0,10,Critério atendido.,,
S74,official_sample,redacted,human,collections_and_arrays,Collections And Arrays,10.0,10,Critério atendido.,,
S74,official_sample,redacted,human,separation_of_concerns,Separation Of Concerns,7.0,10,Prints fora da classe Main.,,
S74,official_sample,redacted,human,readability_and_documentation,Readability And Documentation,0.0,10,Não documentou as classes.,,
S75,official_sample,redacted,human,basic_functionality,Basic Functionality,8.5,10,Uso do operador '!=' para comparar strings e as operações da HotList não retornam as mensagens de erro exigidas pelo enunciado.,src/filmnow/FilmNow.java,
S75,official_sample,redacted,human,unit_tests,Unit Tests,10.0,10,Critério atendido.,,
S75,official_sample,redacted,human,class_design,Class Design,10.0,10,Critério atendido.,,
S75,official_sample,redacted,human,object_references,Object References,10.0,10,Critério atendido.,,
S75,official_sample,redacted,human,collections_and_arrays,Collections And Arrays,9.0,10,O método acessa filmes[posicaoFilme-1] antes de verificar se posicaoFilme é um índice válido (entre 1 e 100).,src/filmnow/FilmNow.java,
S75,official_sample,redacted,human,separation_of_concerns,Separation Of Concerns,7.0,10,Formatação da hotlist na FilmNow e validações de existência na Main.,,
S75,official_sample,redacted,human,readability_and_documentation,Readability And Documentation,5.0,10,Documentação confusa ou ausente na classe Filme.,,
S76,official_sample,redacted,human,basic_functionality,Basic Functionality,9.0,10,Falta de retorno ao usuário em operações bem-sucedidas (ex: remover hot).,,
S76,official_sample,redacted,human,unit_tests,Unit Tests,2.0,10,Testes muito limitados (só adição em FilmNow).,,
S76,official_sample,redacted,human,class_design,Class Design,10.0,10,Critério atendido.,,
S76,official_sample,redacted,human,object_references,Object References,10.0,10,Critério atendido.,,
S76,official_sample,redacted,human,collections_and_arrays,Collections And Arrays,10.0,10,Critério atendido.,,
S76,official_sample,redacted,human,separation_of_concerns,Separation Of Concerns,7.0,10,Prints fora da classe Main.,,
S76,official_sample,redacted,human,readability_and_documentation,Readability And Documentation,5.0,10,Não documentou a classe Filme nem os métodos da hotlist.,,
S77,official_sample,redacted,human,basic_functionality,Basic Functionality,9.0,10,Uso de '==' para comparar Strings ao verificar se nome e local são vazios.,src/filmnow/FilmNow.java,
S77,official_sample,redacted,human,unit_tests,Unit Tests,4.0,10,Não testou a classe Filme nem a Hotlist.,,
S77,official_sample,redacted,human,class_design,Class Design,10.0,10,Critério atendido.,,
S77,official_sample,redacted,human,object_references,Object References,9.0,10,A HotList foi implementada como um array de Strings (nomes dos filmes) em vez de um array de referências para objetos Filme.,src/filmnow/FilmNow.java,
S77,official_sample,redacted,human,collections_and_arrays,Collections And Arrays,9.0,10,Confusão de índices na manipulação da HotList: o código acessa o array 'filmes' usando o índice de destino da HotList em vez do índice de origem do filme.,src/filmnow/FilmNow.java,
S77,official_sample,redacted,human,separation_of_concerns,Separation Of Concerns,8.0,10,Ausência do método toString() na Filme.,,
S77,official_sample,redacted,human,readability_and_documentation,Readability And Documentation,3.0,10,Documentação ruim e incompleta.,,
S78,official_sample,redacted,human,basic_functionality,Basic Functionality,9.0,10,Permite cadastro de filmes duplicados.,,
S78,official_sample,redacted,human,unit_tests,Unit Tests,10.0,10,Critério atendido.,,
S78,official_sample,redacted,human,class_design,Class Design,10.0,10,Critério atendido.,,
S78,official_sample,redacted,human,object_references,Object References,10.0,10,Critério atendido.,,
S78,official_sample,redacted,human,collections_and_arrays,Collections And Arrays,9.0,10,"O método cadastraHot decrementa a posição e depois chama removerHot, que decrementa novamente, resultando em double-decrement.",src/filmnow/FilmNow.java,
S78,official_sample,redacted,human,separation_of_concerns,Separation Of Concerns,9.0,10,Atributo 'posição' na classe Filme.,,
S78,official_sample,redacted,human,readability_and_documentation,Readability And Documentation,10.0,10,Critério atendido.,,
S79,official_sample,redacted,human,basic_functionality,Basic Functionality,8.0,10,Falha na implementação da estrutura da Hotlist e indexação.,,
S79,official_sample,redacted,human,unit_tests,Unit Tests,7.0,10,Faltou testar listagens.,,
S79,official_sample,redacted,human,class_design,Class Design,9.0,10,HashCode/Equals com campos excessivos.,,
S79,official_sample,redacted,human,object_references,Object References,10.0,10,Critério atendido.,,
S79,official_sample,redacted,human,collections_and_arrays,Collections And Arrays,9.0,10,Hotlist não é um array de 10 e erro de indexação (0-based).,,
S79,official_sample,redacted,human,separation_of_concerns,Separation Of Concerns,9.0,10,Variáveis 'posicao' e 'hot' na Filme.,,
S79,official_sample,redacted,human,readability_and_documentation,Readability And Documentation,10.0,10,Critério atendido.,,
S80,official_sample,redacted,human,basic_functionality,Basic Functionality,9.0,10,Tentar adicionar à HotList uma posição do acervo que está vazia (null) causa NullPointerException.,src/filmnow/FilmNow.java,
S80,official_sample,redacted,human,unit_tests,Unit Tests,9.5,10,Faltou testar filme ex-hot.,,
S80,official_sample,redacted,human,class_design,Class Design,10.0,10,Critério atendido.,,
S80,official_sample,redacted,human,object_references,Object References,10.0,10,Critério atendido.,,
S80,official_sample,redacted,human,collections_and_arrays,Collections And Arrays,10.0,10,Critério atendido.,,
S80,official_sample,redacted,human,separation_of_concerns,Separation Of Concerns,9.0,10,Variável 'hot' na Filme.,,
S80,official_sample,redacted,human,readability_and_documentation,Readability And Documentation,10.0,10,Critério atendido.,,
S81,official_sample,redacted,human,basic_functionality,Basic Functionality,8.0,10,Falta de validação de índice na hotlist e NullPointerException ao detalhar posição vazia no acervo.,src/filmnow/FilmNow.java,
S81,official_sample,redacted,human,unit_tests,Unit Tests,4.0,10,"Faltam diversos testes (construtor, getters, sobrescrita, listagem, hotlist).",,
S81,official_sample,redacted,human,class_design,Class Design,10.0,10,Critério atendido.,,
S81,official_sample,redacted,human,object_references,Object References,10.0,10,Critério atendido.,,
S81,official_sample,redacted,human,collections_and_arrays,Collections And Arrays,10.0,10,Critério atendido.,,
S81,official_sample,redacted,human,separation_of_concerns,Separation Of Concerns,9.0,10,Variável 'isHot' na Filme.,,
S81,official_sample,redacted,human,readability_and_documentation,Readability And Documentation,10.0,10,Critério atendido.,,
S82,official_sample,redacted,human,basic_functionality,Basic Functionality,6.0,10,Falta de validação de dados obrigatórios (nome/local vazios).,,
S82,official_sample,redacted,human,unit_tests,Unit Tests,0.0,10,Não implementou testes.,,
S82,official_sample,redacted,human,class_design,Class Design,10.0,10,Critério atendido.,,
S82,official_sample,redacted,human,object_references,Object References,10.0,10,Critério atendido.,,
S82,official_sample,redacted,human,collections_and_arrays,Collections And Arrays,9.0,10,Erro na indexação (1-100).,,
S82,official_sample,redacted,human,separation_of_concerns,Separation Of Concerns,10.0,10,Critério atendido.,,
S82,official_sample,redacted,human,readability_and_documentation,Readability And Documentation,10.0,10,Critério atendido.,,
S83,official_sample,redacted,human,basic_functionality,Basic Functionality,9.0,10,O método adicionaHotList não valida se a posição informada está dentro dos limites (1 a 10).,src/filmnow/FilmNow.java,
S83,official_sample,redacted,human,unit_tests,Unit Tests,7.0,10,Faltou testar hotlist e listagem.,,
S83,official_sample,redacted,human,class_design,Class Design,10.0,10,Critério atendido.,,
S83,official_sample,redacted,human,object_references,Object References,10.0,10,Critério atendido.,,
S83,official_sample,redacted,human,collections_and_arrays,Collections And Arrays,9.0,10,"No método removeHotList, o código usa a posição da HotList para acessar o array principal de filmes.",src/filmnow/FilmNow.java,
S83,official_sample,redacted,human,separation_of_concerns,Separation Of Concerns,9.0,10,Variável 'hot' na Filme.,,
S83,official_sample,redacted,human,readability_and_documentation,Readability And Documentation,10.0,10,Critério atendido.,,
S84,official_sample,redacted,human,basic_functionality,Basic Functionality,9.0,10,Acesso inconsistente a posições na hotlist.,,
S84,official_sample,redacted,human,unit_tests,Unit Tests,7.0,10,Faltou testar hotlist e listagem.,,
S84,official_sample,redacted,human,class_design,Class Design,9.0,10,Erro no hash/equals.,,
S84,official_sample,redacted,human,object_references,Object References,10.0,10,Critério atendido.,,
S84,official_sample,redacted,human,collections_and_arrays,Collections And Arrays,10.0,10,Critério atendido.,,
S84,official_sample,redacted,human,separation_of_concerns,Separation Of Concerns,10.0,10,Critério atendido.,,
S84,official_sample,redacted,human,readability_and_documentation,Readability And Documentation,10.0,10,Critério atendido.,,
S01,official_sample,redacted,llm,basic_functionality,Basic Functionality,7.0,10,"As funcionalidades principais foram implementadas e operam na maioria dos casos normais. No entanto, há falhas no tratamento de limites ao detalhar filmes (causando exceções), a exibição do indicador de HotList (🔥) não foi implementada, e a remoção/substituição de filmes na HotList não atualiza o status do filme removido.",FilmNow.java: cadastraFilme | FilmNow.java: cadastraFilmeHotList | MainFilmNow.java: mostrarFilmes | MainFilmNow.java: detalharFilme | FilmNow.java: getFilme | FilmNow.java: removeHotList,
S01,official_sample,redacted,llm,unit_tests,Unit Tests,0.0,10,"Não foram encontrados arquivos de testes (JUnit) na submissão, descumprindo o requisito de testar as classes Filme e FilmNow.",Submission Package: Test file count: 0,
S01,official_sample,redacted,llm,class_design,Class Design,7.5,10,"As classes principais foram criadas e modeladas de forma satisfatória. No entanto, há confusão na definição de atributos da classe FilmNow (que possui atributos que deveriam pertencer apenas ao Filme), um erro na comparação de Strings no método equals e um erro de nomenclatura em um método getter.",Filme.java | FilmNow.java | MainFilmNow.java | FilmNow.java: linhas 15-18 | Filme.java: equals | Filme.java: setEhHot,
S01,official_sample,redacted,llm,object_references,Object References and Composition,10.0,10,"A composição entre FilmNow e Filme foi implementada corretamente. Os objetos são instanciados de forma adequada e as referências são bem gerenciadas, incluindo o uso de clone() para retornar o array de filmes.",FilmNow.java: construtor | FilmNow.java: cadastraFilme | FilmNow.java: getFilmes,
S01,official_sample,redacted,llm,collections_and_arrays,Collections and Arrays,10.0,10,O uso de arrays para armazenar os filmes e a HotList está correto e respeita os limites estabelecidos na especificação.,FilmNow.java: TAMANHO e TAMANHOHOTLIST | FilmNow.java: cadastraFilme,
S01,official_sample,redacted,llm,separation_of_concerns,Separation of Concerns,10.0,10,"As responsabilidades estão bem divididas. A classe MainFilmNow cuida exclusivamente da interação com o usuário, enquanto FilmNow gerencia a lógica de negócio e Filme encapsula os dados da entidade.",MainFilmNow.java | FilmNow.java,
S01,official_sample,redacted,llm,readability_and_documentation,Readability and Documentation,10.0,10,"O código está bem formatado, legível e possui documentação Javadoc adequada para as classes e métodos públicos.",Filme.java | FilmNow.java,
S02,official_sample,redacted,llm,basic_functionality,Basic Functionality,10,10,"O sistema implementa corretamente todas as funcionalidades exigidas: adição, listagem, detalhamento e manipulação da HotList, lidando adequadamente com as regras de negócio e limites.",FilmNow.cadastraFilme | FilmNow.atribuirHot | FilmNow.detalhaFilme,
S02,official_sample,redacted,llm,unit_tests,Unit Tests,10,10,"O conjunto de testes é excelente, cobrindo exaustivamente as classes Filme e FilmNow, incluindo casos normais, limites e situações de erro.",FilmNowTest.java | FilmeTest.java,
S02,official_sample,redacted,llm,class_design,Class Design,7,10,"As classes principais foram criadas, mas a modelagem da composição falhou. A classe FilmNow armazena os filmes como Strings em vez de manter um array de objetos Filme, contrariando a especificação de design do laboratório.","Filme.java | MainFilmNow.java | FilmNow.java (linhas 14, 23, 68)",
S02,official_sample,redacted,llm,object_references,Object References and Composition,5,10,"O uso de referências a objetos foi prejudicado pela decisão de armazenar Strings. Objetos Filme são criados apenas para gerar uma String e descartados. Além disso, há uso indevido de métodos estáticos na classe Filme para regras de negócio.",MainFilmNow.java (linha 17) | FilmNow.cadastraFilme (linhas 67-68) | Filme.confereExistencia | Filme.entradasValidasNome,
S02,official_sample,redacted,llm,collections_and_arrays,Collections and Arrays,10,10,"O uso dos arrays para armazenar os dados e a HotList está correto, respeitando os limites estabelecidos e realizando o mapeamento adequado entre as posições informadas pelo usuário (1-based) e os índices do array (0-based).","FilmNow.java (linhas 23-24, 55, 68)",
S02,official_sample,redacted,llm,separation_of_concerns,Separation of Concerns,8.5,10,"A separação entre interface (Main) e lógica (FilmNow) foi bem feita. No entanto, a classe Filme assumiu indevidamente a responsabilidade de verificar a existência de filmes no sistema.",MainFilmNow.java | Filme.java | Filme.confereExistencia (linhas 128-145),
S02,official_sample,redacted,llm,readability_and_documentation,Readability and Documentation,10,10,"O código é muito legível, bem organizado e possui excelente documentação Javadoc em todas as classes e métodos públicos, explicando claramente o propósito e os parâmetros.",FilmNow.java | Filme.java,
S03,official_sample,redacted,llm,basic_functionality,Basic Functionality,7.5,10,"As funcionalidades principais foram implementadas e as validações de regras de negócio estão presentes. No entanto, há um erro sistemático de deslocamento de índice (off-by-one) entre a adição e a recuperação de filmes, além de mensagens incorretas para posições vazias.",FilmNow.java: cadastraFilme | FilmNow.java: filmeEstaNaHotList | FilmNow.java: getFilme | MainFilmNow.java: mostrarFilmes | FilmNow.java: exibirDetalhes,
S03,official_sample,redacted,llm,unit_tests,Unit Tests,7.0,10,"Boa cobertura de testes para a adição de filmes e detalhamento, mas há ausência de testes para a HotList e para alguns métodos básicos da classe Filme.",FilmNowTest.java: testAdicionarFilmeEmPosicaoVazia | FilmeTest.java: testEquals | FilmNowTest.java | FilmeTest.java,
S03,official_sample,redacted,llm,class_design,Class Design,10.0,10,Excelente modelagem das classes. Filme e FilmNow foram criadas com as responsabilidades corretas e o Main foi bem modularizado.,Filme.java | FilmNow.java | MainFilmNow.java,
S03,official_sample,redacted,llm,object_references,Object References and Composition,10.0,10,Uso correto de referências e composição. A classe FilmNow compõe instâncias de Filme adequadamente.,FilmNow.java: cadastraFilme | FilmNow.java: atributos,
S03,official_sample,redacted,llm,collections_and_arrays,Collections and Arrays,10.0,10,Uso correto de arrays respeitando os limites estabelecidos pela especificação.,FilmNow.java: construtor | FilmNow.java: getFilme,
S03,official_sample,redacted,llm,separation_of_concerns,Separation of Concerns,10.0,10,Boa separação de responsabilidades entre a interface de usuário e a lógica de negócio.,MainFilmNow.java | Filme.java: detalhes | FilmNow.java,
S03,official_sample,redacted,llm,readability_and_documentation,Readability and Documentation,10.0,10,"Código limpo, bem indentado e com Javadoc presente na maioria dos métodos públicos.",Filme.java | FilmNow.java,
S04,official_sample,redacted,llm,basic_functionality,Basic Functionality,9.5,10,"As funcionalidades foram implementadas com excelência, cobrindo quase todos os requisitos e casos limite. Houve apenas uma pequena falha na validação de local vazio ao adicionar um filme.",src/filmnow/FilmNow.java | src/filmnow/HotList.java | src/filmnow/FilmNow.java: cadastraFilme,
S04,official_sample,redacted,llm,unit_tests,Unit Tests,9.5,10,"Suíte de testes muito completa e bem estruturada, cobrindo as classes Filme, FilmNow e HotList. Pequeno desconto pois o teste para local vazio reflete o erro da implementação.",teste/lab3FilmNow/FilmNowTeste.java | teste/lab3FilmNow/FilmeTest.java | teste/lab3FilmNow/HotListTest.java | teste/lab3FilmNow/FilmNowTeste.java: testCadastrarFilmeLocalVazio,
S04,official_sample,redacted,llm,class_design,Class Design,10,10,Modelagem de classes excelente. A criação da classe HotList demonstra ótimo entendimento de orientação a objetos.,src/filmnow/Filme.java | src/filmnow/FilmNow.java | src/filmnow/HotList.java,
S04,official_sample,redacted,llm,object_references,Object References and Composition,10,10,Uso correto de referências e composição entre as classes do sistema.,src/filmnow/FilmNow.java | src/filmnow/HotList.java,
S04,official_sample,redacted,llm,collections_and_arrays,Collections and Arrays,10,10,"Arrays utilizados corretamente, respeitando os limites estabelecidos pela especificação.",src/filmnow/FilmNow.java | src/filmnow/HotList.java,
S04,official_sample,redacted,llm,separation_of_concerns,Separation of Concerns,10,10,Excelente separação de responsabilidades entre as camadas do sistema.,src/filmnow/MainFilmNow.java | src/filmnow/FilmNow.java | src/filmnow/Filme.java,
S04,official_sample,redacted,llm,readability_and_documentation,Readability and Documentation,10,10,"Código limpo, legível e bem documentado com Javadoc.",src/filmnow/Filme.java | src/filmnow/FilmNow.java | src/filmnow/HotList.java,
S05,official_sample,redacted,llm,basic_functionality,Basic Functionality,9.0,10,"As funcionalidades principais (adicionar, mostrar, detalhar) foram implementadas corretamente. No entanto, há falhas na validação de limites ao manipular a HotList, o que pode causar exceções em tempo de execução.",FilmNow.cadastraFilme | FilmNow.detalharFilme | FilmNow.adicionaHotList | FilmNow.java (métodos adicionaHotList e removeHotList),
S05,official_sample,redacted,llm,unit_tests,Unit Tests,10.0,10,"Excelente conjunto de testes, cobrindo construtores, formatação, igualdade e as regras de negócio de FilmNow, incluindo casos limite e de erro.",FilmeTest.java | FilmeNowTest.java,
S05,official_sample,redacted,llm,class_design,Class Design,8.5,10,As classes foram bem modeladas e as responsabilidades básicas estão corretas. Houve um erro na implementação do método equals ao comparar strings.,Filme.java | FilmNow.java | Filme.java (método equals),
S05,official_sample,redacted,llm,object_references,Object References and Composition,10.0,10,Uso correto de referências e composição. Objetos são instanciados adequadamente e não há uso indevido de modificadores estáticos.,FilmNow.java (construtor e cadastraFilme),
S05,official_sample,redacted,llm,collections_and_arrays,Collections and Arrays,10.0,10,"Arrays foram utilizados corretamente para armazenar os filmes e a HotList, respeitando os limites estabelecidos.",FilmNow.java (atributos e construtor),
S05,official_sample,redacted,llm,separation_of_concerns,Separation of Concerns,9.0,10,Boa separação entre a interface de usuário e a lógica de negócio. Há apenas um pequeno desvio no design de alguns métodos de exibição em FilmNow.,MainFilmNow.java | FilmNow.java | FilmNow.java (métodos exibirFilmes e exibirHotFilmes),
S05,official_sample,redacted,llm,readability_and_documentation,Readability and Documentation,9.0,10,"Código limpo, legível e com boa documentação Javadoc na maior parte, apresentando apenas algumas tags incompletas.","Filme.java | FilmNow.java | FilmNow.java (métodos formataToString, cadastraFilme, detalharFilme)",
S06,official_sample,redacted,llm,basic_functionality,Basic Functionality,9.0,10,"O sistema implementa quase todas as funcionalidades corretamente, incluindo cadastro, listagem, detalhamento e substituição de filmes. A lógica de verificação de filmes duplicados e formatação de saída está excelente. Houve apenas uma falha na validação de posições vazias ao manipular a HotList.",src/filmnow/FilmNow.java:cadastraFilme | src/filmnow/FilmNow.java:detalharFilme | src/filmnow/FilmNow.java:addFilmeHot | src/filmnow/FilmNow.java:removerFilmeHot,
S06,official_sample,redacted,llm,unit_tests,Unit Tests,10.0,10,"A suíte de testes é abrangente e cobre adequadamente as classes Filme e FilmNow, incluindo casos normais e limites.",teste/filmnow/FilmeTest.java | teste/filmnow/FilmNowTest.java,
S06,official_sample,redacted,llm,class_design,Class Design,10.0,10,"O design de classes atende perfeitamente aos requisitos do laboratório, com a criação da classe Filme e a correta modelagem do sistema FilmNow.",src/filmnow/Filme.java | src/filmnow/FilmNow.java | src/filmnow/MainFilmNow.java,
S06,official_sample,redacted,llm,object_references,Object References and Composition,10.0,10,O uso de referências e a composição entre FilmNow e Filme foram implementados de forma correta e segura.,src/filmnow/FilmNow.java:getFilmes | src/filmnow/Filme.java:equals,
S06,official_sample,redacted,llm,collections_and_arrays,Collections and Arrays,10.0,10,"Os arrays foram utilizados corretamente, respeitando os limites de tamanho e a lógica de índices.",src/filmnow/FilmNow.java:FilmNow | src/filmnow/FilmNow.java:cadastraFilme,
S06,official_sample,redacted,llm,separation_of_concerns,Separation of Concerns,10.0,10,"Excelente separação de responsabilidades entre interface com o usuário, controle do sistema e representação da entidade.",src/filmnow/MainFilmNow.java | src/filmnow/FilmNow.java | src/filmnow/Filme.java:toString,
S06,official_sample,redacted,llm,readability_and_documentation,Readability and Documentation,10.0,10,"O código é muito legível, bem organizado e a classe principal do sistema possui excelente documentação Javadoc.",src/filmnow/FilmNow.java,
S07,official_sample,redacted,llm,basic_functionality,Basic Functionality,9.5,10,"As funcionalidades principais foram implementadas com sucesso, incluindo cadastro, listagem, detalhamento e manipulação da HotList. Há apenas uma pequena falha na validação de limites ao manipular a HotList, que pode gerar exceções.",src/filmnow/FilmNow.java:cadastraFilme | src/filmnow/FilmNow.java:getFilme | src/filmnow/FilmNow.java:adicionaHot | src/filmnow/FilmNow.java:removerDaHotList,
S07,official_sample,redacted,llm,unit_tests,Unit Tests,8.0,10,"Excelente conjunto de testes para a classe FilmNow, cobrindo diversos casos limite e fluxos de exceção. Na classe Filme, no entanto, faltaram os grupos de testes explícitos para o construtor e para os métodos de acesso (getters), conforme exigido pela rubrica.",testes/lab3FilmNow/FilmNowTest.java | testes/lab3FilmNow/FilmeTest.java,
S07,official_sample,redacted,llm,class_design,Class Design,10.0,10,"O design de classes está adequado, com a entidade Filme bem modelada e a classe FilmNow gerenciando a coleção de filmes. A classe Main foi bem modularizada.",src/filmnow/Filme.java | src/filmnow/FilmNow.java | src/filmnow/MainFilmNow.java,
S07,official_sample,redacted,llm,object_references,Object References and Composition,10.0,10,Uso correto de referências e composição. O modificador static foi utilizado apenas onde apropriado (Main e constantes).,src/filmnow/FilmNow.java:cadastraFilme | src/filmnow/FilmNow.java:TAMANHO,
S07,official_sample,redacted,llm,collections_and_arrays,Collections and Arrays,10.0,10,"As estruturas de dados (arrays) foram utilizadas corretamente, respeitando os limites estabelecidos no laboratório e mapeando adequadamente as posições.",src/filmnow/FilmNow.java:FilmNow | src/filmnow/FilmNow.java:cadastraFilme,
S07,official_sample,redacted,llm,separation_of_concerns,Separation of Concerns,10.0,10,"Excelente separação de responsabilidades. A interface com o usuário não vaza para as classes de domínio, e a formatação de exibição do filme está encapsulada na classe Filme.",src/filmnow/MainFilmNow.java | src/filmnow/FilmNow.java | src/filmnow/Filme.java:exibeFilme,
S07,official_sample,redacted,llm,readability_and_documentation,Readability and Documentation,10.0,10,"Código muito legível, com boa escolha de nomes de variáveis e métodos. A documentação Javadoc está presente, clara e descreve bem o propósito dos componentes.",src/filmnow/Filme.java | src/filmnow/FilmNow.java,
S08,official_sample,redacted,llm,basic_functionality,Basic Functionality,8.5,10,"O sistema implementa quase todas as funcionalidades corretamente, incluindo validações de limites, duplicatas e formatação. No entanto, há pequenas falhas na manipulação da HotList (falta de validação para posições vazias e formatação incompleta na exibição).",src/filmnow/FilmNow.java:cadastraFilme | src/filmnow/FilmNow.java:detalharFilme | src/filmnow/FilmNow.java:CadastrarFilmeHot | src/filmnow/FilmNow.java:removerFilmeHot | src/filmnow/FilmNow.java:mostraFilmesHot,
S08,official_sample,redacted,llm,unit_tests,Unit Tests,10.0,10,"Excelente suíte de testes. O aluno cobriu a classe Filme e a classe FilmNow com diversos casos de teste, incluindo limites, exceções e caminhos felizes.",testes/filmnow/FilmeTest.java | testes/filmnow/FilmNowTest.java,
S08,official_sample,redacted,llm,class_design,Class Design,10.0,10,"As classes foram bem modeladas, com responsabilidades claras e atributos adequados para o escopo do problema.",src/filmnow/Filme.java | src/filmnow/FilmNow.java,
S08,official_sample,redacted,llm,object_references,Object References and Composition,10.0,10,"Uso correto de referências e composição. A classe FilmNow compõe instâncias de Filme adequadamente, sem uso indevido de modificadores estáticos.",src/filmnow/FilmNow.java:cadastraFilme | src/filmnow/MainFilmNow.java,
S08,official_sample,redacted,llm,collections_and_arrays,Collections and Arrays,10.0,10,Estruturas de dados utilizadas corretamente e respeitando os limites estabelecidos na especificação.,src/filmnow/FilmNow.java:FilmNow | src/filmnow/FilmNow.java:cadastraFilme,
S08,official_sample,redacted,llm,separation_of_concerns,Separation of Concerns,10.0,10,"Boa separação de responsabilidades entre interface de usuário, regras de negócio e representação de dados.",src/filmnow/MainFilmNow.java | src/filmnow/FilmNow.java | src/filmnow/Filme.java:toString,
S08,official_sample,redacted,llm,readability_and_documentation,Readability and Documentation,10.0,10,"Código limpo, bem organizado e com boa documentação Javadoc nos métodos principais.",src/filmnow/FilmNow.java | src/filmnow/Filme.java,
S09,official_sample,redacted,llm,basic_functionality,Basic Functionality,9,10,"A funcionalidade principal foi implementada com sucesso, cobrindo adição, listagem, detalhamento e hotlist. No entanto, há pequenas falhas no tratamento de posições vazias nas operações da HotList e um risco de NullPointerException ao verificar se o ano é nulo.",FilmNow.java: cadastraFilme | FilmNow.java: getFilme | FilmNow.java: getFilmes | FilmNow.java: cadastraHotlist | MainFilmNow.java: removeHotlist,
S09,official_sample,redacted,llm,unit_tests,Unit Tests,10,10,"Excelente conjunto de testes. A classe Filme e a classe FilmNow foram testadas de forma abrangente, cobrindo casos normais e limites.",testes/lab3FilmNow/Filmetest.java | testes/lab3FilmNow/FilmNowtest.java,
S09,official_sample,redacted,llm,class_design,Class Design,10,10,Modelagem de classes adequada ao problema. Filme encapsula seus dados e FilmNow gerencia as coleções.,Filme.java | FilmNow.java,
S09,official_sample,redacted,llm,object_references,Object References and Composition,10,10,Uso correto de composição e referências. FilmNow compõe instâncias de Filme adequadamente.,FilmNow.java: construtor,
S09,official_sample,redacted,llm,collections_and_arrays,Collections and Arrays,10,10,"Estruturas de dados utilizadas corretamente, respeitando os limites de tamanho estabelecidos.",FilmNow.java: atributos filmes e hotlist,
S09,official_sample,redacted,llm,separation_of_concerns,Separation of Concerns,10,10,Boa separação de responsabilidades. A interface com o usuário está isolada no Main e a lógica de negócio no FilmNow.,MainFilmNow.java | FilmNow.java,
S09,official_sample,redacted,llm,readability_and_documentation,Readability and Documentation,10,10,Código muito legível e bem documentado com Javadoc.,Filme.java | FilmNow.java,
S10,official_sample,redacted,llm,basic_functionality,Basic Functionality,9.0,10,"As funcionalidades principais foram implementadas corretamente, incluindo validações e formatações. Houve apenas uma falha na lógica de substituição da HotList, onde o filme anterior não perde o status de 'hot'.",src/filmnow/FilmNow.java:cadastraFilme | src/filmnow/FilmNow.java:getFilme | src/filmnow/FilmNow.java:adicionaHot,
S10,official_sample,redacted,llm,unit_tests,Unit Tests,10.0,10,"Excelente suíte de testes, cobrindo as classes Filme e FilmNow com diversos cenários, incluindo limites e casos de erro.",testes/lab3FilmNow/FilmeTest.java | testes/lab3FilmNow/FilmNowTest.java,
S10,official_sample,redacted,llm,class_design,Class Design,10.0,10,"As classes foram modeladas corretamente, com Filme encapsulando seus dados e FilmNow gerenciando as coleções.",src/filmnow/Filme.java | src/filmnow/FilmNow.java,
S10,official_sample,redacted,llm,object_references,Object References and Composition,10.0,10,Uso correto de referências e composição. A classe FilmNow compõe instâncias de Filme adequadamente.,src/filmnow/FilmNow.java:cadastraFilme | src/filmnow/FilmNow.java:adicionaHot,
S10,official_sample,redacted,llm,collections_and_arrays,Collections and Arrays,8.0,10,"Uso adequado de arrays para armazenar os filmes e a HotList, respeitando os limites. No entanto, há um erro na manipulação de índices ao compactar o array para exibição.",src/filmnow/FilmNow.java:FilmNow | src/filmnow/FilmNow.java:getFilmes,
S10,official_sample,redacted,llm,separation_of_concerns,Separation of Concerns,10.0,10,"Excelente separação de responsabilidades. A interface com o usuário está isolada no Main, enquanto a lógica de negócio e formatação de dados estão nas classes de domínio.",src/filmnow/MainFilmNow.java | src/filmnow/Filme.java:toString,
S10,official_sample,redacted,llm,readability_and_documentation,Readability and Documentation,10.0,10,"Código muito legível, com boa escolha de nomes e documentação Javadoc clara e objetiva em todos os métodos públicos.",src/filmnow/FilmNow.java | src/filmnow/Filme.java,
S11,official_sample,redacted,llm,basic_functionality,Basic Functionality,9.5,10,"O fluxo principal do sistema funciona perfeitamente, cobrindo todos os requisitos de cadastro, listagem, detalhamento e HotList. Há apenas um pequeno erro na interface de usuário ao ler o ano do filme.",FilmNow.cadastraFilme | FilmNow.adicionaHot | FilmNow.getFilme | MainFilmNow.java:136,
S11,official_sample,redacted,llm,unit_tests,Unit Tests,10,10,"Excelente conjunto de testes, cobrindo a classe Filme e os principais fluxos e casos limite da classe FilmNow.",FilmNowTestes.java | FilmeTestes.java,
S11,official_sample,redacted,llm,class_design,Class Design,9.0,10,"As classes foram bem modeladas e possuem responsabilidades claras. No entanto, há um erro conceitual na comparação de Strings no método equals da classe Filme.",Filme.java | FilmNow.java | Filme.java:91,
S11,official_sample,redacted,llm,object_references,Object References and Composition,10,10,"O sistema utiliza corretamente a composição, com a classe FilmNow gerenciando instâncias da classe Filme.",FilmNow.java:21 | FilmNow.java:116,
S11,official_sample,redacted,llm,collections_and_arrays,Collections and Arrays,10,10,"Uso adequado de arrays para armazenar o acervo principal e a HotList, respeitando os limites de tamanho estabelecidos.",FilmNow.java:21-22 | FilmNow.java:32,
S11,official_sample,redacted,llm,separation_of_concerns,Separation of Concerns,10,10,"Ótima separação de responsabilidades. A lógica de negócio está concentrada em FilmNow, enquanto a interação com o usuário fica restrita à MainFilmNow.",FilmNow.java | MainFilmNow.java,
S11,official_sample,redacted,llm,readability_and_documentation,Readability and Documentation,10,10,"Código muito limpo, bem organizado e com excelente documentação Javadoc.",Filme.java | FilmNow.java,
S12,official_sample,redacted,llm,basic_functionality,Basic Functionality,7.0,10,"O fluxo principal de cadastro, listagem e prevenção de duplicidade funciona bem. No entanto, há falhas no detalhamento (não exibe se é hot), na adição à HotList (não permite escolher a posição para sobrescrever) e um erro de limite ao cadastrar na posição 100.",FilmNow.java: cadastraFilme | FilmNow.java: verificaFilmeExistente | MainFilmNow.java: mostrarFilmes | MainFilmNow.java: detalharFilme | FilmNow.java: cadastrarHotFilme,
S12,official_sample,redacted,llm,unit_tests,Unit Tests,7.0,10,"Existem testes úteis e bem estruturados para as classes Filme e FilmNow, cobrindo igualdade e cadastro básico. O desconto se deve à ausência de testes para a HotList e a um teste que falharia na execução real.",FilmeTeste.java | FilmNowTeste.java | FilmNowTeste.java: testAdicionarFilmeNomeVazio | FilmNow.java: verificaDadosVazios,
S12,official_sample,redacted,llm,class_design,Class Design,10.0,10,"As classes principais foram bem modeladas, com atributos corretos e métodos adequados de igualdade e representação textual.",Filme.java | FilmNow.java,
S12,official_sample,redacted,llm,object_references,Object References and Composition,10.0,10,"O sistema utiliza corretamente a composição, com FilmNow gerenciando instâncias de Filme de forma coerente.",FilmNow.java | MainFilmNow.java,
S12,official_sample,redacted,llm,collections_and_arrays,Collections and Arrays,7.5,10,"Os arrays foram declarados e instanciados corretamente, mas há um erro conceitual no mapeamento entre a posição informada pelo usuário e o índice do array principal.",FilmNow.java: construtor | FilmNow.java: cadastraFilme | FilmNow.java: getFilme,
S12,official_sample,redacted,llm,separation_of_concerns,Separation of Concerns,7.0,10,"A lógica de negócio está separada na classe FilmNow, mas há forte acoplamento com a interface de usuário devido ao uso de prints diretos nos métodos de domínio.",MainFilmNow.java | FilmNow.java | FilmNow.java: cadastraFilme | FilmNow.java: cadastrarHotFilme | FilmNow.java: removeHotFilme,
S12,official_sample,redacted,llm,readability_and_documentation,Readability and Documentation,10.0,10,"O código é legível, com boa escolha de nomes para variáveis e métodos, e possui documentação Javadoc adequada.",FilmNow.java | MainFilmNow.java,
S13,official_sample,redacted,llm,basic_functionality,Basic Functionality,8.5,10,"O fluxo principal de cadastro, listagem e detalhamento funciona muito bem, atendendo à maioria dos requisitos. No entanto, há falhas na validação ao adicionar filmes na HotList (condição lógica incorreta que pode gerar exceções) e o detalhamento de posições vazias retorna mensagem de erro em vez de vazio.",FilmNow.java: cadastraFilme | FilmNow.java: exibirFilmes | FilmNow.java: adicionaHotList | FilmNow.java: detalhaFilme,
S13,official_sample,redacted,llm,unit_tests,Unit Tests,10.0,10,"Excelente conjunto de testes cobrindo as classes Filme e FilmNow, incluindo cenários normais, alternativos e limites.",FilmeTeste.java | FilmNowTest.java,
S13,official_sample,redacted,llm,class_design,Class Design,10.0,10,"As classes foram muito bem modeladas, com responsabilidades claras e atributos adequados para o problema.",Filme.java | FilmNow.java,
S13,official_sample,redacted,llm,object_references,Object References and Composition,10.0,10,O uso de referências e a composição entre FilmNow e Filme foram implementados de forma correta e coerente.,FilmNow.java: temFilme | Filme.java: equals,
S13,official_sample,redacted,llm,collections_and_arrays,Collections and Arrays,10.0,10,"Os arrays foram utilizados corretamente para armazenar o acervo principal e a HotList, respeitando os limites de tamanho.",FilmNow.java: construtor | FilmNow.java: formataToString,
S13,official_sample,redacted,llm,separation_of_concerns,Separation of Concerns,10.0,10,"Ótima separação de responsabilidades. A classe MainFilmNow lida apenas com a interface, enquanto FilmNow concentra a lógica de negócio.",MainFilmNow.java | FilmNow.java,
S13,official_sample,redacted,llm,readability_and_documentation,Readability and Documentation,10.0,10,"Código muito limpo, legível e bem documentado com Javadoc.",Filme.java | FilmNow.java,
S14,official_sample,redacted,llm,basic_functionality,Basic Functionality,8.0,10,"A lógica central do sistema foi muito bem implementada, cobrindo quase todos os requisitos obrigatórios com sucesso. No entanto, há falhas na integração com a interface (Main), onde os retornos de detalhar e adicionar à HotList não são exibidos ao usuário, e falta de validação ao remover da HotList.","src/filmnow/FilmNow.java | src/filmnow/MainFilmNow.java | src/filmnow/MainFilmNow.java (métodos comando, detalharFilme e atribuirHot) | src/filmnow/FilmNow.java (método removeHot)",
S14,official_sample,redacted,llm,unit_tests,Unit Tests,10.0,10,"Excelente conjunto de testes, cobrindo cenários normais, alternativos e limites com asserts relevantes.",testes/filmnow/FilmeNowtestes.java,
S14,official_sample,redacted,llm,class_design,Class Design,10.0,10,"As classes foram muito bem modeladas, com responsabilidades claras e atributos adequados para o domínio do problema.",src/filmnow/Filme.java,
S14,official_sample,redacted,llm,object_references,Object References and Composition,10.0,10,Composição e uso de referências entre FilmNow e Filme foram implementados de forma correta e coerente.,src/filmnow/FilmNow.java (métodos adicionaHot e removeHot),
S14,official_sample,redacted,llm,collections_and_arrays,Collections and Arrays,10.0,10,"Uso correto de arrays para gerenciar o acervo principal e a HotList, respeitando os limites de tamanho.",src/filmnow/FilmNow.java,
S14,official_sample,redacted,llm,separation_of_concerns,Separation of Concerns,10.0,10,Ótima separação de responsabilidades. A lógica de negócio está isolada em FilmNow e a interação com o usuário em MainFilmNow.,src/filmnow/FilmNow.java | src/filmnow/MainFilmNow.java,
S14,official_sample,redacted,llm,readability_and_documentation,Readability and Documentation,10.0,10,"Código muito limpo, legível e bem documentado com Javadoc.",src/filmnow/Filme.java | src/filmnow/FilmNow.java,
S15,official_sample,redacted,llm,basic_functionality,Basic Functionality,7.0,10,"O fluxo principal de cadastro, listagem e detalhamento funciona, assim como a HotList. No entanto, há falhas na regra de igualdade de filmes, ausência de validação de strings vazias e falha ao sobrescrever filmes na HotList.",MainFilmNow.java:adicionaFilme | FilmNow.java:cadastraFilme | FilmNow.java:adicionaHot | Filme.java:equals,
S15,official_sample,redacted,llm,unit_tests,Unit Tests,9.0,10,"Há uma boa suíte de testes cobrindo os principais métodos de Filme e FilmNow, demonstrando entendimento do uso do JUnit. Faltou apenas cobrir alguns cenários de erro e limites.",FilmeTest.java | FilmNowTest.java,
S15,official_sample,redacted,llm,class_design,Class Design,9.5,10,As classes Filme e FilmNow foram criadas com responsabilidades adequadas e boa modelagem de atributos. Houve apenas um pequeno erro na implementação de um getter.,Filme.java | FilmNow.java | Filme.java:getLocal,
S15,official_sample,redacted,llm,object_references,Object References and Composition,10.0,10,Excelente compreensão do uso de referências. O sistema compõe objetos Filme corretamente e a HotList compartilha as mesmas referências do acervo principal.,FilmNow.java:cadastraFilme | FilmNow.java:adicionaHot,
S15,official_sample,redacted,llm,collections_and_arrays,Collections and Arrays,9.5,10,Os arrays foram instanciados com os tamanhos corretos e são iterados de forma segura contra nulos. Faltou apenas proteção contra índices fora dos limites em algumas operações.,FilmNow.java:FilmNow | FilmNow.java:getFilmes | FilmNow.java:getHotList | FilmNow.java:getFilmeDetalhado,
S15,official_sample,redacted,llm,separation_of_concerns,Separation of Concerns,9.0,10,Boa separação entre a interface de usuário (MainFilmNow) e a lógica de negócio (FilmNow). Algumas validações de domínio vazaram para a Main.,MainFilmNow.java | FilmNow.java | MainFilmNow.java:adicionaFilme,
S15,official_sample,redacted,llm,readability_and_documentation,Readability and Documentation,9.0,10,"O código é limpo, bem indentado e com nomes de variáveis claros. Faltou documentar alguns dos novos métodos criados.",Filme.java | FilmNow.java | FilmNow.java:adicionaHot | FilmNow.java:removeHot,
S16,official_sample,redacted,llm,basic_functionality,Basic Functionality,3,10,"O fluxo básico de cadastro e listagem foi parcialmente implementado, mas o sistema apresenta falhas críticas: a HotList não foi implementada, há um erro de compilação no método de checagem de duplicidade, e o detalhamento busca o filme no índice errado.",MainFilmNow.java: adicionaFilme | MainFilmNow.java: mostrarFilmes | FilmNow.java | MainFilmNow.java | FilmNow.java: estaCadastrado | FilmNow.java: getFilme | FilmNow.java: cadastraFilme,
S16,official_sample,redacted,llm,unit_tests,Unit Tests,0,10,Não há evidências de testes automatizados na submissão.,Pacote da submissão,
S16,official_sample,redacted,llm,class_design,Class Design,7,10,"As classes principais (Filme e FilmNow) foram criadas e modeladas com seus atributos básicos, demonstrando entendimento inicial. No entanto, falta a modelagem para a HotList.",Filme.java | FilmNow.java,
S16,official_sample,redacted,llm,object_references,Object References and Composition,9,10,"O estudante compreendeu bem a composição, utilizando objetos da classe Filme dentro da classe FilmNow de forma coerente.",FilmNow.java: filmes | FilmNow.java: cadastraFilme | FilmNow.java,
S16,official_sample,redacted,llm,collections_and_arrays,Collections and Arrays,5,10,"O uso de arrays foi iniciado corretamente para o acervo principal, mas apresenta erros de sintaxe, inconsistência de índices e omissão da estrutura da HotList.",FilmNow.java: construtor | FilmNow.java | FilmNow.java: estaCadastrado | FilmNow.java: getFilme,
S16,official_sample,redacted,llm,separation_of_concerns,Separation of Concerns,8,10,"Há uma boa separação inicial entre a interface de usuário (MainFilmNow) e a lógica de armazenamento (FilmNow), mas algumas regras de negócio vazaram para a Main.",FilmNow.java | MainFilmNow.java | MainFilmNow.java: adicionaFilme,
S16,official_sample,redacted,llm,readability_and_documentation,Readability and Documentation,7,10,"O código possui nomes de variáveis compreensíveis e mantém parte da documentação original, mas apresenta blocos de Javadoc vazios e código quebrado deixado no arquivo.",Filme.java | FilmNow.java | FilmNow.java: estaCadastrado,
S17,official_sample,redacted,llm,basic_functionality,Basic Functionality,10,10,"A funcionalidade básica foi implementada com excelência. O sistema cadastra, lista, detalha e gerencia a HotList corretamente, respeitando as regras de negócio e mensagens esperadas.",src/filmnow/FilmNow.java,
S17,official_sample,redacted,llm,unit_tests,Unit Tests,10,10,"Os testes unitários são abrangentes e cobrem tanto a classe Filme quanto FilmNow, incluindo cenários de sucesso, falha e limites.",src/testes/FilmNowTest.java | src/testes/FilmeTest.java,
S17,official_sample,redacted,llm,class_design,Class Design,8.5,10,As classes foram bem modeladas e possuem responsabilidades claras. Houve um erro conceitual na implementação do método equals da classe Filme ao comparar Strings com '=='.,src/filmnow/Filme.java | src/filmnow/Filme.java:82,
S17,official_sample,redacted,llm,object_references,Object References and Composition,10,10,O uso de referências e a composição entre as classes foram implementados corretamente. FilmNow gerencia instâncias de Filme de forma adequada.,src/filmnow/FilmNow.java | src/filmnow/MainFilmNow.java,
S17,official_sample,redacted,llm,collections_and_arrays,Collections and Arrays,10,10,"Os arrays foram utilizados corretamente para armazenar o acervo principal e a HotList, respeitando os tamanhos definidos.",src/filmnow/FilmNow.java,
S17,official_sample,redacted,llm,separation_of_concerns,Separation of Concerns,10,10,"Boa separação de responsabilidades. A classe MainFilmNow lida com a interface (entrada e saída), enquanto FilmNow concentra a lógica de negócio.",src/filmnow/FilmNow.java | src/filmnow/MainFilmNow.java,
S17,official_sample,redacted,llm,readability_and_documentation,Readability and Documentation,10,10,"O código é muito legível, bem organizado e possui excelente documentação Javadoc.",src/filmnow/Filme.java | src/filmnow/FilmNow.java,
S18,official_sample,redacted,llm,basic_functionality,Basic Functionality,7.0,10,"O sistema implementa a maior parte do fluxo principal, permitindo cadastro, listagem e detalhamento de filmes. No entanto, há uma falha crítica na adição de filmes à HotList que causa o travamento do sistema (NullPointerException) a partir da segunda inserção, além de um erro na formatação de filmes sem ano devido ao uso de '==' para comparar Strings.",FilmNow.cadastraFilme | FilmNow.getFilme | FilmNow.temFilme | MainFilmNow.adicionaHot | FilmNow.getFilmeHot | Filme.formataFilme,
S18,official_sample,redacted,llm,unit_tests,Unit Tests,9.5,10,"Excelente conjunto de testes, cobrindo a grande maioria dos cenários normais e limites para as classes Filme e FilmNow. Houve apenas um pequeno lapso com a ausência da anotação @Test em um dos métodos.",testes/filmnow/FilmeTest.java | testes/filmnow/FilmNowTest.java | FilmNowTest.testAtribuiHotDeDestinoAlem,
S18,official_sample,redacted,llm,class_design,Class Design,10.0,10,"As classes principais foram bem modeladas, com atributos adequados e responsabilidades bem definidas para o escopo do laboratório.",Filme.java | FilmNow.java,
S18,official_sample,redacted,llm,object_references,Object References and Composition,10.0,10,O uso de referências e a composição entre FilmNow e Filme foram compreendidos e aplicados corretamente.,FilmNow.cadastraFilme | FilmNow.atribuiHot | FilmNow.temFilme,
S18,official_sample,redacted,llm,collections_and_arrays,Collections and Arrays,8.5,10,"As estruturas de array foram bem utilizadas para armazenar os filmes, mas há falhas na verificação dos limites do array da HotList, permitindo acessos indevidos.",FilmNow.FilmNow() | FilmNow.getFilmes | FilmNow.atribuiHot | FilmNow.retiraHot,
S18,official_sample,redacted,llm,separation_of_concerns,Separation of Concerns,8.5,10,"A separação de responsabilidades é boa na maior parte do sistema, mas a classe MainFilmNow assumiu indevidamente lógicas de validação de domínio que já existiam no FilmNow.",MainFilmNow.java | FilmNow.java | MainFilmNow.adicionaHot,
S18,official_sample,redacted,llm,readability_and_documentation,Readability and Documentation,10.0,10,"O código apresenta excelente legibilidade, com nomes de variáveis claros e Javadoc abrangente em quase todos os métodos, incluindo os testes.",Filme.java | FilmNow.java | MainFilmNow.java,
S19,official_sample,redacted,llm,basic_functionality,Basic Functionality,10,10,"A funcionalidade básica foi implementada com excelência. O sistema cadastra, lista e detalha filmes corretamente, além de gerenciar a HotList respeitando as regras de negócio (limites, duplicidade, posições inválidas e vazias).",FilmNow.java:cadastraFilme | FilmNow.java:cadastraHot | FilmNow.java:detalhesFilme,
S19,official_sample,redacted,llm,unit_tests,Unit Tests,10,10,Os testes unitários são abrangentes e cobrem tanto o fluxo principal quanto os casos alternativos e limites das classes Filme e FilmNow.,FilmeTest.java | FilmNowTest.java,
S19,official_sample,redacted,llm,class_design,Class Design,10,10,"As classes foram bem modeladas, com responsabilidades claras. A classe Filme encapsula os dados do filme e a classe FilmNow atua corretamente como a gerenciadora do acervo.",Filme.java | FilmNow.java,
S19,official_sample,redacted,llm,object_references,Object References and Composition,10,10,O uso de referências e a composição entre as classes estão corretos. FilmNow compõe e gerencia instâncias de Filme adequadamente.,FilmNow.java:cadastraFilme | FilmNow.java:detalhesFilme,
S19,official_sample,redacted,llm,collections_and_arrays,Collections and Arrays,10,10,"Os arrays foram utilizados corretamente para armazenar o acervo de filmes e a HotList, respeitando os tamanhos definidos no enunciado.",FilmNow.java:22 | FilmNow.java:23,
S19,official_sample,redacted,llm,separation_of_concerns,Separation of Concerns,10,10,"A separação de responsabilidades está excelente. A classe MainFilmNow lida exclusivamente com a interface (I/O), enquanto FilmNow concentra a lógica de negócio.",MainFilmNow.java | FilmNow.java,
S19,official_sample,redacted,llm,readability_and_documentation,Readability and Documentation,10,10,"O código é altamente legível, bem organizado e possui excelente documentação Javadoc.",Filme.java | FilmNow.java | MainFilmNow.java,
S20,official_sample,redacted,llm,basic_functionality,Basic Functionality,8.5,10,"O fluxo principal de cadastro, listagem, detalhamento e HotList funciona bem. Houve pequenos descontos pois a interface falha ao receber ano vazio e há uma divergência na mensagem de duplicidade na HotList.",MainFilmNow.java | FilmNow.java | MainFilmNow.java:236 | MainFilmNow.java:116,
S20,official_sample,redacted,llm,unit_tests,Unit Tests,10.0,10,"Excelente conjunto de testes, cobrindo a classe Filme, FilmNow e a lógica da HotList com diversos cenários.",Testes/lab3FilmNow/DetalharFilmesTest.java | Testes/lab3FilmNow/FilmeTest.java | Testes/lab3FilmNow/FilmNowHotTest.java | Testes/lab3FilmNow/FilmNowTest.java,
S20,official_sample,redacted,llm,class_design,Class Design,10.0,10,"As classes Filme e FilmNow foram muito bem modeladas, com responsabilidades claras e métodos adequados (equals, hashCode, toString).",src/filmnow/Filme.java | src/filmnow/FilmNow.java,
S20,official_sample,redacted,llm,object_references,Object References and Composition,10.0,10,Composição e uso de referências aplicados corretamente. FilmNow gerencia instâncias de Filme de forma consistente.,src/filmnow/FilmNow.java:14 | src/filmnow/FilmNow.java:15,
S20,official_sample,redacted,llm,collections_and_arrays,Collections and Arrays,10.0,10,"Uso adequado de arrays para resolver o problema do acervo e da HotList, respeitando os limites estabelecidos.",src/filmnow/FilmNow.java:12 | src/filmnow/FilmNow.java:15,
S20,official_sample,redacted,llm,separation_of_concerns,Separation of Concerns,7.5,10,"Há uma boa separação geral, mas a classe MainFilmNow concentra algumas validações e formatações que deveriam ser delegadas aos métodos já existentes nas classes de domínio.",src/filmnow/MainFilmNow.java | src/filmnow/FilmNow.java | src/filmnow/MainFilmNow.java:240 | src/filmnow/MainFilmNow.java:176 | src/filmnow/FilmNow.java:126,
S20,official_sample,redacted,llm,readability_and_documentation,Readability and Documentation,10.0,10,"Código muito bem documentado com Javadoc, nomes de variáveis claros e boa organização visual.",src/filmnow/Filme.java | src/filmnow/FilmNow.java,
S21,official_sample,redacted,llm,basic_functionality,Basic Functionality,8.0,10,"O fluxo principal de cadastro, listagem e detalhamento funciona bem. No entanto, há falhas na lógica da HotList (remoção e substituição não atualizam o status corretamente) e o lançamento de exceções sem captura na Main interrompe o fluxo do programa.",FilmNow.java:cadastraFilme | FilmNow.java:detalhesFilme | FilmNow.java:removerHotlist | FilmNow.java:atribuirHotlist,
S21,official_sample,redacted,llm,unit_tests,Unit Tests,10.0,10,"Excelente conjunto de testes, cobrindo os principais fluxos e casos limite do sistema de forma abrangente.",FilmeTest.java,
S21,official_sample,redacted,llm,class_design,Class Design,10.0,10,"As classes principais foram bem modeladas, com atributos e responsabilidades adequadas para o escopo do laboratório.",Filme.java,
S21,official_sample,redacted,llm,object_references,Object References and Composition,10.0,10,"Compreensão clara da composição entre FilmNow e Filme, utilizando referências de objetos corretamente.",FilmNow.java:cadastraFilme | FilmNow.java:atribuirHotlist,
S21,official_sample,redacted,llm,collections_and_arrays,Collections and Arrays,9.0,10,Uso adequado de arrays para armazenar o acervo e a HotList. Pequeno desconto pelo uso de um atributo de classe para controle de estado temporário.,FilmNow.java:FilmNow() | FilmNow.java:hotlist | FilmNow.java:posicaoFilme | FilmNow.java:removerHotlist,
S21,official_sample,redacted,llm,separation_of_concerns,Separation of Concerns,10.0,10,Boa separação de responsabilidades. A lógica de negócio está concentrada em FilmNow e a interação com o usuário na Main.,MainFilmNow.java | FilmNow.java,
S21,official_sample,redacted,llm,readability_and_documentation,Readability and Documentation,10.0,10,"Código limpo, bem organizado e com excelente documentação Javadoc.",Filme.java | FilmNow.java,
S22,official_sample,redacted,llm,basic_functionality,Basic Functionality,7.0,10,"O fluxo principal de cadastro, listagem e detalhamento funciona, mas há falhas nas validações da HotList (exceção em vez de mensagem para posição inválida e falta de mensagem para duplicatas) e bugs de comparação de strings que comprometem as validações de campos vazios.",FilmNow.java: cadastraFilme | MainFilmNow.java: mostrarFilmes | DetalhaFilme.java: toString | FilmNow.java:111 | FilmNow.java:115 | FilmNow.java:22 | FilmNow.java:44 | MainFilmNow.java:108 | FilmNow.java:41,
S22,official_sample,redacted,llm,unit_tests,Unit Tests,8.0,10,"Boa cobertura dos cenários de cadastro e detalhamento na classe FilmNow, incluindo casos limite. Faltam testes para as operações específicas da HotList e para a classe Filme.",FIlmeTeste.java,
S22,official_sample,redacted,llm,class_design,Class Design,8.5,10,Boa compreensão da modelagem das classes principais (Filme e FilmNow). O método equals de Filme possui um erro conceitual na comparação de strings.,Filme.java | FilmNow.java | Filme.java:58,
S22,official_sample,redacted,llm,object_references,Object References and Composition,9.5,10,Excelente uso de referências e composição. O sistema gerencia corretamente os objetos Filme dentro dos arrays de FilmNow e HotList.,FilmNow.java:12 | FilmNow.java:13 | DetalhaFilme.java:5 | DetalhaFilme.java:19,
S22,official_sample,redacted,llm,collections_and_arrays,Collections and Arrays,8.5,10,"Uso correto de arrays para o acervo e para a HotList, respeitando os tamanhos definidos. Faltou apenas a proteção contra acesso fora dos limites na HotList.",FilmNow.java:12 | FilmNow.java:13 | FilmNow.java:22 | FilmNow.java:44,
S22,official_sample,redacted,llm,separation_of_concerns,Separation of Concerns,7.5,10,"Existe uma separação básica entre a Main (UI) e o FilmNow (Domínio), mas o domínio retorna mensagens de texto diretamente para a UI, e a UI ignora alguns retornos lógicos do domínio.",MainFilmNow.java | FilmNow.java | FilmNow.java:112 | FilmNow.java:120 | MainFilmNow.java:108,
S22,official_sample,redacted,llm,readability_and_documentation,Readability and Documentation,9.0,10,"Código limpo, bem indentado e com nomes de variáveis claros. Há Javadoc na maioria dos métodos, embora alguns estejam incompletos.",FilmNow.java | Filme.java | DetalhaFilme.java:10 | FilmNow.java:18 | FilmNow.java:36,
S23,official_sample,redacted,llm,basic_functionality,Basic Functionality,4,10,"O fluxo principal de cadastro e listagem de filmes foi parcialmente implementado, mas há falhas críticas. A funcionalidade de detalhar filme busca na posição errada devido a um desalinhamento de índices. Além disso, a HotList não foi implementada, possuindo métodos vazios e recursão infinita.",MainFilmNow.java: adicionaFilme | MainFilmNow.java: mostrarFilmes | FilmNow.java: cadastraFilme | MainFilmNow.java: atribuirHotList | MainFilmNow.java: removerHot | MainFilmNow.java: exibirHotList | FilmNow.java: getHotList | MainFilmNow.java: detalharFilme | FilmNow.java: getFilme,
S23,official_sample,redacted,llm,unit_tests,Unit Tests,0,10,Não há evidências de testes implementados. As classes de teste criadas estão vazias.,testes/lab3FilmNow/testes/FilmeTest.java | testes/lab3FilmNow/testes/MainFilmNowTest.java,
S23,official_sample,redacted,llm,class_design,Class Design,6,10,"As classes principais (Filme e FilmNow) foram criadas e possuem os atributos básicos esperados. No entanto, a modelagem está incompleta, faltando a representação da HotList.",Filme.java | FilmNow.java | Filme.java: equals,
S23,official_sample,redacted,llm,object_references,Object References and Composition,7,10,"O sistema demonstra compreensão básica de composição, com FilmNow armazenando referências para objetos Filme. O desconto se deve à ausência do uso de referências para a HotList.",FilmNow.java: cadastraFilme | FilmNow.java: filmes | MainFilmNow.java: atribuirHotList | FilmNow.java,
S23,official_sample,redacted,llm,collections_and_arrays,Collections and Arrays,5,10,"O array principal de filmes foi declarado e é utilizado, mas há erros de manipulação de índices e a estrutura para a HotList foi completamente omitida.",FilmNow.java: filmes | FilmNow.java: FilmNow() | FilmNow.java: filmeExistente | FilmNow.java | FilmNow.java: cadastraFilme | FilmNow.java: getFilme,
S23,official_sample,redacted,llm,separation_of_concerns,Separation of Concerns,7,10,"Existe uma separação razoável entre a interface (MainFilmNow) e o domínio (FilmNow, Filme). Contudo, algumas validações e regras de negócio vazaram para a Main e métodos estáticos em Filme.",MainFilmNow.java | FilmNow.java | MainFilmNow.java: adicionaFilme | Filme.java: verificaFilme,
S23,official_sample,redacted,llm,readability_and_documentation,Readability and Documentation,8,10,"O código é legível e possui nomes de variáveis adequados. Há Javadoc presente, em grande parte herdado do código base. O desconto se deve à presença de métodos vazios e código quebrado (recursão infinita) deixados na versão final.",FilmNow.java | MainFilmNow.java | MainFilmNow.java: removerHot | MainFilmNow.java: exibirHotList | FilmNow.java: getHotList,
S24,official_sample,redacted,llm,basic_functionality,Basic Functionality,9.0,10,"A funcionalidade básica está quase perfeita, atendendo a todos os requisitos principais de cadastro, listagem, detalhamento e HotList. O único defeito encontrado é um risco de NullPointerException ao tentar adicionar um filme de uma posição vazia à HotList.",FilmNow.java: cadastraFilme | FilmNow.java: detalharFilme | FilmNow.java: adicionaHot | FilmNow.java: exibeHot | FilmNow.java: adicionaHot (linha 125),
S24,official_sample,redacted,llm,unit_tests,Unit Tests,9.5,10,"A suíte de testes para a classe FilmNow é excelente, cobrindo exaustivamente cenários normais, alternativos e limites. A classe Filme possui apenas um teste básico, faltando cobertura para equals e hashCode.",FilmNowTest.java | FilmeTest.java,
S24,official_sample,redacted,llm,class_design,Class Design,10.0,10,As classes foram muito bem modeladas. Filme encapsula corretamente seus dados e FilmNow gerencia as coleções e regras de negócio de forma coesa.,Filme.java | FilmNow.java,
S24,official_sample,redacted,llm,object_references,Object References and Composition,10.0,10,O uso de referências e composição está perfeito. FilmNow compõe e gerencia instâncias de Filme de maneira correta.,FilmNow.java: atributos filmes e hotList | FilmNow.java: cadastraFilme,
S24,official_sample,redacted,llm,collections_and_arrays,Collections and Arrays,10.0,10,"Os arrays foram utilizados corretamente, respeitando os tamanhos exigidos e com manipulação adequada de índices.",FilmNow.java: construtor | FilmNow.java: getFilme | FilmNow.java: adicionaHot,
S24,official_sample,redacted,llm,separation_of_concerns,Separation of Concerns,10.0,10,"A separação de responsabilidades está excelente. A classe MainFilmNow cuida exclusivamente da interface com o usuário, enquanto FilmNow concentra toda a lógica de negócio.",MainFilmNow.java | FilmNow.java,
S24,official_sample,redacted,llm,readability_and_documentation,Readability and Documentation,10.0,10,"O código é extremamente legível, bem organizado e extensivamente documentado com Javadoc.",Filme.java | FilmNow.java | FilmNowTest.java,
S25,official_sample,redacted,llm,basic_functionality,Basic Functionality,8.5,10,"O sistema implementa quase todas as funcionalidades obrigatórias com sucesso, incluindo cadastro, listagem, detalhamento e gerenciamento da HotList. Há pequenas falhas no tratamento do ano vazio e no retorno ao detalhar posições vazias.",FilmNow.java: cadastraFilme | FilmNow.java: detalharFilme | FilmNow.java: adicionarHot | MainFilmNow.java: adicionaFilme,
S25,official_sample,redacted,llm,unit_tests,Unit Tests,8.0,10,"A suíte de testes é boa e cobre bem a classe Filme e os cenários da HotList em FilmNow. No entanto, faltam testes para os caminhos de sucesso do cadastro de filmes, listagem e detalhamento de filmes válidos.",FilmeTest.java | FilmeNowTest.java,
S25,official_sample,redacted,llm,class_design,Class Design,10.0,10,"As classes Filme e FilmNow foram criadas e modeladas corretamente, com atributos e métodos adequados para representar o domínio do problema.",Filme.java | FilmNow.java,
S25,official_sample,redacted,llm,object_references,Object References and Composition,10.0,10,"O sistema utiliza corretamente a composição, com FilmNow gerenciando instâncias de Filme de forma coerente.",FilmNow.java: cadastraFilme | FilmNow.java: detalharFilme | FilmNow.java: filmeRepetido,
S25,official_sample,redacted,llm,collections_and_arrays,Collections and Arrays,10.0,10,"Os arrays foram dimensionados e utilizados corretamente para o acervo principal e para a HotList, respeitando os limites estabelecidos.",FilmNow.java: atributos filmes e hotList | FilmNow.java: getFilmes | FilmNow.java: exibirHotList,
S25,official_sample,redacted,llm,separation_of_concerns,Separation of Concerns,10.0,10,"Excelente separação de responsabilidades. A classe MainFilmNow lida exclusivamente com a interface de usuário (I/O), enquanto FilmNow concentra a lógica de negócio.",MainFilmNow.java | FilmNow.java,
S25,official_sample,redacted,llm,readability_and_documentation,Readability and Documentation,10.0,10,"O código é muito legível, bem organizado e possui documentação Javadoc adequada para as classes e métodos principais.",Filme.java | FilmNow.java,
S26,official_sample,redacted,llm,basic_functionality,Basic Functionality,8.5,10,"O sistema implementa corretamente a maior parte do fluxo principal, incluindo cadastro, listagem e gerenciamento da HotList. No entanto, há falhas ao lidar com o ano vazio (causando quebra do programa) e um erro de limite que impede o detalhamento do filme na posição 100.",FilmNow.cadastraFilme | FilmNow.cadastrarFilmeHot | MainFilmNow.mostrarFilmes | MainFilmNow.adicionaFilme (linha 188) | MainFilmNow.detalharFilme (linha 140),
S26,official_sample,redacted,llm,unit_tests,Unit Tests,10,10,"Excelente cobertura de testes. Os testes verificam o fluxo principal, situações de erro, limites de array e regras de negócio da HotList.",FilmeTest.java | FilmNowTest.java,
S26,official_sample,redacted,llm,class_design,Class Design,10,10,"As classes foram bem modeladas, com responsabilidades claras e encapsulamento adequado dos dados do filme.",Filme.java | FilmNow.java,
S26,official_sample,redacted,llm,object_references,Object References and Composition,10,10,Composição e uso de referências entre as classes foram implementados corretamente.,FilmNow.java (atributos filmes e filmeshot),
S26,official_sample,redacted,llm,collections_and_arrays,Collections and Arrays,10,10,"Uso correto de arrays para gerenciar o acervo principal e a HotList, respeitando os tamanhos exigidos.",FilmNow.java (construtor),
S26,official_sample,redacted,llm,separation_of_concerns,Separation of Concerns,9.0,10,"Boa separação geral entre interface e lógica, mas há um pequeno vazamento de regras de negócio para a classe Main.",FilmNow.java | MainFilmNow.java | MainFilmNow.detalharFilme (linhas 149-154),
S26,official_sample,redacted,llm,readability_and_documentation,Readability and Documentation,10,10,"Código muito bem organizado, legível e com boa documentação Javadoc.",Filme.java | FilmNow.java,
S27,official_sample,redacted,llm,basic_functionality,Basic Functionality,7.5,10,"O fluxo principal de cadastro, listagem e detalhamento funciona bem. No entanto, faltam validações importantes na HotList (como evitar duplicatas, tratar a substituição de filmes e validar limites de posição) e a validação de local vazio no cadastro.",FilmNow.java: cadastraFilme | FilmNow.java: detalharFilme | FilmNow.java: adicionarParaHot,
S27,official_sample,redacted,llm,unit_tests,Unit Tests,8.0,10,"A suíte de testes é boa e cobre diversos cenários do cadastro e detalhamento, incluindo casos limite. Contudo, faltam testes para as operações da HotList.",FilmNowTest.java: cadastraFilmeTest | FilmNowTest.java: detalhaFilmeTest | FilmNowTest.java: detalhaFilmeAvatar | FilmNowTest.java,
S27,official_sample,redacted,llm,class_design,Class Design,9.0,10,"As classes foram bem modeladas, com responsabilidades claras. A classe Filme implementa corretamente equals e hashCode. Há apenas um pequeno desvio no uso de tipos para representar estados booleanos.",Filme.java | Filme.java: equals | Filme.java: hashCode | Filme.java: private String hot,
S27,official_sample,redacted,llm,object_references,Object References and Composition,10.0,10,Excelente compreensão do uso de referências. O sistema utiliza corretamente a composição e mantém referências consistentes entre o acervo principal e a HotList.,FilmNow.java: adicionarParaHot | FilmNow.java: existeNaLista,
S27,official_sample,redacted,llm,collections_and_arrays,Collections and Arrays,6.0,10,"As estruturas de array foram declaradas e instanciadas corretamente. No entanto, há um erro grave de lógica na iteração do array durante a remoção da HotList que causa um loop infinito.",FilmNow.java: construtor | FilmNow.java: removerHot,
S27,official_sample,redacted,llm,separation_of_concerns,Separation of Concerns,8.0,10,"A separação de responsabilidades está majoritariamente correta, com a Main lidando com a interface e FilmNow com a lógica. Há apenas uma violação onde a classe de domínio imprime diretamente no console.",MainFilmNow.java | FilmNow.java: cadastraFilme | FilmNow.java: exibirHotList,
S27,official_sample,redacted,llm,readability_and_documentation,Readability and Documentation,9.5,10,"O código é muito legível, bem organizado e possui Javadoc adequado na maioria dos métodos. Há apenas um pequeno erro de digitação em um atributo.",Filme.java | FilmNow.java | Filme.java: private String platafoma,
S28,official_sample,redacted,llm,basic_functionality,Basic Functionality,6.0,10,"O fluxo principal de cadastro, listagem e detalhamento funciona bem. No entanto, há falhas na implementação da HotList (que não permite posições específicas para sobrescrita), na aceitação de ano vazio e nos limites de posição.","MainFilmNow.java: adicionaFilme | FilmNow.java: cadastraFilme, existeFilme | MainFilmNow.java: atribuirHot | FilmNow.java: atribuirHot | MainFilmNow.java: adicionaFilme (linhas 131-137) | MainFilmNow.java: adicionaFilme (linha 116) | MainFilmNow.java: detalharFilme (linhas 103-108)",
S28,official_sample,redacted,llm,unit_tests,Unit Tests,10.0,10,"Os testes foram implementados com excelente cobertura, testando tanto a classe Film quanto a FilmNow, incluindo cenários normais e limites.",testes/filmnow/FilmTestes.java | testes/filmnow/FilmNowTestes.java,
S28,official_sample,redacted,llm,class_design,Class Design,10.0,10,"As classes foram bem modeladas, com responsabilidades claras. A classe Film encapsula corretamente os dados do filme e a FilmNow gerencia o acervo.",src/filmnow/Film.java | src/filmnow/FilmNow.java,
S28,official_sample,redacted,llm,object_references,Object References and Composition,10.0,10,O uso de referências e composição está correto. FilmNow compõe instâncias de Film de forma coerente.,"src/filmnow/FilmNow.java: cadastraFilme, getFilme",
S28,official_sample,redacted,llm,collections_and_arrays,Collections and Arrays,9.0,10,"O uso do array principal é adequado. A estrutura da HotList utiliza uma coleção válida, mas a modelagem não reflete posições fixas conforme esperado pelo domínio.","src/filmnow/FilmNow.java: filmes, hotList | src/filmnow/FilmNow.java: hotList",
S28,official_sample,redacted,llm,separation_of_concerns,Separation of Concerns,10.0,10,A separação de responsabilidades está muito boa. A interface com o usuário (MainFilmNow) não vaza lógica de negócio complexa e a classe de domínio (FilmNow) não realiza operações de I/O.,src/filmnow/MainFilmNow.java | src/filmnow/FilmNow.java,
S28,official_sample,redacted,llm,readability_and_documentation,Readability and Documentation,10.0,10,"O código é extremamente legível, bem organizado e possui excelente documentação Javadoc.",src/filmnow/Film.java | src/filmnow/FilmNow.java | src/filmnow/MainFilmNow.java,
S29,official_sample,redacted,llm,basic_functionality,Basic Functionality,9.0,10,"A funcionalidade básica foi implementada com excelência, cobrindo quase todos os requisitos do sistema, incluindo validações e formatações. Houve apenas uma pequena falha ao sobrescrever um filme na HotList, onde o filme anterior não perde o status de 'hot'.",FilmNow.cadastraFilme | FilmNow.cadastraHotList | FilmNow.detalharFilme,
S29,official_sample,redacted,llm,unit_tests,Unit Tests,10.0,10,Os testes unitários foram implementados de forma abrangente e cobrem tanto os cenários de sucesso quanto os casos limite e alternativos das classes de domínio.,FIlmeTest.java | FilmNowTest.java,
S29,official_sample,redacted,llm,class_design,Class Design,10.0,10,"A modelagem das classes reflete um excelente entendimento dos conceitos de orientação a objetos, com responsabilidades bem definidas para Filme e FilmNow.",Filme.java | FilmNow.java,
S29,official_sample,redacted,llm,object_references,Object References and Composition,10.0,10,O uso de referências e a composição entre as classes foram aplicados corretamente. A HotList armazena referências para os mesmos objetos instanciados no acervo principal.,FilmNow.cadastraHotList,
S29,official_sample,redacted,llm,collections_and_arrays,Collections and Arrays,10.0,10,"Os arrays foram utilizados de maneira adequada para armazenar o acervo de filmes e a HotList, respeitando os limites de tamanho estabelecidos no enunciado.",FilmNow.java,
S29,official_sample,redacted,llm,separation_of_concerns,Separation of Concerns,10.0,10,A separação de responsabilidades entre a interface de usuário e a lógica de negócio foi muito bem executada.,MainFilmNow.java | FilmNow.java,
S29,official_sample,redacted,llm,readability_and_documentation,Readability and Documentation,10.0,10,"O código apresenta excelente legibilidade, com nomenclatura clara e documentação Javadoc completa e bem estruturada para as classes e métodos.",Filme.java | FilmNow.java,
S30,official_sample,redacted,llm,basic_functionality,Basic Functionality,8.0,10,"O sistema implementa corretamente a maior parte do fluxo principal, incluindo cadastro, listagem e detalhamento de filmes. No entanto, há falhas na lógica de substituição da HotList e na mensagem de erro ao adicionar um filme já presente na HotList.",FilmNow.cadastraFilme | FilmNow.detalharFilme | MainFilmNow.mostrarFilmes | FilmNow.addHotList,
S30,official_sample,redacted,llm,unit_tests,Unit Tests,10.0,10,"Excelente cobertura de testes para as classes Filme e FilmNow, abordando cenários normais, alternativos e limites.",FilmeTest.java | FilmNowTest.java,
S30,official_sample,redacted,llm,class_design,Class Design,10.0,10,"As classes foram bem modeladas, com responsabilidades claras e uso adequado de construtores e métodos de acesso.",Filme.java | FilmNow.java,
S30,official_sample,redacted,llm,object_references,Object References and Composition,10.0,10,"O sistema utiliza corretamente a composição e referências de objetos, mantendo a consistência entre o acervo principal e a HotList.",FilmNow.addHotList | FilmNow.hotList,
S30,official_sample,redacted,llm,collections_and_arrays,Collections and Arrays,10.0,10,"Uso correto de arrays para armazenar os filmes e a HotList, respeitando os tamanhos definidos no enunciado.",FilmNow.TAMANHO | FilmNow.TAMANHOHOT | FilmNow.FilmNow(),
S30,official_sample,redacted,llm,separation_of_concerns,Separation of Concerns,10.0,10,Boa separação de responsabilidades entre a interface de usuário (MainFilmNow) e a lógica de negócio (FilmNow).,MainFilmNow.java | FilmNow.java,
S30,official_sample,redacted,llm,readability_and_documentation,Readability and Documentation,10.0,10,"Código limpo, bem organizado e com boa documentação Javadoc nos métodos principais.",FilmNow.java | MainFilmNow.java,
S31,official_sample,redacted,llm,basic_functionality,Basic Functionality,1.0,10,"O sistema apresenta falhas críticas: não compila devido à ausência do método getFilme em FilmNow, a classe Filme não armazena dados, e a funcionalidade de HotList foi completamente omitida.","FilmNow.java: cadastraFilme | MainFilmNow.java: detalharFilme | FilmNow.java | Filme.java: Filme(String, int, String)",
S31,official_sample,redacted,llm,unit_tests,Unit Tests,0.0,10,Não há evidências de testes automatizados na submissão.,model_output:no_explicit_evidence_ref_reported:unit_tests,
S31,official_sample,redacted,llm,class_design,Class Design,2.0,10,"A classe Filme foi criada, mas é apenas uma casca vazia sem atributos ou métodos reais. A modelagem do domínio está severamente incompleta.",Filme.java | FilmNow.java | FilmNow.java: cadastraFilme,
S31,official_sample,redacted,llm,object_references,Object References and Composition,4.0,10,"O aluno compreendeu a necessidade de FilmNow armazenar objetos Filme, mas a implementação é falha pois os objetos Filme não retêm estado.",FilmNow.java: private Filme[] filmes | FilmNow.java: cadastraFilme | Filme.java | FilmNow.java,
S31,official_sample,redacted,llm,collections_and_arrays,Collections and Arrays,5.0,10,"O array principal de filmes foi declarado e é utilizado com a lógica de índices correta, mas a estrutura para a HotList foi omitida.",FilmNow.java: filmes[posicao - 1] = novoFilme | FilmNow.java,
S31,official_sample,redacted,llm,separation_of_concerns,Separation of Concerns,4.0,10,"Há uma tentativa de separar a interface do usuário da lógica, mas a classe de domínio (FilmNow) imprime mensagens diretamente no console.",MainFilmNow.java | FilmNow.java: cadastraFilme,
S31,official_sample,redacted,llm,readability_and_documentation,Readability and Documentation,5.0,10,"O código possui alguma legibilidade e aproveita os Javadocs do código base, mas carece de documentação nas partes novas e possui código morto.",FilmNow.java | Filme.java | FilmNow.java: adicionarFilmeEmposicao,
S32,official_sample,redacted,llm,basic_functionality,Basic Functionality,8.5,10,"O sistema implementa corretamente a grande maioria dos requisitos obrigatórios, incluindo cadastro, listagem e regras da HotList. No entanto, há uma falha na integração da remoção da HotList pela interface (duplo decremento da posição) e um pequeno detalhe de acabamento ao detalhar posições vazias (imprime 'null' em vez de vazio).",FilmNow.cadastraFilme | FilmNow.atribuiHot | MainFilmNow.mostrarFilmes | MainFilmNow.removeHot | FilmNow.removerHot | MainFilmNow.detalharFilme | FilmNow.getFilme,
S32,official_sample,redacted,llm,unit_tests,Unit Tests,10,10,"Excelente conjunto de testes, cobrindo tanto a classe Filme quanto FilmNow, incluindo cenários normais, alternativos e limites.",FilmeTest.java | FilmNowTest.java,
S32,official_sample,redacted,llm,class_design,Class Design,10,10,"As classes foram bem modeladas, com responsabilidades claras e atributos adequados para o problema.",Filme.java,
S32,official_sample,redacted,llm,object_references,Object References and Composition,10,10,O uso de referências e composição está correto. O sistema gerencia adequadamente os objetos Filme dentro de FilmNow.,FilmNow.atribuiHot | FilmNow.cadastraFilme,
S32,official_sample,redacted,llm,collections_and_arrays,Collections and Arrays,10,10,"Os arrays foram utilizados corretamente, respeitando os tamanhos exigidos e manipulando os índices de forma adequada.",FilmNow.java | FilmNow.filmeExistente,
S32,official_sample,redacted,llm,separation_of_concerns,Separation of Concerns,10,10,"Boa separação de responsabilidades. A classe Main concentra a interação com o usuário, enquanto FilmNow gerencia as regras de negócio.",MainFilmNow.java | FilmNow.java,
S32,official_sample,redacted,llm,readability_and_documentation,Readability and Documentation,10,10,"O código é muito legível, bem organizado e possui excelente documentação Javadoc.",Filme.java | FilmNow.java,
S33,official_sample,redacted,llm,basic_functionality,Basic Functionality,6.5,10,"O sistema implementa com sucesso o fluxo principal do acervo (cadastro, listagem, bloqueio de duplicatas). No entanto, a funcionalidade da HotList apresenta falhas relevantes: a validação de posição impede a adição de filmes além da posição 10 do acervo, e faltam regras de duplicidade e sobrescrita na HotList.","src/filmnow/FilmNow.java (método cadastraFilme) | src/filmnow/MainFilmNow.java (métodos adicionaFilme, mostrarFilmes, detalharFilme) | src/filmnow/FilmNow.java (método cadastraHotList, linha 101: 'if (pos > 10 || pos < 0)') | src/filmnow/FilmNow.java (método cadastraHotList)",
S33,official_sample,redacted,llm,unit_tests,Unit Tests,8.0,10,"A suíte de testes é muito boa para as classes Filme e para o fluxo principal de FilmNow (cadastraFilme), cobrindo cenários normais e limites. O desconto ocorre pela ausência de testes para as operações da HotList.",testes/lab3FilmNow/FilmeTest.java | testes/lab3FilmNow/FilmNowTest.java,
S33,official_sample,redacted,llm,class_design,Class Design,9.0,10,"As classes centrais (Filme e FilmNow) foram bem modeladas, com atributos corretos e encapsulamento adequado. Há apenas um pequeno problema com um método não finalizado que deixou de cumprir seu papel no design.","src/filmnow/Filme.java | src/filmnow/FilmNow.java | src/filmnow/FilmNow.java (método detalharFilme, linha 123)",
S33,official_sample,redacted,llm,object_references,Object References and Composition,10.0,10,"O uso de referências e composição está correto. A classe FilmNow compõe e gerencia objetos Filme adequadamente, e a comparação entre objetos utiliza o método equals de forma apropriada.","src/filmnow/FilmNow.java (método cadastraFilme, linha 82) | src/filmnow/FilmNow.java (método cadastraHotList, linha 104)",
S33,official_sample,redacted,llm,collections_and_arrays,Collections and Arrays,9.0,10,Os arrays foram declarados e utilizados corretamente para resolver o problema do acervo e da HotList. Há apenas uma pequena inconsistência no tratamento de índices da HotList.,"src/filmnow/FilmNow.java (construtor e métodos getFilmes, getHotList) | src/filmnow/FilmNow.java (método getFilmeHot, linha 62)",
S33,official_sample,redacted,llm,separation_of_concerns,Separation of Concerns,8.5,10,"A separação de responsabilidades é boa no geral, com a Main lidando com I/O e FilmNow com as regras. O desconto se deve ao vazamento da lógica de detalhamento para a Main.","src/filmnow/FilmNow.java | src/filmnow/MainFilmNow.java | src/filmnow/MainFilmNow.java (método detalharFilme, linhas 120-129)",
S33,official_sample,redacted,llm,readability_and_documentation,Readability and Documentation,9.0,10,"O código é bastante legível, bem indentado e possui Javadoc adequado na maioria dos métodos. O pequeno desconto reflete a presença de código gerado automaticamente e não limpo.",src/filmnow/Filme.java | src/filmnow/FilmNow.java | src/filmnow/FilmNow.java (linha 124),
S34,official_sample,redacted,llm,basic_functionality,Basic Functionality,9.0,10,"A funcionalidade básica está quase perfeita, atendendo à maioria dos requisitos obrigatórios, incluindo cadastro, listagem, detalhamento e HotList. Houve pequenos desvios no detalhamento de posições vazias e na validação de posições ao remover da HotList.",src/filmnow/FilmNow.java:adicionaFilme | src/filmnow/FilmNow.java:detalharFilme | src/filmnow/FilmNow.java:atribuirHot | src/filmnow/FilmNow.java:removerHot | src/filmnow/MainFilmNow.java:removerHot,
S34,official_sample,redacted,llm,unit_tests,Unit Tests,9.5,10,"Excelente suíte de testes, cobrindo a grande maioria dos cenários normais e alternativos para as classes Filme e FilmNow. Um pequeno desconto foi aplicado por um teste que consolida um comportamento divergente da especificação.",test/filmnow/FilmeTest.java | test/filmnow/FilmNowTest.java | test/filmnow/FilmNowTest.java:testDetalharFilmePosicaoVazia,
S34,official_sample,redacted,llm,class_design,Class Design,10.0,10,"As classes foram muito bem modeladas, com responsabilidades claras e bom encapsulamento.",src/filmnow/Filme.java | src/filmnow/FilmNow.java,
S34,official_sample,redacted,llm,object_references,Object References and Composition,10.0,10,O uso de referências e a composição entre FilmNow e Filme foram implementados de forma exemplar.,src/filmnow/FilmNow.java:adicionaFilme | src/filmnow/FilmNow.java:hotList,
S34,official_sample,redacted,llm,collections_and_arrays,Collections and Arrays,10.0,10,"Os arrays foram utilizados corretamente, respeitando os limites estabelecidos e gerenciando bem as posições.",src/filmnow/FilmNow.java:FilmNow | src/filmnow/FilmNow.java:adicionaFilme,
S34,official_sample,redacted,llm,separation_of_concerns,Separation of Concerns,10.0,10,"A separação de responsabilidades está excelente. A interface de usuário não contém regras de negócio, que estão devidamente encapsuladas em FilmNow.",src/filmnow/MainFilmNow.java | src/filmnow/FilmNow.java,
S34,official_sample,redacted,llm,readability_and_documentation,Readability and Documentation,10.0,10,"O código é muito legível, bem organizado e possui excelente documentação Javadoc.",src/filmnow/Filme.java | src/filmnow/FilmNow.java,
S35,official_sample,redacted,llm,basic_functionality,Basic Functionality,4,10,"O fluxo básico de cadastro, listagem e detalhamento de filmes foi implementado. No entanto, a funcionalidade de HotList está completamente ausente, assim como as validações de duplicidade, campos vazios e mensagens de erro específicas exigidas.","MainFilmNow.java: adicionarFilme, mostrarFilmes, detalharFilme | FilmNow.java: cadastraFilme, getFilmes, getFilme | MainFilmNow.java | FilmNow.java | FilmNow.java: cadastraFilme | MainFilmNow.java: adicionarFilme",
S35,official_sample,redacted,llm,unit_tests,Unit Tests,0,10,Não há evidências de testes de unidade na submissão.,Pacote de submissão,
S35,official_sample,redacted,llm,class_design,Class Design,7,10,As classes principais (Filme e FilmNow) foram criadas com atributos e métodos coerentes para o acervo principal. A nota é reduzida pela ausência de modelagem para a HotList.,Filme.java | FilmNow.java,
S35,official_sample,redacted,llm,object_references,Object References and Composition,9,10,"Bom uso de referências e composição entre FilmNow e Filme. O desconto é leve, refletindo apenas a ausência de referências adicionais que seriam necessárias para a HotList.",FilmNow.java: filmes[posicao] = new Filme(...) | MainFilmNow.java: FilmNow fn = new FilmNow() | FilmNow.java,
S35,official_sample,redacted,llm,collections_and_arrays,Collections and Arrays,7,10,O array principal para o acervo de filmes foi instanciado e utilizado corretamente. O desconto se deve à ausência do array da HotList.,FilmNow.java: filmes = new Filme[100] | FilmNow.java,
S35,official_sample,redacted,llm,separation_of_concerns,Separation of Concerns,8,10,Boa separação geral entre a interface (MainFilmNow) e a lógica de negócio (FilmNow). Há um pequeno vazamento de responsabilidade na listagem de filmes.,MainFilmNow.java | FilmNow.java | MainFilmNow.java: mostrarFilmes,
S35,official_sample,redacted,llm,readability_and_documentation,Readability and Documentation,8,10,"O código é limpo, bem indentado e utiliza bons nomes para variáveis e métodos. Faltam comentários de documentação (Javadoc).",Filme.java | MainFilmNow.java | FilmNow.java,
S36,official_sample,redacted,llm,basic_functionality,Basic Functionality,8.5,10,"O fluxo principal do sistema foi muito bem implementado, cobrindo com sucesso o cadastro, listagem, detalhamento e manipulação da HotList. Houve apenas pequenos desvios em relação aos requisitos de ano vazio e detalhamento de posições desocupadas.","src/filmnow/FilmNow.java (métodos cadastraFilme, adicionaHot, detalharFilme) | src/filmnow/MainFilmNow.java (método adicionarFilme, linha 122) | src/filmnow/FilmNow.java (método cadastraFilme, linha 56) | src/filmnow/FilmNow.java (método detalharFilme, linha 98)",
S36,official_sample,redacted,llm,unit_tests,Unit Tests,10,10,"A suíte de testes é abrangente e bem estruturada, cobrindo adequadamente os cenários normais e alternativos das classes Filme e FilmNow.",testes/lab3FilmNow/FilmeTest.java | testes/lab3FilmNow/FilmNowTest.java,
S36,official_sample,redacted,llm,class_design,Class Design,10,10,"Excelente modelagem das classes centrais, demonstrando claro entendimento dos conceitos de orientação a objetos esperados para o laboratório.",src/filmnow/Filme.java | src/filmnow/FilmNow.java,
S36,official_sample,redacted,llm,object_references,Object References and Composition,10,10,Uso correto de referências e composição. A classe gerenciadora instancia e manipula os objetos de domínio de forma coerente.,src/filmnow/FilmNow.java (atributos filmes e hotlist),
S36,official_sample,redacted,llm,collections_and_arrays,Collections and Arrays,10,10,"As estruturas de array foram utilizadas corretamente para armazenar o acervo principal e a HotList, respeitando os limites estabelecidos.",src/filmnow/FilmNow.java (construtor e laços for-each),
S36,official_sample,redacted,llm,separation_of_concerns,Separation of Concerns,10,10,Ótima divisão de responsabilidades entre a interface de usuário e a lógica de negócio.,src/filmnow/MainFilmNow.java | src/filmnow/FilmNow.java,
S36,official_sample,redacted,llm,readability_and_documentation,Readability and Documentation,10,10,"O código é bastante legível, bem organizado e adequadamente documentado.",src/filmnow/Filme.java | src/filmnow/FilmNow.java,
S37,official_sample,redacted,llm,basic_functionality,Basic Functionality,8.0,10,"O fluxo principal de cadastro, listagem e detalhamento funciona corretamente. No entanto, as operações da HotList não validam posições inválidas (lançando exceção em vez de retornar a mensagem esperada) e a adição à HotList lança NullPointerException se a posição do filme de origem estiver vazia.",FilmNow.cadastraFilme | FilmNow.detalharFilme | FilmNow.adicionaHot | FilmNow.removeHot,
S37,official_sample,redacted,llm,unit_tests,Unit Tests,10.0,10,"Excelente conjunto de testes, cobrindo os fluxos principais e casos limites das classes Filme e FilmNow de forma abrangente.",testes/lab3FilmNow/FilmNowTest.java | testes/lab3FilmNow/testFilme.java,
S37,official_sample,redacted,llm,class_design,Class Design,10.0,10,"As classes foram bem modeladas, com responsabilidades claras e atributos adequados para representar o domínio do problema.",Filme.java | FilmNow.java,
S37,official_sample,redacted,llm,object_references,Object References and Composition,10.0,10,"O uso de referências e composição está correto. A HotList armazena referências para os mesmos objetos Filme do acervo principal, permitindo a atualização consistente do estado.",FilmNow.adicionaHot | Filme.setHot | Filme.equals,
S37,official_sample,redacted,llm,collections_and_arrays,Collections and Arrays,10.0,10,"Os arrays foram utilizados corretamente para armazenar o acervo e a HotList, respeitando os tamanhos definidos no enunciado.",FilmNow.java (construtor) | FilmNow.existeFilme,
S37,official_sample,redacted,llm,separation_of_concerns,Separation of Concerns,10.0,10,"Boa separação entre a interface de usuário e a lógica de negócio, adequada para o nível da disciplina.",MainFilmNow.java | FilmNow.java,
S37,official_sample,redacted,llm,readability_and_documentation,Readability and Documentation,10.0,10,"Código muito bem organizado, legível e com excelente documentação Javadoc.",Filme.java | FilmNow.java,
S38,official_sample,redacted,llm,basic_functionality,Basic Functionality,7.5,10,"O sistema implementa quase todas as funcionalidades exigidas, incluindo cadastro, listagem, detalhamento e HotList. No entanto, há uma falha na verificação de duplicidade devido ao uso de '==' para comparar Strings (ano), o que falha na execução real com Scanner. Além disso, faltou validar os limites de posição nas operações da HotList, o que pode gerar exceções.",FilmNow.java: cadastraFilme | FilmNow.java: detalhaFilme | FilmNow.java: adicionaHot | FilmNow.java: existeFilme (linha 92) | FilmNow.java: removerHot,
S38,official_sample,redacted,llm,unit_tests,Unit Tests,10.0,10,"A suíte de testes é excelente, cobrindo de forma abrangente os cenários normais, alternativos e limites das classes Filme e FilmNow.",testes/lab3FilmNow/FilmeTest.java | testes/lab3FilmNow/FilmNowTest.java,
S38,official_sample,redacted,llm,class_design,Class Design,10.0,10,"As classes Filme e FilmNow foram modeladas corretamente, com atributos adequados e métodos que refletem o comportamento esperado.",Filme.java | FilmNow.java,
S38,official_sample,redacted,llm,object_references,Object References and Composition,10.0,10,"O sistema demonstra excelente compreensão do uso de referências, compondo objetos Filme dentro de FilmNow e compartilhando as mesmas instâncias entre o acervo principal e a HotList.",FilmNow.java: adicionaHot | FilmNow.java: removerHot,
S38,official_sample,redacted,llm,collections_and_arrays,Collections and Arrays,10.0,10,"Os arrays foram instanciados e manipulados corretamente para armazenar o acervo de filmes e a HotList, respeitando os tamanhos exigidos.",FilmNow.java: construtor | FilmNow.java: getFilmes | FilmNow.java: getHotList,
S38,official_sample,redacted,llm,separation_of_concerns,Separation of Concerns,10.0,10,"A separação de responsabilidades está muito bem implementada. A classe MainFilmNow lida exclusivamente com a interface (I/O), enquanto FilmNow concentra a lógica de negócio.",MainFilmNow.java | FilmNow.java,
S38,official_sample,redacted,llm,readability_and_documentation,Readability and Documentation,10.0,10,"O código apresenta excelente legibilidade, com nomes de variáveis claros e Javadoc completo para a maioria dos métodos públicos.",Filme.java | FilmNow.java,
S39,official_sample,redacted,llm,basic_functionality,Basic Functionality,8.5,10,"O fluxo principal de cadastro, listagem e detalhamento funciona bem. A lógica de HotList também atende aos requisitos funcionais. No entanto, o sistema falha ao tentar adicionar um filme com ano vazio, lançando uma exceção, o que vai contra o requisito de permitir ano vazio.",FilmNow.java: adicionaFilme | FilmNow.java: atribuiHot | FilmNow.java: exibirHotList | MainFilmNow.java: adicionaFilme (Integer.parseInt(ano)),
S39,official_sample,redacted,llm,unit_tests,Unit Tests,2.0,10,"Evidência muito fraca de testes. Há apenas um arquivo de teste para a classe Filme contendo um único teste que chama um método inexistente (nomeAno), o que impede a compilação. Não há testes para a classe FilmNow.",FilmeTest.java | FilmeTest.java: testNomeAno,
S39,official_sample,redacted,llm,class_design,Class Design,10.0,10,"Excelente modelagem das classes centrais. O estudante compreendeu perfeitamente a necessidade de separar os conceitos de Filme e FilmNow, implementando atributos e métodos adequados na classe Filme (como equals e toString).",Filme.java | FilmNow.java,
S39,official_sample,redacted,llm,object_references,Object References and Composition,10.0,10,"Uso correto de referências e composição. A classe FilmNow gerencia adequadamente um array de objetos Filme, instanciando-os e acessando seus métodos de forma coerente.",FilmNow.java: adicionaFilme | FilmNow.java: atribuiHot,
S39,official_sample,redacted,llm,collections_and_arrays,Collections and Arrays,8.0,10,"O array principal de filmes foi utilizado corretamente. No entanto, a HotList não foi implementada como uma estrutura separada, mas sim através de atributos na própria classe Filme, o que dificulta a manipulação e não segue estritamente a modelagem sugerida.","FilmNow.java: filmes | FilmNow.java: mostrarFilmes | Filme.java: hot, posicionHot | FilmNow.java: exibirHotList",
S39,official_sample,redacted,llm,separation_of_concerns,Separation of Concerns,9.0,10,"Boa separação de responsabilidades no geral. A classe MainFilmNow lida com a interface (Scanner e prints), enquanto FilmNow concentra a lógica de negócio. Há apenas um pequeno acoplamento ao retornar mensagens de erro diretamente da lógica de negócio.",MainFilmNow.java | FilmNow.java | FilmNow.java: adicionaFilme | FilmNow.java: atribuiHot,
S39,official_sample,redacted,llm,readability_and_documentation,Readability and Documentation,10.0,10,"Código muito bem organizado, legível e documentado. O uso de Javadoc está presente e os nomes de variáveis e métodos são claros e descritivos.",Filme.java | FilmNow.java,
S40,official_sample,redacted,llm,basic_functionality,Basic Functionality,8,10,"O fluxo principal do sistema funciona muito bem, cobrindo cadastro, listagem e detalhamento de forma correta. No entanto, há falhas na validação de limites nas operações da HotList, o que pode gerar exceções de acesso indevido ao array em vez de retornar a mensagem de erro esperada.","FilmNow.java (métodos cadastraFilme, detalharFilme) | Filme.java (método detalhes) | FilmNow.java (métodos adicionaHotList e removeHotList)",
S40,official_sample,redacted,llm,unit_tests,Unit Tests,10,10,"Excelente conjunto de testes, cobrindo as classes Filme e FilmNow com diversos cenários normais, alternativos e de limite.",testes/lab3FilmNow/testeFilme.java | testes/lab3FilmNow/testeFilmNow.java,
S40,official_sample,redacted,llm,class_design,Class Design,9,10,"Boa modelagem das classes Filme e FilmNow, com atributos e responsabilidades bem definidos. Há apenas um pequeno desvio conceitual na passagem da própria instância como parâmetro em métodos de FilmNow.",Filme.java | FilmNow.java | FilmNow.java (métodos exibirFilmes e exibirHot) | MainFilmNow.java (chamadas aos métodos),
S40,official_sample,redacted,llm,object_references,Object References and Composition,10,10,"O uso de referências e a composição entre FilmNow e Filme foram implementados corretamente, demonstrando bom entendimento do conceito.",FilmNow.java (método adicionaHotList),
S40,official_sample,redacted,llm,collections_and_arrays,Collections and Arrays,10,10,"Os arrays foram declarados e instanciados corretamente com os tamanhos exigidos, e são manipulados de forma coerente na maior parte do código.",FilmNow.java (construtor e métodos de iteração),
S40,official_sample,redacted,llm,separation_of_concerns,Separation of Concerns,10,10,"Ótima separação de responsabilidades. A classe MainFilmNow lida exclusivamente com a interface (I/O), enquanto FilmNow concentra a lógica de negócio.",MainFilmNow.java | FilmNow.java,
S40,official_sample,redacted,llm,readability_and_documentation,Readability and Documentation,10,10,"Código muito limpo, legível e bem documentado com Javadoc na maioria dos métodos.",Filme.java | FilmNow.java,
S41,official_sample,redacted,llm,basic_functionality,Basic Functionality,9.0,10,"A funcionalidade principal está muito bem implementada, cobrindo cadastro, listagem e detalhamento corretamente. Houve apenas uma falha na validação de duplicidade na HotList.",FilmNow.java: cadastraFilme | FilmNow.java: filmeDetalhado | FilmNow.java: atribuirHot,
S41,official_sample,redacted,llm,unit_tests,Unit Tests,10.0,10,"Excelente conjunto de testes, cobrindo a classe Filme e diversos cenários normais e limites da classe FilmNow.",FilmeTeste.java | FilmNowTeste.java,
S41,official_sample,redacted,llm,class_design,Class Design,10.0,10,"As classes foram muito bem modeladas, com responsabilidades claras e uso adequado de métodos como equals e hashCode.",Filme.java | FilmNow.java,
S41,official_sample,redacted,llm,object_references,Object References and Composition,8.5,10,"Bom uso geral de referências, mas houve um equívoco conceitual ao instanciar novos objetos para a HotList em vez de reaproveitar as referências existentes.",FilmNow.java: atributos filmes e hotList | FilmNow.java: atribuirHot,
S41,official_sample,redacted,llm,collections_and_arrays,Collections and Arrays,10.0,10,"Uso correto de arrays para armazenar o acervo principal e a HotList, respeitando os tamanhos definidos.",FilmNow.java: construtor | FilmNow.java: checaFilme,
S41,official_sample,redacted,llm,separation_of_concerns,Separation of Concerns,9.0,10,"Boa separação entre interface e lógica de negócio na maior parte do sistema, com um pequeno vazamento de lógica de manipulação de array para a Main.",MainFilmNow.java | FilmNow.java | MainFilmNow.java: atribuirHot,
S41,official_sample,redacted,llm,readability_and_documentation,Readability and Documentation,10.0,10,"Código muito limpo, bem organizado e com excelente documentação Javadoc.",FilmNow.java | Filme.java,
S42,official_sample,redacted,llm,basic_functionality,Basic Functionality,4.0,10,"O fluxo principal de cadastro e listagem foi implementado, mas apresenta falhas críticas. A prevenção de duplicidade falha devido à comparação incorreta de Strings, a adição à HotList quebra ao usar índices de um array compactado em vez das posições reais, e há risco de erro de limite de array na posição 100.",MainFilmNow.java: adicionaFilme | MainFilmNow.java: mostrarFilmes | FilmNow.java: cadastraFilme | FilmNow.java: adicionaFilmeHot | FilmNow.java: filmesExistentes | FilmNow.java: filmeExiste | Filme.java: equals,
S42,official_sample,redacted,llm,unit_tests,Unit Tests,0.0,10,Não há evidências de testes automatizados na submissão.,Pacote da submissão,
S42,official_sample,redacted,llm,class_design,Class Design,8.5,10,"As classes principais foram criadas e modeladas adequadamente, demonstrando bom entendimento de orientação a objetos. O único desconto refere-se à implementação incorreta do método equals para o atributo ano.",Filme.java | Filme.java: equals,
S42,official_sample,redacted,llm,object_references,Object References and Composition,10.0,10,Excelente uso de referências e composição. A classe FilmNow gerencia corretamente instâncias da classe Filme.,FilmNow.java: cadastraFilme | FilmNow.java: getFilme,
S42,official_sample,redacted,llm,collections_and_arrays,Collections and Arrays,7.5,10,"Os arrays foram declarados com os tamanhos corretos, mas há falhas na manipulação dos índices, especialmente na conversão de posições do usuário para índices do array e na lógica de compactação para a HotList.",FilmNow.java: construtor | FilmNow.java: mostrarFilmes | FilmNow.java: filmesExistentes | FilmNow.java: adicionaFilmeHot | FilmNow.java: cadastraFilme,
S42,official_sample,redacted,llm,separation_of_concerns,Separation of Concerns,6.0,10,"A separação de responsabilidades apresenta falhas significativas. A classe de domínio (FilmNow) contém instruções de impressão no console, misturando lógica de negócio com interface de usuário.",MainFilmNow.java | LeitorFilmNow.java | FilmNow.java: adicionaFilmeHot | FilmNow.java: removeHot | MainFilmNow.java: adicionaFilme,
S42,official_sample,redacted,llm,readability_and_documentation,Readability and Documentation,9.0,10,"O código é legível, com boa indentação e nomes de variáveis claros. Há Javadoc na maioria dos métodos, com pequenas lacunas.",Filme.java | FilmNow.java | Filme.java: getNome | Filme.java: getAno,
S43,official_sample,redacted,llm,basic_functionality,Basic Functionality,5.0,10,"O fluxo principal de cadastro, listagem e detalhamento de filmes foi implementado corretamente e atende aos requisitos. No entanto, toda a funcionalidade relacionada à HotList (adicionar, remover, listar e regras de negócio) foi omitida, o que representa uma lacuna significativa no escopo do laboratório.",FilmNow.java: adicionarFilme | FilmNow.java: listarFilmes | FilmNow.java: detalhesFilme | FilmNow.java,
S43,official_sample,redacted,llm,unit_tests,Unit Tests,0.0,10,Não há evidências de testes automatizados (JUnit) para as classes do sistema.,Pacote de submissão,
S43,official_sample,redacted,llm,class_design,Class Design,8.5,10,"As classes Filme e FilmNow foram bem modeladas para o acervo principal, com uso adequado de construtores e métodos. Faltou apenas a modelagem para suportar a HotList.",FIlme.java | FilmNow.java,
S43,official_sample,redacted,llm,object_references,Object References and Composition,10.0,10,"Excelente uso de composição. A classe FilmNow gerencia corretamente um array de objetos Filme, instanciando-os e acessando seus métodos adequadamente.",FilmNow.java: adicionarFilme,
S43,official_sample,redacted,llm,collections_and_arrays,Collections and Arrays,8.0,10,"O array para o acervo principal foi declarado e utilizado corretamente, respeitando o limite de 100 posições. Houve perda de pontos pela ausência da estrutura para a HotList.",FilmNow.java: 16 | FilmNow.java: 24 | FilmNow.java,
S43,official_sample,redacted,llm,separation_of_concerns,Separation of Concerns,10.0,10,"Boa separação de responsabilidades. A classe MainFilmNow lida exclusivamente com a interação com o usuário (I/O), enquanto FilmNow concentra as regras de negócio.",MainFilmNow.java | FilmNow.java,
S43,official_sample,redacted,llm,readability_and_documentation,Readability and Documentation,10.0,10,"Código muito bem formatado, com nomes de variáveis claros e excelente uso de Javadoc para documentar classes e métodos.",FIlme.java | FilmNow.java,
S44,official_sample,redacted,llm,basic_functionality,Basic Functionality,6.0,10,"O sistema implementa o fluxo principal de cadastro, listagem e detalhamento de filmes, além de gerenciar a HotList de forma majoritariamente correta. No entanto, falha em requisitos obrigatórios de validação: não impede o cadastro de filmes duplicados no acervo principal e não valida entradas vazias para nome e local.",FilmNow.java:cadastraFilme | FilmNow.java:adicionarHot | MainFilmNow.java:mostrarFilmes | MainFilmNow.java:adicionaFilme,
S44,official_sample,redacted,llm,unit_tests,Unit Tests,0.0,10,Não há evidências de testes automatizados na submissão.,Pacote da submissão,
S44,official_sample,redacted,llm,class_design,Class Design,10.0,10,"As classes centrais (Filme e FilmNow) foram criadas e modeladas adequadamente, com atributos corretos e métodos pertinentes aos seus papéis.",Filme.java | FilmNow.java,
S44,official_sample,redacted,llm,object_references,Object References and Composition,10.0,10,O uso de referências e a composição entre as classes estão corretos. FilmNow gerencia instâncias de Filme de forma coerente.,FilmNow.java:filmes | FilmNow.java:hotList | MainFilmNow.java:adicionaFilme,
S44,official_sample,redacted,llm,collections_and_arrays,Collections and Arrays,10.0,10,"Os arrays foram dimensionados e utilizados corretamente para armazenar o acervo principal e a HotList, respeitando os limites estabelecidos.",FilmNow.java:TAMANHO | FilmNow.java:hotList | FilmNow.java:getFilme,
S44,official_sample,redacted,llm,separation_of_concerns,Separation of Concerns,8.0,10,"A divisão de responsabilidades é boa na maior parte do código, com a MainFilmNow lidando com a interface e FilmNow com a lógica. Contudo, há vazamento de responsabilidade de interface (prints) para dentro da classe de domínio FilmNow.",MainFilmNow.java | FilmNow.java | FilmNow.java:adicionarHot,
S44,official_sample,redacted,llm,readability_and_documentation,Readability and Documentation,10.0,10,"O código apresenta excelente legibilidade, com boa indentação, nomes de variáveis claros e comentários explicativos adequados.",Filme.java | FilmNow.java | MainFilmNow.java,
S45,official_sample,redacted,llm,basic_functionality,Basic Functionality,10,10,"A funcionalidade básica foi implementada com excelência. O sistema cadastra, lista, detalha e gerencia a HotList corretamente, respeitando as regras de negócio e tratando casos limites e entradas inválidas.",FilmNow.java: cadastraFilme | FilmNow.java: getFilme | FilmNow.java: adicionaHot | FilmNow.java: deletaHot,
S45,official_sample,redacted,llm,unit_tests,Unit Tests,10,10,Os testes unitários são abrangentes e cobrem muito bem os fluxos principais e alternativos das classes de domínio.,FilmeTest.java | FilmNowTest.java,
S45,official_sample,redacted,llm,class_design,Class Design,10,10,"A modelagem das classes atende perfeitamente aos requisitos do laboratório, com a separação clara entre a entidade Filme e o gerenciador FilmNow.",Filmes.java | FilmNow.java,
S45,official_sample,redacted,llm,object_references,Object References and Composition,10,10,O uso de referências e a composição entre as classes foram implementados corretamente.,FilmNow.java: atributos filmes e hotList | FilmNow.java: método ehHot,
S45,official_sample,redacted,llm,collections_and_arrays,Collections and Arrays,10,10,"Os arrays foram utilizados de forma correta e segura, respeitando os tamanhos exigidos e tratando posições nulas.",FilmNow.java: construtor | FilmNow.java: getFilmes | FilmNow.java: hotToString,
S45,official_sample,redacted,llm,separation_of_concerns,Separation of Concerns,9,10,"A divisão de responsabilidades é boa no geral, mas a classe de domínio (FilmNow) assumiu a responsabilidade de converter strings de entrada (posições e anos) que deveriam ter sido tratadas na interface (Main).","MainFilmNow.java | FilmNow.java | FilmNow.java: cadastraFilme(String posicao, ...) | FilmNow.java: ehPosicaoValida(String posicao)",
S45,official_sample,redacted,llm,readability_and_documentation,Readability and Documentation,10,10,"O código é muito legível, bem organizado e possui excelente documentação Javadoc.",Filmes.java | FilmNow.java,
S46,official_sample,redacted,llm,basic_functionality,Basic Functionality,7.5,10,"O fluxo principal do sistema foi implementado e funciona para os casos de sucesso. No entanto, há falhas em casos alternativos e limites, como exceções ao detalhar posições vazias, falta de validação de limites na HotList e uso incorreto de comparação de strings.",FilmNow.java: cadastraFilme | FilmNow.java: existeFilme | FilmNow.java: detalharFilme | FilmNow.java: atribuirHotFilme | FilmNow.java: removerHotFilme,
S46,official_sample,redacted,llm,unit_tests,Unit Tests,9.0,10,Os testes estão bem estruturados e cobrem a maior parte dos comportamentos das classes Filme e FilmNow. Há uma pequena lacuna na cobertura de valores limite que teria revelado bugs existentes.,FilmeTest.java | FilmNowTest.java | FilmNowTest.java: addFilme | FilmNowTest.java: detalharFilme,
S46,official_sample,redacted,llm,class_design,Class Design,10.0,10,"As classes foram criadas e modeladas corretamente, com responsabilidades bem definidas para o domínio do problema.",Filme.java | FilmNow.java,
S46,official_sample,redacted,llm,object_references,Object References and Composition,10.0,10,O uso de referências e a composição entre FilmNow e Filme foram implementados de forma coerente e correta.,FilmNow.java: filmes | FilmNow.java: hotFilmes,
S46,official_sample,redacted,llm,collections_and_arrays,Collections and Arrays,8.0,10,"As estruturas de array foram utilizadas corretamente para armazenar o acervo e a HotList. No entanto, há um erro no mapeamento entre a posição informada pelo usuário e o índice real do array.",FilmNow.java: construtor | FilmNow.java: mostrarFilmes | FilmNow.java: cadastraFilme,
S46,official_sample,redacted,llm,separation_of_concerns,Separation of Concerns,10.0,10,"A separação de responsabilidades está muito boa. A classe MainFilmNow lida exclusivamente com a interface de usuário (Scanner e impressões), enquanto FilmNow concentra a lógica de negócio.",MainFilmNow.java | FilmNow.java,
S46,official_sample,redacted,llm,readability_and_documentation,Readability and Documentation,10.0,10,"O código é bastante legível, com boa escolha de nomes para variáveis e métodos, além de apresentar documentação Javadoc adequada.",Filme.java | FilmNow.java,
S47,official_sample,redacted,llm,basic_functionality,Basic Functionality,10,10,"A funcionalidade básica foi implementada com excelência. O sistema permite cadastrar, detalhar e listar filmes corretamente, além de gerenciar a HotList respeitando as regras de negócio e limites de posições.",FilmNow.java: cadastraFilme | FilmNow.java: detalharFilme | FilmNow.java: cadastraHot,
S47,official_sample,redacted,llm,unit_tests,Unit Tests,10,10,"A suíte de testes é abrangente e cobre os principais fluxos de sucesso, fluxos alternativos e casos limite para as classes Filme e FilmNow.",FilmNowTest.java | FilmeTest.java,
S47,official_sample,redacted,llm,class_design,Class Design,10,10,"As classes foram bem modeladas, com responsabilidades claras. A classe Filme encapsula corretamente seus dados e a classe FilmNow gerencia as regras de negócio do acervo.",Filme.java | FilmNow.java,
S47,official_sample,redacted,llm,object_references,Object References and Composition,10,10,O uso de referências e composição está correto. O sistema gerencia instâncias de Filme dentro de FilmNow de forma coerente.,FilmNow.java: construtor | FilmNow.java: cadastraHot,
S47,official_sample,redacted,llm,collections_and_arrays,Collections and Arrays,10,10,"Os arrays foram utilizados corretamente para armazenar o acervo principal e a HotList, respeitando os tamanhos definidos e a lógica de indexação.","FilmNow.java: TAMANHO, TAMANHO_HOTLIST | FilmNow.java: getFilme | FilmNow.java: mostrarFilmes",
S47,official_sample,redacted,llm,separation_of_concerns,Separation of Concerns,10,10,A separação de responsabilidades entre a interface de usuário (MainFilmNow) e a lógica de negócio (FilmNow) foi implementada com sucesso.,MainFilmNow.java | FilmNow.java,
S47,official_sample,redacted,llm,readability_and_documentation,Readability and Documentation,10,10,"O código é muito legível, bem organizado e utiliza nomes de variáveis e métodos claros que facilitam a compreensão do fluxo.",Filme.java | FilmNow.java,
S48,official_sample,redacted,llm,basic_functionality,Basic Functionality,7.5,10,"O fluxo principal de cadastro, listagem e detalhamento de filmes funciona corretamente e atende aos requisitos. No entanto, a lógica da HotList apresenta falhas funcionais significativas, pois não permite a escolha da posição na HotList e a remoção apaga o último elemento inserido em vez do filme correto.",FilmNow.cadastraFilme | FilmNow.detalharFilme | MainFilmNow.mostrarFilmes | FilmNow.cadastraHot | FilmNow.removeHot,
S48,official_sample,redacted,llm,unit_tests,Unit Tests,8.5,10,"A submissão apresenta uma boa suíte de testes para as classes Filme e FilmNow, cobrindo o fluxo principal e casos limite do cadastro e detalhamento. Faltam, contudo, testes para as operações da HotList.",FilmNowTeste.java | FilmeTeste.java,
S48,official_sample,redacted,llm,class_design,Class Design,8.5,10,As classes principais foram criadas e modeladas de forma coerente com o problema. Há pequenos problemas de encapsulamento e um erro na implementação do método equals.,Filme.java | Filme.equals,
S48,official_sample,redacted,llm,object_references,Object References and Composition,10.0,10,O estudante demonstrou excelente compreensão sobre composição e uso de referências. A classe FilmNow gerencia corretamente instâncias de Filme.,FilmNow.java | FilmNow.cadastraFilme,
S48,official_sample,redacted,llm,collections_and_arrays,Collections and Arrays,7.0,10,"O uso de arrays para o acervo principal está correto. No entanto, a estrutura e a manipulação do array da HotList apresentam falhas conceituais, sendo tratada como uma pilha e com tamanho incorreto.",FilmNow.java | FilmNow.cadastraFilme | FilmNow.cadastraHot | FilmNow.removeHot,
S48,official_sample,redacted,llm,separation_of_concerns,Separation of Concerns,8.5,10,"A divisão de responsabilidades está majoritariamente correta, com a lógica de negócio concentrada em FilmNow e a interface em MainFilmNow. Houve apenas um pequeno vazamento de validação para a Main.",MainFilmNow.java | FilmNow.java | MainFilmNow.adicionaHot | MainFilmNow.removeHot,
S48,official_sample,redacted,llm,readability_and_documentation,Readability and Documentation,9.0,10,"O código é legível, bem organizado e utiliza bons nomes de variáveis. Faltou apenas atualizar a documentação Javadoc para os novos métodos criados.",Filme.java | FilmNow.java | FilmNow.cadastraHot,
S49,official_sample,redacted,llm,basic_functionality,Basic Functionality,9.5,10,"A funcionalidade básica está excelente, cobrindo todos os requisitos principais, incluindo validações de posição, campos vazios e formatação da HotList. Há apenas uma pequena falha lógica ao tentar atualizar um filme na mesma posição.",FilmNow.java: cadastraFilme | FilmNow.java: detalhaFilme | FilmNow.java: cadastraHotList | FilmNow.java: temFilme,
S49,official_sample,redacted,llm,unit_tests,Unit Tests,10,10,"Os testes estão excelentes, cobrindo tanto a classe Filme quanto a classe FilmNow com diversos cenários normais, alternativos e valores limite.",testes/FilmeTest.java | testes/FilmNowTest.java,
S49,official_sample,redacted,llm,class_design,Class Design,10,10,A modelagem das classes está muito boa. As responsabilidades de Filme e FilmNow estão bem definidas e os métodos de comparação foram sobrescritos corretamente.,Filme.java | FilmNow.java,
S49,official_sample,redacted,llm,object_references,Object References and Composition,10,10,O uso de referências e a composição entre FilmNow e Filme foram implementados de forma correta e segura.,FilmNow.java: getFilmes | FilmNow.java: temFilme,
S49,official_sample,redacted,llm,collections_and_arrays,Collections and Arrays,10,10,"Os arrays foram utilizados corretamente para armazenar o acervo principal e a HotList, respeitando os limites de tamanho estabelecidos.",FilmNow.java: construtor | FilmNow.java: cadastraFilme | FilmNow.java: cadastraHotList,
S49,official_sample,redacted,llm,separation_of_concerns,Separation of Concerns,10,10,A separação de responsabilidades está adequada para o nível esperado. A classe MainFilmNow lida com a interface e FilmNow concentra a lógica de negócio.,MainFilmNow.java | FilmNow.java,
S49,official_sample,redacted,llm,readability_and_documentation,Readability and Documentation,10,10,"O código é muito legível, bem organizado e possui excelente documentação Javadoc.",Filme.java | FilmNow.java | MainFilmNow.java,
S50,official_sample,redacted,llm,basic_functionality,Basic Functionality,9.5,10,"A funcionalidade básica foi implementada com excelência, cobrindo todos os requisitos principais de cadastro, listagem, detalhamento e HotList. Há apenas uma pequena falha na listagem que omite a última posição do acervo.",FilmNow.cadastraFilme | FilmNow.adicionaHot | FilmNow.detalhaFilme | FilmNow.exibeFilmes,
S50,official_sample,redacted,llm,unit_tests,Unit Tests,10,10,"Excelente suíte de testes, cobrindo cenários normais, alternativos e limites para as classes Filme e FilmNow.",testes/FilmeTest.java | testes/FilmNowTest.java,
S50,official_sample,redacted,llm,class_design,Class Design,10,10,"Modelagem de classes muito bem feita, com responsabilidades claras e adequadas ao problema proposto.",Filme.java | FilmNow.java,
S50,official_sample,redacted,llm,object_references,Object References and Composition,10,10,Uso correto de referências e composição. A relação entre o acervo principal e a HotList foi bem estabelecida.,FilmNow.adicionaHot | FilmNow.removeHot,
S50,official_sample,redacted,llm,collections_and_arrays,Collections and Arrays,10,10,"Uso adequado de arrays para o acervo e HotList, respeitando os tamanhos definidos e manipulando os índices corretamente na maior parte do código.",FilmNow.java (construtor) | FilmNow.getFilme,
S50,official_sample,redacted,llm,separation_of_concerns,Separation of Concerns,10,10,Excelente separação de responsabilidades. A interface de usuário está isolada da lógica de negócio.,MainFilmNow.java | FilmNow.java,
S50,official_sample,redacted,llm,readability_and_documentation,Readability and Documentation,10,10,"Código muito limpo, legível e bem documentado.",Filme.java | FilmNow.java,
S51,official_sample,redacted,llm,basic_functionality,Basic Functionality,7.5,10,"O fluxo principal de cadastro, listagem e detalhamento funciona bem. A lógica da HotList também foi implementada corretamente em sua essência. No entanto, há falhas importantes na validação de strings (uso de '==') e na ausência de proteção contra exceções (limites de array e nulos) nas operações da HotList, além de mensagens de erro fora do padrão especificado.","FilmNow.java: cadastraFilme | FilmNow.java: setFilmeHotlist | FilmNow.java: linhas 38 e 41 (if(nome == """") e if(local == """")) | FilmNow.java: removeFilmeHotList",
S51,official_sample,redacted,llm,unit_tests,Unit Tests,10.0,10,"Excelente conjunto de testes. O estudante cobriu as classes Filme e FilmNow com diversos cenários, incluindo caminhos felizes, alternativos e casos de erro (duplicidade, posições inválidas, etc).",FilmeTeste.java | FilmNowTeste.java,
S51,official_sample,redacted,llm,class_design,Class Design,9.0,10,"A modelagem das classes Filme e FilmNow está muito boa, com atributos e responsabilidades bem definidos. Houve apenas um erro conceitual na implementação do método equals da classe Filme.",Filme.java | FilmNow.java | Filme.java: linha 106,
S51,official_sample,redacted,llm,object_references,Object References and Composition,10.0,10,O uso de referências e a composição entre FilmNow e Filme foram implementados corretamente. O sistema instancia e manipula os objetos Filme de forma coerente.,FilmNow.java: cadastraFilme | FilmNow.java: setFilmeHotlist,
S51,official_sample,redacted,llm,collections_and_arrays,Collections and Arrays,10.0,10,"Os arrays para o acervo principal e para a HotList foram declarados e utilizados corretamente, respeitando os tamanhos especificados.",FilmNow.java: construtor | FilmNow.java: getFilmesEmString,
S51,official_sample,redacted,llm,separation_of_concerns,Separation of Concerns,10.0,10,"Excelente separação de responsabilidades. A classe MainFilmNow cuida exclusivamente da interação com o usuário, enquanto FilmNow concentra as regras de negócio.",MainFilmNow.java | FilmNow.java,
S51,official_sample,redacted,llm,readability_and_documentation,Readability and Documentation,10.0,10,"O código é muito legível, com boa escolha de nomes para variáveis e métodos. O Javadoc está presente e bem escrito para a maioria dos métodos públicos.",Filme.java | FilmNow.java,
S52,official_sample,redacted,llm,basic_functionality,Basic Functionality,7.5,10,"O fluxo principal foi implementado com sucesso, cobrindo cadastro, listagem e HotList. No entanto, há um erro crítico no método getFilmes() que causa NullPointerException ao tentar imprimir um filme fixo, quebrando a listagem. Além disso, o detalhamento de posição vazia retorna mensagem de erro em vez de vazio.",FilmNow.java:cadastraFilme | FilmNow.java:cadastraHot | Filme.java:toString | FilmNow.java:24 | FilmNow.java:38,
S52,official_sample,redacted,llm,unit_tests,Unit Tests,10,10,"Excelente conjunto de testes. O estudante criou testes abrangentes para as classes Filme e FilmNow, cobrindo cenários normais, alternativos e limites de array.",FilmeTest.java | FilmNowTest.java,
S52,official_sample,redacted,llm,class_design,Class Design,10,10,A modelagem das classes está excelente. As responsabilidades de Filme e FilmNow foram bem compreendidas e implementadas de acordo com os conceitos de orientação a objetos esperados para o laboratório.,Filme.java | FilmNow.java,
S52,official_sample,redacted,llm,object_references,Object References and Composition,10,10,O uso de referências e a composição entre FilmNow e Filme foram implementados corretamente. O sistema manipula os objetos Filme de forma coerente tanto no acervo principal quanto na HotList.,FilmNow.java:19 | FilmNow.java:108,
S52,official_sample,redacted,llm,collections_and_arrays,Collections and Arrays,10,10,"Os arrays foram declarados e utilizados corretamente, respeitando os limites de tamanho estabelecidos no enunciado (100 para filmes e 10 para HotList).",FilmNow.java:19 | FilmNow.java:58 | FilmNow.java:102,
S52,official_sample,redacted,llm,separation_of_concerns,Separation of Concerns,9.5,10,"A divisão de responsabilidades está muito boa, com a lógica de negócio concentrada em FilmNow e a interface em MainFilmNow. Houve apenas um pequeno deslize com um comando de impressão inserido indevidamente na classe de domínio.",MainFilmNow.java | FilmNow.java | FilmNow.java:24,
S52,official_sample,redacted,llm,readability_and_documentation,Readability and Documentation,10,10,"O código é muito legível, bem organizado e possui excelente documentação Javadoc para a maioria dos métodos e classes.",Filme.java | FilmNow.java,
S53,official_sample,redacted,llm,basic_functionality,Basic Functionality,7.0,10,"O fluxo principal de cadastro, listagem e detalhamento foi implementado e funciona para casos normais. No entanto, há falhas na validação de strings vazias (uso de `==` em vez de `.equals()`), o programa quebra ao receber um ano vazio, e a regra de duplicidade na HotList não retorna a mensagem esperada.",FilmNow.java: cadastraFilme | MainFilmNow.java: detalharFilme | FilmNow.java: adicionarHot | MainFilmNow.java: adicionaFilme,
S53,official_sample,redacted,llm,unit_tests,Unit Tests,10.0,10,"Excelente conjunto de testes, cobrindo tanto a classe Filme (getters, equals, hashCode, toString) quanto a classe FilmNow (cenários de sucesso e erro no cadastro e na HotList).",testes/FilmeTest.java | testes/FilmNowTest.java,
S53,official_sample,redacted,llm,class_design,Class Design,10.0,10,"As classes Filme e FilmNow foram criadas e modeladas corretamente, com atributos e métodos adequados para representar o domínio do problema.",Filme.java: equals | Filme.java: hashCode,
S53,official_sample,redacted,llm,object_references,Object References and Composition,10.0,10,"O sistema utiliza corretamente a composição, com FilmNow gerenciando instâncias de Filme de forma coerente.",FilmNow.java: construtor | FilmNow.java: getFilme,
S53,official_sample,redacted,llm,collections_and_arrays,Collections and Arrays,8.0,10,"Os arrays foram declarados e utilizados para o acervo e HotList. Contudo, há um erro de limite de índice (off-by-one) no array principal que causa exceção na posição máxima.",FilmNow.java: construtor | FilmNow.java: comparaFilme | FilmNow.java: cadastraFilme,
S53,official_sample,redacted,llm,separation_of_concerns,Separation of Concerns,9.0,10,Boa separação geral entre a interface (MainFilmNow) e as regras de negócio (FilmNow). Houve apenas um pequeno vazamento de lógica de domínio para a Main.,MainFilmNow.java: comando | FilmNow.java: cadastraFilme | MainFilmNow.java: isHot,
S53,official_sample,redacted,llm,readability_and_documentation,Readability and Documentation,10.0,10,"Código limpo, bem indentado, com nomes de variáveis claros e presença de Javadoc nos métodos principais.",FilmNow.java | MainFilmNow.java,
S54,official_sample,redacted,llm,basic_functionality,Basic Functionality,6.0,10,"O fluxo principal de cadastro, listagem e manipulação da HotList foi implementado, mas apresenta falhas críticas de execução. O sistema permite posições até 100, mas os arrays têm tamanho 100 (índices 0 a 99), causando erro de limite. Além disso, a conversão direta do ano para inteiro impede o cadastro de filmes com ano vazio, contrariando os requisitos.",MainFilmNow.java: adicionaFilme | MainFilmNow.java: atribuirHot | MainFilmNow.java: mostrarFilmes | MainFilmNow.java: adicionaFilme (linha 181) | FilmNow.java: cadastraFilme | MainFilmNow.java: adicionaFilme (linha 192),
S54,official_sample,redacted,llm,unit_tests,Unit Tests,0.0,10,Não há evidências de testes automatizados na submissão.,Pacote de submissão,
S54,official_sample,redacted,llm,class_design,Class Design,3.0,10,"A classe Hotlist foi criada, mas a modelagem falha gravemente ao omitir a classe Filme, que é a entidade central do domínio, optando por arrays paralelos na classe FilmNow.",Hotlist.java | FilmNow.java,
S54,official_sample,redacted,llm,object_references,Object References and Composition,3.0,10,"Há passagem de referência de FilmNow para Hotlist, mas a ausência da classe Filme impede o uso de referências e composição para armazenar os filmes no acervo.",Hotlist.java: cadastraHot | Hotlist.java: removeHotlist | FilmNow.java: atributos,
S54,official_sample,redacted,llm,collections_and_arrays,Collections and Arrays,5.0,10,"Os arrays foram declarados e inicializados, mas o uso de arrays paralelos é uma má prática. Além disso, há inconsistências no mapeamento de índices.",FilmNow.java: construtor | Hotlist.java: construtor | FilmNow.java: linhas 15-17 | MainFilmNow.java: adicionaFilme,
S54,official_sample,redacted,llm,separation_of_concerns,Separation of Concerns,3.0,10,"A classe MainFilmNow concentra grande parte da lógica de negócio, como validações e verificações de duplicidade, violando a separação de responsabilidades.",LeitorFilmNow.java | MainFilmNow.java: adicionaFilme (linhas 188-196) | MainFilmNow.java: atribuirHot (linhas 138-145),
S54,official_sample,redacted,llm,readability_and_documentation,Readability and Documentation,8.5,10,"O código possui boa formatação e nomes de variáveis compreensíveis. Há Javadoc na maioria dos métodos, embora alguns estejam incompletos.",FilmNow.java | MainFilmNow.java | FilmNow.java: atribuirHot | FilmNow.java: removeHot,
S55,official_sample,redacted,llm,basic_functionality,Basic Functionality,9.5,10,"O sistema implementa com sucesso o fluxo principal: cadastro, listagem, detalhamento e gerenciamento da HotList funcionam conforme o esperado, com as validações corretas. Há apenas um pequeno defeito de acabamento ao detalhar posições vazias.","FilmNow.java (métodos cadastraFilme, detalhaFilme, atribuirHot, removerHot) | FilmNow.java (linha 88) | MainFilmNow.java (linha 111)",
S55,official_sample,redacted,llm,unit_tests,Unit Tests,10,10,"Excelente cobertura de testes. O estudante criou suítes abrangentes para as classes Filme e FilmNow, cobrindo fluxos normais, alternativos e valores limite.",FilmeTest.java | FilmNowTest.java,
S55,official_sample,redacted,llm,class_design,Class Design,8.5,10,"As classes foram bem modeladas e possuem responsabilidades claras. No entanto, há falhas conceituais importantes na implementação dos métodos equals e hashCode da classe Filme.",Filme.java | FilmNow.java | Filme.java (linhas 56 e 73),
S55,official_sample,redacted,llm,object_references,Object References and Composition,9.5,10,O uso de referências e a composição entre FilmNow e Filme estão corretos na maior parte do sistema. Há apenas uma pequena quebra de encapsulamento ao retornar os arrays internos.,"FilmNow.java (métodos cadastraFilme, constaFilme) | FilmNow.java (linhas 30 e 38)",
S55,official_sample,redacted,llm,collections_and_arrays,Collections and Arrays,10,10,Os arrays foram utilizados de forma muito eficiente para resolver o problema. A estratégia de dimensionar os arrays com tamanho + 1 para facilitar o uso de índices baseados em 1 é válida e bem executada.,"FilmNow.java (linhas 12, 13, 16, 17)",
S55,official_sample,redacted,llm,separation_of_concerns,Separation of Concerns,10,10,"Excelente divisão de responsabilidades. A interface com o usuário está isolada na Main, enquanto as regras de negócio e validações estão concentradas em FilmNow.",MainFilmNow.java | FilmNow.java,
S55,official_sample,redacted,llm,readability_and_documentation,Readability and Documentation,10,10,"O código é extremamente legível, bem organizado e possui documentação Javadoc completa e clara para todas as classes e métodos públicos.",Filme.java | FilmNow.java,
S56,official_sample,redacted,llm,basic_functionality,Basic Functionality,7.5,10,"O fluxo principal de cadastro, listagem e detalhamento funciona bem. No entanto, há falhas na manipulação da HotList (falta de validação de duplicidade e limites incorretos) e no detalhamento de posições vazias.",FilmNow.cadastraFilme | FilmNow.verificaFilme | MainFilmNow.detalharFilme | Filme.exibiFilme | FilmNow.adicionarHot | FilmNow.removerHot | FilmNow.getFilme,
S56,official_sample,redacted,llm,unit_tests,Unit Tests,10.0,10,"Excelente cobertura de testes. Os testes cobrem o fluxo principal, situações limite e casos alternativos de forma abrangente.",FilmeTest.java | FilmNowTest.java,
S56,official_sample,redacted,llm,class_design,Class Design,10.0,10,"As classes foram bem modeladas, com responsabilidades claras e uso adequado de construtores e métodos de acesso.",Filme.java | Filme.equals | Filme.exibiFilme,
S56,official_sample,redacted,llm,object_references,Object References and Composition,10.0,10,Compreensão clara de composição e uso de referências entre objetos.,FilmNow.java | FilmNow.adicionarHot | FilmNow.ehHot,
S56,official_sample,redacted,llm,collections_and_arrays,Collections and Arrays,10.0,10,"Uso correto de arrays para armazenar o acervo principal e a HotList, respeitando os tamanhos definidos.",FilmNow.java (construtor) | FilmNow.getFilmes,
S56,official_sample,redacted,llm,separation_of_concerns,Separation of Concerns,10.0,10,Boa separação de responsabilidades. A lógica de negócio está na classe FilmNow e a interação com o usuário na MainFilmNow.,MainFilmNow.java | FilmNow.java,
S56,official_sample,redacted,llm,readability_and_documentation,Readability and Documentation,10.0,10,"Código limpo, bem organizado e com boa documentação Javadoc.",Filme.java | FilmNow.java,
S57,official_sample,redacted,llm,basic_functionality,Basic Functionality,6,10,"O fluxo principal de cadastro e listagem foi implementado, mas há falhas funcionais importantes: ausência de verificação de duplicidade na HotList e erros de índice (off-by-one) que causam exceções ou validações incorretas nos limites do acervo.",FilmNow.cadastraFilme | FilmNow.existeFilme | MainFilmNow.mostrarFilmes | FilmNow.removerHot | FilmNow.atribuiHot | MainFilmNow.detalharFilme | FilmNow.verificaParametrosHot,
S57,official_sample,redacted,llm,unit_tests,Unit Tests,0,10,Não há arquivos de testes na submissão.,Pacote raiz,
S57,official_sample,redacted,llm,class_design,Class Design,10,10,"As classes Filme e FilmNow foram criadas e modeladas corretamente, com atributos adequados e métodos equals/hashCode bem definidos.",Filme.java | Filme.equals | FilmNow.java,
S57,official_sample,redacted,llm,object_references,Object References and Composition,10,10,O uso de referências e a composição entre FilmNow e Filme foram bem compreendidos e aplicados.,FilmNow.filmes | FilmNow.hotList | FilmNow.existeFilme,
S57,official_sample,redacted,llm,collections_and_arrays,Collections and Arrays,8,10,"Os arrays foram declarados e instanciados corretamente, mas há confusão no mapeamento entre as posições informadas pelo usuário (1 a N) e os índices dos arrays (0 a N-1).",FilmNow.FilmNow() | FilmNow.existeFilme | FilmNow.verificaParametrosHot | MainFilmNow.detalharFilme,
S57,official_sample,redacted,llm,separation_of_concerns,Separation of Concerns,8,10,"A separação de responsabilidades existe, mas a classe de domínio (FilmNow) retorna mensagens de interface e a Main realiza algumas validações que deveriam estar encapsuladas.",MainFilmNow.java | FilmNow.java | FilmNow.cadastraFilme | FilmNow.verificaParametros | FilmNow.atribuiHot | MainFilmNow.detalharFilme,
S57,official_sample,redacted,llm,readability_and_documentation,Readability and Documentation,9,10,"O código é legível, bem indentado e possui bons nomes de variáveis. A documentação Javadoc está presente, mas com pequenas falhas de formatação.",FilmNow.java | MainFilmNow.java | FilmNow.getHotFilme | FilmNow.eHot | FilmNow.atribuiHot,
S58,official_sample,redacted,llm,basic_functionality,Basic Functionality,9.5,10,Implementação excelente e muito completa de todas as funcionalidades obrigatórias. O sistema lida muito bem com casos limites e validações. O único pequeno defeito é a possibilidade de adicionar uma posição vazia do acervo na HotList.,"FilmNow.java (métodos cadastraFilme, detalhaFilme, cadastraHotList) | FilmNow.java (método cadastraHotList)",
S58,official_sample,redacted,llm,unit_tests,Unit Tests,10,10,"Suíte de testes excepcional, cobrindo exaustivamente os cenários normais, alternativos e limites das classes de domínio.",Teste/filmnow/FilmNowTeste.java | Teste/filmnow/FilmeTest.java,
S58,official_sample,redacted,llm,class_design,Class Design,10,10,"As classes foram muito bem modeladas, com atributos adequados e métodos que representam bem o domínio do problema.",Filme.java | FilmNow.java,
S58,official_sample,redacted,llm,object_references,Object References and Composition,10,10,Excelente uso de composição e referências. A classe FilmNow gerencia corretamente as instâncias de Filme.,"FilmNow.java (métodos cadastraHotList, conferirFilme)",
S58,official_sample,redacted,llm,collections_and_arrays,Collections and Arrays,10,10,"Uso correto e seguro de arrays para o acervo e para a HotList, respeitando os tamanhos definidos.",FilmNow.java (construtor e métodos de iteração),
S58,official_sample,redacted,llm,separation_of_concerns,Separation of Concerns,8.5,10,"Boa separação geral, mas há pequenos vazamentos de responsabilidade: a classe Main orquestra regras de negócio e FilmNow formata saídas textuais complexas de UI.",MainFilmNow.java | FilmNow.java | MainFilmNow.java (método adicionaFilme) | FilmNow.java (método BuscaFilme),
S58,official_sample,redacted,llm,readability_and_documentation,Readability and Documentation,10,10,"Código muito limpo, legível e bem documentado com Javadoc na maioria dos métodos.",FilmNow.java | MainFilmNow.java,
S59,official_sample,redacted,llm,basic_functionality,Basic Functionality,7.5,10,"O fluxo principal do sistema funciona bem, incluindo cadastro, listagem e HotList. No entanto, há pequenos desvios em relação à especificação: mensagem incorreta ao adicionar filme duplicado, retorno incorreto ao detalhar posição vazia e uma implementação frágil do status 'hot' modificando diretamente a string do nome.",FilmNow.java: cadastraFilme | FilmNow.java: adicionaHot | MainFilmNow.java: comando | FilmNow.java: removeHot | FilmNow.java: getDadosFilme,
S59,official_sample,redacted,llm,unit_tests,Unit Tests,10.0,10,"Excelente cobertura de testes para as classes Filme e FilmNow, cobrindo cenários de sucesso e falha de forma abrangente.",Testes/TesteFilme.java | Testes/TesteFilmNow.java,
S59,official_sample,redacted,llm,class_design,Class Design,10.0,10,"As classes Filme e FilmNow foram bem modeladas, com responsabilidades claras em termos de atributos e métodos essenciais para o domínio do problema.",Filme.java | FilmNow.java,
S59,official_sample,redacted,llm,object_references,Object References and Composition,10.0,10,"O sistema utiliza corretamente a composição, com a classe FilmNow gerenciando instâncias da classe Filme de forma coerente.",FilmNow.java: cadastraFilme | FilmNow.java: arrayFilmes,
S59,official_sample,redacted,llm,collections_and_arrays,Collections and Arrays,10.0,10,"Uso adequado de arrays para o acervo principal e para a HotList, respeitando os limites de tamanho e manipulando os índices corretamente.",FilmNow.java: construtor | FilmNow.java: cadastraFilme,
S59,official_sample,redacted,llm,separation_of_concerns,Separation of Concerns,7.0,10,"A separação de responsabilidades é boa na maior parte do sistema, mas a classe de domínio FilmNow realiza impressões diretas no console, violando o princípio de separação entre lógica de negócio e interface com o usuário.",MainFilmNow.java | FilmNow.java | FilmNow.java: cadastraFilme,
S59,official_sample,redacted,llm,readability_and_documentation,Readability and Documentation,10.0,10,"O código é muito bem organizado, legível e conta com excelente documentação Javadoc em suas classes e métodos.",Filme.java | FilmNow.java,
S60,official_sample,redacted,llm,basic_functionality,Basic Functionality,8.0,10,"O fluxo principal do sistema funciona muito bem, incluindo o cadastro, listagem e detalhamento de filmes. A lógica de substituição na HotList e a verificação de duplicidade foram implementadas. No entanto, há ausência de validações de limites e nulidade nas operações da HotList, além de um pequeno erro de formatação na quebra de linha.",FilmNow.java: cadastraFilme | FilmNow.java: detalhaFilme | FilmNow.java: adicionaHot | FilmNow.java: removeHot | Filme.java: toString,
S60,official_sample,redacted,llm,unit_tests,Unit Tests,10.0,10,"Excelente cobertura de testes. O aluno criou testes abrangentes para as classes Filme e FilmNow, cobrindo fluxos normais, alternativos e casos limite.",FilmNowTest.java | FilmeTest.java,
S60,official_sample,redacted,llm,class_design,Class Design,9.0,10,"As classes foram muito bem modeladas, com responsabilidades claras. A escolha de manter um estado booleano no Filme para saber se ele está na HotList foi uma boa decisão de design. Há apenas um erro conceitual na implementação do método equals.",Filme.java | FilmNow.java | Filme.java: equals,
S60,official_sample,redacted,llm,object_references,Object References and Composition,10.0,10,O uso de referências e a composição entre as classes estão corretos. O sistema instancia e gerencia os objetos Filme adequadamente dentro de FilmNow.,FilmNow.java: cadastraFilme | FilmNow.java: adicionaHot,
S60,official_sample,redacted,llm,collections_and_arrays,Collections and Arrays,10.0,10,"Os arrays foram declarados e utilizados corretamente para armazenar o acervo principal e a HotList, respeitando os tamanhos definidos no enunciado.",FilmNow.java: construtor | FilmNow.java: checaIgual,
S60,official_sample,redacted,llm,separation_of_concerns,Separation of Concerns,10.0,10,"A divisão de responsabilidades está muito boa. A classe MainFilmNow cuida exclusivamente da interação com o usuário, enquanto FilmNow concentra a lógica de negócio.",MainFilmNow.java | FilmNow.java,
S60,official_sample,redacted,llm,readability_and_documentation,Readability and Documentation,10.0,10,"O código é extremamente legível, bem organizado e documentado. O aluno utilizou Javadoc em praticamente todos os métodos e classes.",Filme.java | FilmNow.java,
S61,official_sample,redacted,llm,basic_functionality,Basic Functionality,8.0,10,"O sistema implementa a maior parte do fluxo principal corretamente, incluindo cadastro, listagem e manipulação da HotList. No entanto, há falhas na regra de sobrescrita de filmes e na verificação de duplicidade.","MainFilmNow.java: adicionaFilme | FilmNow.java: atribuirHot, removerHot | FilmNow.java: cadastraFilme",
S61,official_sample,redacted,llm,unit_tests,Unit Tests,10.0,10,"A submissão apresenta uma excelente suíte de testes, cobrindo as classes Filme, FilmNow e LeitorFilmNow com diversos cenários.",testes/FilmeTest.java | testes/FilmNowTest.java,
S61,official_sample,redacted,llm,class_design,Class Design,10.0,10,"As classes foram bem modeladas, com responsabilidades claras e atributos adequados para representar o domínio do problema.",Filme.java | FilmNow.java,
S61,official_sample,redacted,llm,object_references,Object References and Composition,10.0,10,O sistema demonstra excelente compreensão do uso de referências e composição entre objetos.,"FilmNow.java: getFilme, isHot, atribuirHot",
S61,official_sample,redacted,llm,collections_and_arrays,Collections and Arrays,10.0,10,"Os arrays foram instanciados e manipulados corretamente, respeitando os limites de tamanho exigidos pelo laboratório.","FilmNow.java: construtor, getFilme, cadastraFilme",
S61,official_sample,redacted,llm,separation_of_concerns,Separation of Concerns,10.0,10,"A separação de responsabilidades está muito boa para o nível esperado. A interface com o usuário está isolada na Main, enquanto as regras de negócio e armazenamento ficam no FilmNow.",MainFilmNow.java | FilmNow.java,
S61,official_sample,redacted,llm,readability_and_documentation,Readability and Documentation,10.0,10,"O código é extremamente legível, bem organizado e possui documentação Javadoc completa e clara.",Filme.java | FilmNow.java | MainFilmNow.java,
S62,official_sample,redacted,llm,basic_functionality,Basic Functionality,8.5,10,"O fluxo principal de cadastro, listagem e detalhamento de filmes funciona muito bem, incluindo validações de duplicidade e campos vazios. No entanto, faltou a validação de limites de posição nas operações da HotList.",FilmNow.java: cadastraFilme | FilmNow.java: detalhaFilme | FilmNow.java: compara | FilmNow.java: cadastraHotList | FilmNow.java: removerHotList,
S62,official_sample,redacted,llm,unit_tests,Unit Tests,10.0,10,"Excelente cobertura de testes, abrangendo tanto a classe Filme quanto a classe FilmNow, com verificação de cenários normais, alternativos e limites.",testes/FilmeTest.java | testes/FilmNowTest.java,
S62,official_sample,redacted,llm,class_design,Class Design,9.0,10,As classes principais foram bem modeladas e cumprem seus papéis. Houve apenas um pequeno desvio conceitual na implementação do método equals da classe Filme.,Filme.java | FilmNow.java | Filme.java: equals,
S62,official_sample,redacted,llm,object_references,Object References and Composition,10.0,10,Composição e uso de referências entre FilmNow e Filme foram implementados corretamente.,FilmNow.java: cadastraFilme | FilmNow.java: filmes | FilmNow.java: hotList,
S62,official_sample,redacted,llm,collections_and_arrays,Collections and Arrays,10.0,10,"Uso adequado de arrays para armazenar os filmes e a HotList, respeitando as restrições do laboratório.",FilmNow.java: construtor,
S62,official_sample,redacted,llm,separation_of_concerns,Separation of Concerns,8.5,10,"Boa separação geral entre UI e domínio, mas houve um vazamento de regras de negócio da HotList para a classe MainFilmNow.",MainFilmNow.java | FilmNow.java | MainFilmNow.java: adicionaHotList,
S62,official_sample,redacted,llm,readability_and_documentation,Readability and Documentation,10.0,10,"Código muito legível, bem organizado e com excelente documentação Javadoc.",FilmNow.java | Filme.java,
S63,official_sample,redacted,llm,basic_functionality,Basic Functionality,9.0,10,"A funcionalidade principal foi implementada com sucesso, incluindo cadastro, listagem, detalhamento e HotList. Há apenas um pequeno erro de lógica nos limites de posição ao detalhar um filme.",FilmNow.java: cadastraFilme | FilmNow.java: cadastraHot | MainFilmNow.java: detalharFilme | FilmNow.java: verHotOuFilme,
S63,official_sample,redacted,llm,unit_tests,Unit Tests,9.0,10,"Excelente conjunto de testes cobrindo a maior parte das regras de negócio da classe FilmNow, com pequenas lacunas em operações específicas.",FilmeTest.java,
S63,official_sample,redacted,llm,class_design,Class Design,9.0,10,"As classes foram bem modeladas e cumprem seus papéis, com um pequeno desvio no gerenciamento de estado do atributo ehHot.",Filme.java | FilmNow.java | FilmNow.java: verHotOuFilme | Filme.java: setEhHot,
S63,official_sample,redacted,llm,object_references,Object References and Composition,10.0,10,"Composição e uso de referências implementados corretamente, com destaque para o uso adequado do método equals.","FilmNow.java: filmes, hotList | Filme.java: equals",
S63,official_sample,redacted,llm,collections_and_arrays,Collections and Arrays,10.0,10,Estruturas de dados utilizadas corretamente para armazenar o acervo e a HotList.,FilmNow.java: getFilmes | FilmNow.java: getHot,
S63,official_sample,redacted,llm,separation_of_concerns,Separation of Concerns,8.0,10,"Boa separação geral entre interface e domínio, mas com uma violação pontual onde a classe de domínio imprime diretamente no console.",MainFilmNow.java | FilmNow.java | FilmNow.java: removendoHot,
S63,official_sample,redacted,llm,readability_and_documentation,Readability and Documentation,9.0,10,"Código limpo, legível e com boa documentação Javadoc nas classes principais, faltando apenas em algumas partes.",FilmNow.java | MainFilmNow.java | Filme.java,
S64,official_sample,redacted,llm,basic_functionality,Basic Functionality,7.5,10,"O fluxo principal de cadastro e detalhamento funciona bem, com validações corretas. No entanto, há falhas na listagem de filmes (ignora a posição 1 e mostra índices errados) e na lógica de substituição da HotList.",FilmNow.java: cadastraFilme | FilmNow.java: getFilme | FilmNow.java: getFilmes | FilmNow.java: adicionaHot,
S64,official_sample,redacted,llm,unit_tests,Unit Tests,8.5,10,"Bons testes para o fluxo principal de cadastro e detalhamento, cobrindo limites e casos alternativos. Faltam testes para as operações da HotList.",FilmNowTest.java | FilmeTest.java,
S64,official_sample,redacted,llm,class_design,Class Design,9.0,10,As classes principais foram criadas com responsabilidades bem definidas. Há um pequeno desvio na modelagem do status 'hot' como String.,Filme.java | FilmNow.java | Filme.java: atributo hot,
S64,official_sample,redacted,llm,object_references,Object References and Composition,8.5,10,"A composição entre FilmNow e Filme é bem feita, com a HotList armazenando referências corretamente. O desconto se deve a um erro ao acessar a referência correta na remoção da HotList.",FilmNow.java: atributos filmes e hotList | FilmNow.java: adicionaHot | FilmNow.java: removeHot,
S64,official_sample,redacted,llm,collections_and_arrays,Collections and Arrays,8.0,10,Uso correto de arrays com os tamanhos especificados. Há erros significativos na iteração e no uso de índices (0-based vs 1-based) na HotList.,FilmNow.java: construtor | FilmNow.java: mostrarHot | FilmNow.java: removeHot | FilmNow.java: adicionaHot,
S64,official_sample,redacted,llm,separation_of_concerns,Separation of Concerns,8.0,10,Boa separação geral entre a interface (Main) e o domínio (FilmNow). O desconto ocorre porque FilmNow retorna mensagens de UI e faz parse de Strings.,MainFilmNow.java | FilmNow.java | FilmNow.java: cadastraFilme | FilmNow.java: adicionaHot,
S64,official_sample,redacted,llm,readability_and_documentation,Readability and Documentation,9.0,10,Código organizado e com Javadoc presente. A lógica de formatação da listagem de filmes é desnecessariamente complexa.,Filme.java | FilmNow.java | FilmNow.java: getFilmes,
S65,official_sample,redacted,llm,basic_functionality,Basic Functionality,10,10,"Implementa corretamente todos os requisitos funcionais obrigatórios, incluindo cadastro, listagem, detalhamento e regras da HotList.",FilmNow.cadastraFilme | FilmNow.detalhaFilme | FilmNow.addHot,
S65,official_sample,redacted,llm,unit_tests,Unit Tests,8,10,"Excelente cobertura de testes para as classes de domínio, mas há um erro de sintaxe em um dos arquivos de teste que impede a compilação da suíte.",FilmNowTest.java | FilmeTest.java | MainFilmNowTest.java (linha 18),
S65,official_sample,redacted,llm,class_design,Class Design,10,10,"Modelagem adequada das classes centrais, com responsabilidades bem definidas para Filme e FilmNow.",Filme.java | FilmNow.java,
S65,official_sample,redacted,llm,object_references,Object References and Composition,10,10,Compreensão clara de composição e uso de referências entre objetos.,FilmNow.java (atributos filmes e hotList),
S65,official_sample,redacted,llm,collections_and_arrays,Collections and Arrays,10,10,"Uso correto de arrays para resolver o problema do acervo e da HotList, respeitando os tamanhos e índices.",FilmNow.java (construtor e métodos de acesso),
S65,official_sample,redacted,llm,separation_of_concerns,Separation of Concerns,10,10,Ótima separação entre a interface de usuário e a lógica de negócio.,MainFilmNow.java | FilmNow.java,
S65,official_sample,redacted,llm,readability_and_documentation,Readability and Documentation,10,10,"Código muito legível, bem organizado e com boa documentação Javadoc.",Filme.java | FilmNow.java,
S66,official_sample,redacted,llm,basic_functionality,Basic Functionality,9.0,10,"O fluxo principal funciona muito bem, cobrindo cadastro, listagem e HotList de forma consistente. Há pequenos desvios: posições vazias ao detalhar filme retornam 'POSIÇÃO INVÁLIDA' em vez de vazio, e falta validação de limites ao inserir na HotList.",FilmNow.java: cadastraFilme | FilmNow.java: cadastraHot | MainFilmNow.java: atribuirHot | MainFilmNow.java: detalharFilme,
S66,official_sample,redacted,llm,unit_tests,Unit Tests,10.0,10,"Excelente conjunto de testes, cobrindo a classe Filme e os principais fluxos da classe FilmNow, incluindo cenários alternativos e limites.",testes/FilmeTest.java | testes/FilmNowTest.java,
S66,official_sample,redacted,llm,class_design,Class Design,10.0,10,Modelagem de classes muito bem feita. As classes Filme e FilmNow possuem responsabilidades claras e atributos adequados.,Filme.java | FilmNow.java,
S66,official_sample,redacted,llm,object_references,Object References and Composition,10.0,10,Uso correto de referências e composição. FilmNow gerencia instâncias de Filme adequadamente.,FilmNow.java: getFilmes | FilmNow.java: getHot,
S66,official_sample,redacted,llm,collections_and_arrays,Collections and Arrays,10.0,10,"Uso adequado de arrays para resolver o problema do acervo e da HotList, respeitando os tamanhos definidos.",FilmNow.java: FilmNow(),
S66,official_sample,redacted,llm,separation_of_concerns,Separation of Concerns,8.5,10,"Boa separação geral entre interface (MainFilmNow) e domínio (FilmNow), mas a Main assume algumas responsabilidades de formatação e lógica que já estavam implementadas no domínio.",MainFilmNow.java | FilmNow.java | MainFilmNow.java: detalharFilme | FilmNow.java: descreveFilme,
S66,official_sample,redacted,llm,readability_and_documentation,Readability and Documentation,10.0,10,"Código muito legível, bem organizado e com excelente documentação Javadoc.",Filme.java | FilmNow.java,
S67,official_sample,redacted,llm,basic_functionality,Basic Functionality,6.5,10,"O fluxo principal de cadastro, listagem e detalhamento foi implementado, assim como a HotList. No entanto, há falhas importantes: o sistema lança NullPointerException ao comparar filmes com ano vazio (causando crash ao sobrescrever filmes na HotList), a substituição na HotList não remove o status 'hot' do filme anterior, e o detalhamento de posições vazias retorna mensagem de erro em vez de vazio.","FilmNow.java (métodos cadastraFilme, detalhaFilme, cadastraHot) | Filme.java (método equals) | FilmNow.java (método procuraPosicaoHot) | FilmNow.java (método cadastraHot) | FilmNow.java (método detalhaFilme)",
S67,official_sample,redacted,llm,unit_tests,Unit Tests,9.0,10,"A suíte de testes é extensa e cobre a maioria dos cenários normais e limites. Houve apenas uma pequena lacuna ao não testar a simetria do método equals com valores nulos e a sobrescrita de filmes na HotList, o que permitiu que erros passassem despercebidos.",FilmeTest.java | FilmNowTest.java,
S67,official_sample,redacted,llm,class_design,Class Design,10.0,10,"As classes foram bem modeladas, com responsabilidades claras e atributos adequados para representar o domínio do problema.",Filme.java,
S67,official_sample,redacted,llm,object_references,Object References and Composition,10.0,10,O uso de referências e a composição entre FilmNow e Filme foram implementados corretamente.,FilmNow.java,
S67,official_sample,redacted,llm,collections_and_arrays,Collections and Arrays,10.0,10,"Os arrays foram utilizados corretamente para armazenar o acervo principal e a HotList, respeitando os tamanhos estipulados.","FilmNow.java (construtor, getFilmes, getHotList)",
S67,official_sample,redacted,llm,separation_of_concerns,Separation of Concerns,10.0,10,"A separação de responsabilidades está muito boa. A classe MainFilmNow lida com a interface de usuário, enquanto FilmNow concentra a lógica de negócio.",MainFilmNow.java | FilmNow.java,
S67,official_sample,redacted,llm,readability_and_documentation,Readability and Documentation,10.0,10,"O código é muito legível, bem organizado e possui excelente documentação Javadoc.",Filme.java | FilmNow.java,
S68,official_sample,redacted,llm,basic_functionality,Basic Functionality,9.5,10,"A funcionalidade básica está excelente, cobrindo quase todos os requisitos do acervo e da HotList. Há apenas uma pequena falha de validação ao adicionar um filme à HotList.",FilmNow.cadastraFilme | FilmNow.detalharFilme | FilmNow.adicionarHot,
S68,official_sample,redacted,llm,unit_tests,Unit Tests,10,10,"Os testes unitários estão excelentes, cobrindo tanto a classe Filme quanto a classe FilmNow com diversos cenários normais e limites.",FilmeTest.java | FilmNowTest.java,
S68,official_sample,redacted,llm,class_design,Class Design,10,10,"A modelagem das classes está muito boa, com Filme e FilmNow bem definidas e encapsuladas.",Filme.java | FilmNow.java,
S68,official_sample,redacted,llm,object_references,Object References and Composition,10,10,O uso de referências e a composição entre FilmNow e Filme foram implementados corretamente.,FilmNow.java,
S68,official_sample,redacted,llm,collections_and_arrays,Collections and Arrays,10,10,"Os arrays foram utilizados corretamente para gerenciar o acervo e a HotList, respeitando os limites estabelecidos.",FilmNow.java,
S68,official_sample,redacted,llm,separation_of_concerns,Separation of Concerns,7.0,10,"A divisão de responsabilidades está boa na maior parte do sistema, mas há violações na implementação da HotList e em alguns métodos de acesso, onde a classe de domínio imprime diretamente no console.",FilmNow.cadastraFilme | FilmNow.detalharFilme | MainFilmNow.java | FilmNow.adicionarHot | FilmNow.removerHot | FilmNow.exibirHotList | FilmNow.getFilme,
S68,official_sample,redacted,llm,readability_and_documentation,Readability and Documentation,10,10,O código é muito legível e possui excelente documentação Javadoc.,Filme.java | FilmNow.java,
S69,official_sample,redacted,llm,basic_functionality,Basic Functionality,7.5,10,"O fluxo principal de cadastro, listagem e detalhamento funciona muito bem, incluindo o tratamento de filmes com ano vazio e a verificação de duplicidade. No entanto, há falhas de robustez na manipulação da HotList (risco de NullPointerException ao acessar posições vazias) e a substituição de um filme na HotList não remove o status 'hot' do filme anterior.",FilmNow.java: cadastraFilme | FilmNow.java: detalhando | FilmNow.java: adicionaNaHotList | FilmNow.java: removerHot,
S69,official_sample,redacted,llm,unit_tests,Unit Tests,8.0,10,"A suíte de testes é boa e cobre diversos cenários dos métodos `cadastraFilme` e `detalhando`, incluindo limites de array e campos vazios. Faltaram testes para as operações da HotList e para a classe Filme.",FilmNowTest.java,
S69,official_sample,redacted,llm,class_design,Class Design,10.0,10,"Excelente modelagem das classes. A classe Filme foi criada com os atributos corretos e métodos adequados (equals, toString), e a classe FilmNow gerencia corretamente o acervo.",Filme.java,
S69,official_sample,redacted,llm,object_references,Object References and Composition,10.0,10,"O sistema utiliza corretamente a composição, armazenando referências de objetos Filme nos arrays da classe FilmNow. A HotList também armazena referências para as mesmas instâncias, o que está correto.",FilmNow.java: hotList | FilmNow.java: filmes,
S69,official_sample,redacted,llm,collections_and_arrays,Collections and Arrays,10.0,10,"Uso correto de arrays para armazenar o acervo principal (100 posições) e a HotList (10 posições), respeitando os limites estabelecidos no enunciado.",FilmNow.java: construtor | FilmNow.java: cadastraFilme,
S69,official_sample,redacted,llm,separation_of_concerns,Separation of Concerns,9.0,10,Boa separação geral entre a interface de usuário (MainFilmNow) e a lógica de negócio (FilmNow). Há apenas um pequeno acoplamento devido ao retorno de mensagens de interface diretamente dos métodos de negócio.,MainFilmNow.java | FilmNow.java | FilmNow.java: cadastraFilme | FilmNow.java: adicionaNaHotList,
S69,official_sample,redacted,llm,readability_and_documentation,Readability and Documentation,10.0,10,"Código muito bem organizado, com boa indentação, nomes de variáveis claros e presença de Javadoc explicando o propósito das classes e métodos.",Filme.java | FilmNow.java,
S70,official_sample,redacted,llm,basic_functionality,Basic Functionality,10,10,"A funcionalidade básica foi implementada com excelência. O sistema cadastra, lista e detalha filmes corretamente, além de gerenciar a HotList respeitando as regras de negócio e limites de posições.",FilmNow.java: cadastraFilme | FilmNow.java: adicionaHot | FilmNow.java: removeHot,
S70,official_sample,redacted,llm,unit_tests,Unit Tests,10,10,Os testes unitários são abrangentes e cobrem tanto os cenários de sucesso quanto os casos limite e alternativos das classes Filme e FilmNow.,testes/filmnow/filmeTest.java | testes/filmnow/filmNowTest.java,
S70,official_sample,redacted,llm,class_design,Class Design,10,10,"As classes foram bem modeladas, com responsabilidades claras. A classe Filme encapsula corretamente os dados e a lógica de igualdade.",Filme.java: equals | Filme.java: hashCode | Filme.java: toString,
S70,official_sample,redacted,llm,object_references,Object References and Composition,10,10,O uso de referências e a composição entre as classes estão corretos. O sistema gerencia adequadamente as instâncias de Filme dentro de FilmNow.,FilmNow.java: adicionaHot | FilmNow.java: removeHot,
S70,official_sample,redacted,llm,collections_and_arrays,Collections and Arrays,10,10,"Os arrays foram utilizados corretamente para armazenar o acervo de filmes e a HotList, respeitando os tamanhos definidos.",FilmNow.java: FilmNow() | FilmNow.java: getFilmes() | FilmNow.java: getHotList(),
S70,official_sample,redacted,llm,separation_of_concerns,Separation of Concerns,10,10,"A separação de responsabilidades está muito bem definida. A classe MainFilmNow cuida exclusivamente da interação com o usuário, enquanto FilmNow concentra a lógica de negócio.",MainFilmNow.java | FilmNow.java,
S70,official_sample,redacted,llm,readability_and_documentation,Readability and Documentation,10,10,"O código é altamente legível, bem organizado e possui excelente documentação Javadoc.",Filme.java | FilmNow.java,
S71,official_sample,redacted,llm,basic_functionality,Basic Functionality,9.0,10,"O sistema implementa a maior parte das funcionalidades corretamente, incluindo cadastro, listagem e detalhamento. Há apenas pequenas falhas na validação de posições e duplicatas na HotList.",FilmNow.java: cadastraFilme | FilmNow.java: verificaFilme | FilmNow.java: detalhaFilme | FilmNow.java: cadastraFilmeHotList | FilmNow.java: removeHotList | MainFilmNow.java: atribuirHot,
S71,official_sample,redacted,llm,unit_tests,Unit Tests,10.0,10,"Excelente conjunto de testes, cobrindo a classe Filme e FilmNow com diversos cenários, incluindo limites e caminhos alternativos.",testes/FilmeTest.java | testes/FilmNowTest.java,
S71,official_sample,redacted,llm,class_design,Class Design,10.0,10,"As classes foram muito bem modeladas, com responsabilidades claras e uso adequado de atributos e métodos.",Filme.java | FilmNow.java,
S71,official_sample,redacted,llm,object_references,Object References and Composition,10.0,10,"Compreensão clara da composição entre FilmNow e Filme, manipulando os objetos corretamente.",FilmNow.java: getFilme | FilmNow.java: cadastraFilmeHotList,
S71,official_sample,redacted,llm,collections_and_arrays,Collections and Arrays,8.5,10,"Uso adequado de arrays para armazenar os filmes e a HotList, mas com um erro conceitual de mapeamento de índices (off-by-one).",FilmNow.java: construtor | FilmNow.java: verificaFilme | FilmNow.java: cadastraFilme | FilmNow.java: getFilme,
S71,official_sample,redacted,llm,separation_of_concerns,Separation of Concerns,9.0,10,"Boa separação geral entre a interface com o usuário (MainFilmNow) e a lógica de negócio (FilmNow), com um pequeno desvio ao retornar mensagens de interface a partir do domínio.",MainFilmNow.java | FilmNow.java | FilmNow.java: verificaFilme,
S71,official_sample,redacted,llm,readability_and_documentation,Readability and Documentation,10.0,10,"Código muito bem organizado, legível e com excelente documentação Javadoc.",Filme.java | FilmNow.java,
S72,official_sample,redacted,llm,basic_functionality,Basic Functionality,8.5,10,"O fluxo principal de cadastro, listagem e detalhamento de filmes funciona corretamente, incluindo a verificação de duplicidade e campos vazios. No entanto, as operações da HotList carecem de validações de limite de posição e checagem de nulidade, o que pode gerar exceções em tempo de execução.",FilmNow.java:cadastraFilme | FilmNow.java:detalhaFilme | FilmNow.java:adicionaHot | FilmNow.java:removeHot,
S72,official_sample,redacted,llm,unit_tests,Unit Tests,8.5,10,"A suíte de testes é muito boa, cobrindo a maioria dos cenários de cadastro e detalhamento, além de testes na classe Filme. Faltaram, contudo, testes para as operações da HotList na classe FilmNow.",FilmNowTest.java | FilmeTest.java,
S72,official_sample,redacted,llm,class_design,Class Design,10,10,"As classes Filme e FilmNow foram muito bem modeladas, com responsabilidades claras e atributos adequados para o problema.",Filme.java | FilmNow.java,
S72,official_sample,redacted,llm,object_references,Object References and Composition,10,10,"O uso de referências e composição está excelente. A classe FilmNow compõe e gerencia instâncias de Filme de forma coerente, compartilhando as mesmas referências entre o acervo principal e a HotList.",FilmNow.java:cadastraFilme | FilmNow.java:adicionaHot | FilmNow.java:checaIgual,
S72,official_sample,redacted,llm,collections_and_arrays,Collections and Arrays,10,10,"Os arrays foram utilizados corretamente para armazenar o acervo de filmes e a HotList, respeitando os tamanhos definidos e realizando o mapeamento adequado de índices.",FilmNow.java:FilmNow | FilmNow.java:getFilmes | FilmNow.java:getHot,
S72,official_sample,redacted,llm,separation_of_concerns,Separation of Concerns,10,10,"A divisão de responsabilidades está muito boa. A classe MainFilmNow lida exclusivamente com a interação com o usuário, enquanto FilmNow concentra a lógica de negócio.",MainFilmNow.java | FilmNow.java,
S72,official_sample,redacted,llm,readability_and_documentation,Readability and Documentation,10,10,"O código é muito legível, bem organizado e possui excelente documentação Javadoc em todas as classes e métodos principais.",Filme.java | FilmNow.java | MainFilmNow.java,
S73,official_sample,redacted,llm,basic_functionality,Basic Functionality,7.5,10,"O fluxo principal de cadastro, listagem e detalhamento funciona, mas há falhas na regra de duplicidade da HotList, um bug na remoção da HotList e um erro de execução ao não informar o ano na interface.",FilmNow.java:52 | FilmNow.java:68 | FilmNow.java:118 | MainFilmNow.java:206 | FilmNow.java:129 | MainFilmNow.java:166,
S73,official_sample,redacted,llm,unit_tests,Unit Tests,8.0,10,"Há uma boa suíte de testes para a classe FilmNow, cobrindo vários cenários. O desconto reflete a ausência de testes para algumas regras da HotList e a impossibilidade de testar a classe Filme (que não foi criada).",FilmNowTest.java,
S73,official_sample,redacted,llm,class_design,Class Design,3.0,10,"O estudante não criou a classe Filme, utilizando uma matriz de Strings para armazenar os dados. Isso demonstra uma falha central na compreensão da modelagem orientada a objetos exigida no laboratório.",FilmNow.java | FilmNow.java:15 | FilmNow.java:16,
S73,official_sample,redacted,llm,object_references,Object References and Composition,2.0,10,"Como a classe Filme não foi criada, não há uso de referências e composição de objetos para representar o acervo, esvaziando o objetivo do critério.",MainFilmNow.java:16 | FilmNow.java:15,
S73,official_sample,redacted,llm,collections_and_arrays,Collections and Arrays,7.0,10,"O estudante utilizou arrays para armazenar os dados, mas a escolha de matrizes bidimensionais de Strings em vez de arrays de objetos dificultou a manipulação e gerou lógicas confusas.",FilmNow.java:15 | FilmNow.java:16 | FilmNow.java:39 | FilmNow.java:129,
S73,official_sample,redacted,llm,separation_of_concerns,Separation of Concerns,7.0,10,"Existe uma separação básica entre a interface (MainFilmNow) e o gerenciador (FilmNow), mas há vazamento de regras de negócio para a Main e formatação/prints no gerenciador.",MainFilmNow.java | MainFilmNow.java:168 | MainFilmNow.java:173 | FilmNow.java:135,
S73,official_sample,redacted,llm,readability_and_documentation,Readability and Documentation,9.0,10,"O código é legível, bem indentado e possui Javadoc na maioria dos métodos, com apenas pequenas inconsistências.",FilmNow.java | MainFilmNow.java | MainFilmNow.java:246,
S74,official_sample,redacted,llm,basic_functionality,Basic Functionality,9.0,10,"A funcionalidade principal foi implementada com sucesso, incluindo cadastro, listagem, detalhamento e HotList. Houve apenas uma falha na regra de igualdade de filmes, que incluiu o local indevidamente.",FilmNow.java: cadastraFilme | FilmNow.java: detalharFilme | FilmNow.java: adicionarHot | Filme.java: equals | Filme.java: hashCode,
S74,official_sample,redacted,llm,unit_tests,Unit Tests,0.0,10,Não foram encontrados arquivos de testes na submissão.,Ausência de arquivos de teste no pacote,
S74,official_sample,redacted,llm,class_design,Class Design,10.0,10,"As classes Filme e FilmNow foram criadas e modeladas adequadamente, demonstrando bom entendimento dos conceitos de orientação a objetos.",Filme.java | FilmNow.java,
S74,official_sample,redacted,llm,object_references,Object References and Composition,10.0,10,"O sistema utiliza corretamente referências entre objetos, com FilmNow compondo e gerenciando instâncias de Filme.","FilmNow.java: private Filme[] filmes | FilmNow.java: cadastraFilme(int posicao, Filme novoFilme)",
S74,official_sample,redacted,llm,collections_and_arrays,Collections and Arrays,10.0,10,"Os arrays foram utilizados corretamente para armazenar o acervo principal e a HotList, respeitando os limites de tamanho.",FilmNow.java: construtor | FilmNow.java: mostrarTodos | FilmNow.java: exibirHotList,
S74,official_sample,redacted,llm,separation_of_concerns,Separation of Concerns,6.0,10,"A lógica de negócio está separada da interface no que diz respeito à leitura de dados (Scanner), mas a classe de domínio (FilmNow) realiza impressões diretas no console, violando a separação de responsabilidades.",MainFilmNow.java | FilmNow.java | FilmNow.java: cadastraFilme | FilmNow.java: mostrarTodos | FilmNow.java: detalharFilme | FilmNow.java: adicionarHot,
S74,official_sample,redacted,llm,readability_and_documentation,Readability and Documentation,8.5,10,"O código é legível e bem organizado, com bons nomes de variáveis. No entanto, falta documentação Javadoc nas novas classes e métodos criados.",Filme.java | FilmNow.java,
S75,official_sample,redacted,llm,basic_functionality,Basic Functionality,8.0,10,"O fluxo principal de cadastro, listagem e detalhamento funciona bem. No entanto, há falhas na validação de strings vazias e nas mensagens de erro da HotList.",FilmNow.java: cadastraFilme | FilmNow.java: getFilme | FilmNow.java: cadastraFilme (linha 86) | FilmNow.java: adicionaHot,
S75,official_sample,redacted,llm,unit_tests,Unit Tests,9.5,10,"Excelente suíte de testes, cobrindo a maioria dos cenários normais e limites. Pequeno desconto por testes comentados que deixaram de verificar cenários válidos.",filmeNowTest.java | FilmeTest.java | filmeNowTest.java: testDetalharFilmePosicaoLimiteAcimaSemAno | filmeNowTest.java: testdetalharFilmeSemAno,
S75,official_sample,redacted,llm,class_design,Class Design,10.0,10,"As classes foram criadas e modeladas corretamente, com responsabilidades bem definidas para o domínio do problema.",Filme.java | FilmNow.java,
S75,official_sample,redacted,llm,object_references,Object References and Composition,10.0,10,Compreensão clara de composição e referências entre objetos. A HotList armazena referências corretas para os objetos Filme.,FilmNow.java: cadastraFilme | FilmNow.java: adicionaHot,
S75,official_sample,redacted,llm,collections_and_arrays,Collections and Arrays,9.0,10,Uso adequado de arrays para o acervo e HotList. Desconto por falta de proteção contra acesso fora dos limites do array em operações secundárias.,FilmNow.java: construtor | FilmNow.java: getFilmes | FilmNow.java: adicionaHot (linha 111),
S75,official_sample,redacted,llm,separation_of_concerns,Separation of Concerns,10.0,10,Excelente separação de responsabilidades. A classe Main lida exclusivamente com a interface e FilmNow com a lógica de negócio.,MainFilmNow.java | FilmNow.java,
S75,official_sample,redacted,llm,readability_and_documentation,Readability and Documentation,9.5,10,"Código limpo, bem indentado e com nomes de variáveis claros. Pequenos desvios no formato do Javadoc.",FilmNow.java | MainFilmNow.java | FilmNow.java: existeFilme | FilmNow.java: linha 9,
S76,official_sample,redacted,llm,basic_functionality,Basic Functionality,9.5,10,"A funcionalidade principal foi implementada com sucesso, incluindo cadastro, listagem, detalhamento e HotList. Há apenas uma falha menor no tratamento de ano vazio na interface.",FilmNow.java: cadastraFilme | FilmNow.java: detalharFilme | FilmNow.java: adicionarHot | MainFilmNow.java: adicionaFilme,
S76,official_sample,redacted,llm,unit_tests,Unit Tests,7.0,10,"Bons testes para o cadastro de filmes, cobrindo cenários normais e limites. No entanto, faltam testes para a classe Filme e para as funcionalidades da HotList.",FilmNowTest.java,
S76,official_sample,redacted,llm,class_design,Class Design,10.0,10,Excelente modelagem das classes. A classe Filme foi criada com os atributos corretos e os métodos equals e hashCode foram sobrescritos adequadamente.,Filme.java,
S76,official_sample,redacted,llm,object_references,Object References and Composition,10.0,10,"Uso correto de referências e composição. FilmNow gerencia instâncias de Filme adequadamente, e a HotList aponta para as mesmas instâncias do acervo principal.",FilmNow.java: adicionarHot,
S76,official_sample,redacted,llm,collections_and_arrays,Collections and Arrays,10.0,10,"Arrays utilizados corretamente para o acervo principal e para a HotList, respeitando os tamanhos definidos e a lógica de índices.",FilmNow.java: construtor | FilmNow.java: cadastraFilme | FilmNow.java: adicionarHot,
S76,official_sample,redacted,llm,separation_of_concerns,Separation of Concerns,7.0,10,"A lógica de negócio está bem separada na classe FilmNow, mas há violação da separação de responsabilidades com o uso de impressões diretas no console a partir da classe de domínio.",MainFilmNow.java | FilmNow.java | FilmNow.java: cadastraFilme | FilmNow.java: adicionarHot | FilmNow.java: removerHot,
S76,official_sample,redacted,llm,readability_and_documentation,Readability and Documentation,9.0,10,"Código muito legível, com boa escolha de nomes. Faltou apenas atualizar o Javadoc para os novos métodos criados.",Filme.java | FilmNow.java,
S77,official_sample,redacted,llm,basic_functionality,Basic Functionality,7.0,10,"O fluxo principal de cadastro, listagem e detalhamento funciona, mas há erros lógicos importantes na manipulação da HotList e no uso de operadores de comparação para Strings.",FilmNow.java: cadastraFilme | FilmNow.java: toString | FilmNow.java: equals1 | FilmNow.java: colocarHotlist,
S77,official_sample,redacted,llm,unit_tests,Unit Tests,8.5,10,"A classe FilmNowteste possui uma boa quantidade de testes cobrindo diversos cenários do acervo principal, mas a classe Filmteste está vazia e a HotList não foi testada isoladamente.",FilmNowteste.java | Filmteste.java,
S77,official_sample,redacted,llm,class_design,Class Design,9.0,10,"As classes principais foram criadas e modeladas adequadamente, demonstrando bom entendimento do papel de cada uma, com pequenos desvios de nomenclatura.",Filme.java | FilmNow.java | Filme.java: private String filme;,
S77,official_sample,redacted,llm,object_references,Object References and Composition,8.0,10,"O sistema utiliza composição corretamente no acervo principal, mas a HotList armazena apenas Strings em vez de referências para os objetos Filme.",FilmNow.java: this.filmes = new Filme[TAMANHO]; | FilmNow.java: private String[] Hotlist;,
S77,official_sample,redacted,llm,collections_and_arrays,Collections and Arrays,8.5,10,"Os arrays foram declarados e instanciados com os tamanhos corretos, mas há confusão no uso dos índices ao integrar o acervo com a HotList.",FilmNow.java: construtor | FilmNow.java: colocarHotlist,
S77,official_sample,redacted,llm,separation_of_concerns,Separation of Concerns,9.0,10,"Boa separação geral entre a interface de usuário (Main) e a lógica de negócio (FilmNow), com pequenos acoplamentos nas mensagens de retorno.",MainFilmNow.java | FilmNow.java | FilmNow.java: cadastraFilme,
S77,official_sample,redacted,llm,readability_and_documentation,Readability and Documentation,7.5,10,"O código é legível e possui Javadoc, mas contém comentários informais e desvios de convenção de nomenclatura.",FilmNow.java | FilmNow.java: equals1 | FilmNow.java: private String[] Hotlist;,
S78,official_sample,redacted,llm,basic_functionality,Basic Functionality,7.0,10,"O fluxo principal de cadastro, listagem e detalhamento funciona bem. No entanto, há falhas lógicas importantes: filmes duplicados são inseridos no array mesmo retornando mensagem de erro, a HotList não impede a inserção de filmes duplicados e há uso inadequado do operador '==' para comparar Strings.",FilmNow.java: cadastraFilme | FilmNow.java: detalharFilmeNow | FilmNow.java: inFilmes | FilmNow.java: linhas 68-71 (método cadastraFilme) | FilmNow.java: método cadastraHot | FilmNow.java: linhas 55 e 59 (método cadastraFilme),
S78,official_sample,redacted,llm,unit_tests,Unit Tests,10.0,10,"Excelente conjunto de testes para o nível esperado. Foram criados 21 testes cobrindo a maioria dos cenários de sucesso e falha, incluindo igualdade, formatação e limites de posição.",FilmNowTest.java: todos os métodos de teste,
S78,official_sample,redacted,llm,class_design,Class Design,8.5,10,"Boa modelagem das classes principais, com atributos privados e métodos adequados. O desconto se deve ao armazenamento da posição do array dentro da classe Filme, misturando estado do sistema com a entidade de domínio.",Filme.java | FilmNow.java | Filme.java: linha 14 (atributo posicao),
S78,official_sample,redacted,llm,object_references,Object References and Composition,10.0,10,"Compreensão clara de composição e referências. A classe FilmNow gerencia corretamente instâncias de Filme, e a HotList armazena referências para os mesmos objetos do acervo principal.",FilmNow.java: cadastraFilme | FilmNow.java: cadastraHot | FilmNow.java: inHot,
S78,official_sample,redacted,llm,collections_and_arrays,Collections and Arrays,6.0,10,"Os arrays foram declarados e utilizados corretamente na maior parte do tempo, mas há erros graves de manipulação de índices na HotList que causam ArrayIndexOutOfBoundsException.",FilmNow.java: construtor | FilmNow.java: inFilmes | FilmNow.java: linhas 84 e 91 (método cadastraHot) | FilmNow.java: linha 164 (método removerHot),
S78,official_sample,redacted,llm,separation_of_concerns,Separation of Concerns,9.0,10,Boa separação entre a interface de usuário (MainFilmNow) e a lógica de negócio (FilmNow). O pequeno desconto ocorre porque a classe de domínio retorna mensagens de texto exatas da interface.,MainFilmNow.java | FilmNow.java | FilmNow.java: método cadastraFilme,
S78,official_sample,redacted,llm,readability_and_documentation,Readability and Documentation,10.0,10,"Código muito limpo, bem indentado, com variáveis bem nomeadas e excelente uso de Javadoc para documentar o propósito dos métodos e classes.",Filme.java | FilmNow.java,
S79,official_sample,redacted,llm,basic_functionality,Basic Functionality,3.0,10,"O fluxo principal de cadastro e listagem funciona parcialmente, mas há falhas críticas: a HotList não foi implementada como uma lista separada com limite de 10 posições, a verificação de duplicidade está incorreta (usa '==' para Strings e operador lógico 'OU'), e o uso da posição 100 causa erro de execução (ArrayIndexOutOfBoundsException).",MainFilmNow.java:adicionaFilme | MainFilmNow.java:mostrarFilmes | MainFilmNow.java:detalharFilme | FilmNow.java:adicionaHot | Filme.java:hot | FilmNow.java:verificaSeFilmeJaFoiInserido | FilmNow.java:cadastraFilme,
S79,official_sample,redacted,llm,unit_tests,Unit Tests,8.0,10,"Os testes estão presentes e cobrem métodos importantes das classes Filme e FilmNow, demonstrando bom entendimento do uso do JUnit. Há pequenos descontos por falta de cobertura de alguns cenários e métodos principais.",test/FilmeTest.java | test/FilmNowTeste.java,
S79,official_sample,redacted,llm,class_design,Class Design,6.0,10,"As classes principais foram criadas e possuem responsabilidades claras. No entanto, a modelagem do método equals em Filme está incorreta segundo os requisitos, e a ausência de uma estrutura própria para a HotList prejudica o design.",Filme.java | FilmNow.java | Filme.java:equals | Filme.java:hashCode | Filme.java:hot,
S79,official_sample,redacted,llm,object_references,Object References and Composition,10.0,10,O uso de referências e a composição entre FilmNow e Filme foram bem compreendidos e implementados corretamente.,FilmNow.java:filmes | FilmNow.java:cadastraFilme,
S79,official_sample,redacted,llm,collections_and_arrays,Collections and Arrays,4.0,10,"O array principal foi declarado, mas há um erro de mapeamento de índices (off-by-one) e a estrutura de array para a HotList foi completamente omitida.",FilmNow.java:TAMANHO | FilmNow.java:FilmNow | FilmNow.java | FilmNow.java:cadastraFilme | FilmNow.java:getFilme,
S79,official_sample,redacted,llm,separation_of_concerns,Separation of Concerns,7.0,10,"Existe uma separação razoável entre a interface (MainFilmNow) e a lógica de negócio (FilmNow), mas a classe MainFilmNow ainda concentra validações que deveriam pertencer ao domínio.",FilmNow.java | MainFilmNow.java:adicionaFilme | MainFilmNow.java:verificaPosicaoEhValida,
S79,official_sample,redacted,llm,readability_and_documentation,Readability and Documentation,10.0,10,"O código apresenta excelente legibilidade, com nomes de variáveis e métodos claros, além de Javadoc completo e bem estruturado.",Filme.java | FilmNow.java,
S80,official_sample,redacted,llm,basic_functionality,Basic Functionality,8.5,10,"A funcionalidade básica está muito bem implementada, cobrindo a maior parte dos requisitos obrigatórios, incluindo validações de limites e duplicidade. No entanto, há falhas na lógica da HotList: ao sobrescrever uma posição na HotList, o filme anterior não perde o status de 'hot', e tentar adicionar uma posição vazia do acervo à HotList gera um erro de execução (NullPointerException).",FilmNow.java: cadastraFilme | FilmNow.java: detalharFilme | FilmNow.java: cadastraHot,
S80,official_sample,redacted,llm,unit_tests,Unit Tests,10.0,10,Excelente conjunto de testes. O estudante cobriu os principais fluxos de sucesso e cenários alternativos/limites para as classes Filme e FilmNow.,FilmeTest.java | FilmNowTest.java,
S80,official_sample,redacted,llm,class_design,Class Design,10.0,10,"As classes foram bem modeladas, com atributos adequados e métodos equals/hashCode implementados corretamente com base no nome e ano.",Filme.java | FilmNow.java,
S80,official_sample,redacted,llm,object_references,Object References and Composition,10.0,10,Uso correto de referências e composição. A classe FilmNow gerencia adequadamente os objetos da classe Filme.,FilmNow.java: cadastraFilme | FilmNow.java: cadastraHot,
S80,official_sample,redacted,llm,collections_and_arrays,Collections and Arrays,10.0,10,"Os arrays foram declarados e utilizados corretamente, respeitando os tamanhos exigidos pelo laboratório.",FilmNow.java: construtor | FilmNow.java: verificaFilmes | FilmNow.java: verificarHot,
S80,official_sample,redacted,llm,separation_of_concerns,Separation of Concerns,10.0,10,"Excelente separação de responsabilidades. A classe MainFilmNow lida apenas com a interface com o usuário, enquanto FilmNow concentra as regras de negócio.",MainFilmNow.java | FilmNow.java,
S80,official_sample,redacted,llm,readability_and_documentation,Readability and Documentation,10.0,10,"Código muito legível, bem organizado e com boa documentação Javadoc nos métodos principais.",Filme.java | FilmNow.java,
S81,official_sample,redacted,llm,basic_functionality,Basic Functionality,8.0,10,"O sistema implementa corretamente a maior parte do fluxo principal, incluindo cadastro, listagem e validações básicas. No entanto, há falhas ao detalhar posições vazias (gerando NullPointerException) e ao sobrescrever filmes na HotList (o filme anterior não perde o status de hot).",FilmNow.java: cadastraFilme | FilmNow.java: adicionaHot | MainFilmNow.java: mostrarFilmes | MainFilmNow.java: detalharFilme,
S81,official_sample,redacted,llm,unit_tests,Unit Tests,8.0,10,"A suíte de testes é boa e cobre diversos cenários do cadastro de filmes e da classe Filme. Contudo, faltam testes para as operações da HotList.",FilmNowTest.java | FilmTest.java,
S81,official_sample,redacted,llm,class_design,Class Design,10.0,10,"As classes Filme e FilmNow foram criadas e modeladas de forma excelente, com responsabilidades bem definidas e atributos adequados.",Filme.java | FilmNow.java,
S81,official_sample,redacted,llm,object_references,Object References and Composition,10.0,10,O uso de referências e a composição entre FilmNow e Filme foram implementados corretamente.,FilmNow.java: filmes | FilmNow.java: hotList,
S81,official_sample,redacted,llm,collections_and_arrays,Collections and Arrays,10.0,10,"Os arrays foram utilizados corretamente para armazenar o acervo de filmes e a HotList, respeitando os tamanhos definidos.",FilmNow.java: construtor | FilmNow.java: existeFilme,
S81,official_sample,redacted,llm,separation_of_concerns,Separation of Concerns,9.0,10,"A separação de responsabilidades é muito boa, com a lógica de negócio concentrada em FilmNow. Há apenas um pequeno vazamento de validação de domínio para a classe Main.",MainFilmNow.java | FilmNow.java | MainFilmNow.java: detalharFilme,
S81,official_sample,redacted,llm,readability_and_documentation,Readability and Documentation,9.0,10,O código é muito legível e possui excelente documentação Javadoc. O único ponto de atenção é a nomenclatura confusa dos parâmetros no método de adicionar à HotList.,Filme.java | FilmNow.java | FilmNow.java: adicionaHot,
S82,official_sample,redacted,llm,basic_functionality,Basic Functionality,4.5,10,"O fluxo principal de cadastro, listagem e HotList foi implementado e funciona para os caminhos felizes. No entanto, faltam validações cruciais exigidas pelo enunciado, como impedir filmes duplicados no acervo, validar posições e tratar campos vazios. Além disso, detalhar uma posição vazia causa erro de execução (NPE).",FilmNow.cadastraFilme | MainFilmNow.mostrarFilmes | FilmNow.cadastraHot | FilmNow.adicionadoHot | MainFilmNow.adicionaFilme | MainFilmNow.detalharFilme,
S82,official_sample,redacted,llm,unit_tests,Unit Tests,0,10,Não há evidências de testes automatizados (JUnit) na submissão.,Pacote da submissão,
S82,official_sample,redacted,llm,class_design,Class Design,10,10,"As classes principais (`Filme` e `FilmNow`) foram criadas e modeladas adequadamente, demonstrando bom entendimento dos conceitos de orientação a objetos para o nível esperado.",Filme.java | FilmNow.java,
S82,official_sample,redacted,llm,object_references,Object References and Composition,10,10,"O sistema utiliza corretamente a composição, com `FilmNow` armazenando e gerenciando referências para objetos da classe `Filme`.",FilmNow.filmes | FilmNow.filmesHot | FilmNow.cadastraFilme | FilmNow.cadastraHot,
S82,official_sample,redacted,llm,collections_and_arrays,Collections and Arrays,10,10,"Arrays foram utilizados de forma coerente para armazenar o acervo principal e a HotList, respeitando os tamanhos definidos.",FilmNow.TAMANHO | FilmNow.TAMANHOHOT | FilmNow.FilmNow() | FilmNow.adicionadoHot,
S82,official_sample,redacted,llm,separation_of_concerns,Separation of Concerns,9.0,10,Boa separação geral entre a interface de usuário (`MainFilmNow`) e a lógica de negócio (`FilmNow`). Há apenas um pequeno vazamento de lógica de formatação na classe Main.,MainFilmNow.java | FilmNow.java | MainFilmNow.detalharFilme,
S82,official_sample,redacted,llm,readability_and_documentation,Readability and Documentation,10,10,"O código é muito legível, bem organizado e possui excelente documentação Javadoc para as classes e métodos.",Filme.java | FilmNow.java | MainFilmNow.java,
S83,official_sample,redacted,llm,basic_functionality,Basic Functionality,8.5,10,"O fluxo principal de cadastro, listagem e detalhamento funciona corretamente. No entanto, há falhas localizadas na manipulação da HotList, como o retorno incorreto ao adicionar duplicatas e a ausência de validação de limites de posição.",FilmNow.java: cadastraFilme | FilmNow.java: detalhar | FilmNow.java: analisaIguais | FilmNow.java: adicionaHotList (linha 108) | FilmNow.java: adicionaHotList,
S83,official_sample,redacted,llm,unit_tests,Unit Tests,7.5,10,"Há uma boa quantidade de testes cobrindo as classes principais. Contudo, um erro na criação de um método auxiliar vazio invalidou os testes de igualdade da classe Filmes.",FilmNowTeste.java | FilmNowDetalhar.java | FilmesTeste.java | FilmesTeste.java: assertboolean (linha 40),
S83,official_sample,redacted,llm,class_design,Class Design,9.5,10,"A modelagem das classes centrais foi bem compreendida, com separação clara entre a entidade de domínio e o gerenciador. Apenas pequenos desvios de nomenclatura foram observados.",Filmes.java | FilmNow.java | Filmes.java: declaração da classe e atributo,
S83,official_sample,redacted,llm,object_references,Object References and Composition,10.0,10,"O uso de referências e a composição entre FilmNow e Filmes foram implementados corretamente, demonstrando bom entendimento do conceito.",FilmNow.java: construtor | FilmNow.java: cadastraFilme | FilmNow.java: getHotList,
S83,official_sample,redacted,llm,collections_and_arrays,Collections and Arrays,8.0,10,"As estruturas de array foram bem dimensionadas e utilizadas na maior parte do tempo. Houve, contudo, uma confusão importante no mapeamento de índices ao remover itens da HotList.",FilmNow.java: construtor | FilmNow.java: analisaIguais | FilmNow.java: removeHotList (linha 126),
S83,official_sample,redacted,llm,separation_of_concerns,Separation of Concerns,9.0,10,Boa separação geral entre a interface de usuário e a lógica de negócio. O desconto reflete apenas o acoplamento leve gerado pelo retorno de mensagens de interface diretamente da classe de domínio.,MainFilmNow.java | FilmNow.java | FilmNow.java: cadastraFilme,
S83,official_sample,redacted,llm,readability_and_documentation,Readability and Documentation,9.5,10,"O código é bastante legível, bem organizado e documentado com Javadoc. Apenas pequenos erros de digitação na documentação foram notados.",Filmes.java | FilmNow.java | Filmes.java: Javadoc do construtor e hashCode | FilmNow.java: Javadoc de analisaIguais,
S84,official_sample,redacted,llm,basic_functionality,Basic Functionality,7.5,10,"O fluxo principal de cadastro, listagem e detalhamento funciona corretamente. No entanto, há falhas na lógica da HotList (não permite escolher a posição, não checa duplicidade e possui erro de índice ao buscar o filme) e um erro na validação de strings vazias.",FilmNow.java: cadastraFilme | FilmNow.java: detalhaFilme | MainFilmNow.java: mostrarFilmes | FilmNow.java: atribuirHot | MainFilmNow.java: atribuirHot,
S84,official_sample,redacted,llm,unit_tests,Unit Tests,10,10,"Excelente conjunto de testes unitários, cobrindo as principais regras de negócio, limites de array e fluxos alternativos.",FilmNowTest.java | FilmTest.java,
S84,official_sample,redacted,llm,class_design,Class Design,10,10,"As classes foram muito bem modeladas, com responsabilidades claras, encapsulamento adequado e uso correto de construtores.",Filme.java | FilmNow.java,
S84,official_sample,redacted,llm,object_references,Object References and Composition,10,10,"O sistema utiliza corretamente a composição, instanciando objetos Filme e gerenciando suas referências dentro de FilmNow.",FilmNow.java: cadastraFilme | FilmNow.java: atribuirHot,
S84,official_sample,redacted,llm,collections_and_arrays,Collections and Arrays,9.0,10,"Os arrays foram declarados e utilizados corretamente para armazenar o acervo e a HotList, mas há um pequeno erro de lógica nos limites de índice ao remover da HotList.",FilmNow.java: construtor | FilmNow.java: existeFilme | FilmNow.java: removerHot,
S84,official_sample,redacted,llm,separation_of_concerns,Separation of Concerns,9.0,10,"Boa separação geral entre a interface com o usuário (MainFilmNow) e a lógica de negócio (FilmNow), com um pequeno acoplamento devido ao retorno de mensagens de UI diretamente da classe de domínio.",MainFilmNow.java | FilmNow.java | FilmNow.java: cadastraFilme | FilmNow.java: detalhaFilme,
S84,official_sample,redacted,llm,readability_and_documentation,Readability and Documentation,10,10,"O código é muito legível, bem organizado e possui excelente documentação Javadoc.",Filme.java | FilmNow.java,
