submission_id,role,original_repository,evaluator_type,criterion_id,criterion_name,score,max_score,justification,evidence_refs,confidence
S01,official_sample,redacted,human,basic_functionality,Basic Functionality,8.0,10,"No método cadastraFilmeHotList, caso não tenha um filme na posição indicada deveria retornar ""POSIÇÃO INVÁLIDA"".",src/filmnow/FilmNow.java,
S01,official_sample,redacted,human,unit_tests,Unit Tests,0.0,10,Testes não implementados.,tests/,
S01,official_sample,redacted,human,class_design,Class Design,7.0,10,A classe FilmNow deveria apenas manter a lógica de negócio.,src/filmnow/FilmNow.java,
S01,official_sample,redacted,human,object_references,Object References,10.0,10,Não se deve usar '==' para comparar 2 strings.,src/filmnow/,
S01,official_sample,redacted,human,collections_and_arrays,Collections And Arrays,10.0,10,Critério atendido.,,
S01,official_sample,redacted,human,separation_of_concerns,Separation Of Concerns,9.0,10,A variável booleana 'hot' na classe Filme não deveria estar nela.,src/filmnow/Filme.java,
S01,official_sample,redacted,human,readability_and_documentation,Readability And Documentation,10.0,10,Critério atendido.,,
S02,official_sample,redacted,human,basic_functionality,Basic Functionality,10.0,10,Critério atendido.,,
S02,official_sample,redacted,human,unit_tests,Unit Tests,9.5,10,Faltou testar detalhar um filme ex hot.,tests/,
S02,official_sample,redacted,human,class_design,Class Design,7.0,10,"O método estático confereExistencia não deveria ser estático; a responsabilidade de verificar se um filme já existe é da classe FilmeNow. Além disso, o sistema armazena filmes como String[] em vez de Filme[], descartando as instâncias após gerar a string.",src/filmnow/FilmeNow.java,
S02,official_sample,redacted,human,object_references,Object References,3.0,10,O array de hotlist está sendo inicializado duas vezes e não está diminuindo -1 da posição passada ao acessar os arrays.,src/filmnow/FilmeNow.java,
S02,official_sample,redacted,human,collections_and_arrays,Collections And Arrays,10.0,10,Critério atendido.,,
S02,official_sample,redacted,human,separation_of_concerns,Separation Of Concerns,9.0,10,A classe Main deve lidar apenas com a entrada e saída.,src/filmnow/Main.java,
S02,official_sample,redacted,human,readability_and_documentation,Readability And Documentation,10.0,10,Critério atendido.,,
S03,official_sample,redacted,human,basic_functionality,Basic Functionality,8.5,10,"Nos métodos de Hot, as posições de entrada vão de 1-10, não de 0-9. Em detalharFilme ele deveria retornar uma String vazia caso não tenha nenhum filme naquela posição mas no código está 'POSIÇÃO INVÁLIDA'.",src/filmnow/FilmNow.java,
S03,official_sample,redacted,human,unit_tests,Unit Tests,6.0,10,"Nos testes da classe Filme faltou testar o toString, e nos testes da classe FilmNow, os métodos de listagem da lista de filmes e da hotlist, adicionar e remover da hotlist não foram implementados.",tests/,
S03,official_sample,redacted,human,class_design,Class Design,7.0,10,"Classe Filme bem implementada, um único ponto é que posição do filme na lista não deveria ser armazenada dentro de filme.",src/filmnow/Filme.java,
S03,official_sample,redacted,human,object_references,Object References,10.0,10,Critério atendido.,,
S03,official_sample,redacted,human,collections_and_arrays,Collections And Arrays,10.0,10,Critério atendido.,,
S03,official_sample,redacted,human,separation_of_concerns,Separation Of Concerns,7.0,10,"A classe Main deve lidar apenas com a entrada e saída, detalhes como verificar se o filme já está na hotlist devem estar no FilmNow.",src/filmnow/Main.java,
S03,official_sample,redacted,human,readability_and_documentation,Readability And Documentation,9.0,10,Na documentação procure deixar mais claro quais os parâmetros e o que aquele método faz.,src/filmnow/,
S04,official_sample,redacted,human,basic_functionality,Basic Functionality,9.0,10,"Caso o usuário tentasse adicionar um filme com local vazio deveria retornar ""FILME INVALIDO"".",src/filmnow/FilmNow.java,
S04,official_sample,redacted,human,unit_tests,Unit Tests,9.5,10,Faltou testar detalhar um filme que foi removido da hotlist.,tests/,
S04,official_sample,redacted,human,class_design,Class Design,10.0,10,Critério atendido.,,
S04,official_sample,redacted,human,object_references,Object References,10.0,10,Critério atendido.,,
S04,official_sample,redacted,human,collections_and_arrays,Collections And Arrays,10.0,10,Critério atendido.,,
S04,official_sample,redacted,human,separation_of_concerns,Separation Of Concerns,9.0,10,HotList deveria ser uma lista dentro de FilmNow não uma classe separada. A variável booleana 'hot' na classe Filme não deveria estar nela.,src/filmnow/HotList.java | src/filmnow/Filme.java,
S04,official_sample,redacted,human,readability_and_documentation,Readability And Documentation,10.0,10,Critério atendido.,,
S05,official_sample,redacted,human,basic_functionality,Basic Functionality,9.0,10,Atribuir hot a um filme que não existe numa posição válida deveria retornar 'POSIÇÃO INVÁLIDA'.,src/filmnow/FilmNow.java,
S05,official_sample,redacted,human,unit_tests,Unit Tests,9.5,10,Faltou testar detalhar um filme ex hot.,tests/,
S05,official_sample,redacted,human,class_design,Class Design,8.0,10,"O método equals de Filme usa == para comparar o atributo ano (String), comprometendo a verificação de duplicidade com entradas do usuário.",,
S05,official_sample,redacted,human,object_references,Object References,10.0,10,Critério atendido.,,
S05,official_sample,redacted,human,collections_and_arrays,Collections And Arrays,10.0,10,Critério atendido.,,
S05,official_sample,redacted,human,separation_of_concerns,Separation Of Concerns,9.0,10,A variável booleana 'hot' na classe Filme não deveria estar nela.,src/filmnow/Filme.java,
S05,official_sample,redacted,human,readability_and_documentation,Readability And Documentation,9.0,10,Tags Javadoc com descrições de @param e @return deixadas em branco em alguns métodos.,,
S06,official_sample,redacted,human,basic_functionality,Basic Functionality,8.5,10,Falta verificação de posição vazia nos métodos da HotList — posições válidas sem filme não retornam POSIÇÃO INVÁLIDA.,,
S06,official_sample,redacted,human,unit_tests,Unit Tests,9.0,10,"Faltaram testes específicos para hotFilme, ex-hot e diferentes versões de dados.",tests/,
S06,official_sample,redacted,human,class_design,Class Design,10.0,10,Critério atendido.,,
S06,official_sample,redacted,human,object_references,Object References,10.0,10,Critério atendido.,,
S06,official_sample,redacted,human,collections_and_arrays,Collections And Arrays,10.0,10,Critério atendido.,,
S06,official_sample,redacted,human,separation_of_concerns,Separation Of Concerns,10.0,10,Critério atendido.,,
S06,official_sample,redacted,human,readability_and_documentation,Readability And Documentation,9.0,10,Faltou documentação da classe Filme.,src/filmnow/Filme.java,
S07,official_sample,redacted,human,basic_functionality,Basic Functionality,10.0,10,Critério atendido.,,
S07,official_sample,redacted,human,unit_tests,Unit Tests,8.5,10,"Critério atendido. Além disso, faltam testes para o construtor e getters da classe Filme.",,
S07,official_sample,redacted,human,class_design,Class Design,9.0,10,A variável booleana 'temHot' na classe Filme não deveria estar nela.,src/filmnow/Filme.java,
S07,official_sample,redacted,human,object_references,Object References,9.0,10,"O hashcode está sendo gerado com base no nome e local, mas deveria ser nome e ano para manter consistência com o equals.",src/filmnow/Filme.java,
S07,official_sample,redacted,human,collections_and_arrays,Collections And Arrays,10.0,10,Critério atendido.,,
S07,official_sample,redacted,human,separation_of_concerns,Separation Of Concerns,9.0,10,A variável booleana 'temHot' não deveria estar na classe Filme (já contabilizado em class_design).,src/filmnow/Filme.java,
S07,official_sample,redacted,human,readability_and_documentation,Readability And Documentation,9.5,10,O método getLocal de Filme está com documentação incorreta.,src/filmnow/Filme.java,
S08,official_sample,redacted,human,basic_functionality,Basic Functionality,9.0,10,"O método detalharFilme não deveria imprimir ""POSIÇÃO INVÁLIDA"" para posições válidas sem filme.",src/filmnow/Main.java#detalharFilme,
S08,official_sample,redacted,human,unit_tests,Unit Tests,8.5,10,Faltou testar a exibição da hot list.,tests/,
S08,official_sample,redacted,human,class_design,Class Design,9.0,10,Atributos não utilizados na classe FilmNow.,src/filmnow/FilmNow.java,
S08,official_sample,redacted,human,object_references,Object References,10.0,10,Critério atendido.,,
S08,official_sample,redacted,human,collections_and_arrays,Collections And Arrays,10.0,10,Faltou verificação ao cadastrar filme na hotlist.,src/filmnow/FilmNow.java,
S08,official_sample,redacted,human,separation_of_concerns,Separation Of Concerns,10.0,10,Critério atendido.,,
S08,official_sample,redacted,human,readability_and_documentation,Readability And Documentation,6.0,10,Documentação incompleta.,src/filmnow/,
S09,official_sample,redacted,human,basic_functionality,Basic Functionality,9.0,10,"Nos métodos de hotlist, caso seja passada uma posição que não possui um filme deveria retornar 'POSIÇÃO INVÁLIDA'.",src/filmnow/FilmNow.java,
S09,official_sample,redacted,human,unit_tests,Unit Tests,9.5,10,Faltou testar detalhar um filme ex hot.,tests/,
S09,official_sample,redacted,human,class_design,Class Design,10.0,10,Critério atendido.,,
S09,official_sample,redacted,human,object_references,Object References,10.0,10,Critério atendido.,,
S09,official_sample,redacted,human,collections_and_arrays,Collections And Arrays,10.0,10,Critério atendido.,,
S09,official_sample,redacted,human,separation_of_concerns,Separation Of Concerns,9.0,10,A variável booleana 'hot' na classe Filme não deveria estar nela.,src/filmnow/Filme.java,
S09,official_sample,redacted,human,readability_and_documentation,Readability And Documentation,10.0,10,Critério atendido.,,
S10,official_sample,redacted,human,basic_functionality,Basic Functionality,10.0,10,Critério atendido.,,
S10,official_sample,redacted,human,unit_tests,Unit Tests,8.0,10,Faltaram testes de construtor e detalhar filme na Hotlist.,tests/,
S10,official_sample,redacted,human,class_design,Class Design,10.0,10,Critério atendido.,,
S10,official_sample,redacted,human,object_references,Object References,10.0,10,Critério atendido.,,
S10,official_sample,redacted,human,collections_and_arrays,Collections And Arrays,10.0,10,Critério atendido.,,
S10,official_sample,redacted,human,separation_of_concerns,Separation Of Concerns,9.0,10,A variável booleana 'hot' não deveria estar na classe Filme.,src/filmnow/Filme.java,
S10,official_sample,redacted,human,readability_and_documentation,Readability And Documentation,10.0,10,Critério atendido.,,
S11,official_sample,redacted,human,basic_functionality,Basic Functionality,10.0,10,Critério atendido.,,
S11,official_sample,redacted,human,unit_tests,Unit Tests,8.0,10,Faltou testar os métodos de exibir lista de filmes e exibir hot list.,tests/,
S11,official_sample,redacted,human,class_design,Class Design,8.0,10,"O método equals de Filme usa == para comparar o atributo anoDeLancamento (String), comprometendo a verificação de duplicidade.",,
S11,official_sample,redacted,human,object_references,Object References,10.0,10,Critério atendido.,,
S11,official_sample,redacted,human,collections_and_arrays,Collections And Arrays,10.0,10,Critério atendido.,,
S11,official_sample,redacted,human,separation_of_concerns,Separation Of Concerns,10.0,10,Critério atendido.,,
S11,official_sample,redacted,human,readability_and_documentation,Readability And Documentation,10.0,10,Critério atendido.,,
S12,official_sample,redacted,human,basic_functionality,Basic Functionality,9.0,10,"Nos métodos de hotlist, caso seja passada uma posição que não possui um filme deveria retornar 'POSIÇÃO INVÁLIDA'. Não está diminuindo -1 da posição passada ao acessar os arrays.",src/filmnow/FilmNow.java,
S12,official_sample,redacted,human,unit_tests,Unit Tests,5.0,10,"Não testou os métodos de hotlist, nem os métodos de mostrar a lista de filmes, nem de detalhar um filme.",tests/,
S12,official_sample,redacted,human,class_design,Class Design,10.0,10,Critério atendido.,,
S12,official_sample,redacted,human,object_references,Object References,10.0,10,Critério atendido.,,
S12,official_sample,redacted,human,collections_and_arrays,Collections And Arrays,7.0,10,"exibir hot está com muita lógica em filmnow, Filme que deveria ser responsável pelos detalhes de exibição.",src/filmnow/FilmNow.java,
S12,official_sample,redacted,human,separation_of_concerns,Separation Of Concerns,6.0,10,"A classe Main deve lidar apenas com a entrada e saída, verificações como posição inválida devem estar dentro de FilmNow.",src/filmnow/Main.java,
S12,official_sample,redacted,human,readability_and_documentation,Readability And Documentation,3.0,10,Não documentou a classe Filme e documentação da classe FilmNow incompleta.,src/filmnow/,
S13,official_sample,redacted,human,basic_functionality,Basic Functionality,8.5,10,Validação de posições na HotList usa || incorretamente e não verifica nulidade do filme. Detalhar posição vazia retorna POSIÇÃO INVÁLIDA em vez de vazio.,,
S13,official_sample,redacted,human,unit_tests,Unit Tests,9.5,10,Faltou testar a remoção da hotlist e exibir filme ex-hot.,tests/,
S13,official_sample,redacted,human,class_design,Class Design,10.0,10,Critério atendido.,,
S13,official_sample,redacted,human,object_references,Object References,10.0,10,Critério atendido.,,
S13,official_sample,redacted,human,collections_and_arrays,Collections And Arrays,10.0,10,Critério atendido.,,
S13,official_sample,redacted,human,separation_of_concerns,Separation Of Concerns,9.0,10,A variável booleana 'isHot' na classe Filme não deveria estar nela.,src/filmnow/Filme.java,
S13,official_sample,redacted,human,readability_and_documentation,Readability And Documentation,10.0,10,Critério atendido.,,
S14,official_sample,redacted,human,basic_functionality,Basic Functionality,8.0,10,MainFilmNow não imprime o retorno de detalhaFilme e adicionaHot. removeHot não valida limites nem nulidade.,,
S14,official_sample,redacted,human,unit_tests,Unit Tests,9.0,10,Não testou o equals da classe Filme nem exibir filme ex-hot.,tests/,
S14,official_sample,redacted,human,class_design,Class Design,10.0,10,Critério atendido.,,
S14,official_sample,redacted,human,object_references,Object References,10.0,10,Critério atendido.,,
S14,official_sample,redacted,human,collections_and_arrays,Collections And Arrays,10.0,10,Critério atendido.,,
S14,official_sample,redacted,human,separation_of_concerns,Separation Of Concerns,7.0,10,A classe Filme tem responsabilidade excessiva na exibição de detalhes.,src/filmnow/Filme.java | src/filmnow/FilmNow.java,
S14,official_sample,redacted,human,readability_and_documentation,Readability And Documentation,10.0,10,Critério atendido.,,
S15,official_sample,redacted,human,basic_functionality,Basic Functionality,8.0,10,Ao cadastrar um filme deveria verificar se o nome ou local está vazio. Ao adicionar um filme na hot list deveria verificar se a posição passada possuía um filme cadastrado.,src/filmnow/FilmNow.java,
S15,official_sample,redacted,human,unit_tests,Unit Tests,5.0,10,"Os testes estão testando apenas os cenários felizes, faltam testes de adicionar filme nas posições limite, sobreposição de filmes, testes de listar filmes, listar hot list, detalhar ex hot.",tests/,
S15,official_sample,redacted,human,class_design,Class Design,9.5,10,Inicialização de variáveis como ano na classe Filme devem ocorrer dentro do construtor.,src/filmnow/Filme.java,
S15,official_sample,redacted,human,object_references,Object References,10.0,10,Critério atendido.,,
S15,official_sample,redacted,human,collections_and_arrays,Collections And Arrays,10.0,10,Critério atendido.,,
S15,official_sample,redacted,human,separation_of_concerns,Separation Of Concerns,8.0,10,A variável booleana 'hot' na classe Filme não deveria estar nela.,src/filmnow/Filme.java,
S15,official_sample,redacted,human,readability_and_documentation,Readability And Documentation,5.0,10,Não documentou a classe Filme.,src/filmnow/Filme.java,
S16,official_sample,redacted,human,basic_functionality,Basic Functionality,4.5,10,Não implementou as funcionalidades de hotlist.,src/filmnow/FilmNow.java,
S16,official_sample,redacted,human,unit_tests,Unit Tests,0.0,10,Não implementou nenhum teste.,tests/,
S16,official_sample,redacted,human,class_design,Class Design,10.0,10,Critério atendido.,,
S16,official_sample,redacted,human,object_references,Object References,10.0,10,Critério atendido.,,
S16,official_sample,redacted,human,collections_and_arrays,Collections And Arrays,0.0,10,O método estaCadastrado possui erros de sintaxe que impedem a compilação.,,
S16,official_sample,redacted,human,separation_of_concerns,Separation Of Concerns,7.0,10,"A classe Main deve lidar apenas com a entrada e saída, verificações como posição inválida devem estar dentro da classe FilmNow. Mostrar filmes na main não deveria lidar com a classe Filme diretamente.",src/filmnow/Main.java,
S16,official_sample,redacted,human,readability_and_documentation,Readability And Documentation,7.0,10,Documentação incompleta da classe Filme.,src/filmnow/Filme.java,
S17,official_sample,redacted,human,basic_functionality,Basic Functionality,10.0,10,Critério atendido.,,
S17,official_sample,redacted,human,unit_tests,Unit Tests,7.0,10,Nomenclatura e cobertura de testes incompletas.,csv_monitor_notes,
S17,official_sample,redacted,human,class_design,Class Design,9.0,10,Inicialização fora do construtor.,csv_monitor_notes,
S17,official_sample,redacted,human,object_references,Object References,9.0,10,Problema em comparação e hash.,csv_monitor_notes,
S17,official_sample,redacted,human,collections_and_arrays,Collections And Arrays,10.0,10,Critério atendido.,,
S17,official_sample,redacted,human,separation_of_concerns,Separation Of Concerns,9.0,10,Lógica de validação exposta.,csv_monitor_notes,
S17,official_sample,redacted,human,readability_and_documentation,Readability And Documentation,10.0,10,Critério atendido.,,
S18,official_sample,redacted,human,basic_functionality,Basic Functionality,7.5,10,A adição de um segundo filme à HotList causa NullPointerException. Uso de == para comparar string vazia.,csv_monitor_notes,
S18,official_sample,redacted,human,unit_tests,Unit Tests,7.0,10,Cobertura limitada para classe Filme.,csv_monitor_notes,
S18,official_sample,redacted,human,class_design,Class Design,10.0,10,Critério atendido.,,
S18,official_sample,redacted,human,object_references,Object References,9.0,10,Implementação de hash incompleta.,csv_monitor_notes,
S18,official_sample,redacted,human,collections_and_arrays,Collections And Arrays,10.0,10,Critério atendido.,,
S18,official_sample,redacted,human,separation_of_concerns,Separation Of Concerns,8.0,10,Responsabilidade misturada em Filme.,csv_monitor_notes,
S18,official_sample,redacted,human,readability_and_documentation,Readability And Documentation,9.5,10,Documentação incompleta em método.,csv_monitor_notes,
S19,official_sample,redacted,human,basic_functionality,Basic Functionality,10.0,10,Falta validação de posição inválida.,csv_monitor_notes,
S19,official_sample,redacted,human,unit_tests,Unit Tests,8.0,10,Cobertura incompleta de métodos de listagem.,csv_monitor_notes,
S19,official_sample,redacted,human,class_design,Class Design,10.0,10,Critério atendido.,,
S19,official_sample,redacted,human,object_references,Object References,10.0,10,Critério atendido.,,
S19,official_sample,redacted,human,collections_and_arrays,Collections And Arrays,10.0,10,Critério atendido.,,
S19,official_sample,redacted,human,separation_of_concerns,Separation Of Concerns,10.0,10,Critério atendido.,,
S19,official_sample,redacted,human,readability_and_documentation,Readability And Documentation,10.0,10,Critério atendido.,,
S20,official_sample,redacted,human,basic_functionality,Basic Functionality,8.0,10,Problemas na especificação de índices e validações de hotlist.,csv_monitor_notes,
S20,official_sample,redacted,human,unit_tests,Unit Tests,7.0,10,Cobertura incompleta em métodos importantes.,csv_monitor_notes,
S20,official_sample,redacted,human,class_design,Class Design,10.0,10,Critério atendido.,,
S20,official_sample,redacted,human,object_references,Object References,10.0,10,Critério atendido.,,
S20,official_sample,redacted,human,collections_and_arrays,Collections And Arrays,8.0,10,Tamanho de array e indexação incorretos.,csv_monitor_notes,
S20,official_sample,redacted,human,separation_of_concerns,Separation Of Concerns,8.0,10,Múltiplas violações de separação de responsabilidades.,csv_monitor_notes,
S20,official_sample,redacted,human,readability_and_documentation,Readability And Documentation,10.0,10,Critério atendido.,,
S21,official_sample,redacted,human,basic_functionality,Basic Functionality,8.0,10,O sistema falha ao tratar duplicatas e não exibe corretamente os retornos da lógica de negócio.,csv_monitor_notes,
S21,official_sample,redacted,human,unit_tests,Unit Tests,7.0,10,Cobertura de testes incompleta para as funcionalidades principais.,csv_monitor_notes,
S21,official_sample,redacted,human,class_design,Class Design,10.0,10,Critério atendido.,,
S21,official_sample,redacted,human,object_references,Object References,9.0,10,Uso incorreto de comparação de igualdade para Strings.,csv_monitor_notes,
S21,official_sample,redacted,human,collections_and_arrays,Collections And Arrays,9.0,10,Problemas na manipulação de índices e validação de limites do array.,csv_monitor_notes,
S21,official_sample,redacted,human,separation_of_concerns,Separation Of Concerns,9.0,10,Estado da hotlist sendo gerenciado pela entidade Filme.,csv_monitor_notes,
S21,official_sample,redacted,human,readability_and_documentation,Readability And Documentation,10.0,10,Critério atendido.,,
S22,official_sample,redacted,human,basic_functionality,Basic Functionality,10.0,10,Critério atendido.,,
S22,official_sample,redacted,human,unit_tests,Unit Tests,3.0,10,"Suíte de testes extremamente insuficiente, negligenciando a maioria das classes e funcionalidades.",csv_monitor_notes,
S22,official_sample,redacted,human,class_design,Class Design,9.0,10,Deficiência na inicialização de estruturas de dados e delegação de responsabilidades.,csv_monitor_notes,
S22,official_sample,redacted,human,object_references,Object References,10.0,10,Critério atendido.,,
S22,official_sample,redacted,human,collections_and_arrays,Collections And Arrays,10.0,10,Critério atendido.,,
S22,official_sample,redacted,human,separation_of_concerns,Separation Of Concerns,7.0,10,Violações de SRP na entidade Filme e na classe Main.,csv_monitor_notes,
S22,official_sample,redacted,human,readability_and_documentation,Readability And Documentation,9.0,10,Documentação Javadoc incompleta.,csv_monitor_notes,
S23,official_sample,redacted,human,basic_functionality,Basic Functionality,7.5,10,Não implementou os métodos de hotlist.,src/filmnow/FilmNow.java,
S23,official_sample,redacted,human,unit_tests,Unit Tests,0.0,10,Não implementou testes.,tests/,
S23,official_sample,redacted,human,class_design,Class Design,9.0,10,O método equals da classe Filme compara o atributo 'ano' (String) usando o operador '==' em vez de '.equals()'.,src/filmnow/Filme.java,
S23,official_sample,redacted,human,object_references,Object References,8.0,10,A tentativa de adicionar um filme à HotList na Main cria um novo objeto Filme com valores nulos em vez de usar a referência do filme já existente no acervo.,src/filmnow/Main.java,
S23,official_sample,redacted,human,collections_and_arrays,Collections And Arrays,10.0,10,Critério atendido.,,
S23,official_sample,redacted,human,separation_of_concerns,Separation Of Concerns,7.0,10,"A classe Main deve lidar apenas com a entrada e saída, os métodos que enviam objetos Filme para a main deveriam enviar a representação em string. Também não deveria verificar posições inválidas.",src/filmnow/Main.java,
S23,official_sample,redacted,human,readability_and_documentation,Readability And Documentation,7.0,10,Não documentou a classe Filme.,src/filmnow/Filme.java,
S24,official_sample,redacted,human,basic_functionality,Basic Functionality,9.0,10,O sistema carece de tratamento de erros amigável em operações de hotlist.,csv_monitor_notes,
S24,official_sample,redacted,human,unit_tests,Unit Tests,7.0,10,Lacunas importantes na cobertura de testes para métodos de igualdade e manipulação de estado.,csv_monitor_notes,
S24,official_sample,redacted,human,class_design,Class Design,10.0,10,Critério atendido.,,
S24,official_sample,redacted,human,object_references,Object References,10.0,10,Critério atendido.,,
S24,official_sample,redacted,human,collections_and_arrays,Collections And Arrays,10.0,10,Critério atendido.,,
S24,official_sample,redacted,human,separation_of_concerns,Separation Of Concerns,8.0,10,Quebra de encapsulamento e má distribuição de responsabilidades de exibição.,csv_monitor_notes,
S24,official_sample,redacted,human,readability_and_documentation,Readability And Documentation,10.0,10,Critério atendido.,,
S25,official_sample,redacted,human,basic_functionality,Basic Functionality,10.0,10,Critério atendido.,,
S25,official_sample,redacted,human,unit_tests,Unit Tests,8.5,10,"Testes adequados para o fluxo principal, mas incompletos em validações de igualdade e robustez.",csv_monitor_notes,
S25,official_sample,redacted,human,class_design,Class Design,10.0,10,Critério atendido.,,
S25,official_sample,redacted,human,object_references,Object References,10.0,10,Critério atendido.,,
S25,official_sample,redacted,human,collections_and_arrays,Collections And Arrays,8.0,10,Uso inadequado de estruturas de dados conforme a especificação do problema.,csv_monitor_notes,
S25,official_sample,redacted,human,separation_of_concerns,Separation Of Concerns,10.0,10,Critério atendido.,,
S25,official_sample,redacted,human,readability_and_documentation,Readability And Documentation,10.0,10,Critério atendido.,,
S26,official_sample,redacted,human,basic_functionality,Basic Functionality,9.0,10,"Critério atendido, apesar de inconsistência menor em retorno de erro da hotlist. O sistema lança NumberFormatException ao receber ano vazio, encerrando abruptamente em vez de exibir mensagem de erro.",csv_monitor_notes | src/filmnow/MainFilmNow.java,
S26,official_sample,redacted,human,unit_tests,Unit Tests,7.0,10,Faltam testes para o caminho feliz de cadastro e operações de listagem.,csv_monitor_notes,
S26,official_sample,redacted,human,class_design,Class Design,8.5,10,Problemas na estruturação do construtor e acoplamento na classe Main.,csv_monitor_notes,
S26,official_sample,redacted,human,object_references,Object References,10.0,10,Critério atendido.,,
S26,official_sample,redacted,human,collections_and_arrays,Collections And Arrays,10.0,10,Critério atendido.,,
S26,official_sample,redacted,human,separation_of_concerns,Separation Of Concerns,10.0,10,Critério atendido.,,
S26,official_sample,redacted,human,readability_and_documentation,Readability And Documentation,8.0,10,Faltam Javadocs em métodos importantes do controlador.,csv_monitor_notes,
S27,official_sample,redacted,human,basic_functionality,Basic Functionality,8.5,10,"A lógica de adição na HotList está incompleta: não impede duplicatas, não remove o status 'hot' do filme antigo ao sobrescrever uma posição e não valida os limites do array. Além disso, o método de cadastro não valida se o campo 'local' está vazio.",csv_monitor_notes | src/filmnow/FilmNow.java,
S27,official_sample,redacted,human,unit_tests,Unit Tests,5.0,10,Ausência total de testes para a classe entidade e lacunas no controlador.,csv_monitor_notes,
S27,official_sample,redacted,human,class_design,Class Design,10.0,10,Critério atendido.,,
S27,official_sample,redacted,human,object_references,Object References,10.0,10,Critério atendido.,,
S27,official_sample,redacted,human,collections_and_arrays,Collections And Arrays,10.0,10,Critério atendido.,,
S27,official_sample,redacted,human,separation_of_concerns,Separation Of Concerns,8.0,10,Violação de responsabilidades na classe Filme e na classe Main.,csv_monitor_notes,
S27,official_sample,redacted,human,readability_and_documentation,Readability And Documentation,7.0,10,Documentação Javadoc insuficiente para o projeto.,csv_monitor_notes,
S28,official_sample,redacted,human,basic_functionality,Basic Functionality,8.5,10,Problemas na lógica de indexação que impedem o uso total das funcionalidades do sistema.,csv_monitor_notes,
S28,official_sample,redacted,human,unit_tests,Unit Tests,9.0,10,"Boa cobertura, mas com pequenas omissões em casos de borda e listagens.",csv_monitor_notes,
S28,official_sample,redacted,human,class_design,Class Design,10.0,10,Critério atendido.,,
S28,official_sample,redacted,human,object_references,Object References,10.0,10,Critério atendido.,,
S28,official_sample,redacted,human,collections_and_arrays,Collections And Arrays,7.0,10,Uso de coleção dinâmica em vez de array fixo conforme especificado.,csv_monitor_notes,
S28,official_sample,redacted,human,separation_of_concerns,Separation Of Concerns,5.0,10,Forte acoplamento entre a interface (Main) e as regras de negócio.,csv_monitor_notes,
S28,official_sample,redacted,human,readability_and_documentation,Readability And Documentation,10.0,10,Critério atendido.,,
S29,official_sample,redacted,human,basic_functionality,Basic Functionality,9.0,10,Retornos de erro imprecisos em operações de exibição.,csv_monitor_notes,
S29,official_sample,redacted,human,unit_tests,Unit Tests,10.0,10,Critério atendido.,,
S29,official_sample,redacted,human,class_design,Class Design,10.0,10,Critério atendido.,,
S29,official_sample,redacted,human,object_references,Object References,10.0,10,Critério atendido.,,
S29,official_sample,redacted,human,collections_and_arrays,Collections And Arrays,7.0,10,Uso de estruturas de dados flexíveis onde era exigido um limite fixo via array.,csv_monitor_notes,
S29,official_sample,redacted,human,separation_of_concerns,Separation Of Concerns,10.0,10,Critério atendido.,,
S29,official_sample,redacted,human,readability_and_documentation,Readability And Documentation,10.0,10,Critério atendido.,,
S30,official_sample,redacted,human,basic_functionality,Basic Functionality,10.0,10,Critério atendido.,,
S30,official_sample,redacted,human,unit_tests,Unit Tests,8.0,10,Testes de unidade ausentes para métodos de representação e listagem.,csv_monitor_notes,
S30,official_sample,redacted,human,class_design,Class Design,10.0,10,Critério atendido.,,
S30,official_sample,redacted,human,object_references,Object References,10.0,10,Critério atendido.,,
S30,official_sample,redacted,human,collections_and_arrays,Collections And Arrays,10.0,10,Critério atendido.,,
S30,official_sample,redacted,human,separation_of_concerns,Separation Of Concerns,7.0,10,Problemas de coesão e má distribuição de responsabilidades de visualização.,csv_monitor_notes,
S30,official_sample,redacted,human,readability_and_documentation,Readability And Documentation,7.0,10,Ausência total de documentação na classe principal de domínio.,csv_monitor_notes,
S31,official_sample,redacted,human,basic_functionality,Basic Functionality,1.5,10,Não implementou os métodos de hotlist. O método de detalhar um filme na Main chama um método não implementado do FilmNow.,src/filmnow/FilmNow.java,
S31,official_sample,redacted,human,unit_tests,Unit Tests,0.0,10,Não implementou testes.,tests/,
S31,official_sample,redacted,human,class_design,Class Design,5.0,10,Classe Filme praticamente não implementada e variáveis foram declaradas dentro de um método estático main.,src/filmnow/Filme.java,
S31,official_sample,redacted,human,object_references,Object References,10.0,10,Critério atendido.,,
S31,official_sample,redacted,human,collections_and_arrays,Collections And Arrays,10.0,10,Critério atendido.,,
S31,official_sample,redacted,human,separation_of_concerns,Separation Of Concerns,0.0,10,"Classe FilmNow imprimindo saídas diretamente, sendo que era responsabilidade da classe Main lidar com a entrada e saída.",src/filmnow/FilmNow.java,
S31,official_sample,redacted,human,readability_and_documentation,Readability And Documentation,5.0,10,Não documentou os métodos.,src/filmnow/,
S32,official_sample,redacted,human,basic_functionality,Basic Functionality,9.0,10,Atribuir hot a um filme que não existe numa posição válida deveria retornar 'POSIÇÃO INVÁLIDA'.,src/filmnow/FilmNow.java,
S32,official_sample,redacted,human,unit_tests,Unit Tests,8.0,10,"Faltou testar os métodos de listar filmes, listar hotlist, detalhar um filme hot e um filme ex hot.",tests/,
S32,official_sample,redacted,human,class_design,Class Design,10.0,10,Critério atendido.,,
S32,official_sample,redacted,human,object_references,Object References,10.0,10,Critério atendido.,,
S32,official_sample,redacted,human,collections_and_arrays,Collections And Arrays,10.0,10,Critério atendido.,,
S32,official_sample,redacted,human,separation_of_concerns,Separation Of Concerns,8.0,10,As variáveis 'posicao' e 'status' na classe Filme não deveriam estar nela.,src/filmnow/Filme.java,
S32,official_sample,redacted,human,readability_and_documentation,Readability And Documentation,10.0,10,Critério atendido.,,
S33,official_sample,redacted,human,basic_functionality,Basic Functionality,9.0,10,"Nos métodos de Hot, as posições de entrada vão de 1-10, não de 0-9. Em cadastraHotList, não está verificando se a posição na lista de filmes é válida. Em cadastraFilm, se o local é inválido, deve retornar 'FILME INVALIDO'.",src/filmnow/FilmNow.java,
S33,official_sample,redacted,human,unit_tests,Unit Tests,5.0,10,Faltam implementações de testes para os métodos de hotlist.,tests/,
S33,official_sample,redacted,human,class_design,Class Design,10.0,10,Critério atendido.,,
S33,official_sample,redacted,human,object_references,Object References,10.0,10,Critério atendido.,,
S33,official_sample,redacted,human,collections_and_arrays,Collections And Arrays,10.0,10,Critério atendido.,,
S33,official_sample,redacted,human,separation_of_concerns,Separation Of Concerns,9.0,10,A variável booleana 'hot' na classe Filme não deveria estar nela.,src/filmnow/Filme.java,
S33,official_sample,redacted,human,readability_and_documentation,Readability And Documentation,10.0,10,Critério atendido.,,
S34,official_sample,redacted,human,basic_functionality,Basic Functionality,10.0,10,Critério atendido.,,
S34,official_sample,redacted,human,unit_tests,Unit Tests,9.0,10,"Boa cobertura de testes, com pequenas omissões em casos de exibição.",csv_monitor_notes,
S34,official_sample,redacted,human,class_design,Class Design,10.0,10,Critério atendido.,,
S34,official_sample,redacted,human,object_references,Object References,10.0,10,Critério atendido.,,
S34,official_sample,redacted,human,collections_and_arrays,Collections And Arrays,10.0,10,Critério atendido.,,
S34,official_sample,redacted,human,separation_of_concerns,Separation Of Concerns,10.0,10,Critério atendido.,,
S34,official_sample,redacted,human,readability_and_documentation,Readability And Documentation,10.0,10,Critério atendido.,,
S35,official_sample,redacted,human,basic_functionality,Basic Functionality,0.0,10,Nenhuma funcionalidade do sistema foi implementada.,csv_monitor_notes,
S35,official_sample,redacted,human,unit_tests,Unit Tests,0.0,10,Ausência total de testes.,csv_monitor_notes,
S35,official_sample,redacted,human,class_design,Class Design,4.0,10,Estrutura de classes incompleta e insuficiente.,csv_monitor_notes,
S35,official_sample,redacted,human,object_references,Object References,10.0,10,Critério atendido.,,
S35,official_sample,redacted,human,collections_and_arrays,Collections And Arrays,10.0,10,Critério atendido.,,
S35,official_sample,redacted,human,separation_of_concerns,Separation Of Concerns,10.0,10,Critério atendido.,,
S35,official_sample,redacted,human,readability_and_documentation,Readability And Documentation,0.0,10,Ausência de documentação Javadoc.,csv_monitor_notes,
S36,official_sample,redacted,human,basic_functionality,Basic Functionality,9.0,10,O sistema lança NumberFormatException se o usuário deixar o ano vazio na entrada de dados.,src/filmnow/FilmNow.java,
S36,official_sample,redacted,human,unit_tests,Unit Tests,9.5,10,"Suíte de testes quase completa, com uma pequena lacuna em cenários de exibição.",csv_monitor_notes,
S36,official_sample,redacted,human,class_design,Class Design,10.0,10,Critério atendido.,,
S36,official_sample,redacted,human,object_references,Object References,10.0,10,Critério atendido.,,
S36,official_sample,redacted,human,collections_and_arrays,Collections And Arrays,10.0,10,Critério atendido.,,
S36,official_sample,redacted,human,separation_of_concerns,Separation Of Concerns,9.0,10,Acoplamento entre a interface e o retorno dos métodos do controlador.,csv_monitor_notes,
S36,official_sample,redacted,human,readability_and_documentation,Readability And Documentation,10.0,10,Critério atendido.,,
S37,official_sample,redacted,human,basic_functionality,Basic Functionality,9.0,10,Falha na validação de limites em operações de hotlist.,csv_monitor_notes,
S37,official_sample,redacted,human,unit_tests,Unit Tests,9.0,10,"Boa cobertura, mas com lacunas em cenários específicos de hotlist.",csv_monitor_notes,
S37,official_sample,redacted,human,class_design,Class Design,10.0,10,Critério atendido.,,
S37,official_sample,redacted,human,object_references,Object References,9.0,10,Uso incorreto de operadores de igualdade para tipos por referência.,csv_monitor_notes,
S37,official_sample,redacted,human,collections_and_arrays,Collections And Arrays,10.0,10,Critério atendido.,,
S37,official_sample,redacted,human,separation_of_concerns,Separation Of Concerns,9.0,10,Violação de encapsulamento com estado da hotlist em Filme.,csv_monitor_notes,
S37,official_sample,redacted,human,readability_and_documentation,Readability And Documentation,10.0,10,Critério atendido.,,
S38,official_sample,redacted,human,basic_functionality,Basic Functionality,8.5,10,"Uso incorreto de métodos de leitura do Scanner, prejudicando a entrada de dados compostos.",csv_monitor_notes,
S38,official_sample,redacted,human,unit_tests,Unit Tests,10.0,10,Critério atendido.,,
S38,official_sample,redacted,human,class_design,Class Design,9.0,10,O método equals da classe Filme compara o atributo ano (String) usando o operador '==' em vez de '.equals()'.,src/filmnow/Filme.java,
S38,official_sample,redacted,human,object_references,Object References,10.0,10,Critério atendido.,,
S38,official_sample,redacted,human,collections_and_arrays,Collections And Arrays,10.0,10,Critério atendido.,,
S38,official_sample,redacted,human,separation_of_concerns,Separation Of Concerns,8.0,10,Violação de responsabilidades de visualização e encapsulamento.,csv_monitor_notes,
S38,official_sample,redacted,human,readability_and_documentation,Readability And Documentation,10.0,10,Critério atendido.,,
S39,official_sample,redacted,human,basic_functionality,Basic Functionality,9.0,10,"Atribuir hot a um filme que não existe numa posição válida deveria retornar 'POSIÇÃO INVÁLIDA'. No método de remover um filme da hot list, caso não tenha um filme na posição indicada deveria retornar 'POSIÇÃO INVÁLIDA'.",src/filmnow/FilmNow.java,
S39,official_sample,redacted,human,unit_tests,Unit Tests,2.0,10,Só está testando o construtor e o método de exibição de Filme.,tests/,
S39,official_sample,redacted,human,class_design,Class Design,10.0,10,Critério atendido.,,
S39,official_sample,redacted,human,object_references,Object References,10.0,10,Critério atendido.,,
S39,official_sample,redacted,human,collections_and_arrays,Collections And Arrays,5.0,10,Hotlist deveria ser um array na classe FilmNow com apenas 10 posições.,src/filmnow/FilmNow.java,
S39,official_sample,redacted,human,separation_of_concerns,Separation Of Concerns,7.0,10,"As variáveis booleanas 'hot' e 'posicionHot' na classe Filme não deveriam estar nela. A classe filme que deveria ser responsável pela exibição dos seus detalhes, mas o código pega os atributos de Filme diretamente.",src/filmnow/Filme.java | src/filmnow/FilmNow.java,
S39,official_sample,redacted,human,readability_and_documentation,Readability And Documentation,10.0,10,Critério atendido.,,
S40,official_sample,redacted,human,basic_functionality,Basic Functionality,9.0,10,As operações adicionaHotList e removeHotList possuem validações de limite incorretas ou ausentes.,src/filmnow/FilmNow.java,
S40,official_sample,redacted,human,unit_tests,Unit Tests,10.0,10,Critério atendido.,,
S40,official_sample,redacted,human,class_design,Class Design,10.0,10,"Critério atendido, com pequena observação pedagógica sobre encapsulamento.",manual_refinement,
S40,official_sample,redacted,human,object_references,Object References,10.0,10,Critério atendido.,,
S40,official_sample,redacted,human,collections_and_arrays,Collections And Arrays,10.0,10,"Critério atendido, com pequena observação sobre validação de índices.",manual_refinement,
S40,official_sample,redacted,human,separation_of_concerns,Separation Of Concerns,9.0,10,Pequena falha na separação de responsabilidades (já contemplada nas observações de Class Design).,,
S40,official_sample,redacted,human,readability_and_documentation,Readability And Documentation,10.0,10,Critério atendido.,,
S41,official_sample,redacted,human,basic_functionality,Basic Functionality,9.5,10,Faltou implementar a verificação se um filme já está na hotlist antes de adicionar na hotlist. A classe Filme não implementou o método toString() para exibir seus detalhes.,,
S41,official_sample,redacted,human,unit_tests,Unit Tests,9.0,10,Faltou testar a exibição da hotlist e detalhar um filme ex-hot.,,
S41,official_sample,redacted,human,class_design,Class Design,10.0,10,Critério atendido.,,
S41,official_sample,redacted,human,object_references,Object References,9.0,10,O método atribuirHot cria uma nova instância de Filme (new Filme(...)) em vez de armazenar a referência do filme já existente no acervo.,src/filmnow/FilmNow.java,
S41,official_sample,redacted,human,collections_and_arrays,Collections And Arrays,10.0,10,Critério atendido.,,
S41,official_sample,redacted,human,separation_of_concerns,Separation Of Concerns,6.5,10,"A classe Main está executando lógica de negócio, como verificar se um filme existe no método atribuirHot, além de manipular objetos Filme diretamente em vez de usar índices.",,
S41,official_sample,redacted,human,readability_and_documentation,Readability And Documentation,10.0,10,Critério atendido.,,
S42,official_sample,redacted,human,basic_functionality,Basic Functionality,10.0,10,Critério atendido.,,
S42,official_sample,redacted,human,unit_tests,Unit Tests,9.0,10,Faltou testar a exibição da hotlist e detalhar um filme ex-hot.,,
S42,official_sample,redacted,human,class_design,Class Design,9.0,10,O método equals da classe Filme compara o atributo ano (String) usando o operador '==' em vez de '.equals()'.,src/filmnow/Filme.java,
S42,official_sample,redacted,human,object_references,Object References,10.0,10,Critério atendido.,,
S42,official_sample,redacted,human,collections_and_arrays,Collections And Arrays,10.0,10,Critério atendido.,,
S42,official_sample,redacted,human,separation_of_concerns,Separation Of Concerns,9.0,10,"A classe Main está realizando verificações de lógica de negócio, como a validade das posições informadas.",,
S42,official_sample,redacted,human,readability_and_documentation,Readability And Documentation,10.0,10,Critério atendido.,,
S43,official_sample,redacted,human,basic_functionality,Basic Functionality,6.5,10,Não foram implementadas as funcionalidades relacionadas à Hotlist. O método listarFilmes lança NullPointerException por falta de verificação de existência de filme na posição.,,
S43,official_sample,redacted,human,unit_tests,Unit Tests,2.0,10,Os testes não estão em formato executável e não cobrem a classe Filme nem a Hotlist.,,
S43,official_sample,redacted,human,class_design,Class Design,8.0,10,A classe Filme está com o nome incorreto (possivelmente grafia errada ou fora do padrão).,,
S43,official_sample,redacted,human,object_references,Object References,10.0,10,Uso do operador '==' para comparar Strings no método equals da classe Filme.,,
S43,official_sample,redacted,human,collections_and_arrays,Collections And Arrays,10.0,10,Critério atendido.,,
S43,official_sample,redacted,human,separation_of_concerns,Separation Of Concerns,8.0,10,"O método main da classe principal está sobrecarregado com todo o código, em vez de distribuir a lógica em métodos estáticos auxiliares ou na classe de domínio.",,
S43,official_sample,redacted,human,readability_and_documentation,Readability And Documentation,8.0,10,Alguns métodos não seguem o padrão Javadoc.,,
S44,official_sample,redacted,human,basic_functionality,Basic Functionality,9.0,10,Faltou implementar o toString() na classe Filme e o método mostrarFilmes diverge da especificação.,,
S44,official_sample,redacted,human,unit_tests,Unit Tests,0.0,10,Não foram implementados testes unitários.,,
S44,official_sample,redacted,human,class_design,Class Design,10.0,10,Critério atendido.,,
S44,official_sample,redacted,human,object_references,Object References,9.0,10,A inicialização do array da Hotlist ocorre fora do construtor.,,
S44,official_sample,redacted,human,collections_and_arrays,Collections And Arrays,10.0,10,Critério atendido.,,
S44,official_sample,redacted,human,separation_of_concerns,Separation Of Concerns,5.5,10,A variável 'isHot' na classe Filme acopla o domínio à regra de negócio da Hotlist. A classe Main contém verificações de nulidade e prints estão espalhados em outras classes.,,
S44,official_sample,redacted,human,readability_and_documentation,Readability And Documentation,2.0,10,A documentação não está no padrão JavaDoc e carece de clareza e objetividade.,,
S45,official_sample,redacted,human,basic_functionality,Basic Functionality,10.0,10,Critério atendido.,,
S45,official_sample,redacted,human,unit_tests,Unit Tests,8.0,10,Faltou testar o método detalhesString da classe Filme e cenários de filmes na hotlist/ex-hot.,,
S45,official_sample,redacted,human,class_design,Class Design,10.0,10,Critério atendido.,,
S45,official_sample,redacted,human,object_references,Object References,10.0,10,Critério atendido.,,
S45,official_sample,redacted,human,collections_and_arrays,Collections And Arrays,10.0,10,Critério atendido.,,
S45,official_sample,redacted,human,separation_of_concerns,Separation Of Concerns,8.0,10,Lógica de exibição de detalhes de filmes da Hotlist está na classe FilmNow em vez de usar o toString da classe Filme.,,
S45,official_sample,redacted,human,readability_and_documentation,Readability And Documentation,10.0,10,Critério atendido.,,
S46,official_sample,redacted,human,basic_functionality,Basic Functionality,9.0,10,Os métodos atribuirHotFilme e removerHotFilme não verificam se as posições passadas estão dentro dos limites dos arrays antes de acessá-los.,src/filmnow/FilmNow.java,
S46,official_sample,redacted,human,unit_tests,Unit Tests,9.5,10,Faltou testar filme ex-hot.,,
S46,official_sample,redacted,human,class_design,Class Design,10.0,10,Critério atendido.,,
S46,official_sample,redacted,human,object_references,Object References,10.0,10,Critério atendido.,,
S46,official_sample,redacted,human,collections_and_arrays,Collections And Arrays,9.0,10,Erro na indexação (1-100).,,
S46,official_sample,redacted,human,separation_of_concerns,Separation Of Concerns,10.0,10,Critério atendido.,,
S46,official_sample,redacted,human,readability_and_documentation,Readability And Documentation,7.0,10,Não documentou a Filme.,,
S47,official_sample,redacted,human,basic_functionality,Basic Functionality,10.0,10,Critério atendido.,,
S47,official_sample,redacted,human,unit_tests,Unit Tests,9.5,10,Faltou testar o cenário de filme ex-hot.,,
S47,official_sample,redacted,human,class_design,Class Design,10.0,10,Critério atendido.,,
S47,official_sample,redacted,human,object_references,Object References,10.0,10,Critério atendido.,,
S47,official_sample,redacted,human,collections_and_arrays,Collections And Arrays,10.0,10,Critério atendido.,,
S47,official_sample,redacted,human,separation_of_concerns,Separation Of Concerns,7.0,10,A classe Filme guarda sua própria posição na lista geral.,,
S47,official_sample,redacted,human,readability_and_documentation,Readability And Documentation,0.0,10,Ausência total de documentação nas classes.,,
S48,official_sample,redacted,human,basic_functionality,Basic Functionality,8.0,10,"A manipulação do array da HotList utiliza uma variável 'ultimoHot' para empilhar e desempilhar elementos em vez de usar a posição especificada pelo usuário. Além disso, retorno vazio em vez de 'POSIÇÃO INVÁLIDA' para filmes inexistentes.",src/filmnow/FilmNow.java,
S48,official_sample,redacted,human,unit_tests,Unit Tests,7.0,10,Faltou testar hotlist e listagem de filmes.,,
S48,official_sample,redacted,human,class_design,Class Design,9.0,10,Critério atendido ou sem observações específicas.,,
S48,official_sample,redacted,human,object_references,Object References,10.0,10,Uso de '==' para comparação de strings no equals de Filme.,,
S48,official_sample,redacted,human,collections_and_arrays,Collections And Arrays,10.0,10,Critério atendido.,,
S48,official_sample,redacted,human,separation_of_concerns,Separation Of Concerns,8.0,10,O estado 'isHot' está na classe Filme e a Main realiza validações de índices.,,
S48,official_sample,redacted,human,readability_and_documentation,Readability And Documentation,5.0,10,Documentação incompleta ou ausente na classe Filme e FilmNow.,,
S49,official_sample,redacted,human,basic_functionality,Basic Functionality,10,10,Critério atendido.,,
S49,official_sample,redacted,human,unit_tests,Unit Tests,9.0,10,Faltou testar a substituição de filmes na hotlist e a exibição de filme ex-hot.,,
S49,official_sample,redacted,human,class_design,Class Design,10.0,10,Critério atendido.,,
S49,official_sample,redacted,human,object_references,Object References,10.0,10,Critério atendido.,,
S49,official_sample,redacted,human,collections_and_arrays,Collections And Arrays,10.0,10,Critério atendido.,,
S49,official_sample,redacted,human,separation_of_concerns,Separation Of Concerns,8.0,10,A classe FilmNow está formatando os detalhes do filme em vez de chamar o toString.,,
S49,official_sample,redacted,human,readability_and_documentation,Readability And Documentation,10.0,10,Critério atendido.,,
S50,official_sample,redacted,human,basic_functionality,Basic Functionality,10.0,10,Critério atendido.,,
S50,official_sample,redacted,human,unit_tests,Unit Tests,9.5,10,Faltou testar filme ex-hot.,,
S50,official_sample,redacted,human,class_design,Class Design,9.0,10,Uso de '==' para comparação de Strings no método nomeAno.,,
S50,official_sample,redacted,human,object_references,Object References,10.0,10,Critério atendido.,,
S50,official_sample,redacted,human,collections_and_arrays,Collections And Arrays,10.0,10,Critério atendido.,,
S50,official_sample,redacted,human,separation_of_concerns,Separation Of Concerns,9.0,10,Variável 'statusHot' na classe Filme.,,
S50,official_sample,redacted,human,readability_and_documentation,Readability And Documentation,10.0,10,Critério atendido.,,
S51,official_sample,redacted,human,basic_functionality,Basic Functionality,9.0,10,Mensagens de saída divergem da especificação.,,
S51,official_sample,redacted,human,unit_tests,Unit Tests,9.5,10,Faltou testar exibição de filme ex-hot.,,
S51,official_sample,redacted,human,class_design,Class Design,9.0,10,Uso de '==' no equals e divergência nas mensagens de saída.,,
S51,official_sample,redacted,human,object_references,Object References,10.0,10,Critério atendido.,,
S51,official_sample,redacted,human,collections_and_arrays,Collections And Arrays,10.0,10,Critério atendido.,,
S51,official_sample,redacted,human,separation_of_concerns,Separation Of Concerns,9.0,10,Variável 'hot' na classe Filme.,,
S51,official_sample,redacted,human,readability_and_documentation,Readability And Documentation,10.0,10,Critério atendido.,,
S52,official_sample,redacted,human,basic_functionality,Basic Functionality,9.0,10,"O método getFilmes() contém um System.out.println(this.filmes[1].toString()) fixo, imprimindo sempre o segundo filme independentemente do contexto.",src/filmnow/FilmNow.java,
S52,official_sample,redacted,human,unit_tests,Unit Tests,9.0,10,Faltou testar o método equals da classe Filme.,,
S52,official_sample,redacted,human,class_design,Class Design,10.0,10,Critério atendido.,,
S52,official_sample,redacted,human,object_references,Object References,10.0,10,Critério atendido.,,
S52,official_sample,redacted,human,collections_and_arrays,Collections And Arrays,10.0,10,Critério atendido.,,
S52,official_sample,redacted,human,separation_of_concerns,Separation Of Concerns,8.0,10,Variável 'hot' na classe Filme e presença de prints no método getFilmes da FilmNow.,,
S52,official_sample,redacted,human,readability_and_documentation,Readability And Documentation,10.0,10,Critério atendido.,,
S53,official_sample,redacted,human,basic_functionality,Basic Functionality,9.0,10,Uso do operador '==' para comparar strings vazias no cadastro de filmes.,src/filmnow/FilmNow.java,
S53,official_sample,redacted,human,unit_tests,Unit Tests,7.0,10,"Falta de testes para detalhamento de filmes (comum, hot e ex-hot).",,
S53,official_sample,redacted,human,class_design,Class Design,10.0,10,Critério atendido.,,
S53,official_sample,redacted,human,object_references,Object References,10.0,10,Critério atendido.,,
S53,official_sample,redacted,human,collections_and_arrays,Collections And Arrays,9.0,10,Acesso ao array usando índices 1-100.,,
S53,official_sample,redacted,human,separation_of_concerns,Separation Of Concerns,9.0,10,Validações de negócio na classe Main.,,
S53,official_sample,redacted,human,readability_and_documentation,Readability And Documentation,4.0,10,Falta de documentação na classe Filme e FilmNow.,,
S54,official_sample,redacted,human,basic_functionality,Basic Functionality,7.0,10,Funcionalidade comprometida pela falta de modelagem adequada.,,
S54,official_sample,redacted,human,unit_tests,Unit Tests,0.0,10,Não implementou testes.,,
S54,official_sample,redacted,human,class_design,Class Design,6.0,10,Ausência da classe Filme.,,
S54,official_sample,redacted,human,object_references,Object References,10.0,10,Critério atendido.,,
S54,official_sample,redacted,human,collections_and_arrays,Collections And Arrays,10.0,10,Critério atendido.,,
S54,official_sample,redacted,human,separation_of_concerns,Separation Of Concerns,5.0,10,Validações de negócio na Main e ausência de separação de entidades.,,
S54,official_sample,redacted,human,readability_and_documentation,Readability And Documentation,10.0,10,Critério atendido.,,
S55,official_sample,redacted,human,basic_functionality,Basic Functionality,10.0,10,Critério atendido.,,
S55,official_sample,redacted,human,unit_tests,Unit Tests,9.5,10,Faltou testar filme ex-hot.,,
S55,official_sample,redacted,human,class_design,Class Design,9.0,10,Uso de '==' para comparação de strings no equals.,,
S55,official_sample,redacted,human,object_references,Object References,10.0,10,Critério atendido.,,
S55,official_sample,redacted,human,collections_and_arrays,Collections And Arrays,9.0,10,Arrays com tamanho excessivo (101/11) para evitar subtração de índice.,,
S55,official_sample,redacted,human,separation_of_concerns,Separation Of Concerns,10.0,10,Critério atendido.,,
S55,official_sample,redacted,human,readability_and_documentation,Readability And Documentation,10.0,10,Critério atendido.,,
S56,official_sample,redacted,human,basic_functionality,Basic Functionality,9.0,10,"O método adicionarHot valida a posição da HotList usando TAMANHO (100) em vez de 10, não impede duplicatas e removerHot não valida a posição.",src/filmnow/FilmNow.java,
S56,official_sample,redacted,human,unit_tests,Unit Tests,9.0,10,Faltou testar o equals da classe Filme.,,
S56,official_sample,redacted,human,class_design,Class Design,10.0,10,Critério atendido.,,
S56,official_sample,redacted,human,object_references,Object References,10.0,10,Critério atendido.,,
S56,official_sample,redacted,human,collections_and_arrays,Collections And Arrays,10.0,10,Critério atendido.,,
S56,official_sample,redacted,human,separation_of_concerns,Separation Of Concerns,10.0,10,Critério atendido.,,
S56,official_sample,redacted,human,readability_and_documentation,Readability And Documentation,9.0,10,Falta da tag @return em algumas documentações.,,
S57,official_sample,redacted,human,basic_functionality,Basic Functionality,9.0,10,Não há impedimento para adicionar um filme que já está na HotList em outra posição.,src/filmnow/FilmNow.java,
S57,official_sample,redacted,human,unit_tests,Unit Tests,0.0,10,Não implementou testes.,,
S57,official_sample,redacted,human,class_design,Class Design,10.0,10,Critério atendido.,,
S57,official_sample,redacted,human,object_references,Object References,10.0,10,Critério atendido.,,
S57,official_sample,redacted,human,collections_and_arrays,Collections And Arrays,9.0,10,"Inconsistência no uso de índices de array, misturando base 0 e base 1 em acessos diretos.",src/filmnow/FilmNow.java,
S57,official_sample,redacted,human,separation_of_concerns,Separation Of Concerns,7.0,10,Lógica de negócio na classe Main.,,
S57,official_sample,redacted,human,readability_and_documentation,Readability And Documentation,10.0,10,Critério atendido.,,
S58,official_sample,redacted,human,basic_functionality,Basic Functionality,9.0,10,Falta de mensagem 'POSIÇÃO INVÁLIDA' e erro na lógica de atribuirHot (permite adicionar nulos).,,
S58,official_sample,redacted,human,unit_tests,Unit Tests,8.5,10,Faltou testar toString e filme ex-hot.,,
S58,official_sample,redacted,human,class_design,Class Design,10.0,10,Critério atendido.,,
S58,official_sample,redacted,human,object_references,Object References,10.0,10,Critério atendido.,,
S58,official_sample,redacted,human,collections_and_arrays,Collections And Arrays,10.0,10,Critério atendido.,,
S58,official_sample,redacted,human,separation_of_concerns,Separation Of Concerns,10.0,10,Critério atendido.,,
S58,official_sample,redacted,human,readability_and_documentation,Readability And Documentation,7.0,10,Falta de documentação na Filme.,,
S59,official_sample,redacted,human,basic_functionality,Basic Functionality,8.0,10,Permite duplicados silenciosamente e erro de decremento duplo de índice.,,
S59,official_sample,redacted,human,unit_tests,Unit Tests,8.0,10,Faltou testar listagem de filmes e hotlist.,,
S59,official_sample,redacted,human,class_design,Class Design,10.0,10,Critério atendido.,,
S59,official_sample,redacted,human,object_references,Object References,10.0,10,Critério atendido.,,
S59,official_sample,redacted,human,collections_and_arrays,Collections And Arrays,10.0,10,Critério atendido.,,
S59,official_sample,redacted,human,separation_of_concerns,Separation Of Concerns,6.0,10,Atributos e métodos de validação de índice na Filme e lógica de hotlist na Main.,,
S59,official_sample,redacted,human,readability_and_documentation,Readability And Documentation,10.0,10,Critério atendido.,,
S60,official_sample,redacted,human,basic_functionality,Basic Functionality,9.0,10,Falta de validação de índice na hotlist.,,
S60,official_sample,redacted,human,unit_tests,Unit Tests,6.0,10,"Faltou testar equals, hotlist e listagem.",,
S60,official_sample,redacted,human,class_design,Class Design,9.0,10,Uso de '==' no equals.,,
S60,official_sample,redacted,human,object_references,Object References,10.0,10,Critério atendido.,,
S60,official_sample,redacted,human,collections_and_arrays,Collections And Arrays,10.0,10,Critério atendido.,,
S60,official_sample,redacted,human,separation_of_concerns,Separation Of Concerns,9.0,10,Variável 'hotlist' na Filme.,,
S60,official_sample,redacted,human,readability_and_documentation,Readability And Documentation,10.0,10,Critério atendido.,,
S61,official_sample,redacted,human,basic_functionality,Basic Functionality,8.5,10,"O sistema impede a sobrescrita de um filme em uma posição já ocupada retornando 'POSIÇÃO OCUPADA!', contrariando o requisito. Além disso, a verificação de duplicidade considera apenas o nome, ignorando o ano de lançamento.",src/filmnow/FilmNow.java,
S61,official_sample,redacted,human,unit_tests,Unit Tests,8.0,10,Faltou testar detalhamento de filmes hot e ex-hot.,,
S61,official_sample,redacted,human,class_design,Class Design,10.0,10,Critério atendido.,,
S61,official_sample,redacted,human,object_references,Object References,10.0,10,Critério atendido.,,
S61,official_sample,redacted,human,collections_and_arrays,Collections And Arrays,10.0,10,Critério atendido.,,
S61,official_sample,redacted,human,separation_of_concerns,Separation Of Concerns,5.0,10,Lógica de negócio (detalhamento) na classe Main.,,
S61,official_sample,redacted,human,readability_and_documentation,Readability And Documentation,10.0,10,Critério atendido.,,
S62,official_sample,redacted,human,basic_functionality,Basic Functionality,9.0,10,As operações de adicionar e remover da HotList não validam se a posição informada está dentro do limite permitido (1 a 10).,src/filmnow/FilmNow.java,
S62,official_sample,redacted,human,unit_tests,Unit Tests,9.0,10,Faltou testar detalhadamente a sobrescrita em listas e hotlist.,,
S62,official_sample,redacted,human,class_design,Class Design,9.0,10,Hash e equals usam campos além de nome e ano.,,
S62,official_sample,redacted,human,object_references,Object References,10.0,10,Critério atendido.,,
S62,official_sample,redacted,human,collections_and_arrays,Collections And Arrays,9.0,10,Erro na indexação e tamanho dos arrays.,,
S62,official_sample,redacted,human,separation_of_concerns,Separation Of Concerns,9.0,10,Lógica de verificação de hotlist na Main.,,
S62,official_sample,redacted,human,readability_and_documentation,Readability And Documentation,7.0,10,Não documentou a classe Filme.,,
S63,official_sample,redacted,human,basic_functionality,Basic Functionality,10.0,10,Critério atendido.,,
S63,official_sample,redacted,human,unit_tests,Unit Tests,4.0,10,"Ausência de testes para Filme, Hotlist e listagem.",,
S63,official_sample,redacted,human,class_design,Class Design,9.0,10,Erro no hash/equals.,,
S63,official_sample,redacted,human,object_references,Object References,10.0,10,Critério atendido.,,
S63,official_sample,redacted,human,collections_and_arrays,Collections And Arrays,10.0,10,Critério atendido.,,
S63,official_sample,redacted,human,separation_of_concerns,Separation Of Concerns,9.0,10,Variável 'ehHot' na Filme.,,
S63,official_sample,redacted,human,readability_and_documentation,Readability And Documentation,7.0,10,Não documentou a Filme.,,
S64,official_sample,redacted,human,basic_functionality,Basic Functionality,9.0,10,O método getFilmes ignora o filme da posição 1 (índice 0) e exibe o índice interno do array em vez da posição amigável ao usuário.,src/filmnow/FilmNow.java,
S64,official_sample,redacted,human,unit_tests,Unit Tests,7.0,10,Não testou hotlist e listagem.,,
S64,official_sample,redacted,human,class_design,Class Design,10.0,10,Critério atendido.,,
S64,official_sample,redacted,human,object_references,Object References,9.0,10,"No método removeHot, o código tenta limpar o status do filme acessando filmes[posicao], usando o índice da HotList no array principal.",src/filmnow/FilmNow.java,
S64,official_sample,redacted,human,collections_and_arrays,Collections And Arrays,9.0,10,"A condição do laço for no método mostrarHot está invertida (i > hotList.length com i iniciando em 0), nunca executando o corpo do laço.",src/filmnow/FilmNow.java,
S64,official_sample,redacted,human,separation_of_concerns,Separation Of Concerns,9.0,10,Variável 'hot' na Filme.,,
S64,official_sample,redacted,human,readability_and_documentation,Readability And Documentation,10.0,10,Critério atendido.,,
S65,official_sample,redacted,human,basic_functionality,Basic Functionality,10.0,10,Critério atendido.,,
S65,official_sample,redacted,human,unit_tests,Unit Tests,8.5,10,Faltou testar toString e filme ex-hot.,,
S65,official_sample,redacted,human,class_design,Class Design,10.0,10,Critério atendido.,,
S65,official_sample,redacted,human,object_references,Object References,10.0,10,Critério atendido.,,
S65,official_sample,redacted,human,collections_and_arrays,Collections And Arrays,10.0,10,Critério atendido.,,
S65,official_sample,redacted,human,separation_of_concerns,Separation Of Concerns,10.0,10,Critério atendido.,,
S65,official_sample,redacted,human,readability_and_documentation,Readability And Documentation,10.0,10,Critério atendido.,,
S66,official_sample,redacted,human,basic_functionality,Basic Functionality,9.0,10,O método descreveFilme não utiliza o toString da classe Filme e faltam validações de posição na Hotlist.,,
S66,official_sample,redacted,human,unit_tests,Unit Tests,7.0,10,Faltam testes para cenários de erro da Hotlist e os nomes dos métodos de teste não são descritivos.,,
S66,official_sample,redacted,human,class_design,Class Design,10.0,10,Critério atendido.,,
S66,official_sample,redacted,human,object_references,Object References,10.0,10,Critério atendido.,,
S66,official_sample,redacted,human,collections_and_arrays,Collections And Arrays,10.0,10,Critério atendido.,,
S66,official_sample,redacted,human,separation_of_concerns,Separation Of Concerns,7.0,10,A classe Main está realizando verificações de negócio (estado na hotlist).,,
S66,official_sample,redacted,human,readability_and_documentation,Readability And Documentation,10.0,10,Critério atendido.,,
S67,official_sample,redacted,human,basic_functionality,Basic Functionality,9.0,10,NullPointerException no método equals da classe Filme quando o atributo ano é nulo.,src/filmnow/Filme.java,
S67,official_sample,redacted,human,unit_tests,Unit Tests,9.5,10,Faltou testar a exibição de filme ex-hot.,,
S67,official_sample,redacted,human,class_design,Class Design,10.0,10,Critério atendido.,,
S67,official_sample,redacted,human,object_references,Object References,10.0,10,Critério atendido.,,
S67,official_sample,redacted,human,collections_and_arrays,Collections And Arrays,10.0,10,Critério atendido.,,
S67,official_sample,redacted,human,separation_of_concerns,Separation Of Concerns,8.0,10,A variável booleana 'hot' está declarada na classe Filme.,,
S67,official_sample,redacted,human,readability_and_documentation,Readability And Documentation,10.0,10,Critério atendido.,,
S68,official_sample,redacted,human,basic_functionality,Basic Functionality,10.0,10,Critério atendido.,,
S68,official_sample,redacted,human,unit_tests,Unit Tests,7.0,10,Não testou hotlist e listagem.,,
S68,official_sample,redacted,human,class_design,Class Design,9.0,10,Ausência do método hashCode na Filme.,,
S68,official_sample,redacted,human,object_references,Object References,10.0,10,Critério atendido.,,
S68,official_sample,redacted,human,collections_and_arrays,Collections And Arrays,10.0,10,Critério atendido.,,
S68,official_sample,redacted,human,separation_of_concerns,Separation Of Concerns,9.0,10,Atributo 'posição' na Filme.,,
S68,official_sample,redacted,human,readability_and_documentation,Readability And Documentation,10.0,10,Critério atendido.,,
S69,official_sample,redacted,human,basic_functionality,Basic Functionality,9.0,10,Os métodos de manipulação da HotList não verificam se o filme na posição solicitada é nulo antes de acessar seus métodos.,src/filmnow/FilmNow.java,
S69,official_sample,redacted,human,unit_tests,Unit Tests,4.5,10,Não testou a classe Filme nem os métodos da hotlist.,,
S69,official_sample,redacted,human,class_design,Class Design,9.0,10,Variáveis inicializadas fora do construtor na classe Filme.,,
S69,official_sample,redacted,human,object_references,Object References,10.0,10,Critério atendido.,,
S69,official_sample,redacted,human,collections_and_arrays,Collections And Arrays,10.0,10,Critério atendido.,,
S69,official_sample,redacted,human,separation_of_concerns,Separation Of Concerns,9.0,10,Variável 'hot' na classe Filme.,,
S69,official_sample,redacted,human,readability_and_documentation,Readability And Documentation,10.0,10,Critério atendido.,,
S70,official_sample,redacted,human,basic_functionality,Basic Functionality,10.0,10,Critério atendido.,,
S70,official_sample,redacted,human,unit_tests,Unit Tests,9.5,10,Faltou testar exibição de filme ex-hot.,,
S70,official_sample,redacted,human,class_design,Class Design,10.0,10,Critério atendido.,,
S70,official_sample,redacted,human,object_references,Object References,10.0,10,Critério atendido.,,
S70,official_sample,redacted,human,collections_and_arrays,Collections And Arrays,10.0,10,Critério atendido.,,
S70,official_sample,redacted,human,separation_of_concerns,Separation Of Concerns,9.0,10,Presença da variável 'hot' na classe Filme.,,
S70,official_sample,redacted,human,readability_and_documentation,Readability And Documentation,10.0,10,Critério atendido.,,
S71,official_sample,redacted,human,basic_functionality,Basic Functionality,10.0,10,Critério atendido.,,
S71,official_sample,redacted,human,unit_tests,Unit Tests,10.0,10,Critério atendido.,,
S71,official_sample,redacted,human,class_design,Class Design,10.0,10,Critério atendido.,,
S71,official_sample,redacted,human,object_references,Object References,10.0,10,Critério atendido.,,
S71,official_sample,redacted,human,collections_and_arrays,Collections And Arrays,9.0,10,Uso de índices 1-100 sem ajuste para 0-99 no acesso ao array.,,
S71,official_sample,redacted,human,separation_of_concerns,Separation Of Concerns,8.0,10,Variável 'hot' na classe Filme e lógica de negócio na Main.,,
S71,official_sample,redacted,human,readability_and_documentation,Readability And Documentation,10.0,10,Critério atendido.,,
S72,official_sample,redacted,human,basic_functionality,Basic Functionality,9.0,10,Falta de validação de índice nos métodos da Hotlist.,,
S72,official_sample,redacted,human,unit_tests,Unit Tests,7.0,10,Faltou testar o equals e os métodos da hotlist.,,
S72,official_sample,redacted,human,class_design,Class Design,9.0,10,Uso de '==' para comparação de strings no equals da Filme.,,
S72,official_sample,redacted,human,object_references,Object References,10.0,10,Critério atendido.,,
S72,official_sample,redacted,human,collections_and_arrays,Collections And Arrays,10.0,10,Critério atendido.,,
S72,official_sample,redacted,human,separation_of_concerns,Separation Of Concerns,9.0,10,Variável 'hotList' na classe Filme.,,
S72,official_sample,redacted,human,readability_and_documentation,Readability And Documentation,10.0,10,Critério atendido.,,
S73,official_sample,redacted,human,basic_functionality,Basic Functionality,7.0,10,Mensagens de retorno em desacordo com a especificação (métodos retornando void).,,
S73,official_sample,redacted,human,unit_tests,Unit Tests,5.0,10,Testes insuficientes ou ausentes para a estrutura implementada.,,
S73,official_sample,redacted,human,class_design,Class Design,6.0,10,Ausência da classe Filme; os dados são armazenados em uma matriz.,,
S73,official_sample,redacted,human,object_references,Object References,7.0,10,Tamanho incorreto da Hotlist e ausência de composição com objetos Filme.,,
S73,official_sample,redacted,human,collections_and_arrays,Collections And Arrays,10.0,10,Critério atendido.,,
S73,official_sample,redacted,human,separation_of_concerns,Separation Of Concerns,8.0,10,Critério atendido ou sem observações específicas.,,
S73,official_sample,redacted,human,readability_and_documentation,Readability And Documentation,6.0,10,Documentação pobre e simplificada.,,
S74,official_sample,redacted,human,basic_functionality,Basic Functionality,9,10,Saída do método de detalhar filme incorreta.,,
S74,official_sample,redacted,human,unit_tests,Unit Tests,0.0,10,Não implementou testes.,,
S74,official_sample,redacted,human,class_design,Class Design,9.0,10,Hash e equals implementados incorretamente (deveriam usar apenas nome e ano).,,
S74,official_sample,redacted,human,object_references,Object References,10.0,10,Critério atendido.,,
S74,official_sample,redacted,human,collections_and_arrays,Collections And Arrays,10.0,10,Critério atendido.,,
S74,official_sample,redacted,human,separation_of_concerns,Separation Of Concerns,7.0,10,Prints fora da classe Main.,,
S74,official_sample,redacted,human,readability_and_documentation,Readability And Documentation,0.0,10,Não documentou as classes.,,
S75,official_sample,redacted,human,basic_functionality,Basic Functionality,8.5,10,Uso do operador '!=' para comparar strings e as operações da HotList não retornam as mensagens de erro exigidas pelo enunciado.,src/filmnow/FilmNow.java,
S75,official_sample,redacted,human,unit_tests,Unit Tests,10.0,10,Critério atendido.,,
S75,official_sample,redacted,human,class_design,Class Design,10.0,10,Critério atendido.,,
S75,official_sample,redacted,human,object_references,Object References,10.0,10,Critério atendido.,,
S75,official_sample,redacted,human,collections_and_arrays,Collections And Arrays,9.0,10,O método acessa filmes[posicaoFilme-1] antes de verificar se posicaoFilme é um índice válido (entre 1 e 100).,src/filmnow/FilmNow.java,
S75,official_sample,redacted,human,separation_of_concerns,Separation Of Concerns,7.0,10,Formatação da hotlist na FilmNow e validações de existência na Main.,,
S75,official_sample,redacted,human,readability_and_documentation,Readability And Documentation,5.0,10,Documentação confusa ou ausente na classe Filme.,,
S76,official_sample,redacted,human,basic_functionality,Basic Functionality,9.0,10,Falta de retorno ao usuário em operações bem-sucedidas (ex: remover hot).,,
S76,official_sample,redacted,human,unit_tests,Unit Tests,2.0,10,Testes muito limitados (só adição em FilmNow).,,
S76,official_sample,redacted,human,class_design,Class Design,10.0,10,Critério atendido.,,
S76,official_sample,redacted,human,object_references,Object References,10.0,10,Critério atendido.,,
S76,official_sample,redacted,human,collections_and_arrays,Collections And Arrays,10.0,10,Critério atendido.,,
S76,official_sample,redacted,human,separation_of_concerns,Separation Of Concerns,7.0,10,Prints fora da classe Main.,,
S76,official_sample,redacted,human,readability_and_documentation,Readability And Documentation,5.0,10,Não documentou a classe Filme nem os métodos da hotlist.,,
S77,official_sample,redacted,human,basic_functionality,Basic Functionality,9.0,10,Uso de '==' para comparar Strings ao verificar se nome e local são vazios.,src/filmnow/FilmNow.java,
S77,official_sample,redacted,human,unit_tests,Unit Tests,4.0,10,Não testou a classe Filme nem a Hotlist.,,
S77,official_sample,redacted,human,class_design,Class Design,10.0,10,Critério atendido.,,
S77,official_sample,redacted,human,object_references,Object References,9.0,10,A HotList foi implementada como um array de Strings (nomes dos filmes) em vez de um array de referências para objetos Filme.,src/filmnow/FilmNow.java,
S77,official_sample,redacted,human,collections_and_arrays,Collections And Arrays,9.0,10,Confusão de índices na manipulação da HotList: o código acessa o array 'filmes' usando o índice de destino da HotList em vez do índice de origem do filme.,src/filmnow/FilmNow.java,
S77,official_sample,redacted,human,separation_of_concerns,Separation Of Concerns,8.0,10,Ausência do método toString() na Filme.,,
S77,official_sample,redacted,human,readability_and_documentation,Readability And Documentation,3.0,10,Documentação ruim e incompleta.,,
S78,official_sample,redacted,human,basic_functionality,Basic Functionality,9.0,10,Permite cadastro de filmes duplicados.,,
S78,official_sample,redacted,human,unit_tests,Unit Tests,10.0,10,Critério atendido.,,
S78,official_sample,redacted,human,class_design,Class Design,10.0,10,Critério atendido.,,
S78,official_sample,redacted,human,object_references,Object References,10.0,10,Critério atendido.,,
S78,official_sample,redacted,human,collections_and_arrays,Collections And Arrays,9.0,10,"O método cadastraHot decrementa a posição e depois chama removerHot, que decrementa novamente, resultando em double-decrement.",src/filmnow/FilmNow.java,
S78,official_sample,redacted,human,separation_of_concerns,Separation Of Concerns,9.0,10,Atributo 'posição' na classe Filme.,,
S78,official_sample,redacted,human,readability_and_documentation,Readability And Documentation,10.0,10,Critério atendido.,,
S79,official_sample,redacted,human,basic_functionality,Basic Functionality,8.0,10,Falha na implementação da estrutura da Hotlist e indexação.,,
S79,official_sample,redacted,human,unit_tests,Unit Tests,7.0,10,Faltou testar listagens.,,
S79,official_sample,redacted,human,class_design,Class Design,9.0,10,HashCode/Equals com campos excessivos.,,
S79,official_sample,redacted,human,object_references,Object References,10.0,10,Critério atendido.,,
S79,official_sample,redacted,human,collections_and_arrays,Collections And Arrays,9.0,10,Hotlist não é um array de 10 e erro de indexação (0-based).,,
S79,official_sample,redacted,human,separation_of_concerns,Separation Of Concerns,9.0,10,Variáveis 'posicao' e 'hot' na Filme.,,
S79,official_sample,redacted,human,readability_and_documentation,Readability And Documentation,10.0,10,Critério atendido.,,
S80,official_sample,redacted,human,basic_functionality,Basic Functionality,9.0,10,Tentar adicionar à HotList uma posição do acervo que está vazia (null) causa NullPointerException.,src/filmnow/FilmNow.java,
S80,official_sample,redacted,human,unit_tests,Unit Tests,9.5,10,Faltou testar filme ex-hot.,,
S80,official_sample,redacted,human,class_design,Class Design,10.0,10,Critério atendido.,,
S80,official_sample,redacted,human,object_references,Object References,10.0,10,Critério atendido.,,
S80,official_sample,redacted,human,collections_and_arrays,Collections And Arrays,10.0,10,Critério atendido.,,
S80,official_sample,redacted,human,separation_of_concerns,Separation Of Concerns,9.0,10,Variável 'hot' na Filme.,,
S80,official_sample,redacted,human,readability_and_documentation,Readability And Documentation,10.0,10,Critério atendido.,,
S81,official_sample,redacted,human,basic_functionality,Basic Functionality,8.0,10,Falta de validação de índice na hotlist e NullPointerException ao detalhar posição vazia no acervo.,src/filmnow/FilmNow.java,
S81,official_sample,redacted,human,unit_tests,Unit Tests,4.0,10,"Faltam diversos testes (construtor, getters, sobrescrita, listagem, hotlist).",,
S81,official_sample,redacted,human,class_design,Class Design,10.0,10,Critério atendido.,,
S81,official_sample,redacted,human,object_references,Object References,10.0,10,Critério atendido.,,
S81,official_sample,redacted,human,collections_and_arrays,Collections And Arrays,10.0,10,Critério atendido.,,
S81,official_sample,redacted,human,separation_of_concerns,Separation Of Concerns,9.0,10,Variável 'isHot' na Filme.,,
S81,official_sample,redacted,human,readability_and_documentation,Readability And Documentation,10.0,10,Critério atendido.,,
S82,official_sample,redacted,human,basic_functionality,Basic Functionality,6.0,10,Falta de validação de dados obrigatórios (nome/local vazios).,,
S82,official_sample,redacted,human,unit_tests,Unit Tests,0.0,10,Não implementou testes.,,
S82,official_sample,redacted,human,class_design,Class Design,10.0,10,Critério atendido.,,
S82,official_sample,redacted,human,object_references,Object References,10.0,10,Critério atendido.,,
S82,official_sample,redacted,human,collections_and_arrays,Collections And Arrays,9.0,10,Erro na indexação (1-100).,,
S82,official_sample,redacted,human,separation_of_concerns,Separation Of Concerns,10.0,10,Critério atendido.,,
S82,official_sample,redacted,human,readability_and_documentation,Readability And Documentation,10.0,10,Critério atendido.,,
S83,official_sample,redacted,human,basic_functionality,Basic Functionality,9.0,10,O método adicionaHotList não valida se a posição informada está dentro dos limites (1 a 10).,src/filmnow/FilmNow.java,
S83,official_sample,redacted,human,unit_tests,Unit Tests,7.0,10,Faltou testar hotlist e listagem.,,
S83,official_sample,redacted,human,class_design,Class Design,10.0,10,Critério atendido.,,
S83,official_sample,redacted,human,object_references,Object References,10.0,10,Critério atendido.,,
S83,official_sample,redacted,human,collections_and_arrays,Collections And Arrays,9.0,10,"No método removeHotList, o código usa a posição da HotList para acessar o array principal de filmes.",src/filmnow/FilmNow.java,
S83,official_sample,redacted,human,separation_of_concerns,Separation Of Concerns,9.0,10,Variável 'hot' na Filme.,,
S83,official_sample,redacted,human,readability_and_documentation,Readability And Documentation,10.0,10,Critério atendido.,,
S84,official_sample,redacted,human,basic_functionality,Basic Functionality,9.0,10,Acesso inconsistente a posições na hotlist.,,
S84,official_sample,redacted,human,unit_tests,Unit Tests,7.0,10,Faltou testar hotlist e listagem.,,
S84,official_sample,redacted,human,class_design,Class Design,9.0,10,Erro no hash/equals.,,
S84,official_sample,redacted,human,object_references,Object References,10.0,10,Critério atendido.,,
S84,official_sample,redacted,human,collections_and_arrays,Collections And Arrays,10.0,10,Critério atendido.,,
S84,official_sample,redacted,human,separation_of_concerns,Separation Of Concerns,10.0,10,Critério atendido.,,
S84,official_sample,redacted,human,readability_and_documentation,Readability And Documentation,10.0,10,Critério atendido.,,
S01,official_sample,redacted,llm,basic_functionality,Basic Functionality,5,10,"A submissão implementa parte do fluxo principal: cadastra filmes em posições 1 a 100, substitui filmes em posições ocupadas, lista filmes cadastrados pela interface e possui operações básicas de HotList. Porém há falhas funcionais relevantes em validação, igualdade, detalhamento e HotList, especialmente em casos-limite exigidos pelo enunciado.",src/filmnow/FilmNow.java::cadastraFilme | src/filmnow/MainFilmNow.java::mostrarFilmes | src/filmnow/MainFilmNow.java::comando | src/filmnow/FilmNow.java::cadastraFilmeHotList | src/filmnow/FilmNow.java::removeHotList | src/filmnow/Filme.java::toString | src/filmnow/Filme.java::equals | src/filmnow/FilmNow.java::detalharFilme | src/filmnow/MainFilmNow.java::detalharFilme | src/filmnow/FilmNow.java::getFilme | src/filmnow/MainFilmNow.java::mostrarHotList | src/filmnow/Filme.java::setHot,
S01,official_sample,redacted,llm,unit_tests,Unit Tests,0,10,"Não há arquivos de teste submetidos. Assim, não há evidência de testes JUnit para `Filme` nem para `FilmNow`, apesar de o enunciado exigir testes para as classes com lógica testável.","Pacote submetido: contagem de arquivos de teste = 0 | Árvore de arquivos informada contém apenas `src/filmnow/Filme.java`, `src/filmnow/FilmNow.java`, `src/filmnow/LeitorFilmNow.java` e `src/filmnow/MainFilmNow.java`",
S01,official_sample,redacted,llm,class_design,Class Design,8,10,"A solução demonstra a modelagem central esperada: existe uma classe `Filme`, uma classe `FilmNow` que compõe arrays de `Filme`, e uma classe de interface com `main` modularizado. As perdas vêm de inconsistências de modelagem em `Filme` e de atributos/métodos em `FilmNow` que não representam bem a responsabilidade do sistema.",src/filmnow/Filme.java | src/filmnow/FilmNow.java::filmes | src/filmnow/FilmNow.java::hotList | src/filmnow/FilmNow.java::FilmNow | src/filmnow/MainFilmNow.java::main | src/filmnow/MainFilmNow.java::comando | src/filmnow/Filme.java::equals | src/filmnow/Filme.java::hashCode | src/filmnow/Filme.java::setEhHot | src/filmnow/FilmNow.java::posicao | src/filmnow/FilmNow.java::nome | src/filmnow/FilmNow.java::ano | src/filmnow/FilmNow.java::local | src/filmnow/FilmNow.java::detalharFilme | src/filmnow/FilmNow.java::equals | src/filmnow/FilmNow.java::setFilmes | src/filmnow/FilmNow.java::setHotList,
S01,official_sample,redacted,llm,object_references,Object References and Composition,8.5,10,"A solução usa objetos de forma adequada no núcleo: `FilmNow` cria e armazena objetos `Filme`, e o uso de `static` fica essencialmente concentrado no `main`, métodos auxiliares da interface e constantes. Há, porém, fragilidades de encapsulamento e de manutenção das referências da HotList.",src/filmnow/FilmNow.java::private Filme[] filmes | src/filmnow/FilmNow.java::private Filme[] hotList | src/filmnow/FilmNow.java::cadastraFilme | src/filmnow/FilmNow.java::cadastraFilmeHotList | src/filmnow/MainFilmNow.java::main | src/filmnow/FilmNow.java::getHotList | src/filmnow/FilmNow.java::setFilmes | src/filmnow/FilmNow.java::setHotList | src/filmnow/FilmNow.java::removeHotList | src/filmnow/Filme.java::setHot,
S01,official_sample,redacted,llm,collections_and_arrays,Collections and Arrays,8.5,10,"As estruturas de dados principais foram escolhidas de forma compatível com o enunciado: um array de 100 filmes e uma HotList de 10 posições. A implementação usa conversão de posição 1-based para índice 0-based em várias operações. As perdas são por acessos públicos inseguros e por permitir substituição externa das estruturas, o que pode quebrar as restrições de tamanho.",src/filmnow/FilmNow.java::TAMANHO | src/filmnow/FilmNow.java::TAMANHOHOTLIST | src/filmnow/FilmNow.java::FilmNow | src/filmnow/FilmNow.java::cadastraFilme | src/filmnow/FilmNow.java::cadastraFilmeHotList | src/filmnow/MainFilmNow.java::mostrarFilmes | src/filmnow/FilmNow.java::getFilme | src/filmnow/MainFilmNow.java::detalharFilme | src/filmnow/FilmNow.java::setFilmes | src/filmnow/FilmNow.java::setHotList,
S01,official_sample,redacted,llm,separation_of_concerns,Separation of Concerns,6.5,10,"Há uma separação inicial clara entre interface, gerenciador e entidade: `MainFilmNow` lê e imprime, `FilmNow` armazena filmes e `Filme` representa os dados. Porém a interface acessa estruturas e dados diretamente, `FilmNow` não oferece métodos coesos para listagem e detalhamento, e parte da formatação do domínio fica espalhada.",src/filmnow/MainFilmNow.java | src/filmnow/FilmNow.java::cadastraFilme | src/filmnow/FilmNow.java::cadastraFilmeHotList | src/filmnow/FilmNow.java::removeHotList | src/filmnow/Filme.java::toString | src/filmnow/LeitorFilmNow.java | src/filmnow/MainFilmNow.java::mostrarFilmes | src/filmnow/MainFilmNow.java::detalharFilme | src/filmnow/MainFilmNow.java::mostrarHotList | src/filmnow/FilmNow.java::getFilmes | src/filmnow/FilmNow.java::getHotList | src/filmnow/FilmNow.java::detalharFilme | src/filmnow/MainFilmNow.java::formataFilme,
S01,official_sample,redacted,llm,readability_and_documentation,Readability and Documentation,7,10,"O código é em geral legível, usa nomes majoritariamente compreensíveis e contém Javadoc em várias classes e métodos. Entretanto há documentação imprecisa, um trecho claramente descuidado, métodos e atributos desnecessários e nomes que podem confundir o leitor.",src/filmnow/Filme.java | src/filmnow/FilmNow.java | src/filmnow/MainFilmNow.java | src/filmnow/LeitorFilmNow.java | src/filmnow/MainFilmNow.java::formataFilme | src/filmnow/Filme.java::getLocal | src/filmnow/Filme.java::Filme | src/filmnow/FilmNow.java::detalharFilme | src/filmnow/FilmNow.java::posicao | src/filmnow/FilmNow.java::nome | src/filmnow/FilmNow.java::ano | src/filmnow/FilmNow.java::local | src/filmnow/FilmNow.java::getPosicao | src/filmnow/FilmNow.java::setPosicao | src/filmnow/FilmNow.java::equals | src/filmnow/FilmNow.java::hashCode | src/filmnow/Filme.java::setEhHot | src/filmnow/LeitorFilmNow.java::carregaContatos,
S02,official_sample,redacted,llm,basic_functionality,Basic Functionality,8.5,10,"A maior parte do fluxo funcional foi implementada: cadastro com validações principais, detalhamento, listagem pela interface e operações de HotList. As perdas vêm de falhas localizadas, principalmente no retorno de posição vazia em detalhamento, na ausência de uma operação clara de listagem em FilmNow e em uma verificação de duplicidade baseada em strings formatadas que falha em caso com ano vazio.","src/filmnow/FilmNow.java: cadastraFilme(int, String, String, String) | src/filmnow/FilmNow.java: detalhaFilme(int) | src/filmnow/FilmNow.java: atribuirHot(int, int), removerHot(int), exibirHot() | src/filmnow/MainFilmNow.java: comando(String, FilmNow, Scanner), mostrarFilmes(FilmNow) | src/filmnow/MainFilmNow.java: detalharFilme(FilmNow, Scanner) | src/filmnow/MainFilmNow.java: mostrarFilmes(FilmNow) | src/filmnow/FilmNow.java: ausência de método público específico para listar todos os filmes | src/filmnow/Filme.java: confereExistencia(FilmNow, String, String) | src/filmnow/Filme.java: getNomeAno()",
S02,official_sample,redacted,llm,unit_tests,Unit Tests,8,10,"Há uma suíte ampla para Filme e FilmNow, cobrindo cadastro, limites, duplicidade, detalhamento e HotList. A nota não é máxima porque faltam alguns casos relevantes de listagem/sobrescrita e porque há testes extras com fail explícito, que quebrariam a execução completa da suíte se fossem incluídos.",filmnow/filmnow/FilmeTest.java | filmnow/filmnow/FilmNowTest.java | filmnow/filmnow/LeitorFilmNowTest.java | filmnow/filmnow/MainFilmNowTest.java | filmnow/filmnow/FilmNowTest.java: testCadastraFilmeEmPosicaoOcupada() | filmnow/filmnow/FilmNowTest.java: ausência de teste de mostrar todos | filmnow/filmnow/FilmeTest.java: ausência de caso com ano vazio | filmnow/filmnow/LeitorFilmNowTest.java: test() | filmnow/filmnow/MainFilmNowTest.java: test(),
S02,official_sample,redacted,llm,class_design,Class Design,7,10,"A classe Filme foi criada com atributos, métodos de exibição e equals/hashCode, e há uma classe FilmNow e uma Main modularizada. A principal perda é que FilmNow não é modelada como composição real com Filme: os filmes são armazenados como String, e o objeto Filme é criado apenas temporariamente no cadastro.","src/filmnow/Filme.java | src/filmnow/FilmNow.java | src/filmnow/MainFilmNow.java | src/filmnow/FilmNow.java: atributo filmes | src/filmnow/FilmNow.java: atributo hotlist | src/filmnow/FilmNow.java: cadastraFilme(int, String, String, String)",
S02,official_sample,redacted,llm,object_references,Object References and Composition,5.5,10,"O código cria objetos FilmNow e Filme, mas não mantém referências de Filme dentro do sistema, o que compromete a composição. Além disso, há uso de métodos estáticos em Filme para regras que dependem de FilmNow, aumentando o acoplamento e fugindo do uso esperado de referências de objetos.","src/filmnow/MainFilmNow.java: main(String[]) | src/filmnow/FilmNow.java: cadastraFilme(int, String, String, String) | src/filmnow/Filme.java: equals(Object) | src/filmnow/Filme.java: confereExistencia(FilmNow, String, String) | src/filmnow/FilmNow.java: private String[] filmes | src/filmnow/FilmNow.java: private String[] hotlist | src/filmnow/FilmNow.java: filmes[posicao - 1] = filme.toString() | src/filmnow/Filme.java: entradasValidasNome(String) | src/filmnow/Filme.java: entradasValidasLocal(String)",
S02,official_sample,redacted,llm,collections_and_arrays,Collections and Arrays,10,10,"As estruturas de armazenamento respeitam os limites exigidos: 100 posições para filmes e 10 para HotList, com conversão correta entre posições de usuário começando em 1 e índices de array começando em 0. Não há penalização aqui pelo tipo armazenado, pois a questão de composição já foi avaliada nos critérios de design e referências.","src/filmnow/FilmNow.java: TAMANHO | src/filmnow/FilmNow.java: construtor FilmNow() | src/filmnow/FilmNow.java: cadastraFilme(int, String, String, String) | src/filmnow/FilmNow.java: atribuirHot(int, int) | src/filmnow/FilmNow.java: getFilmes(), getHotList()",
S02,official_sample,redacted,llm,separation_of_concerns,Separation of Concerns,7,10,"Há separação razoável entre interface e sistema: MainFilmNow faz entrada/saída e FilmNow concentra a maior parte das regras. Porém, a listagem é montada no Main por parsing de strings, e Filme contém uma verificação estática de existência que depende de FilmNow, misturando responsabilidades.","src/filmnow/MainFilmNow.java | src/filmnow/FilmNow.java | src/filmnow/Filme.java | src/filmnow/MainFilmNow.java: mostrarFilmes(FilmNow) | src/filmnow/Filme.java: confereExistencia(FilmNow, String, String) | src/filmnow/FilmNow.java: cadastraFilme(int, String, String, String)",
S02,official_sample,redacted,llm,readability_and_documentation,Readability and Documentation,8,10,"O código é geralmente legível, com nomes compreensíveis e Javadocs em quase todos os métodos públicos. A perda decorre de inconsistências e duplicações na API de Filme e do uso frequente de strings formatadas e split, que tornam o código mais frágil e menos claro do que uma solução com objetos Filme armazenados.",src/filmnow/Filme.java | src/filmnow/FilmNow.java | src/filmnow/MainFilmNow.java | src/filmnow/LeitorFilmNow.java | src/filmnow/Filme.java: nomeAno() | src/filmnow/Filme.java: getNomeAno() | src/filmnow/FilmNow.java: atributo filmes e métodos exibirHot()/detalhaFilme(int) | src/filmnow/MainFilmNow.java: mostrarFilmes(FilmNow),
S03,official_sample,redacted,llm,basic_functionality,Basic Functionality,5,10,"A funcionalidade de cadastro está em grande parte implementada, com validação de posição, nome/local vazios, duplicidade por nome/ano e substituição de posição. Porém, a recuperação por posição é inconsistente, o que quebra detalhamento e afeta HotList; a listagem imprime posições baseadas em zero; e a HotList está apenas parcialmente funcional, especialmente por não remover efetivamente filmes.",src/filmnow/FilmNow.java::cadastraFilme | src/filmnow/FilmNow.java::getFilme | src/filmnow/FilmNow.java::exibirDetalhes | src/filmnow/MainFilmNow.java::mostrarFilmes | src/filmnow/MainFilmNow.java::atribuirHot | src/filmnow/MainFilmNow.java::removerHot | src/filmnow/Filme.java::detalhes | src/filmnow/FilmNow.java::setFilmeHot | src/filmnow/FilmNow.java::removeFilmeHot | src/filmnow/FilmNow.java::temPosicaoNaHotList | src/filmnow/MainFilmNow.java::formataFilme | src/filmnow/MainFilmNow.java::adicionaFilme,
S03,official_sample,redacted,llm,unit_tests,Unit Tests,4,10,"Há uma tentativa real de testar `Filme` e `FilmNow`, principalmente os casos de cadastro, incluindo limites e duplicidade. Entretanto, a suíte contém um teste explicitamente não implementado, vários testes de detalhamento/HotList são incoerentes ou sem preparação adequada, e faltam grupos relevantes de testes para `Filme`, listagem e HotList.",testes/filmnow/FilmeTest.java | testes/filmnow/FilmNowTest.java | testes/filmnow/MainTestFilmNowTest.java | testes/filmnow/MainTestFilmNowTest.java::test | testes/filmnow/FilmNowTest.java::testDetalharFilmeHotList | testes/filmnow/FilmNowTest.java::testDetalharFilmeSemFilme | testes/filmnow/FilmNowTest.java::testDetalharFilmePosicaoAbaixoLimite | testes/filmnow/FilmNowTest.java::testDetalharFilmePosicaoAcimaLimite,
S03,official_sample,redacted,llm,class_design,Class Design,8,10,"A solução cria a classe `Filme`, mantém `FilmNow` como gerenciador com composição por arrays de `Filme` e possui uma classe de interface com `main` modularizada. A modelagem central está presente, mas há inconsistências na API de posições, no tratamento de ano ausente e na distribuição de operações de HotList/listagem.",src/filmnow/Filme.java | src/filmnow/FilmNow.java | src/filmnow/MainFilmNow.java | src/filmnow/Filme.java::posicao | src/filmnow/Filme.java::detalhes | src/filmnow/Filme.java::detalharFilme | src/filmnow/FilmNow.java::getFilme | src/filmnow/FilmNow.java::setFilmeHot | src/filmnow/MainFilmNow.java::mostrarFilmes | src/filmnow/MainFilmNow.java::atribuirHot,
S03,official_sample,redacted,llm,object_references,Object References and Composition,9,10,"A solução demonstra entendimento de composição: `FilmNow` armazena referências para objetos `Filme`, cria objetos ao cadastrar e usa `equals` para comparar referências por valor lógico. A principal perda vem da inconsistência de acesso por posição, que faz referências armazenadas não serem recuperadas pela mesma posição pública.",src/filmnow/FilmNow.java::filmes | src/filmnow/FilmNow.java::filmesHot | src/filmnow/FilmNow.java::cadastraFilme | src/filmnow/Filme.java::equals | src/filmnow/MainFilmNow.java::main | src/filmnow/FilmNow.java::getFilme | src/filmnow/MainFilmNow.java::atribuirHot,
S03,official_sample,redacted,llm,collections_and_arrays,Collections and Arrays,8,10,"A solução usa arrays de tamanho fixo para respeitar os limites de 100 filmes e 10 itens na HotList. A estrutura escolhida é adequada, mas o uso dos índices é inconsistente, especialmente entre posições públicas e índices internos, prejudicando acesso e exibição.",src/filmnow/FilmNow.java::TAMANHO | src/filmnow/FilmNow.java::TAMANHO_HOTLIST | src/filmnow/FilmNow.java::filmes | src/filmnow/FilmNow.java::filmesHot | src/filmnow/FilmNow.java::getFilmes | src/filmnow/FilmNow.java::getFilmesHot | src/filmnow/FilmNow.java::cadastraFilme | src/filmnow/FilmNow.java::getFilme | src/filmnow/FilmNow.java::setFilmeHot | src/filmnow/FilmNow.java::temPosicaoNaHotList | src/filmnow/MainFilmNow.java::formataFilme | src/filmnow/MainFilmNow.java::formataFilmeHot,
S03,official_sample,redacted,llm,separation_of_concerns,Separation of Concerns,7,10,"Há separação básica: o `Main` concentra entrada/saída, `FilmNow` cadastra e armazena filmes, e `Filme` define representações textuais e igualdade. Contudo, parte importante das regras de listagem e HotList fica na interface, e o domínio é exposto por getters/setters que exigem manipulação externa.",src/filmnow/MainFilmNow.java | src/filmnow/FilmNow.java | src/filmnow/Filme.java | src/filmnow/LeitorFilmNow.java | src/filmnow/MainFilmNow.java::mostrarFilmes | src/filmnow/MainFilmNow.java::exibirHotList | src/filmnow/MainFilmNow.java::atribuirHot | src/filmnow/MainFilmNow.java::removerHot | src/filmnow/FilmNow.java::setFilmeHot,
S03,official_sample,redacted,llm,readability_and_documentation,Readability and Documentation,7,10,"O código é, em geral, legível e possui Javadocs em várias classes e métodos públicos. Porém, a documentação é frequentemente superficial, algumas decisões de nomes e convenções dificultam entender o fluxo, e há sinais de código inacabado ou não usado.",src/filmnow/Filme.java | src/filmnow/FilmNow.java | src/filmnow/MainFilmNow.java | src/filmnow/Filme.java::getNome | src/filmnow/Filme.java::detalharFilme | src/filmnow/Filme.java::detalhes | src/filmnow/FilmNow.java::getFilme | src/filmnow/FilmNow.java::exibirDetalhes | src/filmnow/Filme.java::plataforma | src/filmnow/Filme.java::posicao | src/filmnow/MainFilmNow.java::removerHot | src/filmnow/FilmNow.java::removeFilmeHot,
S04,official_sample,redacted,llm,basic_functionality,Basic Functionality,8,10,"A implementação cobre quase todo o fluxo principal: cadastra filmes em posições 1 a 100, substitui filmes, impede duplicatas por nome e ano, lista posições preenchidas, detalha filmes e implementa a HotList com adição, exibição, remoção e marcação 🔥. As perdas vêm de uma validação obrigatória ausente no cadastro, de saídas de detalhamento com texto extra em relação ao contrato e de tratamento incompleto de mensagens na remoção da HotList.",src/filmnow/FilmNow.java::cadastraFilme | src/filmnow/FilmNow.java::mostrarFilmes | src/filmnow/FilmNow.java::detalharFilme | src/filmnow/FilmNow.java::atribuirHot | src/filmnow/FilmNow.java::removerHot | src/filmnow/HotList.java::addFilme | src/filmnow/HotList.java::rmvFilme | src/filmnow/HotList.java::exibir | src/filmnow/Filme.java::equals | src/filmnow/Filme.java::toString | teste/lab3FilmNow/FilmNowTeste.java::testCadastrarFilmeLocalVazio | teste/lab3FilmNow/FilmNowTeste.java::testDetalharFilmes | src/filmnow/MainFilmNow.java::removerHot,
S04,official_sample,redacted,llm,unit_tests,Unit Tests,8.5,10,"Há uma suíte ampla de testes JUnit para `Filme`, `FilmNow` e `HotList`, cobrindo cadastro, limites, duplicidade, listagem, detalhamento, equals, hashCode e HotList. A principal perda é que um caso obrigatório foi testado com a expectativa contrária à especificação, além de algumas lacunas em cenários de borda da própria classe `Filme` e de substituição direta na `HotList`.",teste/lab3FilmNow/FilmeTest.java | teste/lab3FilmNow/FilmNowTeste.java | teste/lab3FilmNow/HotListTest.java | teste/lab3FilmNow/FilmNowTeste.java::testCadastrarFilmeLocalVazio | teste/lab3FilmNow/FilmeTest.java::testToString | teste/lab3FilmNow/FilmNowTeste.java::testDetalharFilmesSemAno | teste/lab3FilmNow/FilmNowTeste.java::testDetalharFilmesSemLocal | src/filmnow/HotList.java::addFilme,
S04,official_sample,redacted,llm,class_design,Class Design,10,10,"A modelagem atende ao núcleo do laboratório: há uma classe `Filme` com estado e igualdade próprios, uma classe `FilmNow` que compõe filmes e gerencia o sistema, uma classe adicional `HotList` coerente com a funcionalidade hot e uma interface `MainFilmNow` separada e modularizada em métodos estáticos auxiliares.",src/filmnow/Filme.java | src/filmnow/FilmNow.java | src/filmnow/HotList.java | src/filmnow/MainFilmNow.java::main | src/filmnow/MainFilmNow.java::comando,
S04,official_sample,redacted,llm,object_references,Object References and Composition,9.5,10,"O código demonstra uso adequado de referências: `FilmNow` armazena objetos `Filme`, cria novos filmes no cadastro e delega a HotList para gerenciar marcações hot. O uso de estático está essencialmente restrito ao `main`, métodos auxiliares da interface e constantes. Há apenas um pequeno problema de estilo em uma constante mutável declarada como `static` sem `final`.",src/filmnow/FilmNow.java::filmes | src/filmnow/FilmNow.java::ht | src/filmnow/FilmNow.java::cadastraFilme | src/filmnow/FilmNow.java::atribuirHot | src/filmnow/Filme.java::equals | src/filmnow/MainFilmNow.java | src/filmnow/HotList.java::TAMANHO,
S04,official_sample,redacted,llm,collections_and_arrays,Collections and Arrays,9,10,"As estruturas principais respeitam os limites do enunciado: 100 posições para filmes e 10 para HotList, com conversão correta de posição de usuário para índice interno. A perda ocorre por uma inconsistência localizada na classe `HotList` quando usada diretamente para adicionar sobre uma posição já ocupada.",src/filmnow/FilmNow.java::TAMANHO | src/filmnow/FilmNow.java::filmes | src/filmnow/FilmNow.java::verificaPosicao | src/filmnow/FilmNow.java::mostrarFilmes | src/filmnow/HotList.java::TAMANHO | src/filmnow/HotList.java::lista | src/filmnow/HotList.java::verificaPosicao | src/filmnow/HotList.java::exibir | src/filmnow/HotList.java::addFilme | src/filmnow/HotList.java::qtdFilmes | src/filmnow/FilmNow.java::atribuirHot,
S04,official_sample,redacted,llm,separation_of_concerns,Separation of Concerns,9,10,"A solução separa bem a interface textual da lógica do sistema: o `Main` lê e imprime, `FilmNow` gerencia cadastro, listagem, detalhamento e HotList, e `Filme` concentra estado, igualdade e representação detalhada. A principal perda é que a representação de listagem ainda é montada diretamente em `FilmNow`, em vez de ser responsabilidade clara de `Filme`.",src/filmnow/MainFilmNow.java::comando | src/filmnow/MainFilmNow.java::adicionaFilme | src/filmnow/MainFilmNow.java::mostrarFilmes | src/filmnow/FilmNow.java::cadastraFilme | src/filmnow/FilmNow.java::mostrarFilmes | src/filmnow/FilmNow.java::detalharFilme | src/filmnow/Filme.java::toString | src/filmnow/Filme.java::equals | src/filmnow/Filme.java::getNome,
S04,official_sample,redacted,llm,readability_and_documentation,Readability and Documentation,7,10,"O código é compreensível, usa nomes em geral adequados ao domínio e tem comentários explicativos em várias partes. A documentação, porém, é irregular: muitos métodos públicos usam comentários comuns em vez de Javadoc, há métodos públicos sem documentação, alguns comentários são superficiais ou com erros de escrita, e há pequenos sinais de organização incompleta.",src/filmnow/Filme.java | src/filmnow/FilmNow.java | src/filmnow/HotList.java | src/filmnow/MainFilmNow.java | src/filmnow/Filme.java::Filme | src/filmnow/Filme.java::getNome | src/filmnow/Filme.java::setHot | src/filmnow/HotList.java::HotList | src/filmnow/HotList.java::addFilme | src/filmnow/HotList.java::rmvFilme | src/filmnow/HotList.java::exibir | src/filmnow/MainFilmNow.java::comentário 'Formata um filme para impressão' | src/filmnow/FilmNow.java::ht | src/filmnow/FilmNow.java::numeroFilmes | src/filmnow/Filme.java::comentários de atributos | src/filmnow/HotList.java::comentários de métodos,
S05,official_sample,redacted,llm,basic_functionality,Basic Functionality,7,10,"A submissão implementa o fluxo principal com cadastro, listagem, detalhamento e HotList, mas há falhas funcionais relevantes em duplicidade de filmes, detalhamento de posições vazias/ano vazio e várias validações da HotList.","src/filmnow/FilmNow.java: cadastraFilme(int,String,String,String) | src/filmnow/FilmNow.java: exibirFilmes(FilmNow) | src/filmnow/FilmNow.java: detalharFilme(int) | src/filmnow/FilmNow.java: adicionaHotList(int,int), removeHotList(int), exibirHotFilmes(FilmNow) | src/filmnow/Filme.java: detalha(), equals(Object), toString() | src/filmnow/Filme.java: equals(Object) | src/filmnow/FilmNow.java: temFilme(Filme) | src/filmnow/Filme.java: detalha() | src/filmnow/FilmNow.java: adicionaHotList(int,int) | src/filmnow/FilmNow.java: removeHotList(int) | src/filmnow/FilmNow.java: exibirHotFilmes(FilmNow) | src/filmnow/Filme.java: toString()",
S05,official_sample,redacted,llm,unit_tests,Unit Tests,6,10,"Há uma quantidade razoável de testes para Filme e FilmNow, cobrindo alguns fluxos válidos, inválidos e HotList. Porém, a suíte deixa de testar vários casos-limite exigidos e alguns testes codificam comportamentos contrários à especificação.","src Testes/lab3FilmNow/FilmeTest.java | src Testes/lab3FilmNow/FilmeNowTest.java | src Testes/lab3FilmNow/FilmeTest.java: testEqualsNome, testEqualsAno, testDetalhaAnoVazio | src/filmnow/Filme.java: equals(Object), detalha() | src Testes/lab3FilmNow/FilmeNowTest.java: testCadastraFilme, testCadastraFilmePosInvalida, testCadastraFilmeInvalido, testDetalhaInvalidoMenor, testDetalhaInvalidoMaior, testExibirFilmesNull | src Testes/lab3FilmNow/FilmeNowTest.java: testAdicionaFilmeHot, testAdicionaFilmeHotPosInvalida, testMostrarHotListUmFilme, testExibirFilmesHotMaisDeUm",
S05,official_sample,redacted,llm,class_design,Class Design,8.5,10,"O desenho principal está presente: há classe Filme, classe FilmNow com composição de filmes e classe MainFilmNow modularizada. As perdas vêm de imperfeições de modelagem/API e de uma implementação incompleta de comportamentos centrais de Filme.","src/filmnow/Filme.java | src/filmnow/FilmNow.java: atributos filmes e hotFilmes, construtor | src/filmnow/MainFilmNow.java: main, menu, comando e métodos auxiliares | src/filmnow/LeitorFilmNow.java: processaLinhaCsvFilmes(String[], FilmNow) | src/filmnow/Filme.java: equals(Object), hashCode() | src/filmnow/FilmNow.java: exibirFilmes(FilmNow) | src/filmnow/FilmNow.java: exibirHotFilmes(FilmNow)",
S05,official_sample,redacted,llm,object_references,Object References and Composition,9,10,A submissão usa objetos e composição de forma adequada no essencial: FilmNow armazena referências para Filme e a HotList referencia os mesmos objetos. A principal falha conceitual de referência é a comparação de String por identidade no método equals.,"src/filmnow/FilmNow.java: private static final int TAMANHO, TAMANHO_HOT | src/filmnow/FilmNow.java: private Filme[] filmes, hotFilmes | src/filmnow/FilmNow.java: cadastraFilme(int,String,String,String), adicionaHotList(int,int) | src/filmnow/MainFilmNow.java: main(String[]) | src/filmnow/Filme.java: equals(Object)",
S05,official_sample,redacted,llm,collections_and_arrays,Collections and Arrays,8,10,Os arrays principais respeitam os tamanhos exigidos e a lista de filmes usa corretamente a conversão de posição 1-based para índice 0-based na maior parte do sistema. A perda principal está na validação incorreta de índices da HotList e na possibilidade de exceções por acesso fora dos limites.,"src/filmnow/FilmNow.java: atributos filmes e hotFilmes | src/filmnow/FilmNow.java: construtor FilmNow() | src/filmnow/FilmNow.java: cadastraFilme(int,String,String,String) | src/filmnow/FilmNow.java: formataToString(Filme[]), exibirFilmes(FilmNow), exibirHotFilmes(FilmNow) | src/filmnow/FilmNow.java: adicionaHotList(int,int) | src/filmnow/FilmNow.java: removeHotList(int)",
S05,official_sample,redacted,llm,separation_of_concerns,Separation of Concerns,9,10,"As responsabilidades estão majoritariamente bem separadas: MainFilmNow cuida da interação com usuário, FilmNow gerencia o sistema e Filme define representações textuais do filme. Há apenas alguma perda por APIs menos coesas em FilmNow.","src/filmnow/MainFilmNow.java: menu(Scanner), comando(String,FilmNow,Scanner), adicionaFilme, detalharFilme, atribuirHot | src/filmnow/FilmNow.java: cadastraFilme, detalharFilme, exibirFilmes, adicionaHotList, removeHotList | src/filmnow/Filme.java: toString(), detalha(), equals(Object) | src/filmnow/LeitorFilmNow.java: processaLinhaCsvFilmes(String[], FilmNow) | src/filmnow/FilmNow.java: exibirFilmes(FilmNow) | src/filmnow/FilmNow.java: exibirHotFilmes(FilmNow)",
S05,official_sample,redacted,llm,readability_and_documentation,Readability and Documentation,7,10,"O código é compreensível e possui Javadocs em praticamente todas as classes e métodos públicos/relevantes. Ainda assim, há documentação imprecisa, comentários herdados ou incoerentes e alguns nomes/assinaturas que dificultam a leitura.","src/filmnow/Filme.java | src/filmnow/FilmNow.java | src/filmnow/MainFilmNow.java | src/filmnow/LeitorFilmNow.java | src/filmnow/Filme.java: setHot(boolean), hashCode(), equals(Object) | src/filmnow/FilmNow.java: formataToString(Filme[]), cadastraFilme(int,String,String,String), detalharFilme(int), exibirFilmes(FilmNow) | src/filmnow/LeitorFilmNow.java: carregaContatos(String, FilmNow) | src/filmnow/FilmNow.java: comentários de exibirFilmes(FilmNow) | src/filmnow/MainFilmNow.java: Javadocs de detalharFilme e adicionaFilme | src/filmnow/FilmNow.java: exibirFilmes(FilmNow), exibirHotFilmes(FilmNow), adicionaHotList(int,int)",
S06,official_sample,redacted,llm,basic_functionality,Basic Functionality,8.5,10,"A solução implementa de forma majoritariamente correta o fluxo obrigatório: cadastro com posições de 1 a 100, sobrescrita, prevenção de duplicidade por nome e ano, listagem, detalhamento e operações principais da HotList. As perdas são localizadas em casos de fluxo da interface e em uma situação de HotList com posição válida porém sem filme cadastrado.",src/filmnow/FilmNow.java::cadastraFilme | src/filmnow/FilmNow.java::mostraFilmes | src/filmnow/FilmNow.java::detalharFilme | src/filmnow/FilmNow.java::addFilmeHot | src/filmnow/FilmNow.java::removerFilmeHot | src/filmnow/Filme.java::equals | src/filmnow/Filme.java::toString | src/filmnow/MainFilmNow.java::detalharFilme,
S06,official_sample,redacted,llm,unit_tests,Unit Tests,8,10,"Há uma suíte JUnit real e relativamente ampla para Filme e FilmNow, com asserts relevantes para cadastro, duplicidade, limites, detalhamento, listagem e parte da HotList. A cobertura, porém, ainda deixa de exercitar alguns cenários importantes da HotList e alguns valores alternativos do enunciado.",teste/filmnow/FilmeTest.java | teste/filmnow/FilmNowTest.java | teste/filmnow/FilmNowTest.java::testMostraFilmesHotUmFilme | teste/filmnow/FilmNowTest.java::testMostraFilmesHotMultiplosFilmes | teste/filmnow/FilmNowTest.java::testRemoveFilmeHot | teste/filmnow/FilmNowTest.java::test9_anoVazio | teste/filmnow/FilmNowTest.java::test3_filmeRepetidoEmOutraPosicao,
S06,official_sample,redacted,llm,class_design,Class Design,9,10,"A modelagem central está bem presente: Filme representa os dados e a identidade do filme, FilmNow gerencia o acervo e a HotList, e há separação de classes para interface e leitura. A principal perda é uma escolha de modelagem menos limpa no controle interno da posição hot.",src/filmnow/Filme.java | src/filmnow/FilmNow.java | src/filmnow/MainFilmNow.java | src/filmnow/LeitorFilmNow.java | src/filmnow/FilmNow.java::hotPosicao | src/filmnow/FilmNow.java::verificaFilmeHot | src/filmnow/FilmNow.java::cadastraFilme,
S06,official_sample,redacted,llm,object_references,Object References and Composition,9,10,A composição principal foi aprendida: FilmNow armazena referências a objetos Filme e a HotList reutiliza referências dos filmes cadastrados. Há apenas uma fragilidade localizada no tratamento de referência nula ao adicionar à HotList.,src/filmnow/FilmNow.java::filmes | src/filmnow/FilmNow.java::hotList | src/filmnow/FilmNow.java::cadastraFilme | src/filmnow/FilmNow.java::addFilmeHot | src/filmnow/FilmNow.java::verificaFilmeHot | src/filmnow/Filme.java::equals | src/filmnow/FilmNow.java::getFilme,
S06,official_sample,redacted,llm,collections_and_arrays,Collections and Arrays,9,10,"Os arrays cumprem bem o papel obrigatório: 100 posições para o acervo, 10 para a HotList, conversão consistente de posições de usuário para índices internos na maior parte das operações e iteração correta para listar. A perda é localizada na manutenção do estado da HotList quando a origem não contém filme.",src/filmnow/FilmNow.java::TAMANHO | src/filmnow/FilmNow.java::FilmNow | src/filmnow/FilmNow.java::mostraFilmes | src/filmnow/FilmNow.java::mostraFilmesHot | src/filmnow/FilmNow.java::cadastraFilme | src/filmnow/FilmNow.java::addFilmeHot,
S06,official_sample,redacted,llm,separation_of_concerns,Separation of Concerns,8.5,10,"A solução separa razoavelmente interface, leitura de arquivo, entidade Filme e gerenciador FilmNow. A principal quebra de responsabilidade é localizada no detalhamento da Main, que interpreta retorno de domínio e altera a semântica da resposta.",src/filmnow/MainFilmNow.java | src/filmnow/FilmNow.java | src/filmnow/LeitorFilmNow.java | src/filmnow/Filme.java | src/filmnow/MainFilmNow.java::detalharFilme | src/filmnow/FilmNow.java::detalharFilme,
S06,official_sample,redacted,llm,readability_and_documentation,Readability and Documentation,8.5,10,"O código é em geral legível, com nomes compreensíveis e boa documentação em FilmNow, MainFilmNow e LeitorFilmNow. Há pequenos problemas de estilo, consistência e manutenção que não impedem o entendimento.",src/filmnow/FilmNow.java | src/filmnow/MainFilmNow.java | src/filmnow/LeitorFilmNow.java | src/filmnow/Filme.java | src/filmnow/Filme.java::Filme | src/filmnow/FilmNow.java::addFilmeHot | src/filmnow/LeitorFilmNow.java::carregaContatos,
S07,official_sample,redacted,llm,basic_functionality,Basic Functionality,9,10,"A implementação cobre bem as funcionalidades principais de adicionar, mostrar e detalhar filmes, incluindo validações de posição, nome/local vazios, duplicidade por nome e ano, ano vazio e marcação hot no detalhamento. A HotList funciona nos fluxos básicos de adicionar, exibir e remover, mas apresenta falhas relevantes em casos de substituição e posições inválidas.",src/filmnow/FilmNow.java::cadastraFilme | src/filmnow/FilmNow.java::getFilmes | src/filmnow/FilmNow.java::getFilme | src/filmnow/FilmNow.java::adicionaHot | src/filmnow/FilmNow.java::mostrarHotList | src/filmnow/FilmNow.java::removerDaHotList | src/filmnow/MainFilmNow.java::comando,
S07,official_sample,redacted,llm,unit_tests,Unit Tests,8,10,"Há uma suíte ampla de testes JUnit para Filme e FilmNow, cobrindo muitos casos especificados de cadastro, detalhamento e HotList. A cobertura, porém, não inclui diretamente a listagem de todos os filmes, alguns acessores/construtor de Filme e casos importantes de borda da HotList.",testes/lab3FilmNow/FilmeTest.java | testes/lab3FilmNow/FilmNowTest.java::cadastraFilmePosicaoVazia | testes/lab3FilmNow/FilmNowTest.java::cadastraFilmeJaAdicionado | testes/lab3FilmNow/FilmNowTest.java::detalhaFilmeComHot | testes/lab3FilmNow/FilmNowTest.java::exibirHotListComFilmes | src/filmnow/Filme.java::getNome | src/filmnow/Filme.java::getAno | src/filmnow/Filme.java::getLocal | src/filmnow/Filme.java::getTemHot | testes/lab3FilmNow/FilmNowTest.java | src/filmnow/FilmNow.java::getFilmes | testes/lab3FilmNow/FilmNowTest.java::atribuirAHotListDadosValidos | testes/lab3FilmNow/FilmNowTest.java::detalhaFilmeComHotRemovidoPeloUsuario | src/filmnow/FilmNow.java::adicionaHot | src/filmnow/FilmNow.java::removerDaHotList,
S07,official_sample,redacted,llm,class_design,Class Design,9.5,10,"A solução cria uma classe Filme com dados e comportamentos próprios, mantém FilmNow como gerenciador com composição sobre filmes e preserva uma classe de interface modularizada. O principal problema de modelagem é localizado no contrato Java entre equals e hashCode.",src/filmnow/Filme.java | src/filmnow/FilmNow.java::filmes | src/filmnow/FilmNow.java::cadastraFilme | src/filmnow/MainFilmNow.java::main | src/filmnow/MainFilmNow.java::comando | src/filmnow/Filme.java::equals | src/filmnow/Filme.java::hashCode,
S07,official_sample,redacted,llm,object_references,Object References and Composition,10,10,"A implementação demonstra corretamente a ideia central de composição: FilmNow armazena e manipula objetos Filme, cria filmes no cadastro e usa referências aos objetos para consultar dados e status. O uso de static fica restrito a constantes e à classe de interface com main, coerente com o estilo do laboratório.",src/filmnow/FilmNow.java::filmes | src/filmnow/FilmNow.java::cadastraFilme | src/filmnow/FilmNow.java::getFilme | src/filmnow/FilmNow.java::mostrarHotList | src/filmnow/MainFilmNow.java::main | src/filmnow/MainFilmNow.java::carregaFilmes,
S07,official_sample,redacted,llm,collections_and_arrays,Collections and Arrays,9,10,"O sistema usa arrays de tamanho fixo compatíveis com os limites do enunciado: 100 filmes e 10 posições na HotList. A conversão entre posição do usuário e índice interno está correta na maior parte do código, mas algumas operações da HotList acessam arrays antes de validar todos os limites.",src/filmnow/FilmNow.java::TAMANHO | src/filmnow/FilmNow.java::filmes | src/filmnow/FilmNow.java::hotList | src/filmnow/FilmNow.java::getFilmes | src/filmnow/FilmNow.java::cadastraFilme | src/filmnow/FilmNow.java::mostrarHotList | src/filmnow/FilmNow.java::adicionaHot | src/filmnow/FilmNow.java::removerDaHotList,
S07,official_sample,redacted,llm,separation_of_concerns,Separation of Concerns,9,10,"A separação geral está boa: MainFilmNow cuida da entrada e saída, FilmNow concentra as regras do sistema e Filme encapsula dados e exibição textual do filme. Há apenas um problema localizado na API de remoção da HotList, que mistura modos de uso e dificulta o tratamento correto pela interface.",src/filmnow/MainFilmNow.java::adicionaFilme | src/filmnow/MainFilmNow.java::mostrarFilmes | src/filmnow/MainFilmNow.java::detalharFilme | src/filmnow/FilmNow.java::cadastraFilme | src/filmnow/FilmNow.java::getFilme | src/filmnow/Filme.java::exibeFilme | src/filmnow/Filme.java::toString | src/filmnow/FilmNow.java::removerDaHotList | src/filmnow/MainFilmNow.java::removerHot,
S07,official_sample,redacted,llm,readability_and_documentation,Readability and Documentation,8,10,"O código é legível, usa nomes em geral compreensíveis e contém Javadocs nas classes e métodos públicos. As deduções decorrem de documentação imprecisa em alguns pontos e de pequenas inconsistências de clareza na representação textual e nos contratos documentados.",src/filmnow/Filme.java | src/filmnow/FilmNow.java | src/filmnow/MainFilmNow.java | src/filmnow/LeitorFilmNow.java | src/filmnow/Filme.java::getLocal | src/filmnow/Filme.java::hashCode | src/filmnow/MainFilmNow.java::atribuirHot | src/filmnow/MainFilmNow.java::exibirHotList | src/filmnow/Filme.java::exibeFilmeHot | src/filmnow/FilmNow.java::mostrarHotList | src/filmnow/Filme.java::equals,
S08,official_sample,redacted,llm,basic_functionality,Basic Functionality,8.5,10,"A implementação cobre bem o fluxo principal de cadastrar, listar e detalhar filmes, incluindo validação de posições, rejeição de duplicados por nome e ano, retorno vazio para posição válida sem filme e sinalização de filme hot nos detalhes. A principal perda está na HotList, que existe e funciona em casos normais, mas deixa de validar algumas situações exigidas e usa uma mensagem diferente para filme já presente.",src/filmnow/FilmNow.java:cadastraFilme | src/filmnow/FilmNow.java:mostraFilmes | src/filmnow/FilmNow.java:detalharFilme | src/filmnow/FilmNow.java:CadastrarFilmeHot | src/filmnow/FilmNow.java:mostraFilmesHot | src/filmnow/FilmNow.java:removerFilmeHot,
S08,official_sample,redacted,llm,unit_tests,Unit Tests,7.0,10,"Há uma suíte relevante de testes para `Filme` e `FilmNow`, cobrindo vários casos normais, limites de posição, duplicidade, detalhamento e alguns cenários da HotList. A nota é reduzida porque há um teste placeholder que falha sempre e porque a cobertura de HotList e de alguns comportamentos de `Filme`/listagem ainda é incompleta.",testes/filmnow/FilmNowTest.java | testes/filmnow/FilmeTest.java | testes/lab3FilmNow/FilmeTest.java | testes/lab3FilmNow/FilmeTest.java:test | testes/filmnow/FilmNowTest.java:testaddFilmeNaHotList | testes/filmnow/FilmNowTest.java:testaddFilmeNaHotListEmPosicaoInvalida | testes/filmnow/FilmNowTest.java:testaddFilmeNaHotListJaAdicionado | testes/filmnow/FilmNowTest.java:testDetalharFilmeHotList | testes/filmnow/FilmNowTest.java:testMostrarFilme | testes/filmnow/FilmNowTest.java:testAnoVazio,
S08,official_sample,redacted,llm,class_design,Class Design,9.0,10,"O projeto contém as classes centrais esperadas: `Filme`, `FilmNow` e uma interface com `main`. A classe `Filme` encapsula nome, ano e local, e `FilmNow` usa composição com arrays de `Filme`. A perda é pequena e decorre de uma inconsistência de API pública que expõe detalhes de indexação interna.",src/filmnow/Filme.java | src/filmnow/FilmNow.java | src/filmnow/MainFilmNow.java | src/filmnow/FilmNow.java:getFilme | src/filmnow/FilmNow.java:cadastraFilme | src/filmnow/FilmNow.java:detalharFilme,
S08,official_sample,redacted,llm,object_references,Object References and Composition,9.5,10,"A submissão demonstra claramente composição: `FilmNow` cria e armazena objetos `Filme`, a HotList guarda referências para filmes existentes, e objetos são instanciados nos lugares adequados. Há apenas uma pequena fuga do padrão esperado de uso de `static` fora do `main` e de constantes.",src/filmnow/FilmNow.java:atributos filmes e hotList | src/filmnow/FilmNow.java:cadastraFilme | src/filmnow/FilmNow.java:CadastrarFilmeHot | src/filmnow/MainFilmNow.java:main | src/filmnow/FilmNow.java:formataFilme,
S08,official_sample,redacted,llm,collections_and_arrays,Collections and Arrays,10,10,"As estruturas de armazenamento atendem às restrições centrais do laboratório: array de 100 filmes e HotList com 10 posições. O mapeamento de posições de usuário para índices internos é usado corretamente nos principais métodos públicos, e os arrays são clonados nos getters.","src/filmnow/FilmNow.java:atributos TAMANHO, TAMANHOHOTLIST, filmes e hotList | src/filmnow/FilmNow.java:getFilmes | src/filmnow/FilmNow.java:getFilmesHot | src/filmnow/FilmNow.java:cadastraFilme | src/filmnow/FilmNow.java:CadastrarFilmeHot",
S08,official_sample,redacted,llm,separation_of_concerns,Separation of Concerns,9.0,10,"A separação geral é boa: `MainFilmNow` concentra entrada e saída, `FilmNow` concentra regras de cadastro, listagem, detalhamento e HotList, e `Filme` concentra dados, igualdade e representação detalhada. A perda ocorre porque a representação resumida de filme para listagem ficou em `FilmNow`, não no próprio `Filme`.",src/filmnow/MainFilmNow.java | src/filmnow/FilmNow.java | src/filmnow/Filme.java:toString | src/filmnow/Filme.java:equals | src/filmnow/FilmNow.java:formataFilme | src/filmnow/FilmNow.java:mostraFilmes | src/filmnow/FilmNow.java:mostraFilmesHot,
S08,official_sample,redacted,llm,readability_and_documentation,Readability and Documentation,7.5,10,"O código é compreensível e possui Javadocs em vários métodos públicos, mas a documentação é irregular e há problemas de estilo que reduzem a clareza: nomes fora da convenção Java, comentários genéricos ou imprecisos e estado não utilizado.",src/filmnow/Filme.java | src/filmnow/FilmNow.java | src/filmnow/MainFilmNow.java | src/filmnow/Filme.java:getNome | src/filmnow/Filme.java:getAno | src/filmnow/FilmNow.java:mostraFilmes | src/filmnow/FilmNow.java:mostraFilmesHot | src/filmnow/FilmNow.java:getFilmesHot | src/filmnow/FilmNow.java:CadastrarFilmeHot | src/filmnow/Filme.java:Filme | src/filmnow/FilmNow.java:status | src/filmnow/FilmNow.java:getStatus | src/filmnow/FilmNow.java:hotlistPosicao | src/filmnow/FilmNow.java:verificaFilmeHot,
S09,official_sample,redacted,llm,basic_functionality,Basic Functionality,8.0,10,"O fluxo principal de cadastro, sobrescrita, prevenção de duplicidade por nome e ano, detalhamento, listagem básica e uso da HotList está majoritariamente implementado. As perdas concentram-se em casos obrigatórios da HotList, especialmente remoção/posição inválida e atribuição de hot a posição sem filme cadastrado.","src/filmnow/FilmNow.java: cadastraFilme(int, String, String, String) | src/filmnow/FilmNow.java: existeFilme(Filme) | src/filmnow/FilmNow.java: getFilme(int) | src/filmnow/FilmNow.java: cadastraHotlist(int, int) | src/filmnow/FilmNow.java: getFilmes() e getHotlist() | src/filmnow/MainFilmNow.java: adicionaFilme, detalharFilme, mostrarFilmes, mostrarHotlist | src/filmnow/FilmNow.java: removeHotlist(int) | src/filmnow/MainFilmNow.java: removeHotlist(FilmNow, Scanner)",
S09,official_sample,redacted,llm,unit_tests,Unit Tests,8.0,10,"Há uma suíte JUnit real e extensa para Filme e FilmNow, com asserts relevantes para cadastro, duplicidade, limites, detalhamento, HotList, remoção e listagem. A nota não é máxima porque alguns cenários obrigatórios problemáticos não são verificados e alguns testes confirmam apenas o retorno imediato, sem validar o estado resultante.","testes/lab3FilmNow/Filmetest.java | testes/lab3FilmNow/FilmNowtest.java: testAdcionaFilme, testAddJaAdcionadoDifPos, testAddPosLimiteSuperior, testAddAnoNull | testes/lab3FilmNow/FilmNowtest.java: testDetalhaFilme, testDetHotlist | testes/lab3FilmNow/FilmNowtest.java: testAddHotlist, testSobrescreveHotlist, testAddHotJaAdicionado | testes/lab3FilmNow/FilmNowtest.java: testRemoveHot, testRemoveHotNull | src/filmnow/FilmNow.java: removeHotlist(int) | testes/lab3FilmNow/FilmNowtest.java: testSobrescrevPosicao | testes/lab3FilmNow/FilmNowtest.java: testSobrescreveHotlist | testes/lab3FilmNow/FilmNowtest.java: testRemoveHot",
S09,official_sample,redacted,llm,class_design,Class Design,8.5,10,"A solução cria e usa as classes centrais esperadas, com Filme representando nome, ano e local, e FilmNow atuando como gerenciador do acervo e da HotList. A modelagem é boa para o nível do laboratório, mas há uma inconsistência de estado na representação de hot que reduz a clareza do modelo.","src/filmnow/Filme.java | src/filmnow/Filme.java: equals(Object) e hashCode() | src/filmnow/FilmNow.java | src/filmnow/LeitorFilmNow.java | src/filmnow/MainFilmNow.java | src/filmnow/Filme.java: atributo hot, getHot(), setHot(boolean) | src/filmnow/FilmNow.java: cadastraHotlist(int, int) | src/filmnow/FilmNow.java: getFilme(int) | src/filmnow/FilmNow.java: removeHotlist(int)",
S09,official_sample,redacted,llm,object_references,Object References and Composition,8.5,10,"FilmNow compõe objetos Filme de forma real, cria instâncias de Filme e usa suas operações para igualdade e representação. A integração é majoritariamente correta, mas parte da interface pública de listagem descarta os objetos e expõe apenas nomes, reduzindo a demonstração de uso consistente das referências.","src/filmnow/FilmNow.java: atributos Filme[] filmes e Filme[] hotlist | src/filmnow/FilmNow.java: cadastraFilme(int, String, String, String) | src/filmnow/FilmNow.java: existeFilme(Filme) | src/filmnow/FilmNow.java: cadastraHotlist(int, int) | src/filmnow/FilmNow.java: getFilme(int) | src/filmnow/Filme.java: toString(), equals(Object) | src/filmnow/FilmNow.java: getFilmes() | src/filmnow/FilmNow.java: getHotlist() | src/filmnow/MainFilmNow.java: mostrarFilmes(FilmNow) | src/filmnow/MainFilmNow.java: mostrarHotlist(FilmNow)",
S09,official_sample,redacted,llm,collections_and_arrays,Collections and Arrays,8.5,10,"A solução usa arrays fixos compatíveis com os limites do enunciado para o acervo e para a HotList, com conversão correta de posições de usuário para índices internos na maior parte das operações. As perdas vêm de falhas localizadas de controle de limites e de integridade do conteúdo da HotList.","src/filmnow/FilmNow.java: private static final int TAMANHO = 100 | src/filmnow/FilmNow.java: atributos filmes e hotlist | src/filmnow/FilmNow.java: construtor FilmNow() | src/filmnow/FilmNow.java: getFilmes(), getHotlist() | src/filmnow/FilmNow.java: cadastraFilme(int, String, String, String) | src/filmnow/FilmNow.java: cadastraHotlist(int, int) | src/filmnow/FilmNow.java: removeHotlist(int)",
S09,official_sample,redacted,llm,separation_of_concerns,Separation of Concerns,9.0,10,"Há separação clara entre interface textual, leitura de CSV, entidade Filme e gerenciador FilmNow. FilmNow não depende de Scanner nem imprime diretamente, o que é adequado. A perda é pequena e decorre do acoplamento parcial entre domínio e mensagens textuais de interface.","src/filmnow/MainFilmNow.java | src/filmnow/FilmNow.java | src/filmnow/Filme.java | src/filmnow/LeitorFilmNow.java | src/filmnow/MainFilmNow.java: comando(String, FilmNow, Scanner) | src/filmnow/MainFilmNow.java: adicionaFilme, detalharFilme, cadastraHotlist | src/filmnow/FilmNow.java: cadastraFilme(int, String, String, String) | src/filmnow/FilmNow.java: cadastraHotlist(int, int) | src/filmnow/MainFilmNow.java: mostrarFilmes(FilmNow) | src/filmnow/MainFilmNow.java: mostrarHotlist(FilmNow)",
S09,official_sample,redacted,llm,readability_and_documentation,Readability and Documentation,8.0,10,"O código é, em geral, legível, com nomes compreensíveis e Javadocs em várias classes e métodos. A nota perde pontos por comentários imprecisos e pequenos trechos confusos ou redundantes que dificultam a manutenção, mas não impedem entender a solução.","src/filmnow/Filme.java | src/filmnow/FilmNow.java | src/filmnow/LeitorFilmNow.java | src/filmnow/MainFilmNow.java | src/filmnow/FilmNow.java: Javadoc de getFilme(int) | src/filmnow/FilmNow.java: Javadoc de removeHotlist(int) | src/filmnow/Filme.java: Javadocs sobre ano/local | src/filmnow/FilmNow.java: cadastraFilme(int, String, String, String) | src/filmnow/MainFilmNow.java: formataFilme(int, String) | src/filmnow/LeitorFilmNow.java: carregaContatos(String, FilmNow)",
S10,official_sample,redacted,llm,basic_functionality,Basic Functionality,7,10,"A submissão implementa a maior parte do fluxo obrigatório: cadastro com validações principais, impedimento de duplicidade por nome e ano, detalhamento, marcação hot e exibição da HotList. As perdas vêm de falhas funcionais relevantes em listagem de filmes em posições não contíguas, sincronização ao substituir uma posição ocupada da HotList e ausência de mensagem para remoção hot inválida.","src/filmnow/FilmNow.java: cadastraFilme(int, String, String, String) | src/filmnow/Filme.java: equals(Object) e toString() | src/filmnow/FilmNow.java: getFilme(int) | src/filmnow/FilmNow.java: adicionaHot(int, int), eliminarHot(int), getHotList() | src/filmnow/MainFilmNow.java: comandos A, M, D, E, H e R | src/filmnow/FilmNow.java: getFilmes() | src/filmnow/FilmNow.java: filmesFormatados() | src/filmnow/FilmNow.java: adicionaHot(int, int) | src/filmnow/Filme.java: setHot(boolean), getHot() | src/filmnow/FilmNow.java: eliminarHot(int) | src/filmnow/MainFilmNow.java: removerHot(FilmNow, Scanner)",
S10,official_sample,redacted,llm,unit_tests,Unit Tests,8,10,"Há uma suíte JUnit real e razoavelmente ampla, com asserts relevantes para Filme e FilmNow, cobrindo cadastro, duplicidade, limites, detalhamento, ano vazio e parte da HotList. A nota não é máxima porque alguns cenários obrigatórios problemáticos não são testados, especialmente listagem em posições não contíguas e invariantes da HotList ao substituir/remover.",testes/lab3FilmNow/FilmeTest.java | testes/lab3FilmNow/FilmNowTest.java | testes/lab3FilmNow/FilmNowTest.java: adicionaHot_FilmeExistente() | testes/lab3FilmNow/FilmNowTest.java: eliminarHot_PosicaoValida() | testes/lab3FilmNow/FilmNowTest.java: mostrarFilme() | testes/lab3FilmNow/FilmNowTest.java: cadastraFilme_PosicaoExistente(),
S10,official_sample,redacted,llm,class_design,Class Design,9,10,"A modelagem central está bem presente: há uma classe Filme com dados e comportamento próprios e uma classe FilmNow responsável pelo gerenciamento do acervo e da HotList. A perda é localizada na modelagem do estado hot, que cria uma invariável frágil entre Filme e HotList.","src/filmnow/Filme.java | src/filmnow/FilmNow.java | src/filmnow/Filme.java: atributo hot | src/filmnow/FilmNow.java: adicionaHot(int, int), eliminarHot(int)",
S10,official_sample,redacted,llm,object_references,Object References and Composition,8.5,10,"A composição principal foi bem demonstrada: FilmNow armazena objetos Filme e a HotList guarda referências aos mesmos objetos, permitindo que o detalhamento reflita o estado hot. A dedução vem da manutenção incompleta dessas referências quando uma posição hot é substituída.","src/filmnow/FilmNow.java: atributos filmes e hotList | src/filmnow/FilmNow.java: cadastraFilme(int, String, String, String) | src/filmnow/FilmNow.java: adicionaHot(int, int) | src/filmnow/Filme.java: equals(Object), toString() | src/filmnow/Filme.java: setHot(boolean), getHot()",
S10,official_sample,redacted,llm,collections_and_arrays,Collections and Arrays,7.5,10,"A solução usa arrays com tamanhos corretos para o acervo e a HotList, e aplica conversão de posições 1-based para índices 0-based na maior parte das operações. Contudo, há falha importante de indexação na construção da lista de filmes e uma inconsistência de sincronização no array da HotList.","src/filmnow/FilmNow.java: constantes TAMANHO e RANKING | src/filmnow/FilmNow.java: atributos filmes e hotList | src/filmnow/FilmNow.java: posValidaFilme(int), posValidaHot(int) | src/filmnow/FilmNow.java: getFilmes() | src/filmnow/FilmNow.java: filmesFormatados() | src/filmnow/FilmNow.java: adicionaHot(int, int) | src/filmnow/FilmNow.java: hotList",
S10,official_sample,redacted,llm,separation_of_concerns,Separation of Concerns,9,10,"A divisão geral é boa para o nível do laboratório: MainFilmNow cuida da interação por texto, FilmNow concentra as regras principais e LeitorFilmNow cuida da carga CSV. A perda é pequena e ligada à API de remoção da HotList, que não devolve resultado para a interface comunicar a regra obrigatória.","src/filmnow/MainFilmNow.java | src/filmnow/FilmNow.java | src/filmnow/LeitorFilmNow.java | src/filmnow/FilmNow.java: eliminarHot(int) | src/filmnow/MainFilmNow.java: removerHot(FilmNow, Scanner)",
S10,official_sample,redacted,llm,readability_and_documentation,Readability and Documentation,9,10,"O código é, em geral, legível, com nomes compreensíveis, métodos curtos e Javadocs em quase todas as classes e operações. As perdas são leves, por documentação/nomenclatura imprecisa e por um trecho de listagem mais difícil de entender do que o necessário.","src/filmnow/Filme.java | src/filmnow/FilmNow.java | src/filmnow/MainFilmNow.java | src/filmnow/LeitorFilmNow.java | src/filmnow/LeitorFilmNow.java: carregaContatos(String, FilmNow) | src/filmnow/MainFilmNow.java: comentário de detalharFilme | src/filmnow/FilmNow.java: getFilmes() | src/filmnow/FilmNow.java: filmesFormatados()",
S11,official_sample,redacted,llm,basic_functionality,Basic Functionality,7.5,10,"A implementação cobre boa parte do fluxo obrigatório: cadastro, sobrescrita, listagem, detalhamento, validação de posições, ano vazio e operações principais da HotList. A nota não é máxima porque há uma falha real na igualdade de filmes que torna a prevenção de duplicatas por nome+ano pouco confiável em entradas reais, e o fluxo interativo de adicionar filme na Main tem um consumo extra de linha que pode quebrar a entrada normal do usuário.","src/filmnow/FilmNow.java: construtor e atributos filmes/hotList | src/filmnow/FilmNow.java: cadastraFilme(int,String,String,String) | src/filmnow/FilmNow.java: getFilmes() e getFilme(int) | src/filmnow/FilmNow.java: adicionaHot(int,int), exibirHotList() e removerHot(int) | src/filmnow/MainFilmNow.java: adicionaFilme(FilmNow,Scanner) | src/filmnow/Filme.java: equals(Object) | src/filmnow/FilmNow.java: existeFilme(Filme)",
S11,official_sample,redacted,llm,unit_tests,Unit Tests,8.0,10,"Há uma suíte JUnit real e relevante para Filme e FilmNow, com asserts sobre cadastro, duplicidade, limites, detalhamento, ano vazio e parte da HotList. A cobertura, porém, ainda deixa lacunas em listagem, exibição/atribuição completa da HotList e em casos que revelariam a falha de igualdade por conteúdo de String.","src/srcTestes/FilmeTestes.java | src/srcTestes/FilmNowTestes.java: testAdicionarFilmeValido, testAdicionarNovoFilmeNaMesmaPosicao, testAdicionarFilmeRepetidoEmOutraPosicao | src/srcTestes/FilmNowTestes.java: testAdicionaFilmeNoLimite, testAdicionaFilmeEmPosicaoAcimaDoLimite, testAdicionaFilmeEmPosicaoAbaixoDoLimite | src/srcTestes/FilmNowTestes.java: testDetalhaFilmeValido, testDetalhaFilmeSemPosicao, detalhaFilmeDaHOtList | src/srcTestes/FilmNowTestes.java: removeHotComFilmeValido e testes de remoção inválida | src/srcTestes/FilmNowTestes.java | src/filmnow/FilmNow.java: adicionaHot(int,int), exibirHotList() | src/filmnow/FilmNow.java: getFilmes() | src/srcTestes/FilmeTestes.java: testFilmesIguais | src/srcTestes/FilmNowTestes.java: testAdicionarFilmeRepetidoEmOutraPosicao",
S11,official_sample,redacted,llm,class_design,Class Design,9.0,10,"A solução modela claramente as classes centrais: Filme guarda os dados do filme e FilmNow gerencia acervo e HotList. Também há separação auxiliar para leitura e interface. A principal perda no critério vem da implementação incorreta da identidade de Filme, que é parte relevante da modelagem esperada.",src/filmnow/Filme.java | src/filmnow/FilmNow.java | src/filmnow/LeitorFilmNow.java | src/filmnow/MainFilmNow.java | src/filmnow/Filme.java: equals(Object),
S11,official_sample,redacted,llm,object_references,Object References and Composition,9.0,10,"A composição principal foi bem compreendida: FilmNow armazena objetos Filme e a HotList mantém referências a filmes existentes no acervo. A perda é localizada e relacionada à confusão entre referência e conteúdo no equals de Filme, que afeta operações que dependem de comparação entre objetos.","src/filmnow/FilmNow.java: atributos `private Filme[] filmes` e `private Filme[] hotList` | src/filmnow/FilmNow.java: cadastraFilme(int,String,String,String) | src/filmnow/FilmNow.java: adicionaHot(int,int) | src/filmnow/FilmNow.java: formataFilme(int,Filme) e pertenceHotList(Filme) | src/filmnow/Filme.java: equals(Object) | src/filmnow/FilmNow.java: existeFilme(Filme) | src/filmnow/FilmNow.java: pertenceHotList(Filme)",
S11,official_sample,redacted,llm,collections_and_arrays,Collections and Arrays,10,10,"O uso de arrays atende diretamente às restrições obrigatórias do laboratório: 100 posições para o acervo e 10 posições para a HotList, com conversão adequada entre posição do usuário e índice interno. As estruturas sustentam cadastro, listagem, detalhamento e operações de HotList.","src/filmnow/FilmNow.java: constantes TAMANHO e TAMANHO_HOT | src/filmnow/FilmNow.java: construtor | src/filmnow/FilmNow.java: getFilmes() | src/filmnow/FilmNow.java: exibirHotList() | src/filmnow/FilmNow.java: posicaoValida(int,int), cadastraFilme(int,String,String,String), adicionaHot(int,int), removerHot(int)",
S11,official_sample,redacted,llm,separation_of_concerns,Separation of Concerns,10,10,"A solução mantém uma separação adequada para o nível do laboratório: FilmNow concentra as regras do sistema, Filme representa a entidade de domínio, MainFilmNow cuida da interação textual e LeitorFilmNow cuida da leitura do CSV. Não há evidência de que FilmNow dependa de Scanner ou faça impressão direta.","src/filmnow/MainFilmNow.java: main, menu, comando e métodos auxiliares de interface | src/filmnow/FilmNow.java | src/filmnow/Filme.java | src/filmnow/LeitorFilmNow.java",
S11,official_sample,redacted,llm,readability_and_documentation,Readability and Documentation,9.5,10,"O código é legível, com nomes compreensíveis, métodos curtos em geral e documentação Javadoc em quase todas as classes e métodos relevantes. A perda é pequena e se deve a resíduos e pequenos problemas de acabamento que não comprometem o entendimento geral.",src/filmnow/Filme.java | src/filmnow/FilmNow.java | src/filmnow/MainFilmNow.java | src/srcTestes/FilmeTestes.java | src/srcTestes/FilmNowTestes.java | src/filmnow/MainFilmNow.java: bloco comentado de formataFilme | src/filmnow/FilmNow.java: comentário do parâmetro local em cadastraFilme,
S12,official_sample,redacted,llm,basic_functionality,Basic Functionality,5,10,"A submissão implementa parte relevante do fluxo obrigatório: cria filmes, impede duplicidade por nome e ano em vários casos, lista filmes cadastrados pela interface e possui operações de HotList. Porém, há falhas materiais em posições, validação de dados vazios, detalhamento e principalmente na semântica da HotList, de modo que o fluxo obrigatório não fecha completamente de ponta a ponta.",src/filmnow/FilmNow.java::cadastraFilme | src/filmnow/FilmNow.java::verificaFilmeExistente | src/filmnow/FilmNow.java::cadastrarHotFilme | src/filmnow/FilmNow.java::removeHotFilme | src/filmnow/MainFilmNow.java::comando | src/filmnow/MainFilmNow.java::mostrarFilmes | src/filmnow/MainFilmNow.java::detalharFilme | src/filmnow/FilmNow.java::verificaPosicao | src/filmnow/FilmNow.java::getFilme | src/filmnow/FilmNow.java::verificaDadosVazios | teste/filmnow/FilmNowTeste.java::testAdicionarFilmeNomeVazio | teste/filmnow/FilmNowTeste.java::testAdicionarFilmeLocalVazio | src/filmnow/FilmNow.java::exibirHot,
S12,official_sample,redacted,llm,unit_tests,Unit Tests,5.5,10,"Há testes JUnit reais com asserts para Filme e para parte de FilmNow, cobrindo igualdade, hash, cadastro, duplicidade e alguns limites. A cobertura, porém, é incompleta e parte dos testes não é compatível com o comportamento efetivo do código, além de não haver testes para HotList, listagem e detalhamento.",teste/filmnow/FilmeTeste.java | teste/filmnow/FilmNowTeste.java::testAdicionarFilmeSucesso | teste/filmnow/FilmNowTeste.java::testAdicionarFilmeDuplicado | teste/filmnow/FilmNowTeste.java::testSubstituirFilmeNaMesmaPosicao | teste/filmnow/FilmNowTeste.java::testVerificaPosicaoLimites | teste/filmnow/FilmNowTeste.java | src/filmnow/FilmNow.java::cadastrarHotFilme | src/filmnow/FilmNow.java::removeHotFilme | src/filmnow/MainFilmNow.java::detalharFilme | teste/filmnow/FilmNowTeste.java::testAdicionarFilmePosicaoInvalida | teste/filmnow/FilmNowTeste.java::testAdicionarFilmeNomeVazio | teste/filmnow/FilmNowTeste.java::testAdicionarFilmeLocalVazio | src/filmnow/FilmNow.java::getFilme | src/filmnow/FilmNow.java::verificaDadosVazios | src/filmnow/FilmNow.java::cadastraFilme | src/filmnow/FilmNow.java::verificaPosicao,
S12,official_sample,redacted,llm,class_design,Class Design,7,10,"A solução evolui além do starter ao criar uma classe Filme e ao fazer FilmNow gerenciar objetos Filme e uma HotList. A modelagem central está presente, mas ainda há limitações nas responsabilidades e nas representações textuais/domain methods necessárias para o laboratório.",src/filmnow/Filme.java | src/filmnow/Filme.java::equals | src/filmnow/Filme.java::hashCode | src/filmnow/FilmNow.java | src/filmnow/LeitorFilmNow.java::processaLinhaCsvFilmes | src/filmnow/Filme.java::toString | src/filmnow/MainFilmNow.java::formataFilme | src/filmnow/MainFilmNow.java::detalharFilme | src/filmnow/FilmNow.java::cadastrarHotFilme | src/filmnow/MainFilmNow.java::mostrarFilmes,
S12,official_sample,redacted,llm,object_references,Object References and Composition,8,10,"A composição principal está clara: FilmNow armazena e manipula objetos Filme, e a HotList também guarda referências a esses objetos. A perda ocorre porque o uso das referências ainda não está totalmente integrado às regras de sincronização e posicionamento da HotList.",src/filmnow/FilmNow.java::filmes | src/filmnow/FilmNow.java::hotList | src/filmnow/FilmNow.java::cadastraFilme | src/filmnow/FilmNow.java::cadastrarHotFilme | src/filmnow/Filme.java::equals | src/filmnow/FilmNow.java::removeHotFilme,
S12,official_sample,redacted,llm,collections_and_arrays,Collections and Arrays,6,10,"A submissão usa arrays de tamanho 100 para o acervo e 10 para a HotList, o que corresponde à estrutura esperada. Entretanto, o mapeamento de posições para índices e o uso posicional da HotList têm falhas importantes que impedem nota alta neste critério.",src/filmnow/FilmNow.java::TAMANHO | src/filmnow/FilmNow.java::TAMANHOHOT | src/filmnow/FilmNow.java::filmes | src/filmnow/FilmNow.java::hotList | src/filmnow/FilmNow.java::getFilmes | src/filmnow/FilmNow.java::getHotLista | src/filmnow/FilmNow.java::verificaPosicao | src/filmnow/FilmNow.java::cadastraFilme | src/filmnow/FilmNow.java::getFilme | src/filmnow/FilmNow.java::cadastrarHotFilme | src/filmnow/FilmNow.java::removeHotFilme | src/filmnow/FilmNow.java::exibirHot,
S12,official_sample,redacted,llm,separation_of_concerns,Separation of Concerns,5.5,10,"Existe alguma separação entre interface, leitura de CSV, entidade Filme e gerenciador FilmNow. Porém, a separação ainda é frágil: FilmNow imprime diretamente mensagens de interface e Main contém regras de domínio, validações e formatação que deveriam estar no gerenciador ou no modelo.",src/filmnow/Filme.java | src/filmnow/FilmNow.java | src/filmnow/LeitorFilmNow.java | src/filmnow/MainFilmNow.java::comando | src/filmnow/FilmNow.java::cadastraFilme | src/filmnow/FilmNow.java::cadastrarHotFilme | src/filmnow/FilmNow.java::removeHotFilme | src/filmnow/FilmNow.java::exibirHot | src/filmnow/MainFilmNow.java::mostrarFilmes | src/filmnow/MainFilmNow.java::detalharFilme | src/filmnow/MainFilmNow.java::formataFilme | src/filmnow/MainFilmNow.java::adicionaFilme | src/filmnow/FilmNow.java::verificaPosicao | src/filmnow/FilmNow.java::getFilme | src/filmnow/FilmNow.java::getFilmes,
S12,official_sample,redacted,llm,readability_and_documentation,Readability and Documentation,7.5,10,"O código é em geral compreensível, com nomes razoáveis e alguns comentários/Javadocs herdados ou mantidos. As perdas são de acabamento: documentação parcialmente desatualizada, mensagens e representações pouco padronizadas e alguma duplicação que prejudica a leitura.",src/filmnow/Filme.java | src/filmnow/FilmNow.java | src/filmnow/LeitorFilmNow.java | src/filmnow/MainFilmNow.java | src/filmnow/LeitorFilmNow.java::carregaContatos | src/filmnow/Filme.java::toString | src/filmnow/MainFilmNow.java::formataFilme | src/filmnow/MainFilmNow.java::detalharFilme | src/filmnow/FilmNow.java::cadastraFilme | src/filmnow/FilmNow.java::removeHotFilme | src/filmnow/MainFilmNow.java::adicionaFilme,
S13,official_sample,redacted,llm,basic_functionality,Basic Functionality,7,10,"A submissão implementa o fluxo principal de cadastro, listagem, detalhamento de filmes cadastrados e uma HotList funcional em casos comuns. Porém há falhas relevantes em casos obrigatórios de detalhamento de posição vazia e em validações/duplicidades da HotList, incluindo situações que podem causar exceção em vez de retornar a mensagem esperada.",src/filmnow/FilmNow.java::cadastraFilme | src/filmnow/FilmNow.java::temFilme | src/filmnow/FilmNow.java::exibirFilmes | src/filmnow/FilmNow.java::detalhaFilme | src/filmnow/FilmNow.java::adicionaHotList | src/filmnow/FilmNow.java::exibirHot | src/filmnow/Filme.java::equals | src/filmnow/Filme.java::detalha | src Testes/lab3FilmNow/FilmNowTest.java::testAdicionaHotList | src/filmnow/FilmNow.java::removeHotFilmes | src/filmnow/MainFilmNow.java::removeHotList,
S13,official_sample,redacted,llm,unit_tests,Unit Tests,6,10,"Há testes JUnit reais para `Filme` e `FilmNow`, com várias asserções sobre construção, cadastro, igualdade, detalhamento, listagem e alguns casos de HotList. A cobertura, entretanto, é parcial e há teste que consolida comportamento contrário ao enunciado, especialmente na HotList.",src Testes/lab3FilmNow/FilmeTeste.java | src Testes/lab3FilmNow/FilmNowTest.java | src Testes/lab3FilmNow/FilmeTeste.java::testEquals | src Testes/lab3FilmNow/FilmNowTest.java::testCadastraFilme | src Testes/lab3FilmNow/FilmNowTest.java::testDetalhaFilme | src Testes/lab3FilmNow/FilmNowTest.java::testExibirHotFilme | src Testes/lab3FilmNow/FilmNowTest.java::testAdicionaHotList | src Testes/lab3FilmNow/FilmNowTest.java::testAdicionaFilmePosicaoInvalidaHot | src Testes/lab3FilmNow/FilmNowTest.java::testExibirFilmeNull | src Testes/lab3FilmNow/FilmNowTest.java::testExibirHotListNull | src Testes/lab3FilmNow/FilmNowTest.java::testExibirFilmes,
S13,official_sample,redacted,llm,class_design,Class Design,8,10,"A solução evolui substancialmente além do starter, criando `Filme` e usando `FilmNow` como gerenciador do acervo e da HotList. A modelagem central está presente, com responsabilidades razoavelmente distintas, embora algumas APIs estejam pouco coesas ou incompletas para as operações obrigatórias.",src/filmnow/Filme.java | src/filmnow/FilmNow.java | src/filmnow/LeitorFilmNow.java::processaLinhaCsvFilmes | src/filmnow/MainFilmNow.java | src/filmnow/FilmNow.java::exibirFilmes | src/filmnow/FilmNow.java::exibirHot | src/filmnow/FilmNow.java::removeHotFilmes | src/filmnow/MainFilmNow.java::removeHotList,
S13,official_sample,redacted,llm,object_references,Object References and Composition,8.5,10,"Há boa evidência de composição: `FilmNow` armazena objetos `Filme`, cria instâncias e a HotList guarda referências aos mesmos objetos, permitindo refletir o estado hot no detalhamento. A principal perda está no manejo incompleto dessas referências em cenários de duplicidade e substituição na HotList.",src/filmnow/FilmNow.java::filmes | src/filmnow/FilmNow.java::hotFilmes | src/filmnow/FilmNow.java::cadastraFilme | src/filmnow/FilmNow.java::temFilme | src/filmnow/FilmNow.java::adicionaHotList | src/filmnow/FilmNow.java::removeHotFilmes | src/filmnow/Filme.java::equals,
S13,official_sample,redacted,llm,collections_and_arrays,Collections and Arrays,7.5,10,"A solução usa arrays com os tamanhos obrigatórios para o acervo e a HotList, converte corretamente posições 1-based para índices 0-based em vários métodos e percorre as estruturas para listar e buscar duplicidades. As perdas vêm de validações de índice incompletas, principalmente na HotList e no tratamento de posições vazias.",src/filmnow/FilmNow.java::TAMANHO | src/filmnow/FilmNow.java::TAMANHO_HOT | src/filmnow/FilmNow.java::filmes | src/filmnow/FilmNow.java::hotFilmes | src/filmnow/FilmNow.java::cadastraFilme | src/filmnow/FilmNow.java::temFilme | src/filmnow/FilmNow.java::formataToString | src/filmnow/FilmNow.java::exibirFilmes | src/filmnow/FilmNow.java::adicionaHotList | src/filmnow/FilmNow.java::detalhaFilme | src/filmnow/FilmNow.java::removeHotFilmes,
S13,official_sample,redacted,llm,separation_of_concerns,Separation of Concerns,8,10,"A solução mantém uma separação razoável entre interface textual, leitura de CSV, gerenciador e entidade `Filme`. A `Main` não concentra a maior parte da regra de negócio. Ainda há problemas de coesão em alguns métodos de `FilmNow`, principalmente por misturar formatação de saída e por métodos que recebem a própria instância como parâmetro.",src/filmnow/MainFilmNow.java::comando | src/filmnow/MainFilmNow.java::adicionaFilme | src/filmnow/MainFilmNow.java::detalharFilme | src/filmnow/MainFilmNow.java::atribuirHotList | src/filmnow/FilmNow.java | src/filmnow/Filme.java | src/filmnow/LeitorFilmNow.java | src/filmnow/FilmNow.java::exibirFilmes | src/filmnow/FilmNow.java::exibirHot | src/filmnow/MainFilmNow.java::mostrarFilmes | src/filmnow/MainFilmNow.java::mostrarHotList,
S13,official_sample,redacted,llm,readability_and_documentation,Readability and Documentation,8,10,"O código é em geral legível, com nomes compreensíveis e documentação abundante. Há, porém, alguns trechos confusos ou inconsistentes, especialmente a condição lógica da HotList, pequenos erros de escrita e importações/nomes redundantes nos testes.",src/filmnow/Filme.java | src/filmnow/FilmNow.java | src/filmnow/MainFilmNow.java | src/filmnow/LeitorFilmNow.java | src Testes/lab3FilmNow/FilmeTeste.java | src Testes/lab3FilmNow/FilmNowTest.java | src/filmnow/FilmNow.java::adicionaHotList | src/filmnow/FilmNow.java::cadastraFilme,
S14,official_sample,redacted,llm,basic_functionality,Basic Functionality,7,10,"A submissão implementa boa parte do fluxo obrigatório em FilmNow: cadastro com validações principais, listagem, detalhamento e uma HotList funcional em cenários simples. As perdas vêm de falhas relevantes no fluxo de interface e em casos de HotList, especialmente remoção, posições e consistência ao tratar duplicatas.","src/filmnow/FilmNow.java: cadastraFilme(int, String, String, String) | src/filmnow/FilmNow.java: getFilmes() | src/filmnow/FilmNow.java: detalhaFilme(int) | src/filmnow/FilmNow.java: adicionaHot(int, int), removeHot(int), exibeHotList() | testes/filmnow/FilmeNowtestes.java: testes de cadastro, detalhamento e HotList | src/filmnow/MainFilmNow.java: comando(String, FilmNow, Scanner) | src/filmnow/MainFilmNow.java: detalharFilme(FilmNow, Scanner) | src/filmnow/MainFilmNow.java: atribuirHot(FilmNow, Scanner) | src/filmnow/FilmNow.java: removeHot(int) | src/filmnow/FilmNow.java: adicionaHot(int, int) | src/filmnow/MainFilmNow.java: removerHot(FilmNow, Scanner)",
S14,official_sample,redacted,llm,unit_tests,Unit Tests,8,10,"Há uma suíte JUnit real e extensa, com asserts relevantes para cadastro, duplicidade, limites do acervo, detalhamento, ano vazio e vários cenários de HotList. A cobertura ainda deixa lacunas em casos de fronteira e em comportamentos da própria classe Filme.","testes/filmnow/FilmeNowtestes.java: testAdicionaFilme, testAdicionaFilmeNomeVazio, testAdicionaFilmeAdicionado | testes/filmnow/FilmeNowtestes.java: testAdicionaFilmePosicao100, testAdicionaFilmePosicaoMaior, testAdicionaFilmePosicaoMenor | testes/filmnow/FilmeNowtestes.java: testDetalharFilme, detalharFilmeHot, removeHot, exibirHotList, adicionaHot | testes/filmnow/FilmeNowtestes.java: detalharFilmeHotPosicaoMaior, detalharFilmeHotPosicaoMenor, adicionaHotPosicaoMaior, adicionaHotPosicaoMenor | src/filmnow/FilmNow.java: removeHot(int), adicionaHot(int, int) | testes/filmnow/FilmeNowtestes.java: testNomeAno | src/filmnow/Filme.java: equals(Object), hashCode(), toString(), toStringHot() | src/filmnow/FilmNow.java: cadastraFilme(int, String, String, String)",
S14,official_sample,redacted,llm,class_design,Class Design,8,10,"A solução demonstra modelagem clara das classes centrais: Filme representa a entidade e FilmNow gerencia acervo e HotList. Ainda há problemas de encapsulamento e de desenho da API do gerenciador, principalmente em operações que deveriam ser seguras e completas em FilmNow.","src/filmnow/Filme.java | src/filmnow/FilmNow.java | src/filmnow/LeitorFilmNow.java: processaLinhaCsvFilmes(String[], FilmNow) | src/filmnow/FilmNow.java: getFilme(int) | src/filmnow/FilmNow.java: removeHot(int) | src/filmnow/MainFilmNow.java: atribuirHot(FilmNow, Scanner), removerHot(FilmNow, Scanner) | src/filmnow/FilmNow.java: getHotList()",
S14,official_sample,redacted,llm,object_references,Object References and Composition,8,10,"A composição principal está presente: FilmNow mantém referências para objetos Filme, e a HotList referencia os mesmos objetos do acervo, permitindo que o estado hot apareça no detalhamento. As perdas são por inconsistências na manutenção dessas referências e por exposição que permite burlar o gerenciador.","src/filmnow/FilmNow.java: private Filme[] filmes; private Filme[] hotList | src/filmnow/FilmNow.java: adicionaHot(int, int) | src/filmnow/FilmNow.java: detalhaFilme(int) | src/filmnow/Filme.java: equals(Object), hashCode() | src/filmnow/FilmNow.java: getFilme(int), getHotList() | src/filmnow/Filme.java: ehHot(), naoEhHot()",
S14,official_sample,redacted,llm,collections_and_arrays,Collections and Arrays,7.5,10,"A solução usa corretamente arrays com os tamanhos esperados para acervo e HotList e os percorre para listar, cadastrar e verificar duplicidade. O desconto decorre de problemas de índice e de acesso direto que tornam algumas operações com arrays inseguras.","src/filmnow/FilmNow.java: private static final int TAMANHO = 100 | src/filmnow/FilmNow.java: Filme[] filmes, Filme[] hotList | src/filmnow/FilmNow.java: getFilmes(), cadastraFilme(int, String, String, String), adicionaHot(int, int), exibeHotList() | src/filmnow/FilmNow.java: adicionaHot(int, int) | src/filmnow/FilmNow.java: exibeHotList() | testes/filmnow/FilmeNowtestes.java: adicionaHot(), testeGetHotList() | src/filmnow/FilmNow.java: getFilme(int) | src/filmnow/FilmNow.java: removeHot(int) | src/filmnow/MainFilmNow.java: atribuirHot(FilmNow, Scanner)",
S14,official_sample,redacted,llm,separation_of_concerns,Separation of Concerns,7.5,10,"Há uma separação razoável entre interface, leitura de arquivo, entidade Filme e gerenciador FilmNow. FilmNow não depende de Scanner nem imprime diretamente. Porém a Main ainda contém validações de domínio e não usa corretamente os retornos de métodos de negócio, prejudicando a divisão de responsabilidades.","src/filmnow/MainFilmNow.java | src/filmnow/FilmNow.java | src/filmnow/Filme.java | src/filmnow/LeitorFilmNow.java | src/filmnow/MainFilmNow.java: atribuirHot(FilmNow, Scanner) | src/filmnow/FilmNow.java: adicionaHot(int, int), getFilme(int) | src/filmnow/MainFilmNow.java: comando(String, FilmNow, Scanner) | src/filmnow/MainFilmNow.java: detalharFilme(FilmNow, Scanner)",
S14,official_sample,redacted,llm,readability_and_documentation,Readability and Documentation,8.5,10,"O código é, em geral, legível, com nomes compreensíveis, Javadocs e organização por métodos. As perdas são de acabamento: inconsistências de nomenclatura, comentários que não deixam clara a convenção de posições e pequenos trechos não utilizados.","src/filmnow/Filme.java | src/filmnow/FilmNow.java | src/filmnow/MainFilmNow.java | src/filmnow/LeitorFilmNow.java | src/filmnow/LeitorFilmNow.java: carregaContatos(String, FilmNow) | src/filmnow/FilmNow.java: comentário de adicionaHot(int, int) | src/filmnow/MainFilmNow.java: atribuirHot(FilmNow, Scanner) | src/filmnow/MainFilmNow.java: formataFilme(int, Filme) | testes/filmnow/FilmeNowtestes.java: import assertNotEquals, testNomeAno()",
S15,official_sample,redacted,llm,basic_functionality,Basic Functionality,5,10,"A submissão implementa parte relevante do fluxo normal: cadastro válido, listagem, detalhamento de posições ocupadas e operações simples de HotList. Porém várias regras obrigatórias ficam incompletas ou incorretas, especialmente validações, duplicidade por nome+ano e consistência da HotList.","src/filmnow/FilmNow.java: campos filmes e hotList; construtor FilmNow() | src/filmnow/FilmNow.java: cadastraFilme(int, String, int, String) | src/filmnow/FilmNow.java: getFilmes(), getFilmeDetalhado(int), getHotList() | src/filmnow/MainFilmNow.java: adicionaFilme(), mostrarFilmes(), detalharFilme(), adicionaHot(), removeHot() | src/filmnow/Filme.java: toString(), toStringHot(), mudaHot() | src/filmnow/MainFilmNow.java: adicionaFilme() usa scanner.next() e Integer.parseInt(ano), sem validar nome/local vazios | src/filmnow/FilmNow.java: cadastraFilme() cadastra diretamente sem validações | src/filmnow/FilmNow.java: getFilmeDetalhado(int) acessa filmes[posicao-1] sem checar limites e retorna 'POSICAO INVALIDA' para posição vazia | src/filmnow/Filme.java: equals(Object) compara nome e local | src/filmnow/MainFilmNow.java: adicionaFilme() chama fn.existeFilmeIgual(new Filme(nome, local)) | src/filmnow/FilmNow.java: existeFilmeIgual(Filme) depende de equals() | src/filmnow/FilmNow.java: adicionaHot(int, int) | src/filmnow/FilmNow.java: removeHot(int) | src/filmnow/MainFilmNow.java: adicionaHot() não valida limites antes de chamar getFilme/adicionaHot",
S15,official_sample,redacted,llm,unit_tests,Unit Tests,5.5,10,"Há testes JUnit reais para Filme e FilmNow, com asserts relevantes e cobertura de alguns caminhos normais. A cobertura, entretanto, é parcial e não verifica vários requisitos obrigatórios, especialmente cenários de erro, limites e regras corretas de duplicidade.","srcTestes/testes/FilmeTest.java | srcTestes/testes/FilmNowTest.java | srcTestes/testes/FilmeTest.java: testHotInicialFalse(), testEquals(), testeMudaHot(), testToString() | srcTestes/testes/FilmNowTest.java: testCadastroFilmes(), testGetFilmeDetalhado(), testAdicionaHot(), testRemoveHot() | srcTestes/testes/FilmNowTest.java: ausência de testes para posições fora do intervalo | srcTestes/testes/FilmNowTest.java: ausência de testes para nome/local vazios e ano vazio | srcTestes/testes/FilmNowTest.java: ausência de teste de duplicidade por nome+ano | srcTestes/testes/FilmNowTest.java: testAdicionaHot() | srcTestes/testes/FilmNowTest.java: testExisteHot() | srcTestes/testes/FilmNowTest.java: testRemoveHot() | srcTestes/testes/FilmNowTest.java: testGetFilmeDetalhado() | srcTestes/testes/FilmeTest.java: testEquals()",
S15,official_sample,redacted,llm,class_design,Class Design,7,10,"A solução demonstra entendimento razoável da modelagem central: há uma classe Filme e uma classe FilmNow com papéis distintos, e a HotList foi incorporada ao modelo. Ainda assim, a classe Filme possui inconsistências importantes de igualdade e acesso, e a API de FilmNow não encapsula bem algumas regras obrigatórias.","src/filmnow/Filme.java | src/filmnow/FilmNow.java | src/filmnow/MainFilmNow.java | src/filmnow/LeitorFilmNow.java | src/filmnow/Filme.java: getLocal() | src/filmnow/Filme.java: equals(Object) | src/filmnow/Filme.java: Filme(String nome, String local) | src/filmnow/FilmNow.java: cadastraFilme(int, String, int, String) | src/filmnow/FilmNow.java: getFilmeDetalhado(int) | src/filmnow/MainFilmNow.java: adicionaFilme()",
S15,official_sample,redacted,llm,object_references,Object References and Composition,7.5,10,"Há evidência clara de composição: FilmNow armazena objetos Filme, cria instâncias e a HotList referencia filmes do acervo. As perdas vêm de inconsistências no uso dessas referências, principalmente na manutenção do estado hot e na comparação entre objetos.","src/filmnow/FilmNow.java: private Filme[] filmes; private Filme[] hotList | src/filmnow/FilmNow.java: cadastraFilme() | src/filmnow/FilmNow.java: adicionaHot(), removeHot(), existeFilmeIgual(), existeHot() | src/filmnow/Filme.java: mudaHot(), getHot() | src/filmnow/FilmNow.java: adicionaHot(int, int) | src/filmnow/Filme.java: mudaHot() | src/filmnow/Filme.java: equals(Object) | src/filmnow/MainFilmNow.java: adicionaFilme() | src/filmnow/FilmNow.java: existeFilmeIgual(Filme)",
S15,official_sample,redacted,llm,collections_and_arrays,Collections and Arrays,7,10,"A solução usa arrays com os tamanhos corretos para acervo e HotList e percorre essas estruturas para listar e buscar. O uso é funcional em caminhos simples, mas há problemas relevantes de checagem de limites, convenção de índices e sincronização da HotList.","src/filmnow/FilmNow.java: TAMANHO = 100 | src/filmnow/FilmNow.java: construtor FilmNow() inicializa new Filme[TAMANHO] e new Filme[10] | src/filmnow/FilmNow.java: getFilmes(), getHotList(), existeFilmeIgual(), existeHot() | src/filmnow/MainFilmNow.java: formataFilme(int, String) | src/filmnow/FilmNow.java: getFilme(int) | src/filmnow/FilmNow.java: getFilmeDetalhado(int) | src/filmnow/FilmNow.java: cadastraFilme(int, String, int, String) | src/filmnow/FilmNow.java: adicionaHot(int, int), removeHot(int) | src/filmnow/FilmNow.java: adicionaHot(int, int) | src/filmnow/FilmNow.java: removeHot(int)",
S15,official_sample,redacted,llm,separation_of_concerns,Separation of Concerns,6,10,"Existe uma divisão básica entre interface textual, leitor CSV, gerenciador e entidade de domínio. Entretanto, regras centrais do domínio ficam espalhadas na Main e a API de FilmNow força a interface a conhecer detalhes de validação, índices e comparação.","src/filmnow/MainFilmNow.java: menu(), comando(), adicionaFilme(), mostrarFilmes() | src/filmnow/FilmNow.java | src/filmnow/LeitorFilmNow.java | src/filmnow/MainFilmNow.java: adicionaFilme() | src/filmnow/MainFilmNow.java: adicionaHot() | src/filmnow/FilmNow.java: cadastraFilme() | src/filmnow/FilmNow.java: adicionaHot() | src/filmnow/FilmNow.java: getFilme(int)",
S15,official_sample,redacted,llm,readability_and_documentation,Readability and Documentation,7.5,10,"O código é em geral compreensível, com nomes de classes e métodos próximos do domínio e alguma documentação herdada/adicionada. As perdas são de acabamento: trechos duplicados, indentação irregular, comentários incompletos ou enganosos e uma API pública com comportamento surpreendente.","src/filmnow/Filme.java | src/filmnow/FilmNow.java | src/filmnow/MainFilmNow.java | src/filmnow/LeitorFilmNow.java | src/filmnow/Filme.java: mudaHot() | src/filmnow/Filme.java: toString() | src/filmnow/Filme.java: getLocal() | src/filmnow/Filme.java: comentário '//Override' antes do construtor | src/filmnow/FilmNow.java: métodos adicionaHot(), removeHot(), getHotList(), existeHot() sem documentação equivalente aos métodos principais",
S16,official_sample,redacted,llm,basic_functionality,Basic Functionality,1,10,"Há uma tentativa limitada de cadastrar filmes como objetos e de listar/detalhar pelo menu, mas a submissão não compila como entregue e grande parte do fluxo obrigatório, especialmente validações e HotList, está ausente ou inconsistente.","src/filmnow/Filme.java | src/filmnow/FilmNow.java: cadastraFilme, getFilme, estaCadastrado | src/filmnow/MainFilmNow.java: adicionaFilme, mostrarFilmes, detalharFilme, menu | src/filmnow/FilmNow.java: private boolean estaCadastrado(fl) | src/filmnow/FilmNow.java: for(int i=0; i<lenth.filmes; i++) | src/filmnow/FilmNow.java | src/filmnow/MainFilmNow.java: menu, comando | src/filmnow/FilmNow.java: cadastraFilme | src/filmnow/FilmNow.java: getFilme | src/filmnow/MainFilmNow.java: adicionaFilme, detalharFilme | src/filmnow/LeitorFilmNow.java: processaLinhaCsvFilmes",
S16,official_sample,redacted,llm,unit_tests,Unit Tests,0,10,"Não há arquivos de teste JUnit na submissão, portanto não existe evidência de testes da classe Filme, da classe FilmNow ou de cenários normais, alternativos e limites.",Árvore da submissão: contagem de arquivos de teste igual a 0 | Source Tree informado sem diretório ou arquivos de testes | Pacote submetido: Test file count = 0,
S16,official_sample,redacted,llm,class_design,Class Design,4,10,"A submissão demonstra alguma evolução real sobre o esqueleto ao criar Filme e ao trocar o array de Strings por Filme[], mas a modelagem permanece incompleta, o gerenciador central não compila e a HotList não foi modelada.","src/filmnow/Filme.java: atributos, construtor, toString, equals, hashCode | src/filmnow/FilmNow.java: private Filme[] filmes, construtor, cadastraFilme | src/filmnow/FilmNow.java: estaCadastrado | src/filmnow/FilmNow.java | src/filmnow/MainFilmNow.java: menu | src/filmnow/Filme.java: private int ano, construtor | src/filmnow/MainFilmNow.java: Integer.parseInt(ano)",
S16,official_sample,redacted,llm,object_references,Object References and Composition,5,10,"Há evidência parcial de composição, pois FilmNow armazena objetos Filme e o menu recebe referências desses objetos. Porém a integração é incompleta, não compila e não usa as referências para implementar duplicidade e HotList.","src/filmnow/FilmNow.java: private Filme[] filmes, cadastraFilme, getFilmes | src/filmnow/MainFilmNow.java: mostrarFilmes, detalharFilme | src/filmnow/Filme.java: equals | src/filmnow/FilmNow.java: estaCadastrado, cadastraFilme | src/filmnow/FilmNow.java | src/filmnow/MainFilmNow.java | src/filmnow/MainFilmNow.java: mostrarFilmes, formataFilme, detalharFilme | src/filmnow/FilmNow.java: getFilmes, getFilme",
S16,official_sample,redacted,llm,collections_and_arrays,Collections and Arrays,3,10,"O array principal de 100 filmes foi alterado para armazenar objetos Filme, mas o uso das estruturas é frágil: não há array/coleção para HotList, há inconsistências de índice e o array não é usado para validar duplicidade.","src/filmnow/FilmNow.java: TAMANHO, private Filme[] filmes, getFilmes, cadastraFilme | src/filmnow/MainFilmNow.java: mostrarFilmes, detalharFilme | src/filmnow/FilmNow.java | src/filmnow/FilmNow.java: cadastraFilme, getFilme | src/filmnow/MainFilmNow.java: mostrarFilmes, formataFilme, detalharFilme | src/filmnow/FilmNow.java: estaCadastrado, cadastraFilme",
S16,official_sample,redacted,llm,separation_of_concerns,Separation of Concerns,3,10,"Existe alguma separação nominal entre interface, leitor, gerenciador e filme, mas grande parte disso vem da estrutura inicial. A lógica obrigatória não foi devidamente alocada em FilmNow e a interface manipula diretamente detalhes de armazenamento e formatação.","src/filmnow/Filme.java | src/filmnow/FilmNow.java | src/filmnow/MainFilmNow.java | src/filmnow/LeitorFilmNow.java | src/filmnow/MainFilmNow.java: adicionaFilme | src/filmnow/FilmNow.java: cadastraFilme | src/filmnow/MainFilmNow.java: mostrarFilmes, formataFilme, detalharFilme | src/filmnow/FilmNow.java: getFilmes, getFilme | src/filmnow/MainFilmNow.java: menu, comando",
S16,official_sample,redacted,llm,readability_and_documentation,Readability and Documentation,3,10,"Os nomes principais são compreensíveis e a estrutura de arquivos é simples, mas o código contém um trecho inacabado que impede compilação, documentação vazia ou herdada e inconsistências que prejudicam bastante a manutenção.",src/filmnow/Filme.java | src/filmnow/FilmNow.java | src/filmnow/MainFilmNow.java | src/filmnow/FilmNow.java: estaCadastrado | src/filmnow/Filme.java: comentários Javadoc vazios | src/filmnow/FilmNow.java: comentários gerais | src/filmnow/LeitorFilmNow.java: carregaContatos | src/filmnow/FilmNow.java: lenth.filmes | src/filmnow/FilmNow.java: comentário de local onde pode ser assitido,
S17,official_sample,redacted,llm,basic_functionality,Basic Functionality,7.5,10,"A submissão implementa boa parte do fluxo obrigatório: cadastro em posições válidas, sobrescrita, detalhamento, ano vazio no modelo, listagem pela interface e operações principais de HotList. As perdas vêm de uma falha material na verificação de duplicidade por nome e ano e de limitações no fluxo de console para entradas com espaços ou ano vazio.","src/filmnow/FilmNow.java: cadastraFilme(int, String, String, String) | src/filmnow/FilmNow.java: detalharFilme(int) | src/filmnow/FilmNow.java: adicionaHot(int, Filme), removeHot(int), getHotList(), isHot(Filme) | src/filmnow/MainFilmNow.java: comando(String, FilmNow, Scanner), mostrarFilmes(FilmNow), exibirHotList(FilmNow) | src/filmnow/Filme.java: equals(Object) | src/filmnow/MainFilmNow.java: adicionaFilme(FilmNow, Scanner)",
S17,official_sample,redacted,llm,unit_tests,Unit Tests,7.0,10,"Há testes JUnit reais com asserções relevantes para `Filme` e `FilmNow`, cobrindo cadastro, limites de posição, campos inválidos, ano vazio, detalhamento e sinalização de hot. A cobertura, porém, fica incompleta principalmente para as operações próprias da HotList e para casos que revelariam a falha de igualdade com `String`.","src/testes/FilmeTest.java | src/testes/FilmNowTest.java | src/testes/FilmNowTest.java: teste16 | src/filmnow/FilmNow.java: adicionaHot(int, Filme), removeHot(int), getHotList() | src/testes/FilmeTest.java: testEqualsObject() | src/testes/FilmNowTest.java: teste3(), teste4() | src/filmnow/Filme.java: equals(Object)",
S17,official_sample,redacted,llm,class_design,Class Design,8.0,10,"A solução mostra entendimento claro da modelagem central: há uma classe `Filme` com dados e representações textuais e uma classe `FilmNow` responsável pelo acervo e pela HotList. A principal perda de design está na implementação incorreta do contrato de igualdade/hash de `Filme`, que é um conceito importante da classe de domínio.",src/filmnow/Filme.java | src/filmnow/FilmNow.java | src/filmnow/Filme.java: equals(Object) | src/filmnow/Filme.java: hashCode(),
S17,official_sample,redacted,llm,object_references,Object References and Composition,8.5,10,"A composição principal foi bem demonstrada: `FilmNow` armazena objetos `Filme`, cria filmes no cadastro e reutiliza referências na HotList. A perda é localizada na API de HotList, que aceita qualquer referência externa de `Filme` sem garantir que ela pertence ao acervo.","src/filmnow/FilmNow.java: campos filmes e hotList | src/filmnow/FilmNow.java: cadastraFilme(int, String, String, String) | src/filmnow/FilmNow.java: adicionaHot(int, Filme), isHot(Filme) | src/filmnow/MainFilmNow.java: atribuirHot(FilmNow, Scanner) | src/filmnow/FilmNow.java: adicionaHot(int, Filme)",
S17,official_sample,redacted,llm,collections_and_arrays,Collections and Arrays,9.0,10,Os arrays são usados de forma coerente para representar as duas estruturas obrigatórias: acervo com 100 posições e HotList com 10 posições. Há conversão consistente da posição de usuário para índice interno na maior parte dos métodos. A perda é pequena e ligada à ausência de validação em um acesso público ao array.,"src/filmnow/FilmNow.java: campo TAMANHO e filmes | src/filmnow/FilmNow.java: campo hotList | src/filmnow/FilmNow.java: getFilmes(), getHotList() | src/filmnow/FilmNow.java: cadastraFilme(int, String, String, String), adicionaHot(int, Filme), removeHot(int) | src/filmnow/FilmNow.java: getFilme(int)",
S17,official_sample,redacted,llm,separation_of_concerns,Separation of Concerns,7.5,10,"Há separação razoável entre interface (`MainFilmNow`), domínio (`Filme`) e gerenciador (`FilmNow`). O código de negócio principal não imprime diretamente em `FilmNow`. Ainda assim, algumas regras e percursos sobre o acervo e a HotList ficaram na interface, aumentando o acoplamento com a representação interna.","src/filmnow/MainFilmNow.java | src/filmnow/FilmNow.java | src/filmnow/Filme.java | src/filmnow/LeitorFilmNow.java | src/filmnow/MainFilmNow.java: atribuirHot(FilmNow, Scanner) | src/filmnow/FilmNow.java: adicionaHot(int, Filme) | src/filmnow/MainFilmNow.java: mostrarFilmes(FilmNow) | src/filmnow/MainFilmNow.java: exibirHotList(FilmNow) | src/filmnow/FilmNow.java: getFilmes(), getHotList()",
S17,official_sample,redacted,llm,readability_and_documentation,Readability and Documentation,9.0,10,"O código é, em geral, legível, com nomes compreensíveis e documentação abundante nas classes principais. As perdas são pequenas e ligadas a nomes pouco descritivos em testes e comentários herdados ou imprecisos em alguns pontos.","src/filmnow/Filme.java | src/filmnow/FilmNow.java | src/filmnow/MainFilmNow.java | src/filmnow/LeitorFilmNow.java | src/testes/FilmNowTest.java | src/testes/FilmNowTest.java: métodos teste1 a teste16 | src/filmnow/LeitorFilmNow.java: carregaContatos(String, FilmNow)",
S18,official_sample,redacted,llm,basic_functionality,Basic Functionality,7,10,"O fluxo principal de cadastro, sobrescrita, listagem simples, detalhamento e parte da HotList foi implementado de forma funcional. A solução, porém, perde pontos por erros materiais na HotList, especialmente validação de posições, verificação de duplicidade e alguns caminhos que podem lançar exceção em vez de retornar a mensagem esperada.","src/filmnow/FilmNow.java: cadastraFilme(int, String, String, String) | src/filmnow/FilmNow.java: temFilme(Filme) | src/filmnow/FilmNow.java: getFilmes() e getFilme(int) | src/filmnow/FilmNow.java: atribuiHot(int, int) e retiraHot(int) | src/filmnow/Filme.java: formataFilme() | src/filmnow/MainFilmNow.java: mostrarFilmes, detalharFilme, exibeHot | src/filmnow/FilmNow.java: atribuiHot(int, int) | src/filmnow/FilmNow.java: retiraHot(int) | src/filmnow/FilmNow.java: temFilmeHot(Filme)",
S18,official_sample,redacted,llm,unit_tests,Unit Tests,7.5,10,"Há uma suíte JUnit real e relativamente ampla para `Filme` e `FilmNow`, cobrindo cadastro, duplicidade, limites do acervo, detalhamento e alguns casos de HotList. A nota não é mais alta porque os testes deixam escapar defeitos importantes da HotList e incluem uma compreensão incorreta da relação entre `equals` e `hashCode`.","testes/filmnow/FilmeTest.java | testes/filmnow/FilmNowTest.java: testAdicionaFilme, testSubstituiFilme, testAdicionaJaCadastrado, testAdicionaNoFinalLista, testAdicionaAcimaLim, testAdicionaAbaixoLim | testes/filmnow/FilmNowTest.java: testDetalhaFilmeCompleto, testDetalhaFilmeSemAno, testDetalhaFilmeHot | testes/filmnow/FilmNowTest.java: testAtribuiFilmeHot, testRetiraHotExistente | testes/filmnow/FilmNowTest.java: testAtribuiHotDeDestinoAlem sem anotação @Test | testes/filmnow/FilmNowTest.java: testes 3.x e 4.x de HotList | testes/filmnow/FilmeTest.java: testLocalDiferente | src/filmnow/Filme.java: equals(Object) e hashCode()",
S18,official_sample,redacted,llm,class_design,Class Design,8,10,"A submissão modela explicitamente `Filme` e `FilmNow`, com papéis centrais coerentes para o laboratório: `Filme` representa os dados do filme e `FilmNow` gerencia acervo e HotList. As perdas vêm de inconsistências de modelagem, especialmente no contrato `equals`/`hashCode` e na exposição direta de estruturas internas.",src/filmnow/Filme.java | src/filmnow/FilmNow.java | src/filmnow/Filme.java: equals(Object) | src/filmnow/Filme.java: formataFilme() | src/filmnow/Filme.java: hashCode() | src/filmnow/FilmNow.java: getFilmesOriginal() | src/filmnow/FilmNow.java: getHotList(),
S18,official_sample,redacted,llm,object_references,Object References and Composition,7,10,"A composição principal foi aprendida: `FilmNow` armazena objetos `Filme`, cria instâncias e a HotList referencia os mesmos objetos para refletir o status hot. A nota cai porque parte da manipulação de referências na HotList é incorreta e porque a interface usa referências internas diretamente.","src/filmnow/FilmNow.java: atributos `Filme[] filmes` e `Filme[] hotList` | src/filmnow/FilmNow.java: cadastraFilme(int, String, String, String) | src/filmnow/FilmNow.java: atribuiHot(int, int) | src/filmnow/Filme.java: setStatus() e removeStatus() | src/filmnow/FilmNow.java: temFilmeHot(Filme) | src/filmnow/FilmNow.java: getHotList() | src/filmnow/MainFilmNow.java: adicionaHot(FilmNow, Scanner) | src/filmnow/MainFilmNow.java: exibeHot(FilmNow)",
S18,official_sample,redacted,llm,collections_and_arrays,Collections and Arrays,7,10,"A solução usa arrays com os tamanhos exigidos para o acervo principal e para a HotList, e a estrutura sustenta boa parte do cadastro, listagem e detalhamento. O principal desconto vem de inconsistências de índice e validação na HotList, que é uma parte obrigatória do uso de arrays neste laboratório.","src/filmnow/FilmNow.java: constantes TAMANHO e TAM_HOT | src/filmnow/FilmNow.java: atributos `filmes` e `hotList` | src/filmnow/FilmNow.java: getFilmes(), getFilme(int), cadastraFilme(...) | src/filmnow/MainFilmNow.java: mostrarFilmes(FilmNow) | src/filmnow/FilmNow.java: atribuiHot(int, int) | src/filmnow/FilmNow.java: retiraHot(int) | src/filmnow/FilmNow.java: getFilmesOriginal() | src/filmnow/FilmNow.java: getHotList()",
S18,official_sample,redacted,llm,separation_of_concerns,Separation of Concerns,7,10,"Existe separação razoável entre interface textual, leitor de CSV, entidade `Filme` e gerenciador `FilmNow`. Ainda assim, a `MainFilmNow` contém regras de domínio da HotList e manipula estruturas internas, o que enfraquece a divisão de responsabilidades exigida pelo laboratório.","src/filmnow/MainFilmNow.java | src/filmnow/FilmNow.java | src/filmnow/Filme.java | src/filmnow/LeitorFilmNow.java | src/filmnow/MainFilmNow.java: adicionaHot(FilmNow, Scanner) | src/filmnow/FilmNow.java: atribuiHot(int, int) | src/filmnow/MainFilmNow.java: exibeHot(FilmNow) | src/filmnow/FilmNow.java: getHotList()",
S18,official_sample,redacted,llm,readability_and_documentation,Readability and Documentation,8.5,10,"O código é majoritariamente legível, com nomes compreensíveis e Javadocs em várias classes e métodos. As perdas são pequenas e se devem a comentários imprecisos, alguns nomes herdados/inadequados e escolhas de estilo que tornam certas partes frágeis.","src/filmnow/Filme.java | src/filmnow/FilmNow.java | src/filmnow/MainFilmNow.java | testes/filmnow/FilmeTest.java | testes/filmnow/FilmNowTest.java | src/filmnow/LeitorFilmNow.java: carregaContatos | testes/filmnow/FilmeTest.java: comentários de testEquals e testNotEquals | src/filmnow/Filme.java: formataFilme() | src/filmnow/MainFilmNow.java: adicionaHot(FilmNow, Scanner)",
S19,official_sample,redacted,llm,basic_functionality,Basic Functionality,8,10,"O fluxo principal obrigatório está majoritariamente implementado: cadastro em posições 1 a 100, sobrescrita, bloqueio de duplicidade por nome e ano, detalhamento com ano opcional e sinalização de hot funcionam em grande parte. As perdas concentram-se em lacunas da HotList e na integração da remoção pela interface, não no cadastro básico de filmes.","src/filmnow/FilmNow.java: método cadastraFilme(int, String, String, String) | src/filmnow/Filme.java: métodos equals(Object), hashCode() e toString() | src/filmnow/FilmNow.java: métodos cadastraHot(int, int), retiraHot(int) e detalhesFilme(int) | src/filmnow/MainFilmNow.java: métodos mostrarFilmes(), exibeHotFilmes(), adicionaHotFilme() e removeHotFilme() | src/filmnow/FilmNow.java: método cadastraHot(int posicao, int filme) | src/filmnow/MainFilmNow.java: método exibeHotFilmes() | src/filmnow/MainFilmNow.java: método removeHotFilme() | src/filmnow/FilmNow.java: método retiraHot(int)",
S19,official_sample,redacted,llm,unit_tests,Unit Tests,8,10,"Há uma suíte JUnit real, com muitos asserts relevantes para `Filme` e `FilmNow`, cobrindo igualdade, representação textual, cadastro, limites de posição, duplicidade, detalhamento e parte da HotList. A nota não é máxima porque alguns cenários importantes do fluxo obrigatório, principalmente exibição/listagem e validade do filme ao atribuir HotList, ficam sem cobertura.","src/testes/FilmeTest.java: testes testEquals* e testToString* | src/testes/FilmNowTest.java: testes testCadastraFilme* | src/testes/FilmNowTest.java: testes testDetalhesFilme* | src/testes/FilmNowTest.java: testes testCadastraHot* e testRetiraHot* | src/testes/FilmNowTest.java: conjunto de testes testCadastraHot* | src/filmnow/FilmNow.java: método cadastraHot(int, int) | src/testes/FilmNowTest.java | src/filmnow/MainFilmNow.java: métodos mostrarFilmes() e exibeHotFilmes()",
S19,official_sample,redacted,llm,class_design,Class Design,8.5,10,A modelagem central está bem encaminhada: há uma classe `Filme` com estado e comportamento próprios e uma classe `FilmNow` que gerencia o acervo e a HotList. As perdas são localizadas e ligadas principalmente ao fato de parte da representação/listagem e da HotList ainda não estar tão bem encapsulada no modelo de domínio.,"src/filmnow/Filme.java | src/filmnow/FilmNow.java | src/filmnow/LeitorFilmNow.java: método processaLinhaCsvFilmes(String[], FilmNow) | src/filmnow/MainFilmNow.java | src/filmnow/FilmNow.java: ausência de método de listagem/exibição da HotList | src/filmnow/MainFilmNow.java: métodos mostrarFilmes() e exibeHotFilmes() | src/filmnow/FilmNow.java: atributos filmes e hotFilmes | src/filmnow/FilmNow.java: método cadastraHot(int, int)",
S19,official_sample,redacted,llm,object_references,Object References and Composition,8,10,"A composição principal foi aprendida: `FilmNow` cria e armazena objetos `Filme`, usa suas operações de igualdade e retorna cópias dos arrays. A principal limitação está na HotList, que é controlada por índices inteiros e expõe essa representação para a interface, em vez de manter o uso de referências de objetos de forma consistente.","src/filmnow/FilmNow.java: atributo Filme[] filmes | src/filmnow/FilmNow.java: método cadastraFilme(int, String, String, String) | src/filmnow/FilmNow.java: método detalhesFilme(int) | src/filmnow/FilmNow.java: métodos getFilmes() e getHotFilmes() | src/filmnow/FilmNow.java: atributo int[] hotFilmes | src/filmnow/MainFilmNow.java: método exibeHotFilmes() | src/filmnow/FilmNow.java: método getHotFilmes()",
S19,official_sample,redacted,llm,collections_and_arrays,Collections and Arrays,7.5,10,As estruturas principais atendem ao tamanho exigido: um array de 100 filmes e uma HotList de 10 posições. O uso dos índices 1 a 100 e 1 a 10 é majoritariamente correto. A nota não é mais alta porque a estrutura da HotList permite posições de filme inválidas ou vazias e essa inconsistência pode quebrar a exibição.,"src/filmnow/FilmNow.java: constantes TAMANHO e hotTamanho | src/filmnow/FilmNow.java: atributos filmes e hotFilmes | src/filmnow/FilmNow.java: métodos cadastraFilme(int, String, String, String), cadastraHot(int, int), detalhesFilme(int) | src/filmnow/MainFilmNow.java: método exibeHotFilmes() | src/filmnow/FilmNow.java: método cadastraHot(int, int) | src/filmnow/FilmNow.java: atributo int[] hotFilmes | src/filmnow/FilmNow.java: métodos cadastraFilme(int, String, String, String) e cadastraHot(int, int)",
S19,official_sample,redacted,llm,separation_of_concerns,Separation of Concerns,7,10,"Há separação básica entre interface, leitura de arquivo, entidade `Filme` e gerenciador `FilmNow`, e `FilmNow` não depende de `Scanner` nem imprime diretamente. Porém, a `Main` ainda concentra parte relevante da lógica de listagem e exibição da HotList, acessando estruturas internas por getters e reconstruindo regras de domínio.","src/filmnow/FilmNow.java | src/filmnow/MainFilmNow.java | src/filmnow/LeitorFilmNow.java | src/filmnow/Filme.java | src/filmnow/MainFilmNow.java: métodos mostrarFilmes(), formataFilme() e exibeHotFilmes() | src/filmnow/FilmNow.java: métodos getFilmes() e getHotFilmes() | src/filmnow/MainFilmNow.java: método removeHotFilme() | src/filmnow/FilmNow.java: método retiraHot(int)",
S19,official_sample,redacted,llm,readability_and_documentation,Readability and Documentation,8.5,10,"O código é legível, usa nomes em geral claros e possui comentários/Javadocs úteis nas classes e métodos principais. As perdas são pequenas e ligadas a alguns problemas de polimento, duplicação simples e comentários/nomenclaturas inconsistentes, sem comprometer a compreensão geral.","src/filmnow/Filme.java | src/filmnow/FilmNow.java | src/filmnow/MainFilmNow.java | src/filmnow/LeitorFilmNow.java | src/filmnow/FilmNow.java: método cadastraFilme(int, String, String, String) | src/filmnow/FilmNow.java: constantes TAMANHO e hotTamanho | src/filmnow/LeitorFilmNow.java: método carregaContatos(String, FilmNow) | src/filmnow/FilmNow.java: método detalhesFilme(int)",
S20,official_sample,redacted,llm,basic_functionality,Basic Functionality,7,10,"A submissão implementa boa parte do fluxo obrigatório: cadastro com objeto Filme, prevenção de duplicidade por nome e ano, listagem, detalhamento e operações de HotList. Porém há falhas funcionais relevantes no fluxo da interface, especialmente ano vazio, tratamento de posições vazias no detalhamento e mensagens/validação da HotList.","src/filmnow/Filme.java: classe Filme, getDetalhes(), equals(Object) | src/filmnow/FilmNow.java: adicionaFilme(int,String,String,String), cadastraFilme(int,String,int,String), jaExisteFilme(String,int), detalharFilme(int) | src/filmnow/FilmNow.java: adicionaHot(int,int), removeHot(int), estaNaHotList(Filme) | src/filmnow/MainFilmNow.java: comando(String,FilmNow,Scanner), adicionaFilme(FilmNow,Scanner), mostrarFilmes(FilmNow), detalharFilme(FilmNow,Scanner), atribuirHot(FilmNow,Scanner) | src/filmnow/MainFilmNow.java: adicionaFilme(FilmNow,Scanner) | src/filmnow/FilmNow.java: adicionaFilme(int,String,String,String) | src/filmnow/FilmNow.java: adicionaHot(int,int) | src/filmnow/MainFilmNow.java: atribuirHot(FilmNow,Scanner) | src/filmnow/MainFilmNow.java: exibirHotList(FilmNow) | src/filmnow/MainFilmNow.java: detalharFilme(FilmNow,Scanner) | src/filmnow/FilmNow.java: detalharFilme(int) | src/filmnow/Filme.java: getDetalhes(), setHot(boolean)",
S20,official_sample,redacted,llm,unit_tests,Unit Tests,8,10,"Há uma suíte JUnit real e relativamente ampla para Filme, FilmNow, detalhamento e HotList, com asserts relevantes para cenários normais, alternativos e alguns limites. A nota não é máxima porque alguns casos obrigatórios importantes não são testados de forma efetiva e alguns testes reproduzem inconsistências da implementação.","Testes/lab3FilmNow/FilmeTest.java | Testes/lab3FilmNow/FilmNowTest.java | Testes/lab3FilmNow/DetalharFilmesTest.java | Testes/lab3FilmNow/FilmNowHotTest.java | src/filmnow/TesteFilmNow.java | Testes/lab3FilmNow/FilmNowTest.java: teste9_anoVazioAceitoComoZero usa ""0"" em vez de string vazia | Testes/lab3FilmNow/DetalharFilmesTest.java: test6_DetalharFilmeComHot usa setHot(true) diretamente | Testes/lab3FilmNow/FilmNowHotTest.java: preparaFilmes()",
S20,official_sample,redacted,llm,class_design,Class Design,8,10,"A modelagem central está presente: Filme e FilmNow têm papéis distintos, e Filme concentra dados e representação textual do filme. As perdas vêm de inconsistências de API e de uma modelagem de HotList parcialmente duplicada, que dificulta manter o estado coerente.","src/filmnow/Filme.java | src/filmnow/FilmNow.java | src/filmnow/MainFilmNow.java | src/filmnow/LeitorFilmNow.java | src/filmnow/FilmNow.java: cadastraFilme(int,String,int,String) | src/filmnow/FilmNow.java: adicionaFilme(int,String,String,String) | src/filmnow/MainFilmNow.java: adicionaFilme(FilmNow,Scanner) | src/filmnow/Filme.java: atributo hot, setHot(boolean), getDetalhes() | src/filmnow/FilmNow.java: adicionaHot(int,int), removeHot(int), estaNaHotList(Filme)",
S20,official_sample,redacted,llm,object_references,Object References and Composition,8,10,"A composição principal foi aprendida: FilmNow armazena e manipula objetos Filme, e a HotList guarda referências a esses mesmos filmes. As falhas restantes são de encapsulamento e sincronização de referências, não de ausência da ideia central.","src/filmnow/FilmNow.java: atributos filmes e hotList | src/filmnow/FilmNow.java: cadastraFilme(int,String,int,String) | src/filmnow/FilmNow.java: adicionaFilme(int,String,String,String) | src/filmnow/FilmNow.java: adicionaHot(int,int), jaExisteFilme(String,int) | src/filmnow/Filme.java: equals(Object) | src/filmnow/Filme.java: atributo hot e getDetalhes() | src/filmnow/FilmNow.java: adicionaHot(int,int), removeHot(int), estaNaHotList(Filme) | src/filmnow/FilmNow.java: getHotList() | src/filmnow/FilmNow.java: getFilmes()",
S20,official_sample,redacted,llm,collections_and_arrays,Collections and Arrays,7.5,10,"Os arrays são usados para resolver o acervo e a HotList, com tamanhos fixos compatíveis em grande parte com o enunciado. A nota é reduzida por inconsistências de índices e por exposição direta da HotList, que afetam a robustez da estrutura.","src/filmnow/FilmNow.java: private static final int TAMANHO = 101 | src/filmnow/FilmNow.java: private Filme[] filmes; private Filme[] hotList = new Filme[10] | src/filmnow/FilmNow.java: getFilmes(), getFilme(int), jaExisteFilme(String,int), adicionaHot(int,int) | src/filmnow/MainFilmNow.java: mostrarFilmes(FilmNow), exibirHotList(FilmNow) | src/filmnow/FilmNow.java: TAMANHO = 101, getFilme(int), cadastraFilme(int,String,int,String), adicionaFilme(int,String,String,String), adicionaHot(int,int) | src/filmnow/MainFilmNow.java: atribuirHot(FilmNow,Scanner), exibirHotList(FilmNow) | src/filmnow/FilmNow.java: getHotList() | src/filmnow/MainFilmNow.java: exibirHotList(FilmNow)",
S20,official_sample,redacted,llm,separation_of_concerns,Separation of Concerns,7,10,"Existe uma separação básica entre modelo, gerenciador, leitor de arquivo e interface, e FilmNow não depende de Scanner nem imprime diretamente. Entretanto, a Main concentra validações e regras de domínio que já deveriam estar centralizadas em FilmNow, o que causa divergências funcionais.","src/filmnow/Filme.java | src/filmnow/FilmNow.java | src/filmnow/MainFilmNow.java | src/filmnow/LeitorFilmNow.java | src/filmnow/MainFilmNow.java: adicionaFilme(FilmNow,Scanner), detalharFilme(FilmNow,Scanner) | src/filmnow/FilmNow.java: adicionaFilme(int,String,String,String), detalharFilme(int) | src/filmnow/FilmNow.java: adicionaHot(int,int), removeHot(int) | src/filmnow/MainFilmNow.java: atribuirHot(FilmNow,Scanner), removerHot(FilmNow,Scanner)",
S20,official_sample,redacted,llm,readability_and_documentation,Readability and Documentation,8,10,"O código é em geral compreensível, com nomes descritivos e vários comentários/Javadocs. As perdas são por inconsistências internas, duplicação de caminhos e comentários que nem sempre refletem o comportamento real.","src/filmnow/Filme.java | src/filmnow/FilmNow.java | src/filmnow/MainFilmNow.java | Testes/lab3FilmNow/FilmNowTest.java | Testes/lab3FilmNow/FilmNowHotTest.java | src/filmnow/FilmNow.java: cadastraFilme(int,String,int,String), adicionaFilme(int,String,String,String), getFilme(int) | src/filmnow/MainFilmNow.java: adicionaFilme(FilmNow,Scanner), atribuirHot(FilmNow,Scanner) | src/filmnow/MainFilmNow.java: comentário antes de exibirHotList/atribuirHot/removerHot | src/filmnow/MainFilmNow.java: formataFilme(int,String) | src/filmnow/FilmNow.java: comentários de adicionaHot(int,int)",
S21,official_sample,redacted,llm,basic_functionality,Basic Functionality,6,10,"A submissão implementa parte relevante do fluxo obrigatório: cadastro de filmes, detalhamento, listagem via interface e uma HotList funcional em casos simples. Porém há falhas materiais em respostas do fluxo interativo, validação/duplicidade e manutenção da HotList, o que impede nota alta em funcionalidade.",src/filmnow/FilmNow.java::cadastraFilme | src/filmnow/FilmNow.java::detalhesFilme | src/filmnow/FilmNow.java::atribuirHotlist | src/filmnow/FilmNow.java::removerHotlist | src/filmnow/MainFilmNow.java::comando | src/filmnow/MainFilmNow.java::mostrarFilmes | src/filmnow/Filme.java::toString | src/filmnow/MainFilmNow.java::adicionaFilme | src/filmnow/MainFilmNow.java::adicionarHot | src/filmnow/Filme.java::equals,
S21,official_sample,redacted,llm,unit_tests,Unit Tests,7,10,"Há uma suíte JUnit real com muitos asserts cobrindo cadastro, limites, duplicidade, detalhamento e HotList. A cobertura é relevante, mas incompleta para a classe Filme propriamente dita e deixa passar cenários importantes que revelariam inconsistências da implementação.",testes/filmnow/FilmeTest.java::adicionarFilmeNaPosiçãoVazia | testes/filmnow/FilmeTest.java::filmeJaAdicionado | testes/filmnow/FilmeTest.java::filmeNaPosicaoLimite | testes/filmnow/FilmeTest.java::detalharFilmeComTodosOsDados | testes/filmnow/FilmeTest.java::detalharFilmeDaHotlist | testes/filmnow/FilmeTest.java::adicionarFilmeNoLimiteMaximoDaHotlist | testes/filmnow/FilmeTest.java::removerFilmeExistenteDaHotlist | testes/filmnow/FilmeTest.java | src/filmnow/Filme.java::equals | src/filmnow/Filme.java::toString | testes/filmnow/FilmeTest.java::filmeAdicionadoAHotlistEmUmaPosicaoNaoVazia | src/filmnow/MainFilmNow.java::mostrarFilmes | src/filmnow/MainFilmNow.java::exibirHotlist | testes/filmnow/FilmeTest.java::filmeComNomeVazio | testes/filmnow/FilmeTest.java::filmeComLocalVazio | testes/filmnow/FilmeTest.java::filmePosicaoAcimaDoLimite,
S21,official_sample,redacted,llm,class_design,Class Design,7,10,"A solução evolui claramente além do código inicial: cria uma classe Filme com atributos do domínio e usa FilmNow como gerenciador do acervo e da HotList. A modelagem, porém, tem problemas conceituais em igualdade, estado hot e exposição de representação que reduzem a qualidade do desenho.",src/filmnow/Filme.java | src/filmnow/FilmNow.java | src/filmnow/MainFilmNow.java | src/filmnow/LeitorFilmNow.java | src/filmnow/Filme.java::equals | src/filmnow/Filme.java::hashCode | src/filmnow/Filme.java::statusHotlist | src/filmnow/FilmNow.java::posicaoFilme | src/filmnow/FilmNow.java::atribuirHotlist | src/filmnow/FilmNow.java::removerHotlist | src/filmnow/FilmNow.java::getFilmes | src/filmnow/FilmNow.java::getHotlist | src/filmnow/MainFilmNow.java::mostrarFilmes | src/filmnow/MainFilmNow.java::exibirHotlist,
S21,official_sample,redacted,llm,object_references,Object References and Composition,7,10,"Há evidência clara de composição: FilmNow armazena e manipula objetos Filme, e a HotList referencia filmes cadastrados. Entretanto, o ciclo de vida dessas referências não é controlado de modo consistente em substituições, remoções e posições inválidas.",src/filmnow/FilmNow.java::filmes | src/filmnow/FilmNow.java::hotlist | src/filmnow/FilmNow.java::cadastraFilme | src/filmnow/FilmNow.java::atribuirHotlist | src/filmnow/FilmNow.java::detalhesFilme | src/filmnow/Filme.java::setStatusHotlist | src/filmnow/Filme.java::statusHotlist,
S21,official_sample,redacted,llm,collections_and_arrays,Collections and Arrays,7.5,10,"Os arrays são usados de forma funcional para representar o acervo de até 100 filmes e a HotList de até 10 posições, com indexação compatível com o enunciado em boa parte dos métodos. As principais perdas vêm de validações incompletas de índices e sincronização inadequada da HotList.",src/filmnow/FilmNow.java::TAMANHO | src/filmnow/FilmNow.java::TAMANHOHOTLIST | src/filmnow/FilmNow.java::FilmNow | src/filmnow/FilmNow.java::cadastraFilme | src/filmnow/FilmNow.java::atribuirHotlist | src/filmnow/FilmNow.java::getFilmes | src/filmnow/FilmNow.java::getHotlist | src/filmnow/FilmNow.java::removerHotlist | src/filmnow/FilmNow.java::hotlist | src/filmnow/FilmNow.java::detalhesFilme,
S21,official_sample,redacted,llm,separation_of_concerns,Separation of Concerns,8,10,"A solução apresenta uma separação razoável para o nível do laboratório: FilmNow concentra boa parte das regras, Filme representa a entidade, Main cuida da interface e LeitorFilmNow da carga CSV. As perdas são localizadas, principalmente por vazamento de representação interna para a Main e acoplamento da interface aos arrays.",src/filmnow/FilmNow.java | src/filmnow/MainFilmNow.java::menu | src/filmnow/MainFilmNow.java::comando | src/filmnow/LeitorFilmNow.java::carregaContatos | src/filmnow/Filme.java | src/filmnow/MainFilmNow.java::mostrarFilmes | src/filmnow/MainFilmNow.java::exibirHotlist | src/filmnow/FilmNow.java::getFilmes | src/filmnow/FilmNow.java::getHotlist | src/filmnow/MainFilmNow.java::adicionaFilme | src/filmnow/MainFilmNow.java::adicionarHot | src/filmnow/FilmNow.java::cadastraFilme | src/filmnow/FilmNow.java::atribuirHotlist,
S21,official_sample,redacted,llm,readability_and_documentation,Readability and Documentation,8,10,"O código é em geral compreensível, com nomes descritivos e comentários/Javadocs em várias classes e métodos. Há, contudo, alguns elementos que prejudicam a limpeza e a precisão, como imports de JUnit no código de produção, comentários imprecisos e alguns nomes/campos que dificultam entender o estado real da HotList.",src/filmnow/Filme.java | src/filmnow/FilmNow.java | src/filmnow/MainFilmNow.java | src/filmnow/LeitorFilmNow.java | src/filmnow/FilmNow.java::imports | testes/filmnow/FilmeTest.java::removerFilmeExistente | testes/filmnow/FilmeTest.java::removerFilmeInexistente | src/filmnow/FilmNow.java::removerHotlist | src/filmnow/FilmNow.java::posicaoFilme | src/filmnow/FilmNow.java::atribuirHotlist,
S22,official_sample,redacted,llm,basic_functionality,Basic Functionality,6,10,"A submissão implementa parte relevante do fluxo obrigatório: cadastro em posições de 1 a 100, sobrescrita, listagem simples, detalhamento e uma HotList funcional em cenários básicos. Porém há falhas materiais em duplicidade/validação por comparação incorreta de strings e a HotList não trata adequadamente posições inválidas, duplicatas e remoção, o que impede uma nota alta em funcionalidade.","src/filmnow/FilmNow.java: método cadastraFilme | src/filmnow/FilmNow.java: métodos adicionaHotList, retiraHotList e exibirHotList | src/filmnow/MainFilmNow.java: métodos mostrarFilmes, detalharFilme, atribuirHotList e removeHotList | src/filmnow/DetalhaFilme.java: método toString | testes/filmnow/FIlmeTeste.java: testes de cadastro, limites, detalhamento e hot em detalhamento | src/filmnow/Filme.java: método equals | src/filmnow/FilmNow.java: métodos adicionaHotList e retiraHotList | src/filmnow/FilmNow.java: método getFilme | src/filmnow/MainFilmNow.java: método atribuirHotList | src/filmnow/FilmNow.java: método retiraHotList | src/filmnow/DetalhaFilme.java: método toString usa getInHotList",
S22,official_sample,redacted,llm,unit_tests,Unit Tests,7,10,"Há uma suíte JUnit real com asserts relevantes cobrindo boa parte do cadastro, limites de posição, duplicidade, ano vazio e detalhamento. A cobertura, porém, fica incompleta para HotList como funcionalidade própria, para a classe `Filme` e para cenários que revelariam alguns erros de comparação de strings e integração.","testes/filmnow/FIlmeTeste.java: método preparaFilmes | testes/filmnow/FIlmeTeste.java: testes testeCadastraFilmePosicaoVazia, testaCadastraFilmePosicaoOcupada, testaCadastraMesmoFilmeDuasVezes e testaCadastraMesmoFilmeLocaisDiferentes | testes/filmnow/FIlmeTeste.java: testes de posições limite | testes/filmnow/FIlmeTeste.java: testes de detalhamento | testes/filmnow/FIlmeTeste.java: apenas testaDetalhaFilmeEmUmaHotList cobre indiretamente um caso de HotList | src/filmnow/FilmNow.java: métodos adicionaHotList, retiraHotList e exibirHotList | testes/filmnow/FIlmeTeste.java | src/filmnow/Filme.java: métodos equals e hashCode | src/filmnow/MainFilmNow.java: métodos mostrarFilmes e atribuirHotList",
S22,official_sample,redacted,llm,class_design,Class Design,7.5,10,"A modelagem mostra compreensão da separação central entre `Filme` e `FilmNow`, com atributos adequados para nome, ano, local e estado de HotList. Também há uma classe auxiliar para detalhamento. A nota não é maior porque parte da representação textual e das regras fica fora do modelo mais natural, e a igualdade obrigatória do filme tem implementação incorreta.",src/filmnow/Filme.java | src/filmnow/FilmNow.java | src/filmnow/DetalhaFilme.java | src/filmnow/Filme.java: métodos equals e hashCode | src/filmnow/DetalhaFilme.java: método toString | src/filmnow/MainFilmNow.java: método formataFilme | src/filmnow/DetalhaFilme.java: construtor e método toString | src/filmnow/MainFilmNow.java: método detalharFilme,
S22,official_sample,redacted,llm,object_references,Object References and Composition,7,10,"A submissão demonstra composição real: `FilmNow` armazena referências para objetos `Filme`, cria filmes no cadastro e usa referências compartilhadas na HotList. Contudo, o estado da HotList é mantido tanto no array quanto em um booleano dentro de `Filme`, e essa duplicação fica inconsistente em algumas operações.",src/filmnow/FilmNow.java: atributos filmes e hotList | src/filmnow/FilmNow.java: método cadastraFilme | src/filmnow/FilmNow.java: método adicionaHotList | src/filmnow/DetalhaFilme.java: método toString | src/filmnow/FilmNow.java: métodos retiraHotList e adicionaHotList | src/filmnow/Filme.java: atributo inHotList | src/filmnow/FilmNow.java: método getFilme | src/filmnow/MainFilmNow.java: método atribuirHotList,
S22,official_sample,redacted,llm,collections_and_arrays,Collections and Arrays,7.5,10,"O uso de arrays atende bem à estrutura principal do laboratório: um acervo de 100 posições e uma HotList de 10 posições. Os arrays são usados para armazenar, percorrer, listar e exibir elementos. As perdas vêm de validações de índice incompletas e inconsistência de manutenção da HotList.","src/filmnow/FilmNow.java: atributos TAMANHO, filmes e hotList | src/filmnow/FilmNow.java: métodos cadastraFilme, exibirHotList, adicionaHotList e retiraHotList | src/filmnow/MainFilmNow.java: método mostrarFilmes | src/filmnow/FilmNow.java: método getFilme | src/filmnow/FilmNow.java: métodos adicionaHotList e retiraHotList | src/filmnow/FilmNow.java: método retiraHotList | src/filmnow/Filme.java: atributo inHotList",
S22,official_sample,redacted,llm,separation_of_concerns,Separation of Concerns,6.5,10,"Existe uma divisão inicial entre interface textual, gerenciador e entidade de domínio, o que mostra aprendizado além do código base. Ainda assim, parte importante da regra e da formatação permanece na `Main` ou em uma classe auxiliar pouco coesa, e a interface às vezes decide ou imprime resultados sem que o domínio tenha produzido um estado confiável.","src/filmnow/MainFilmNow.java | src/filmnow/FilmNow.java | src/filmnow/Filme.java | src/filmnow/LeitorFilmNow.java | src/filmnow/DetalhaFilme.java | src/filmnow/MainFilmNow.java: métodos mostrarFilmes, detalharFilme e formataFilme | src/filmnow/FilmNow.java: métodos adicionaHotList e retiraHotList | src/filmnow/MainFilmNow.java: métodos atribuirHotList e removeHotList | src/filmnow/DetalhaFilme.java: método toString | src/filmnow/MainFilmNow.java: método detalharFilme",
S22,official_sample,redacted,llm,readability_and_documentation,Readability and Documentation,8,10,"O código é em geral compreensível, com nomes próximos ao domínio e comentários/Javadocs em várias classes e métodos. As perdas são de acabamento: comentários genéricos, alguns nomes herdados ou imprecisos, números e mensagens literais repetidos e pequenos fluxos redundantes.",src/filmnow/Filme.java | src/filmnow/FilmNow.java | src/filmnow/MainFilmNow.java | src/filmnow/DetalhaFilme.java | src/filmnow/LeitorFilmNow.java | src/filmnow/LeitorFilmNow.java: método carregaContatos | src/filmnow/DetalhaFilme.java: comentário do construtor | src/filmnow/FilmNow.java: comentários de métodos de HotList | src/filmnow/FilmNow.java: atributo hotList e validações de posição | src/filmnow/DetalhaFilme.java: validação de posição | src/filmnow/MainFilmNow.java: mensagens impressas | src/filmnow/FilmNow.java: métodos retiraHotList e adicionaHotList,
S23,official_sample,redacted,llm,basic_functionality,Basic Functionality,3.5,10,"Há implementação parcial de cadastro, sobrescrita por posição e listagem, com alguma verificação de duplicidade por nome e ano. Porém o detalhamento usa índice incorreto, o tratamento de posições inválidas é incompleto e a HotList obrigatória está essencialmente ausente ou quebrada, impedindo que o fluxo principal feche de ponta a ponta.","src/filmnow/FilmNow.java: cadastraFilme, filmeExistente, getFilme, getHotList | src/filmnow/MainFilmNow.java: adicionaFilme, mostrarFilmes, detalharFilme, atribuirHotList, removerHot, exibirHotList, comando | src/filmnow/Filme.java: verificaFilme, verificaLocal, toString | src/filmnow/FilmNow.java: getHotList | src/filmnow/MainFilmNow.java: atribuirHotList, removerHot, exibirHotList, comando | src/filmnow/FilmNow.java: getFilme, cadastraFilme | src/filmnow/MainFilmNow.java: detalharFilme | src/filmnow/MainFilmNow.java: adicionaFilme | src/filmnow/FilmNow.java: cadastraFilme | src/filmnow/LeitorFilmNow.java: processaLinhaCsvFilmes",
S23,official_sample,redacted,llm,unit_tests,Unit Tests,0,10,"Foram entregues arquivos com nomes de testes, mas todos estão vazios e não contêm JUnit, métodos de teste, asserts ou cenários verificáveis. Portanto não há evidência real de testes das classes Filme ou FilmNow.",testes/lab3FilmNow/testes/FilmeTest.java | testes/lab3FilmNow/testes/LeitoFilmNowTest.java | testes/lab3FilmNow/testes/MainFilmeNowTest.java | testes/lab3FilmNow/testes/MainFilmNowTest.java,
S23,official_sample,redacted,llm,class_design,Class Design,5.5,10,"A submissão demonstra entendimento parcial da modelagem central ao criar Filme e adaptar FilmNow para armazenar objetos Filme. Entretanto, a classe Filme não implementa corretamente a igualdade exigida, a HotList não foi modelada e FilmNow permanece incompleto como classe de domínio do sistema.","src/filmnow/Filme.java | src/filmnow/FilmNow.java | src/filmnow/LeitorFilmNow.java: processaLinhaCsvFilmes | src/filmnow/FilmNow.java: atributos, getHotList | src/filmnow/MainFilmNow.java: exibirHotList, removerHot, atribuirHotList | src/filmnow/Filme.java: equals, hashCode | src/filmnow/MainFilmNow.java: adicionaFilme, detalharFilme, mostrarFilmes",
S23,official_sample,redacted,llm,object_references,Object References and Composition,6,10,"Há evidência real de composição: FilmNow cria e armazena objetos Filme, e a interface manipula esses objetos. A nota não é maior porque a HotList não usa referências a filmes existentes e há usos incoerentes das referências, especialmente ao tentar atribuir hot criando/cadastrando um novo filme incompleto.","src/filmnow/FilmNow.java: filmes, cadastraFilme, getFilmes | src/filmnow/MainFilmNow.java: mostrarFilmes, formataFilme | src/filmnow/LeitorFilmNow.java: processaLinhaCsvFilmes | src/filmnow/MainFilmNow.java: atribuirHotList | src/filmnow/FilmNow.java: ausência de atributo de HotList | src/filmnow/FilmNow.java: getFilme, cadastraFilme | src/filmnow/MainFilmNow.java: detalharFilme, mostrarFilmes, adicionaFilme",
S23,official_sample,redacted,llm,collections_and_arrays,Collections and Arrays,5,10,"O acervo principal usa um array de 100 posições de Filme e isso sustenta parcialmente cadastro e listagem. Porém não há estrutura funcional para a HotList de 10 posições e há inconsistência de índices e validação no acesso ao array, o que impede nota alta neste critério.","src/filmnow/FilmNow.java: TAMANHO, filmes, cadastraFilme, getFilmes, getFilme | src/filmnow/MainFilmNow.java: mostrarFilmes, detalharFilme | src/filmnow/FilmNow.java: atributos, getHotList | src/filmnow/FilmNow.java: cadastraFilme, getFilme | src/filmnow/MainFilmNow.java: detalharFilme",
S23,official_sample,redacted,llm,separation_of_concerns,Separation of Concerns,4,10,"Existe alguma separação inicial entre Filme, FilmNow, LeitorFilmNow e MainFilmNow. Contudo, muitas regras de domínio e decisões de saída ficaram na Main, enquanto FilmNow permanece incompleto. A separação é parcial e insuficiente para o conjunto obrigatório do laboratório.","src/filmnow/Filme.java | src/filmnow/FilmNow.java | src/filmnow/LeitorFilmNow.java | src/filmnow/MainFilmNow.java | src/filmnow/MainFilmNow.java: adicionaFilme, mostrarFilmes, detalharFilme, atribuirHotList, removerHot, exibirHotList | src/filmnow/FilmNow.java: getFilme, cadastraFilme, getHotList | src/filmnow/MainFilmNow.java: métodos auxiliares de comando",
S23,official_sample,redacted,llm,readability_and_documentation,Readability and Documentation,6,10,"O código é em geral compreensível, com nomes razoáveis e alguns comentários/Javadocs. A nota é reduzida por trechos claramente inacabados, método recursivo incorreto, fluxo de switch com quedas entre casos e documentação/nomenclatura reaproveitada ou inconsistente.","src/filmnow/Filme.java | src/filmnow/FilmNow.java | src/filmnow/LeitorFilmNow.java | src/filmnow/MainFilmNow.java | src/filmnow/MainFilmNow.java: exibirHotList, removerHot | src/filmnow/FilmNow.java: getHotList | src/filmnow/MainFilmNow.java: comando | src/filmnow/LeitorFilmNow.java: carregaContatos | src/filmnow/MainFilmNow.java: comentário de detalharFilme | testes/lab3FilmNow/testes/LeitoFilmNowTest.java",
S24,official_sample,redacted,llm,basic_functionality,Basic Functionality,8,10,"A solução implementa a maior parte do fluxo obrigatório: cadastro em posições 1 a 100, sobrescrita, bloqueio de duplicidade por nome e ano, detalhamento, listagem básica e operações principais da HotList. As perdas vêm principalmente de casos inválidos da atribuição de HotList que podem quebrar em tempo de execução e de limitações no fluxo textual de entrada.","src/filmnow/FilmNow.java: campos filmes e hotList | src/filmnow/FilmNow.java: método cadastraFilme(int, String, String, String) | src/filmnow/FilmNow.java: método detalharFilme(int) | src/filmnow/FilmNow.java: métodos adicionaHot(int, int), exibeHot(), removeHot(int) | src/filmnow/Filme.java: métodos equals(Object), hashCode() e toString() | src/filmnow/FilmNow.java: método adicionaHot(int, int), acesso filmes[posicaoFilme -1].equals(filme) antes de validar posicaoFilme | src/filmnow/MainFilmNow.java: método adicionaFilme(FilmNow, Scanner), leituras de nome, ano e local com scanner.next()",
S24,official_sample,redacted,llm,unit_tests,Unit Tests,8,10,"Há uma suíte JUnit real e extensa para FilmNow, cobrindo cadastro, limites, duplicidade, detalhamento, HotList, remoção e listagem. A nota não é máxima porque os testes de Filme são muito restritos e alguns casos relevantes de erro da HotList, justamente onde há fragilidade no código, não são exercitados.","testes/lab3FilmNow/FilmNowTest.java: testes testCadastraFilmePosicaoVazia, testCadastraFilmeJaAdicionado, testCadastraFilmePosicaoLimite | testes/lab3FilmNow/FilmNowTest.java: testes testDetalhaFilmeTodosDados, testDetalhaPosicaoSemFilme, testDetalhaFilmeHotList | testes/lab3FilmNow/FilmNowTest.java: testes testAdicionaHotPosicaoValida, testAdicionaHotJaAdicionado, testExibeHotTresElementos, testRemoveHotValido | testes/lab3FilmNow/FilmeTest.java: teste testToString | testes/lab3FilmNow/FilmeTest.java: apenas o teste testToString está presente | testes/lab3FilmNow/FilmNowTest.java: testes de adicionaHot cobrem posicaoHot inválida, mas não posicaoFilme inválida ou vazia",
S24,official_sample,redacted,llm,class_design,Class Design,9,10,"A modelagem central está bem realizada: há uma classe Filme com atributos próprios, representação textual e igualdade, e uma classe FilmNow responsável pelo acervo e pela HotList. A perda é pequena e se deve a algumas escolhas de API que misturam retorno de dados com mensagens de erro e reduzem a clareza de alguns papéis públicos.","src/filmnow/Filme.java: atributos nome, ano e local; construtor; toString; equals; hashCode | src/filmnow/FilmNow.java: atributos Filme[] filmes e Filme[] hotList; métodos de cadastro, detalhe e HotList | src/filmnow/FilmNow.java: métodos getFilme(int) e getFilmes()",
S24,official_sample,redacted,llm,object_references,Object References and Composition,9,10,"A solução demonstra bom entendimento de composição: FilmNow armazena objetos Filme e a HotList referencia filmes existentes. A perda é pequena porque há uso inseguro de referência nula em um caso de HotList, mas a ideia central de objetos e referências está presente e funcional nos fluxos principais.","src/filmnow/FilmNow.java: declaração private Filme[] filmes e private Filme[] hotList | src/filmnow/FilmNow.java: método cadastraFilme, criação de new Filme(nome, ano, local) | src/filmnow/FilmNow.java: método adicionaHot, atribuição this.hotList[posicaoHot -1] = filmes[posicaoFilme -1] | src/filmnow/FilmNow.java: método temFilme(Filme) | src/filmnow/FilmNow.java: método adicionaHot(int, int)",
S24,official_sample,redacted,llm,collections_and_arrays,Collections and Arrays,8.5,10,"Os arrays de tamanho fixo resolvem bem o acervo de 100 filmes e a HotList de 10 posições, com conversão correta entre posição de usuário e índice interno na maior parte dos métodos. A principal perda está na validação incompleta de índices na atribuição de HotList.","src/filmnow/FilmNow.java: constantes TAMANHO e tamanhoHot | src/filmnow/FilmNow.java: construtor inicializando new Filme[TAMANHO] e new Filme[tamanhoHot] | src/filmnow/FilmNow.java: métodos getFilmes(), cadastraFilme(), detalharFilme(), exibeHot(), removeHot() | src/filmnow/FilmNow.java: método adicionaHot(int, int)",
S24,official_sample,redacted,llm,separation_of_concerns,Separation of Concerns,9,10,"Há boa separação para um laboratório inicial: MainFilmNow cuida do menu e da interação, FilmNow concentra as regras de cadastro, detalhamento e HotList, Filme representa a entidade, e LeitorFilmNow cuida da carga CSV. A perda é pequena porque parte da formatação/listagem e das mensagens fica espalhada entre FilmNow e Main.","src/filmnow/MainFilmNow.java: métodos menu, comando, adicionaFilme, mostrarFilmes, detalharFilme | src/filmnow/FilmNow.java: métodos cadastraFilme, detalharFilme, adicionaHot, removeHot | src/filmnow/Filme.java | src/filmnow/LeitorFilmNow.java | src/filmnow/MainFilmNow.java: método mostrarFilmes e formataFilme | src/filmnow/FilmNow.java: métodos getFilmes(), getFilme(int), detalharFilme(int)",
S24,official_sample,redacted,llm,readability_and_documentation,Readability and Documentation,9,10,"O código é legível, com nomes majoritariamente claros, organização simples e muitos comentários/Javadocs. A perda é pequena por inconsistências de nomenclatura, alguns erros de escrita e pequenos detalhes de estilo que não afetam substancialmente a compreensão.","src/filmnow/Filme.java: documentação da classe, atributos e métodos | src/filmnow/FilmNow.java: documentação de cadastro, detalhamento e HotList | src/filmnow/MainFilmNow.java: métodos separados para comandos do menu | testes/lab3FilmNow/FilmNowTest.java: nomes dos testes | src/filmnow/LeitorFilmNow.java: método carregaContatos | src/filmnow/FilmNow.java: constante tamanhoHot e método exibeHot() | src/filmnow/FilmNow.java e src/filmnow/MainFilmNow.java: comentários com pequenos erros de digitação",
S25,official_sample,redacted,llm,basic_functionality,Basic Functionality,7,10,"A implementação cobre boa parte do fluxo obrigatório: cadastro em posições válidas, validação de posição, rejeição de nome/local vazios, bloqueio de duplicidade por nome e ano, listagem, detalhamento e operações principais da HotList. As perdas vêm de casos obrigatórios que não fecham corretamente, especialmente ano vazio, detalhamento de posição válida vazia e uma limitação na sobrescrita com mesmo nome/ano.","src/filmnow/FilmNow.java::cadastraFilme | src/filmnow/FilmNow.java::getFilmes | src/filmnow/FilmNow.java::detalharFilme | src/filmnow/FilmNow.java::adicionarHot | src/filmnow/FilmNow.java::removeHot | src/filmnow/FilmNow.java::exibirHotList | src/filmnow/Filme.java::equals | src/filmnow/Filme.java::stringDetalha | src/filmnow/FilmNow.java::cadastraFilme(int posicao, String nome, int ano, String local) | src/filmnow/MainFilmNow.java::adicionaFilme | src/filmnow/LeitorFilmNow.java::processaLinhaCsvFilmes | src/filmnow/Filme.java::getAno | srcTest/filmNow/FilmeNowTest.java::testDetalharFilme | src/filmnow/FilmNow.java::filmeRepetido",
S25,official_sample,redacted,llm,unit_tests,Unit Tests,6.5,10,"Há testes JUnit reais e com asserts relevantes para Filme e parte de FilmNow, incluindo equals/hashCode, detalhamento textual e operações da HotList. A cobertura, porém, é parcial e alguns testes reforçam comportamento contrário ao enunciado.",srcTest/filmNow/FilmeTest.java | srcTest/filmNow/FilmeNowTest.java | srcTest/filmNow/FilmeNowTest.java::testDetalharFilme,
S25,official_sample,redacted,llm,class_design,Class Design,8,10,"A solução demonstra entendimento da modelagem central: existe Filme com atributos e igualdade por nome/ano, e FilmNow atua como gerenciador do acervo e da HotList. As perdas são por decisões de modelagem que impedem um requisito obrigatório e por encapsulamento/representações textuais ainda frágeis.",src/filmnow/Filme.java | src/filmnow/FilmNow.java::cadastraFilme | src/filmnow/Filme.java::equals | src/filmnow/Filme.java::hashCode | src/filmnow/Filme.java::stringDetalha | src/filmnow/Filme.java::ano | src/filmnow/Filme.java::getAno | src/filmnow/Filme.java::nome | src/filmnow/Filme.java::local | src/filmnow/Filme.java::toString,
S25,official_sample,redacted,llm,object_references,Object References and Composition,9,10,"A composição principal está bem demonstrada: FilmNow armazena objetos Filme, cria instâncias no cadastro e a HotList guarda referências a filmes. Há uma perda localizada por uma inconsistência possível na manutenção dessas referências quando o acervo é sobrescrito.",src/filmnow/FilmNow.java::filmes | src/filmnow/FilmNow.java::hotList | src/filmnow/FilmNow.java::cadastraFilme | src/filmnow/FilmNow.java::adicionarHot | src/filmnow/FilmNow.java::detalharFilme | src/filmnow/FilmNow.java::exibirHotList,
S25,official_sample,redacted,llm,collections_and_arrays,Collections and Arrays,9.5,10,"Os arrays resolvem quase integralmente o problema: há um acervo de 100 posições, HotList de 10 posições, conversão consistente de posições 1-based para índices 0-based e percursos para listagem, duplicidade e exibição. A perda é pequena e ligada à manutenção dos limites.",src/filmnow/FilmNow.java::TAMANHO | src/filmnow/FilmNow.java::TAMANHO_HOTLIST | src/filmnow/FilmNow.java::filmes | src/filmnow/FilmNow.java::hotList | src/filmnow/FilmNow.java::getFilmes | src/filmnow/FilmNow.java::filmeRepetido | src/filmnow/FilmNow.java::exibirHotList | src/filmnow/FilmNow.java::posicaoValida | src/filmnow/FilmNow.java::detalharFilme | src/filmnow/FilmNow.java::adicionarHot | src/filmnow/FilmNow.java::removeHot,
S25,official_sample,redacted,llm,separation_of_concerns,Separation of Concerns,8,10,"Existe separação razoável entre interface textual, leitura de arquivo, classe de domínio e gerenciador. MainFilmNow lida com menu e entrada, enquanto FilmNow concentra as operações. A nota não é maior porque parte da formatação/mensagens de interface está acoplada ao gerenciador e a conversão obrigatória do ano na interface interfere em regra de domínio.",src/filmnow/MainFilmNow.java | src/filmnow/FilmNow.java | src/filmnow/LeitorFilmNow.java | src/filmnow/Filme.java | src/filmnow/FilmNow.java::cadastraFilme | src/filmnow/FilmNow.java::getFilmes | src/filmnow/FilmNow.java::detalharFilme | src/filmnow/FilmNow.java::exibirHotList | src/filmnow/MainFilmNow.java::adicionaFilme,
S25,official_sample,redacted,llm,readability_and_documentation,Readability and Documentation,8.5,10,"O código é majoritariamente legível, com nomes compreensíveis e comentários/Javadocs em várias classes e métodos. As perdas são de acabamento: indentação irregular, comentários desatualizados ou imprecisos, método não usado e algumas representações textuais pouco claras.",src/filmnow/Filme.java | src/filmnow/FilmNow.java | src/filmnow/MainFilmNow.java | src/filmnow/LeitorFilmNow.java | src/filmnow/MainFilmNow.java::formataFilme | src/filmnow/MainFilmNow.java::detalharFilme | src/filmnow/Filme.java::toString | srcTest/filmNow/FilmeTest.java::testToString,
S26,official_sample,redacted,llm,basic_functionality,Basic Functionality,7,10,"A submissão implementa boa parte do fluxo obrigatório: cadastro em posições 1 a 100, sobrescrita, bloqueio de duplicatas por nome e ano, listagem simples, detalhamento de filmes cadastrados e operações principais da HotList. As perdas vêm de requisitos obrigatórios que falham em cenários específicos, principalmente ano vazio no fluxo normal e detalhamento de posição vazia/posição 100.","src/filmnow/FilmNow.java: cadastraFilme(int, String, int, String) | src/filmnow/Filme.java: equals(Object), hashCode(), toString() | src/filmnow/MainFilmNow.java: mostrarFilmes(FilmNow), detalharFilme(FilmNow, Scanner), exibirHot(FilmNow), atribuirHot(FilmNow, Scanner), removerHot(FilmNow, Scanner) | src/filmnow/FilmNow.java: cadastrarFilmeHot(int, int), removeFilmeHot(int) | src/filmnow/MainFilmNow.java: adicionaFilme(FilmNow, Scanner) | src/filmnow/LeitorFilmNow.java: processaLinhaCsvFilmes(String[], FilmNow) | src/filmnow/MainFilmNow.java: detalharFilme(FilmNow, Scanner)",
S26,official_sample,redacted,llm,unit_tests,Unit Tests,8,10,"Há uma suíte JUnit real e ampla para `Filme` e `FilmNow`, com asserts relevantes para igualdade, hash, representação textual, cadastro, duplicidade, limites de posição e HotList. A nota não é máxima porque alguns comportamentos obrigatórios são testados de forma indireta ou contrária ao enunciado, especialmente detalhamento/listagem e ano vazio.","srcTest/filmnow/FilmeTest.java | srcTest/filmnow/FilmNowTest.java: testAdicionaFilmeEmPosicaoVazia, testAdicionarFilmeJaExistenteEmOutraPosicao, testAdicionarFilmeNaPosicaoLimite | srcTest/filmnow/FilmNowTest.java: testAdicionaFilmeNaHotlist, testAdicionaFilmeDuasVezesNaHotlist, testPreencherTodaHotlist | srcTest/filmnow/FilmNowTest.java: testDetalharFilme, testDetalharFilmePosicaoSemFilme, testDetalharFilmeNaHotList | srcTest/filmnow/FilmNowTest.java: testAdicionarFilmeComAnoVazio | srcTest/filmnow/FilmNowTest.java: testes de HotList existentes",
S26,official_sample,redacted,llm,class_design,Class Design,8,10,"A modelagem central está bem encaminhada: há `Filme` com atributos próprios, igualdade por nome e ano e representação textual, além de `FilmNow` como gerenciador do acervo e da HotList. As perdas refletem que parte do comportamento de domínio ainda fica fora das classes centrais e que o modelo de ano como inteiro dificulta representar diretamente o caso de ano vazio.","src/filmnow/Filme.java | src/filmnow/FilmNow.java: atributos filmes e filmeshot, construtor, cadastraFilme, cadastrarFilmeHot, removeFilmeHot | src/filmnow/FilmNow.java | src/filmnow/MainFilmNow.java: mostrarFilmes(FilmNow), detalharFilme(FilmNow, Scanner), exibirHot(FilmNow) | src/filmnow/Filme.java: Filme(String, int, String), anoLancamento | src/filmnow/FilmNow.java: cadastraFilme(int, String, int, String)",
S26,official_sample,redacted,llm,object_references,Object References and Composition,9,10,"A composição principal foi bem demonstrada: `FilmNow` armazena objetos `Filme`, cria novos filmes e a HotList guarda referências para esses objetos. A pequena perda decorre de a interface manipular diretamente os objetos e arrays retornados para aplicar regras que poderiam estar encapsuladas no gerenciador.","src/filmnow/FilmNow.java: private Filme[] filmes, private Filme[] filmeshot | src/filmnow/FilmNow.java: cadastraFilme(int, String, int, String) | src/filmnow/FilmNow.java: cadastrarFilmeHot(int, int) | src/filmnow/Filme.java: equals(Object) | src/filmnow/MainFilmNow.java: detalharFilme(FilmNow, Scanner) | src/filmnow/MainFilmNow.java: mostrarFilmes(FilmNow), exibirHot(FilmNow) | src/filmnow/FilmNow.java: getFilmes(), getFilmesHots(), getFilmeHot(int)",
S26,official_sample,redacted,llm,collections_and_arrays,Collections and Arrays,8,10,"Os arrays principais têm tamanhos corretos e são usados para sustentar cadastro, duplicidade, listagem e HotList. A nota não é máxima porque há inconsistência de indexação entre métodos públicos e fluxo da interface, incluindo erro no limite da posição 100, e porque a manipulação das estruturas fica excessivamente exposta à interface.","src/filmnow/FilmNow.java: private static final int TAMANHO = 100 | src/filmnow/FilmNow.java: construtor | src/filmnow/FilmNow.java: cadastraFilme(int, String, int, String), cadastrarFilmeHot(int, int) | srcTest/filmnow/FilmNowTest.java: testPreencherTodosOsFilmes, testPreencherTodaHotlist | src/filmnow/FilmNow.java: getFilme(int), getFilmeHot(int), cadastraFilme(int, String, int, String), cadastrarFilmeHot(int, int) | src/filmnow/MainFilmNow.java: detalharFilme(FilmNow, Scanner) | src/filmnow/MainFilmNow.java: mostrarFilmes(FilmNow), exibirHot(FilmNow) | src/filmnow/FilmNow.java: getFilmes(), getFilmesHots()",
S26,official_sample,redacted,llm,separation_of_concerns,Separation of Concerns,6.5,10,"Existe separação básica entre entidade (`Filme`), gerenciador (`FilmNow`), leitor CSV e interface (`MainFilmNow`). Porém, a interface ainda concentra várias regras de domínio, especialmente detalhamento, listagem, verificação de hot e parte das validações, o que impede nota alta neste critério.","src/filmnow/Filme.java | src/filmnow/FilmNow.java | src/filmnow/MainFilmNow.java | src/filmnow/LeitorFilmNow.java | src/filmnow/MainFilmNow.java: adicionaFilme(FilmNow, Scanner), mostrarFilmes(FilmNow), detalharFilme(FilmNow, Scanner), exibirHot(FilmNow)",
S26,official_sample,redacted,llm,readability_and_documentation,Readability and Documentation,8,10,"O código é em geral compreensível, com nomes de classes adequados, métodos relativamente curtos e documentação em várias partes, inclusive testes com nomes descritivos. As perdas são de acabamento: convenções de nomes irregulares, código comentado/importe não usado e alguns comentários herdados ou imprecisos.","src/filmnow/Filme.java | src/filmnow/FilmNow.java | src/filmnow/MainFilmNow.java | srcTest/filmnow/FilmeTest.java | srcTest/filmnow/FilmNowTest.java | src/filmnow/FilmNow.java: VerificaPosicao, VerificaAtributos, VerificaRepetido, filmeshot | src/filmnow/Filme.java: trechos comentados de posicao | src/filmnow/FilmNow.java: import java.util.Scanner | src/filmnow/LeitorFilmNow.java: carregaContatos(String, FilmNow) | src/filmnow/FilmNow.java e src/filmnow/Filme.java: comentários de documentação",
S27,official_sample,redacted,llm,basic_functionality,Basic Functionality,6,10,"A submissão implementa parte relevante do fluxo principal do acervo: cadastro em posições de 1 a 100, sobrescrita, prevenção de duplicidade por nome e ano, detalhamento e listagem pela interface. Porém, há falhas obrigatórias importantes, principalmente na HotList e na validação de local vazio, o que impede uma nota alta em funcionalidade.",src/filmnow/FilmNow.java::FilmNow | src/filmnow/FilmNow.java::cadastraFilme | src/filmnow/FilmNow.java::existeNaLista | src/filmnow/FilmNow.java::detalharFilme | src/filmnow/MainFilmNow.java::mostrarFilmes | src/filmnow/Filme.java::equals | src/filmnow/FilmNow.java::adicionarParaHot | src/filmnow/FilmNow.java::exibirHotList | src/filmnow/FilmNow.java::removerHot | src/filmnow/MainFilmNow.java::atribuirHot | Test/filmnow/FilmNowTest.java::cadastraFilmeTestLocalVazio,
S27,official_sample,redacted,llm,unit_tests,Unit Tests,6,10,"Há uma suíte JUnit real com vários asserts relevantes para cadastro, duplicidade, limites de posição e detalhamento. Entretanto, a cobertura é parcial: não há testes específicos da classe Filme, a HotList é muito pouco exercitada e um requisito obrigatório de local vazio é testado com expectativa incorreta.",Test/filmnow/FilmNowTest.java | Test/filmnow/FilmNowTest.java::cadastraFilmeTest | Test/filmnow/FilmNowTest.java::cadastraFilmeTestAdicionado | Test/filmnow/FilmNowTest.java::cadastraFilmeTestPosicaoLimite | Test/filmnow/FilmNowTest.java::detalhaFilmeTest | Test/filmnow/FilmNowTest.java::detalhaFilmeAvatar | src/filmnow/Filme.java::equals | src/filmnow/Filme.java::toString | src/filmnow/Filme.java::toStringDetalhado | src/filmnow/FilmNow.java::adicionarParaHot | src/filmnow/FilmNow.java::exibirHotList | src/filmnow/FilmNow.java::removerHot | Test/filmnow/FilmNowTest.java::cadastraFilmeTestLocalVazio | Test/filmnow/FilmNowTest.java::cadastraFilmeTestPosicaoQueExiste,
S27,official_sample,redacted,llm,class_design,Class Design,7.5,10,"A solução mostra entendimento da modelagem central: Filme existe como classe própria, FilmNow gerencia o acervo e há separação básica da interface. Filme implementa igualdade por nome e ano e fornece representações textuais. As perdas vêm de uma modelagem frágil da HotList e de encapsulamento/API ainda imaturos.",src/filmnow/Filme.java | src/filmnow/Filme.java::equals | src/filmnow/Filme.java::hashCode | src/filmnow/FilmNow.java::filmes | src/filmnow/FilmNow.java::hots | src/filmnow/FilmNow.java::cadastraFilme | src/filmnow/MainFilmNow.java | src/filmnow/Filme.java::hot | src/filmnow/Filme.java::getHot | src/filmnow/Filme.java::setHot | src/filmnow/FilmNow.java::adicionarParaHot | src/filmnow/FilmNow.java::removerHot | src/filmnow/FilmNow.java::getFilmes | src/filmnow/FilmNow.java::setFilmes | src/filmnow/FilmNow.java::getHots | src/filmnow/FilmNow.java::setHots | src/filmnow/MainFilmNow.java::mostrarFilmes,
S27,official_sample,redacted,llm,object_references,Object References and Composition,7,10,"Há evidência clara de composição: FilmNow armazena objetos Filme, cria instâncias no cadastro e usa referências de Filme também na HotList. Contudo, o uso das referências ainda é inconsistente na manutenção do estado de hot e no encapsulamento das estruturas internas.",src/filmnow/FilmNow.java::filmes | src/filmnow/FilmNow.java::hots | src/filmnow/FilmNow.java::cadastraFilme | src/filmnow/FilmNow.java::existeNaLista | src/filmnow/FilmNow.java::adicionarParaHot | src/filmnow/FilmNow.java::detalharFilme | src/filmnow/Filme.java::equals | src/filmnow/FilmNow.java::removerHot | src/filmnow/Filme.java::setHot | src/filmnow/FilmNow.java::getHots | src/filmnow/FilmNow.java::setHots | src/filmnow/FilmNow.java::setFilmes,
S27,official_sample,redacted,llm,collections_and_arrays,Collections and Arrays,6.5,10,"O array principal de 100 posições é usado de forma funcional para cadastro, consulta, duplicidade e listagem. A solução também declara uma HotList de 10 posições. A nota não é mais alta porque o uso do array da HotList tem problemas relevantes de indexação, limites, remoção e sincronização.",src/filmnow/FilmNow.java::TAMANHO | src/filmnow/FilmNow.java::TAMANHOHOT | src/filmnow/FilmNow.java::filmes | src/filmnow/FilmNow.java::hots | src/filmnow/FilmNow.java::cadastraFilme | src/filmnow/FilmNow.java::existeNaLista | src/filmnow/MainFilmNow.java::mostrarFilmes | src/filmnow/FilmNow.java::adicionarParaHot | src/filmnow/FilmNow.java::exibirHotList | src/filmnow/FilmNow.java::removerHot,
S27,official_sample,redacted,llm,separation_of_concerns,Separation of Concerns,7,10,"Há separação básica entre interface textual, leitor de CSV, classe de domínio Filme e gerenciador FilmNow. Isso demonstra avanço em relação ao starter. Ainda assim, algumas responsabilidades ficam misturadas: FilmNow imprime diretamente na saída e a Main acessa a estrutura interna para listar, além de imprimir sucesso em operações de HotList que o gerenciador não valida adequadamente.",src/filmnow/MainFilmNow.java::menu | src/filmnow/MainFilmNow.java::comando | src/filmnow/MainFilmNow.java::adicionaFilme | src/filmnow/FilmNow.java::cadastraFilme | src/filmnow/FilmNow.java::detalharFilme | src/filmnow/LeitorFilmNow.java | src/filmnow/FilmNow.java::exibirHotList | src/filmnow/FilmNow.java::adicionarParaHot | src/filmnow/MainFilmNow.java::atribuirHot | src/filmnow/MainFilmNow.java::mostrarFilmes | src/filmnow/MainFilmNow.java::formataFilme | src/filmnow/FilmNow.java::getFilmes,
S27,official_sample,redacted,llm,readability_and_documentation,Readability and Documentation,7,10,"O código é em geral compreensível, com nomes majoritariamente descritivos e vários comentários/Javadocs. A estrutura dos arquivos facilita a leitura. A nota perde pontos por inconsistências de nomenclatura, comentários com artefatos, strings mágicas para estado e trechos de HotList difíceis de entender ou manter.",src/filmnow/Filme.java | src/filmnow/FilmNow.java | src/filmnow/MainFilmNow.java | src/filmnow/LeitorFilmNow.java | src/filmnow/Filme.java::platafoma | src/filmnow/Filme.java::hot | Test/filmnow/FilmNowTest.java::Test | src/filmnow/FilmNow.java::removerHot | src/filmnow/FilmNow.java::import java.util.Scanner | src/filmnow/MainFilmNow.java::adicionaFilme,
S28,official_sample,redacted,llm,basic_functionality,Basic Functionality,5.5,10,"Há implementação real para cadastrar, sobrescrever por posição, listar títulos, detalhar filmes cadastrados e marcar/remover filmes como hot em um fluxo simples. Porém, requisitos obrigatórios importantes ficam incompletos: posições do acervo não seguem corretamente o intervalo 1 a 100, ano vazio não é aceito, detalhamento de posição vazia/inválida não segue o contrato e a HotList foi implementada apenas parcialmente, sem posições próprias nem tratamento adequado de erros.","src/filmnow/FilmNow.java: atributo `private Film[] filmes` e método `cadastraFilme` | src/filmnow/MainFilmNow.java: métodos `adicionaFilme`, `mostrarFilmes`, `detalharFilme`, `atribuirHot`, `removerHot`, `exibirHotList` | src/filmnow/FilmNow.java: métodos `existeFilme`, `detalhesFilme`, `atribuirHot`, `removerHot`, `getHotList` | src/filmnow/MainFilmNow.java: `adicionaFilme`, condição `posicao < 1 || posicao > 99` | src/filmnow/FilmNow.java: `getFilme(int posicao)` e `cadastraFilme(int posicao, ...)` usam o índice diretamente | src/filmnow/FilmNow.java: `detalhesFilme` chama `filmes[posicao].toString()` sem verificar posição vazia | src/filmnow/MainFilmNow.java: `detalharFilme` captura apenas `NullPointerException` | src/filmnow/MainFilmNow.java: `adicionaFilme`, bloco `Integer.parseInt(anoStr.trim())` e impressão de `ANO INVÁLIDO` | src/filmnow/Film.java: atributo `private int ano` | src/filmnow/FilmNow.java: `cadastraFilme` apenas cria e atribui `new Film(nome, ano, local)` | src/filmnow/LeitorFilmNow.java: `processaLinhaCsvFilmes` usa `Integer.parseInt(ano)` | src/filmnow/FilmNow.java: atributo `private ArrayList<Integer> hotList` | src/filmnow/FilmNow.java: `atribuirHot(int posicao)` apenas adiciona ao final se houver espaço | src/filmnow/MainFilmNow.java: `atribuirHot` pergunta apenas `Filme>` e não pergunta posição da HotList | src/filmnow/FilmNow.java: `removerHot(int posicao)` remove por posição do acervo, sem validação nem mensagem",
S28,official_sample,redacted,llm,unit_tests,Unit Tests,6.5,10,"Há uma suíte JUnit real, com asserts relevantes para `Film` e `FilmNow`, cobrindo cadastro, sobrescrita, igualdade, detalhamento e alguns cenários de HotList. A cobertura, entretanto, é incompleta e alguns testes consolidam comportamentos contrários ao contrato, como esperar exceção em posição vazia ou considerar posição 100 inválida.","testes/filmnow/FilmTestes.java: `testEquals`, `testToString` | testes/filmnow/FilmNowTestes.java: `testAdicionarFilmeEmPosicaoVazia`, `testAdicionarFilmeEmPosicaoExistente`, `testExisteFilme`, `testDetalharFilme` | testes/filmnow/FilmNowTestes.java: `testAtribuirEVerificarHot`, `testRemoverHot`, `testNaoAdicionarFilmeRepetidoNaHotList`, `testLimiteDaHotList` | testes/filmnow/FilmNowTestes.java: `testAdicionarFilmeAcimaDoLimite` | testes/filmnow/FilmNowTestes.java: `testDetalharFilmeEmPosicaoVazia` | testes/filmnow/FilmNowTestes.java: `testAdicionarFilmePosicaoLimiteSuperior` | testes/filmnow/FilmNowTestes.java: conjunto de testes existente não cobre nome/local vazios nem ano vazio | src/filmnow/MainFilmNow.java: validações de cadastro estão no método privado `adicionaFilme`, dificultando teste unitário direto | testes/filmnow/FilmNowTestes.java: `testAtribuirEVerificarHot`, `testRemoverHot`, `testGetHotList`, `testLimiteDaHotList` | src/filmnow/FilmNow.java: `atribuirHot(int posicao)` não recebe posição da HotList",
S28,official_sample,redacted,llm,class_design,Class Design,7,10,"A submissão demonstra entendimento da modelagem central ao criar uma classe de filme com atributos próprios e uma classe gerenciadora `FilmNow` que mantém o acervo e a HotList. Ainda assim, a modelagem é incompleta em pontos obrigatórios: o ano não pode ser vazio, a HotList não é uma entidade/estrutura com posições próprias e parte das regras do domínio não está representada nas classes de lógica.","src/filmnow/Film.java: atributos `nome`, `ano`, `local`, métodos `equals`, `hashCode`, `toString` | src/filmnow/FilmNow.java: atributos `filmes` e `hotList` | src/filmnow/FilmNow.java: métodos de cadastro, consulta e manipulação de HotList | src/filmnow/Film.java: atributo `private int ano` e construtor `Film(String nome, int ano, String local)` | src/filmnow/FilmNow.java: `cadastraFilme(int posicao, String nome, int ano, String local)` | src/filmnow/FilmNow.java: `private ArrayList<Integer> hotList` | src/filmnow/FilmNow.java: `atribuirHot(int posicao)` e `getHotList()` | src/filmnow/FilmNow.java: `cadastraFilme` não consulta `existeFilme` e não valida nome/local | src/filmnow/MainFilmNow.java: `adicionaFilme` contém as validações de nome, ano, duplicidade e local",
S28,official_sample,redacted,llm,object_references,Object References and Composition,7,10,"Há uso claro de composição: `FilmNow` armazena objetos `Film`, cria novas instâncias e consulta seus métodos. O entendimento principal de referência entre classes aparece. As perdas vêm principalmente do fato de a HotList guardar posições inteiras em vez de referências controladas aos filmes e da integração ainda depender muito de índices crus e objetos expostos.","src/filmnow/FilmNow.java: `private Film[] filmes` | src/filmnow/FilmNow.java: `this.filmes[posicao] = new Film(nome, ano, local)` | src/filmnow/FilmNow.java: chamadas a `getNome()`, `getAno()` e `toString()` | src/filmnow/MainFilmNow.java: `exibirHotList` usa `Film filme = fn.getFilme(hotList[i])` | src/filmnow/FilmNow.java: `private ArrayList<Integer> hotList` | src/filmnow/FilmNow.java: `ehHot(int posicao)` verifica apenas a posição | src/filmnow/FilmNow.java: `getFilme(int posicao)` retorna o objeto armazenado diretamente | src/filmnow/MainFilmNow.java: `exibirHotList` monta a exibição a partir de `getHotList` e `getFilme` | src/filmnow/Film.java: método `equals` implementado | src/filmnow/FilmNow.java: `existeFilme` compara `getNome().equals(nome)` e `getAno() == ano` manualmente",
S28,official_sample,redacted,llm,collections_and_arrays,Collections and Arrays,6,10,"A submissão usa um array de tamanho 100 para o acervo e uma coleção para a HotList, o que mostra compreensão inicial das estruturas necessárias. Contudo, o uso das estruturas não respeita completamente as posições 1 a 100 do acervo nem as 10 posições próprias da HotList, e a sincronização por índices é frágil.","src/filmnow/FilmNow.java: `private static final int TAMANHO = 100` e `private Film[] filmes` | src/filmnow/FilmNow.java: `getTitulosFilmes` percorre de 0 a `TAMANHO` | src/filmnow/FilmNow.java: `private ArrayList<Integer> hotList` e `atribuirHot` com `hotList.size() < 10` | src/filmnow/FilmNow.java: `getHotList()` | src/filmnow/FilmNow.java: `filmes[posicao]` em `getFilme`, `cadastraFilme` e `detalhesFilme` | src/filmnow/MainFilmNow.java: validação `posicao < 1 || posicao > 99` | src/filmnow/FilmNow.java: `ArrayList<Integer> hotList` | src/filmnow/FilmNow.java: `atribuirHot(int posicao)` usa `hotList.add(posicao)` | src/filmnow/FilmNow.java: `cadastraFilme` não ajusta `hotList` ao sobrescrever posição | src/filmnow/FilmNow.java: `getHotList` cria array do tamanho `hotList.size()`",
S28,official_sample,redacted,llm,separation_of_concerns,Separation of Concerns,6.5,10,"Existe separação básica entre interface textual, leitor CSV, gerenciador e classe de filme, e `FilmNow` não depende de `Scanner` nem imprime diretamente. Porém, a `Main` concentra validações centrais do domínio, mensagens e parte da lógica de consistência, enquanto `FilmNow` aceita estados inválidos quando usado diretamente.","src/filmnow/MainFilmNow.java | src/filmnow/LeitorFilmNow.java | src/filmnow/FilmNow.java | src/filmnow/Film.java | src/filmnow/MainFilmNow.java: `adicionaFilme` | src/filmnow/FilmNow.java: `cadastraFilme` | src/filmnow/MainFilmNow.java: `detalharFilme` captura `NullPointerException` | src/filmnow/MainFilmNow.java: `exibirHotList` chama `getHotList` e depois `getFilme` | src/filmnow/MainFilmNow.java: `atribuirHot`, `removerHot`, `exibirHotList` | src/filmnow/FilmNow.java: `atribuirHot`, `removerHot`, `getHotList`",
S28,official_sample,redacted,llm,readability_and_documentation,Readability and Documentation,8,10,"O código é, em geral, legível, com nomes compreensíveis, organização por classes e Javadocs em vários métodos. As perdas são de acabamento: alguns comentários ou nomes estão imprecisos, há convenção de posições pouco clara e certos tratamentos por exceção reduzem a clareza do fluxo.","src/filmnow/Film.java: documentação da classe, construtor, `toString`, `equals`, `hashCode` | src/filmnow/FilmNow.java: documentação da classe e dos métodos públicos | src/filmnow/MainFilmNow.java: métodos auxiliares separados por operação | src/filmnow/LeitorFilmNow.java: método `carregaContatos` | src/filmnow/FilmNow.java: Javadoc de `cadastraFilme` menciona posição entre 0 e 99 | src/filmnow/MainFilmNow.java: `detalharFilme` | src/filmnow/FilmNow.java: acesso direto `filmes[posicao]` em vários métodos",
S29,official_sample,redacted,llm,basic_functionality,Basic Functionality,7.5,10,"A submissão implementa o fluxo principal de cadastro, sobrescrita, prevenção de duplicidade, listagem via interface, detalhamento e operações básicas da HotList. As falhas são localizadas, mas atingem requisitos obrigatórios: posição válida vazia no detalhamento, atualização do status hot ao substituir posição da HotList e entrada interativa de ano vazio.","src/filmnow/FilmNow.java::cadastraFilme(int,String,String,String) | src/filmnow/FilmNow.java::cadastraHotList(int,int) | src/filmnow/FilmNow.java::removeHot(int) | src/filmnow/FilmNow.java::detalharFilme(int) | src/filmnow/MainFilmNow.java::mostrarFilmes(FilmNow) | src/filmnow/MainFilmNow.java::exibirHotlist(FilmNow) | src/filmnow/MainFilmNow.java::adicionaFilme(FilmNow,Scanner)",
S29,official_sample,redacted,llm,unit_tests,Unit Tests,8,10,"Há uma suíte JUnit real e relativamente ampla para Filme e FilmNow, com asserts relevantes para igualdade, detalhamento, cadastro, limites, duplicidade, entradas inválidas e HotList. A nota não é máxima porque alguns requisitos obrigatórios incorretos não seriam detectados e parte da HotList/listagem ficou sem cobertura suficiente.",testes/filmnow/FIlmeTest.java | testes/filmnow/FilmNowTest.java::testAdicionarFilmePosicaoVazia | testes/filmnow/FilmNowTest.java::testAdicionarFilmeJaAdicionadoOutraPosicao | testes/filmnow/FilmNowTest.java::testAdicionarFilmeAnoVazio | testes/filmnow/FilmNowTest.java::testCadastraHotListPosicaoVazia | testes/filmnow/FilmNowTest.java::testDetalharFilmeNaHotList | testes/filmnow/FilmNowTest.java::testDetalharFilmePosicaoVazia | testes/filmnow/FilmNowTest.java::testCadastraHotListFilmeJaPresente | testes/filmnow/FilmNowTest.java::testRemoverHotList,
S29,official_sample,redacted,llm,class_design,Class Design,8.5,10,"A modelagem central está bem encaminhada: há uma classe Filme com atributos e igualdade adequados, e uma classe FilmNow responsável por manter acervo e HotList. A perda decorre principalmente de fragilidades de encapsulamento que permitem quebrar invariantes importantes do modelo.",src/filmnow/Filme.java | src/filmnow/Filme.java::equals(Object) | src/filmnow/Filme.java::hashCode() | src/filmnow/Filme.java::detalhesFilme() | src/filmnow/FilmNow.java | src/filmnow/Filme.java::setNome(String) | src/filmnow/Filme.java::setAno(String) | src/filmnow/Filme.java::setHot(boolean) | src/filmnow/FilmNow.java::getHotList() | src/filmnow/FilmNow.java::setHotList(Filme[]),
S29,official_sample,redacted,llm,object_references,Object References and Composition,8.5,10,"A submissão demonstra compreensão clara de composição: FilmNow armazena e manipula objetos Filme, e a HotList usa referências aos filmes do acervo. Há, porém, uma inconsistência relevante no ciclo de vida dessas referências quando uma posição da HotList é substituída.","src/filmnow/FilmNow.java::filmes | src/filmnow/FilmNow.java::hotList | src/filmnow/FilmNow.java::cadastraFilme(int,String,String,String) | src/filmnow/FilmNow.java::cadastraHotList(int,int) | src/filmnow/Filme.java::equals(Object) | src/filmnow/Filme.java::isHot() | src/filmnow/Filme.java::setHot(boolean)",
S29,official_sample,redacted,llm,collections_and_arrays,Collections and Arrays,8.5,10,"Os arrays principais foram escolhidos e usados de modo coerente com os limites do enunciado, com conversão adequada de posições 1-based para índices 0-based na maior parte das operações. A nota não é máxima por problemas de exposição e sincronização de estruturas em alguns pontos.","src/filmnow/FilmNow.java::TAMANHO | src/filmnow/FilmNow.java::TAMANHOHOT | src/filmnow/FilmNow.java::filmes | src/filmnow/FilmNow.java::hotList | src/filmnow/FilmNow.java::cadastraFilme(int,String,String,String) | src/filmnow/MainFilmNow.java::mostrarFilmes(FilmNow) | src/filmnow/FilmNow.java::getHotList() | src/filmnow/FilmNow.java::getFilme(int) | src/filmnow/FilmNow.java::cadastraHotList(int,int)",
S29,official_sample,redacted,llm,separation_of_concerns,Separation of Concerns,8,10,"Há separação razoável entre interface, leitura de arquivo e lógica principal: FilmNow não lê Scanner nem imprime diretamente, e MainFilmNow concentra a interação textual. A principal limitação é que a interface conhece e percorre diretamente a representação interna dos arrays para listar filmes e HotList.","src/filmnow/FilmNow.java | src/filmnow/MainFilmNow.java::comando(String,FilmNow,Scanner) | src/filmnow/MainFilmNow.java::adicionaFilme(FilmNow,Scanner) | src/filmnow/LeitorFilmNow.java::carregaContatos(String,FilmNow) | src/filmnow/MainFilmNow.java::mostrarFilmes(FilmNow) | src/filmnow/MainFilmNow.java::formataFilme(int,Filme) | src/filmnow/MainFilmNow.java::exibirHotlist(FilmNow) | src/filmnow/MainFilmNow.java::formataHot(int,Filme)",
S29,official_sample,redacted,llm,readability_and_documentation,Readability and Documentation,9,10,"O código é legível, com nomes majoritariamente claros, constantes para tamanhos e documentação abundante. As perdas são pequenas e relacionadas a inconsistências de nomenclatura, comentários herdados/imprecisos e alguns detalhes de formatação.","src/filmnow/Filme.java | src/filmnow/FilmNow.java | src/filmnow/MainFilmNow.java | src/filmnow/LeitorFilmNow.java | src/filmnow/LeitorFilmNow.java::carregaContatos(String,FilmNow) | src/filmnow/MainFilmNow.java::detalharFilme(FilmNow,Scanner) | testes/filmnow/FilmNowTest.java | testes/filmnow/FIlmeTest.java",
S30,official_sample,redacted,llm,basic_functionality,Basic Functionality,7,10,"A submissão implementa o fluxo principal de cadastro, duplicidade, detalhamento, listagem pela interface e operações básicas de HotList, com boa parte dos casos de limite tratados. As perdas vêm principalmente de inconsistências funcionais na HotList e de retorno inadequado ao detalhar posição vazia.","src/filmnow/FilmNow.java: cadastraFilme(int, String, String, String) | src/filmnow/FilmNow.java: detalharFilme(int) | src/filmnow/FilmNow.java: addHotList(int, int) e tirarDaHotList(int) | src/filmnow/MainFilmNow.java: comando(String, FilmNow, Scanner), mostrarFilmes(FilmNow), exibirHotList(FilmNow) | src/filmnow/FilmNow.java: addHotList(int, int) | src/filmnow/FilmNow.java: tirarDaHotList(int) | src/filmnow/MainFilmNow.java: removerHotList(FilmNow, Scanner) | src/filmnow/MainFilmNow.java: detalharFilme(FilmNow, Scanner)",
S30,official_sample,redacted,llm,unit_tests,Unit Tests,8,10,"Há uma suíte JUnit real e ampla para Filme e FilmNow, cobrindo igualdade, cadastro, limites, detalhamento e várias operações de HotList. A cobertura é boa, mas alguns testes consolidam comportamentos incompatíveis com o contrato e deixam lacunas em cenários importantes da HotList e de listagem/exibição.","src/testes/filmnow/FilmeTest.java | src/testes/filmnow/FilmNowTest.java: testes de cadastraFilme | src/testes/filmnow/FilmNowTest.java: testes de detalharFilme | src/testes/filmnow/FilmNowTest.java: testes de addHotList e tirarDaHotList | src/testes/filmnow/FilmNowTest.java: addHotListFilmeDuplicado | src/testes/filmnow/FilmNowTest.java: addHotListFilmeCompletoPosicaoOcupada | src/testes/filmnow/FilmNowTest.java | src/filmnow/MainFilmNow.java: mostrarFilmes(FilmNow), exibirHotList(FilmNow)",
S30,official_sample,redacted,llm,class_design,Class Design,8,10,A modelagem central está presente: Filme representa os dados do filme e FilmNow gerencia acervo e HotList. A igualdade por nome e ano foi implementada corretamente. As perdas são por a entidade Filme ainda ser limitada como classe de domínio e por haver uma API pública inconsistente com as posições do sistema.,"src/filmnow/Filme.java | src/filmnow/FilmNow.java: atributos filmes e hotList | src/filmnow/Filme.java: equals(Object) e hashCode() | src/filmnow/FilmNow.java: cadastraFilme, detalharFilme, addHotList, tirarDaHotList | src/filmnow/FilmNow.java: detalharFilme(int) | src/filmnow/MainFilmNow.java: formataFilme(int, String), exibirHotList(FilmNow) | src/filmnow/FilmNow.java: getFilme(int)",
S30,official_sample,redacted,llm,object_references,Object References and Composition,7.5,10,"A composição principal foi aprendida: FilmNow cria e armazena objetos Filme, e a HotList guarda referências aos mesmos objetos do acervo. Porém, a manutenção do estado compartilhado entre referência no acervo, referência na HotList e atributo hot é inconsistente em um caso importante.","src/filmnow/FilmNow.java: private Filme[] filmes | src/filmnow/FilmNow.java: private Filme[] hotList | src/filmnow/FilmNow.java: cadastraFilme(int, String, String, String) | src/filmnow/FilmNow.java: addHotList(int, int), detalharFilme(int) | src/filmnow/FilmNow.java: addHotList(int, int)",
S30,official_sample,redacted,llm,collections_and_arrays,Collections and Arrays,8,10,"Os arrays obrigatórios foram usados de forma adequada para o acervo de 100 posições e a HotList de 10 posições, com iteração para cadastro, listagem e duplicidade. As perdas são por inconsistências pontuais de indexação e sincronização da HotList.","src/filmnow/FilmNow.java: constantes TAMANHO e TAMANHOHOT | src/filmnow/FilmNow.java: construtor FilmNow() | src/filmnow/FilmNow.java: cadastraFilme(int, String, String, String) | src/filmnow/MainFilmNow.java: mostrarFilmes(FilmNow), exibirHotList(FilmNow) | src/filmnow/FilmNow.java: getFilme(int) | src/filmnow/FilmNow.java: addHotList(int, int)",
S30,official_sample,redacted,llm,separation_of_concerns,Separation of Concerns,7.5,10,"Existe separação básica entre interface textual, gerenciador do sistema e entidade Filme. A maior parte das validações centrais está em FilmNow. Ainda assim, a Main manipula arrays e monta listagens diretamente, e alguns resultados de domínio não são bem convertidos em respostas ao usuário.","src/filmnow/MainFilmNow.java | src/filmnow/FilmNow.java | src/filmnow/Filme.java | src/filmnow/LeitorFilmNow.java | src/filmnow/MainFilmNow.java: mostrarFilmes(FilmNow) | src/filmnow/MainFilmNow.java: exibirHotList(FilmNow) | src/filmnow/FilmNow.java: getFilmes(), getHotList() | src/filmnow/FilmNow.java: tirarDaHotList(int) | src/filmnow/MainFilmNow.java: removerHotList(FilmNow, Scanner)",
S30,official_sample,redacted,llm,readability_and_documentation,Readability and Documentation,8,10,"O código é compreensível, com nomes em geral claros, métodos curtos e Javadocs herdados/adaptados em várias partes. As perdas são de acabamento: documentação inconsistente e repetição de formatação que reduz a clareza e manutenção.","src/filmnow/Filme.java | src/filmnow/FilmNow.java | src/filmnow/MainFilmNow.java | src/filmnow/LeitorFilmNow.java | src/filmnow/LeitorFilmNow.java: carregaContatos(String, FilmNow) | src/filmnow/MainFilmNow.java: comentários de adicionaFilme | src/filmnow/FilmNow.java: Javadocs de cadastro e HotList | src/filmnow/FilmNow.java: detalharFilme(int) | src/filmnow/MainFilmNow.java: formataFilme(int, String) | src/filmnow/MainFilmNow.java: exibirHotList(FilmNow)",
S31,official_sample,redacted,llm,basic_functionality,Basic Functionality,1,10,"Há uma tentativa inicial de cadastrar filmes em um array de 100 posições com validação de posição, nome e local, mas o fluxo obrigatório não fecha. O projeto apresentado não compila de forma coerente com a interface, a classe Filme não guarda dados, a duplicidade não funciona por nome e ano, e listagem, detalhamento e HotList estão ausentes ou quebrados.",src/filmnow/FilmNow.java::filmes | src/filmnow/FilmNow.java::cadastraFilme | src/filmnow/MainFilmNow.java::mostrarFilmes | src/filmnow/MainFilmNow.java::detalharFilme | src/filmnow/Filme.java | src/filmnow/FilmNow.java::getFilmes | src/filmnow/FilmNow.java | src/filmnow/MainFilmNow.java::comando,
S31,official_sample,redacted,llm,unit_tests,Unit Tests,0,10,"Não há arquivos de teste JUnit na submissão. Portanto, não há evidência de testes para Filme, FilmNow, cenários normais, alternativos ou limites.",Árvore da submissão: contagem de arquivos de teste igual a 0 | Árvore da submissão: nenhum arquivo de teste informado,
S31,official_sample,redacted,llm,class_design,Class Design,2,10,"Existe uma classe Filme criada além da estrutura inicial e FilmNow foi alterada para armazenar objetos Filme, o que mostra uma intenção inicial de modelagem. Contudo, Filme é praticamente uma casca vazia e FilmNow não oferece a maior parte do comportamento esperado, deixando a modelagem central incompleta.",src/filmnow/Filme.java | src/filmnow/FilmNow.java::filmes | src/filmnow/FilmNow.java::FilmNow | src/filmnow/FilmNow.java | src/filmnow/MainFilmNow.java::mostrarFilmes | src/filmnow/MainFilmNow.java::detalharFilme | src/filmnow/FilmNow.java::getFilmes,
S31,official_sample,redacted,llm,object_references,Object References and Composition,2,10,"Há evidência inicial de composição porque FilmNow armazena referências para objetos Filme e cria novos objetos no cadastro. Porém, o uso é majoritariamente nominal: Filme não mantém estado, a comparação por referência não atende ao domínio e a interface do sistema ficou incompatível com a mudança para objetos.",src/filmnow/FilmNow.java::filmes | src/filmnow/FilmNow.java::cadastraFilme | src/filmnow/FilmNow.java::getFilmes | src/filmnow/Filme.java | src/filmnow/MainFilmNow.java::mostrarFilmes | src/filmnow/MainFilmNow.java::formataFilme,
S31,official_sample,redacted,llm,collections_and_arrays,Collections and Arrays,2,10,"O acervo principal usa um array de tamanho 100 e o cadastro acessa a posição correta com ajuste de índice. Entretanto, o uso da estrutura não sustenta o sistema completo: não há coleção para HotList, a listagem/detalhamento estão incompatíveis e o array de filmes guarda objetos sem dados úteis.",src/filmnow/FilmNow.java::TAMANHO | src/filmnow/FilmNow.java::FilmNow | src/filmnow/FilmNow.java::cadastraFilme | src/filmnow/FilmNow.java::getFilmes | src/filmnow/FilmNow.java | src/filmnow/MainFilmNow.java::mostrarFilmes | src/filmnow/MainFilmNow.java::detalharFilme | src/filmnow/Filme.java,
S31,official_sample,redacted,llm,separation_of_concerns,Separation of Concerns,2,10,"Há arquivos separados para interface, leitor e sistema, mas essa separação vem em grande parte da estrutura inicial e a evolução entregue não mantém responsabilidades bem definidas. FilmNow imprime diretamente mensagens de interface, MainFilmNow acessa/espera detalhes incompatíveis da representação interna e o fluxo de domínio não está organizado de forma reutilizável.",src/filmnow/FilmNow.java::cadastraFilme | src/filmnow/MainFilmNow.java | src/filmnow/LeitorFilmNow.java | src/filmnow/FilmNow.java::adicionarFilmeEmposicao | src/filmnow/MainFilmNow.java::mostrarFilmes | src/filmnow/MainFilmNow.java::detalharFilme | src/filmnow/FilmNow.java::getFilmes | src/filmnow/FilmNow.java | src/filmnow/MainFilmNow.java::comando,
S31,official_sample,redacted,llm,readability_and_documentation,Readability and Documentation,4,10,"O código é curto e parte dos nomes ainda permite entender a intenção geral, mas há inconsistências fortes de tipos, métodos incompletos, documentação herdada/desatualizada e elementos sem função clara. Isso reduz bastante a legibilidade e a confiabilidade da manutenção.",src/filmnow/FilmNow.java | src/filmnow/MainFilmNow.java | src/filmnow/Filme.java | src/filmnow/FilmNow.java::getFilmes | src/filmnow/MainFilmNow.java::mostrarFilmes | src/filmnow/MainFilmNow.java::detalharFilme | src/filmnow/Filme.java::main | src/filmnow/FilmNow.java::adicionarFilmeEmposicao,
S32,official_sample,redacted,llm,basic_functionality,Basic Functionality,8,10,"A implementação cobre a maior parte do fluxo obrigatório: cadastro com validações principais, detalhamento, prevenção de duplicidade por nome e ano, sobrescrita em posição válida e operações centrais de HotList. As perdas vêm de falhas localizadas no fluxo normal da interface e da carga inicial, além do tratamento de posição vazia no detalhamento.","src/filmnow/FilmNow.java: cadastraFilme(int,String,String,String) | src/filmnow/FilmNow.java: getFilme(int) | src/filmnow/FilmNow.java: atribuiHot(int,int) | src/filmnow/FilmNow.java: removerHot(int) | src/filmnow/Filme.java: toString() e equals(Object) | src/filmnow/MainFilmNow.java: comando(String,FilmNow,Scanner), mostrarFilmes(FilmNow), mostrarHotList(FilmNow) | src/filmnow/MainFilmNow.java: removeHot(FilmNow,Scanner) | src/filmnow/MainFilmNow.java: detalharFilme(FilmNow,Scanner) | src/filmnow/LeitorFilmNow.java: processaLinhaCsvFilmes(String[],FilmNow)",
S32,official_sample,redacted,llm,unit_tests,Unit Tests,8,10,"Há uma suíte JUnit real e relativamente ampla, cobrindo Filme e FilmNow com casos normais, alternativos e limites de cadastro, detalhamento e HotList. A nota não é máxima porque parte dos testes usa assert nativo do Java, há lacunas em listagem/integração e alguns cenários nomeados não verificam efetivamente o comportamento pretendido.","testes/lab3FilmNow/FilmeTest.java | testes/lab3FilmNow/FilmNowTest.java | testes/lab3FilmNow/FilmeTest.java: testEquals, testEqualsNull, testEqualsSemAno, testEqualsAnoDiferente, testEqualsNomeDiferente, testNotEquals | testes/lab3FilmNow/FilmNowTest.java: testCadastraPosExistente | src/filmnow/MainFilmNow.java: mostrarFilmes(FilmNow), mostrarHotList(FilmNow) | src/filmnow/MainFilmNow.java: removeHot(FilmNow,Scanner) | src/filmnow/LeitorFilmNow.java: processaLinhaCsvFilmes(String[],FilmNow)",
S32,official_sample,redacted,llm,class_design,Class Design,8.5,10,"A solução demonstra boa modelagem inicial: Filme e FilmNow têm papéis distintos, e a HotList foi incorporada ao gerenciador. As falhas são localizadas, principalmente na robustez da igualdade/hashCode e em uma API de domínio que ainda deixa parte da representação para a interface.","src/filmnow/Filme.java | src/filmnow/FilmNow.java | src/filmnow/Filme.java: equals(Object) | src/filmnow/Filme.java: hashCode() | src/filmnow/Filme.java: atributo posicao | src/filmnow/FilmNow.java: getFilmes(), getHotList() | src/filmnow/MainFilmNow.java: mostrarFilmes(FilmNow), mostrarHotList(FilmNow)",
S32,official_sample,redacted,llm,object_references,Object References and Composition,8.5,10,"Há evidência clara de composição: FilmNow armazena objetos Filme, a HotList guarda referências aos mesmos objetos, e o status hot afeta o detalhamento. A principal perda está na sincronização incompleta entre as referências do acervo e da HotList em cenários de substituição.","src/filmnow/FilmNow.java: atributos filmes e hotList | src/filmnow/FilmNow.java: cadastraFilme(int,String,String,String) | src/filmnow/FilmNow.java: atribuiHot(int,int) | src/filmnow/Filme.java: getStatus(), setStatus(boolean), toString() | src/filmnow/FilmNow.java: hotList",
S32,official_sample,redacted,llm,collections_and_arrays,Collections and Arrays,8.5,10,"A solução usa arrays com os tamanhos exigidos e os percorre de modo funcional para cadastro, busca de duplicidade e HotList. As perdas são por fragilidade na gestão de índices entre camadas e por depender de iteração externa para algumas funcionalidades de exibição.","src/filmnow/FilmNow.java: TAMANHO, filmes, hotList | src/filmnow/FilmNow.java: filmeExistente(Filme) | src/filmnow/FilmNow.java: cadastraFilme(int,String,String,String), getFilme(int), atribuiHot(int,int), removerHot(int) | src/filmnow/LeitorFilmNow.java: processaLinhaCsvFilmes(String[],FilmNow) | src/filmnow/MainFilmNow.java: removeHot(FilmNow,Scanner) | src/filmnow/FilmNow.java: cadastraFilme(int,String,String,String), removerHot(int) | src/filmnow/FilmNow.java: getFilmes(), getHotList() | src/filmnow/MainFilmNow.java: mostrarFilmes(FilmNow), mostrarHotList(FilmNow)",
S32,official_sample,redacted,llm,separation_of_concerns,Separation of Concerns,7.5,10,"Existe separação razoável entre interface, leitor e classe de domínio: FilmNow concentra as validações centrais. Porém, a Main ainda acessa arrays e monta listagens diretamente, e a convenção de posições aparece em mais de uma camada, gerando bugs de integração.","src/filmnow/FilmNow.java | src/filmnow/MainFilmNow.java | src/filmnow/LeitorFilmNow.java | src/filmnow/Filme.java | src/filmnow/MainFilmNow.java: mostrarFilmes(FilmNow), mostrarHotList(FilmNow) | src/filmnow/FilmNow.java: getFilmes(), getHotList() | src/filmnow/FilmNow.java: getFilme, cadastraFilme, removerHot | src/filmnow/MainFilmNow.java: removeHot(FilmNow,Scanner) | src/filmnow/LeitorFilmNow.java: processaLinhaCsvFilmes(String[],FilmNow)",
S32,official_sample,redacted,llm,readability_and_documentation,Readability and Documentation,8.5,10,"O código é compreensível, com nomes majoritariamente claros, métodos curtos e documentação em várias classes. As perdas são por alguns resquícios de nomenclatura, atributo/método inconsistente e pequenos pontos que dificultam manutenção.","src/filmnow/Filme.java | src/filmnow/FilmNow.java | src/filmnow/MainFilmNow.java | src/filmnow/LeitorFilmNow.java | src/filmnow/Filme.java: atributo posicao | src/filmnow/Filme.java: hashCode() | src/filmnow/LeitorFilmNow.java: carregaContatos(String,FilmNow) | src/filmnow/MainFilmNow.java: comentário de detalharFilme menciona contato | src/filmnow/MainFilmNow.java: comando(String,FilmNow,Scanner)",
S33,official_sample,redacted,llm,basic_functionality,Basic Functionality,5.5,10,"A submissão implementa parte importante do cadastro de filmes, incluindo posição de 1 a 100, ano vazio, sobrescrita e verificação de duplicidade por nome e ano. Porém o detalhamento tem comportamento incorreto em posições vazias/inválidas e a HotList está apenas parcialmente funcional, com falhas centrais de validação, duplicidade e manutenção do status hot.","src/filmnow/FilmNow.java:cadastraFilme(int,String,String,String) | src/filmnow/Filme.java:equals(Object) | src/filmnow/Filme.java:toString() | src/filmnow/MainFilmNow.java:mostrarFilmes(FilmNow) | src/filmnow/MainFilmNow.java:exibirHotList(FilmNow) | src/filmnow/MainFilmNow.java:detalharFilme(FilmNow,Scanner) | src/filmnow/FilmNow.java:cadastraHotList(int,int) | src/filmnow/FilmNow.java:removeHotList(int) | src/filmnow/FilmNow.java:getFilme(int) | src/filmnow/FilmNow.java:detalharFilme(int) | testes/lab3FilmNow/FilmNowTest.java:testAdicionaFilmePosicaoLocalInvalido()",
S33,official_sample,redacted,llm,unit_tests,Unit Tests,6,10,"Há testes JUnit reais para Filme e FilmNow, com asserts sobre getters, equals, toString e vários casos de cadastro. A cobertura, porém, fica incompleta para requisitos obrigatórios importantes, especialmente HotList, detalhamento correto, listagem e verificação de sobrescrita/armazenamento.","testes/lab3FilmNow/FilmeTest.java | testes/lab3FilmNow/FilmNowTest.java:testCadastraFilmePosVazia() | testes/lab3FilmNow/FilmNowTest.java:testAdicionaFilmeRepetido() | testes/lab3FilmNow/FilmNowTest.java:testAdicionaFilmePosicaoLimite() | testes/lab3FilmNow/FilmNowTest.java:testAdicionaFilmeSemAno() | testes/lab3FilmNow/FilmNowTest.java | src/filmnow/FilmNow.java:cadastraHotList(int,int) | src/filmnow/FilmNow.java:removeHotList(int) | testes/lab3FilmNow/FilmNowTest.java:testCadastraFilmePosExistente() | testes/lab3FilmNow/FilmNowTest.java:testDetalharFilmeNulo() | testes/lab3FilmNow/FilmNowTest.java:testAdicionaFilmeValido() | testes/lab3FilmNow/FilmNowTest.java:testAdicionaFilmePosicaoLocalInvalido()",
S33,official_sample,redacted,llm,class_design,Class Design,8,10,"A solução cria uma classe Filme com atributos e comportamento próprios e usa FilmNow como classe gerenciadora do acervo e da HotList. A modelagem central está presente, embora haja imperfeições de encapsulamento e alguns métodos de domínio estejam incompletos ou pouco coerentes com o papel esperado de FilmNow.","src/filmnow/Filme.java | src/filmnow/FilmNow.java | src/filmnow/Filme.java:equals(Object) | src/filmnow/Filme.java:hashCode() | src/filmnow/FilmNow.java:Filme[] filmes | src/filmnow/FilmNow.java:Filme[] filmesHot | src/filmnow/FilmNow.java:detalharFilme(int) | src/filmnow/MainFilmNow.java:detalharFilme(FilmNow,Scanner) | src/filmnow/Filme.java:campos plataforma, nome, anoLancamento, hot",
S33,official_sample,redacted,llm,object_references,Object References and Composition,7,10,"Há evidência clara de composição: FilmNow armazena objetos Filme, cria novos filmes, compara por equals e a HotList guarda referências a filmes do acervo. As perdas vêm principalmente da manutenção inconsistente dessas referências na HotList e de acessos que podem resultar em null ou exceções.","src/filmnow/FilmNow.java:private Filme[] filmes | src/filmnow/FilmNow.java:private Filme[] filmesHot | src/filmnow/FilmNow.java:cadastraFilme(int,String,String,String) | src/filmnow/FilmNow.java:cadastraHotList(int,int) | src/filmnow/Filme.java:setStatus(boolean) | src/filmnow/Filme.java:equals(Object) | src/filmnow/FilmNow.java:removeHotList(int) | src/filmnow/FilmNow.java:getFilme(int) | src/filmnow/MainFilmNow.java:detalharFilme(FilmNow,Scanner)",
S33,official_sample,redacted,llm,collections_and_arrays,Collections and Arrays,6.5,10,"A solução usa arrays com os tamanhos corretos para o acervo e a HotList, e o acervo principal funciona razoavelmente para cadastro e varredura de duplicidade. Entretanto, há problemas relevantes de indexação, validação de limites e sincronização na HotList e em operações de detalhamento.","src/filmnow/FilmNow.java:TAMANHO | src/filmnow/FilmNow.java:TAMANHOHOT | src/filmnow/FilmNow.java:cadastraFilme(int,String,String,String) | src/filmnow/FilmNow.java:getFilmes() | src/filmnow/FilmNow.java:getHotList() | src/filmnow/MainFilmNow.java:mostrarFilmes(FilmNow) | src/filmnow/MainFilmNow.java:exibirHotList(FilmNow) | src/filmnow/FilmNow.java:cadastraHotList(int,int) | src/filmnow/FilmNow.java:getFilme(int) | src/filmnow/FilmNow.java:detalharFilme(int) | src/filmnow/FilmNow.java:removeHotList(int)",
S33,official_sample,redacted,llm,separation_of_concerns,Separation of Concerns,7,10,"Há separação básica entre interface textual, leitura de CSV, entidade Filme e gerenciador FilmNow. A interface não concentra todo o sistema e FilmNow contém parte relevante das regras. Ainda assim, MainFilmNow assume regras de domínio de listagem e detalhamento porque FilmNow não fornece operações completas para esses fluxos.","src/filmnow/MainFilmNow.java | src/filmnow/LeitorFilmNow.java | src/filmnow/FilmNow.java | src/filmnow/Filme.java | src/filmnow/MainFilmNow.java:mostrarFilmes(FilmNow) | src/filmnow/MainFilmNow.java:exibirHotList(FilmNow) | src/filmnow/MainFilmNow.java:detalharFilme(FilmNow,Scanner) | src/filmnow/FilmNow.java:detalharFilme(int) | src/filmnow/FilmNow.java:getFilmes() | src/filmnow/FilmNow.java:getHotList()",
S33,official_sample,redacted,llm,readability_and_documentation,Readability and Documentation,8,10,"O código é em geral compreensível, com nomes razoáveis e documentação em várias classes e métodos. As principais perdas são de acabamento: há método com TODO e comportamento incompleto, alguns comentários/contratos inconsistentes e pequenos problemas de estilo que dificultam a leitura.","src/filmnow/Filme.java | src/filmnow/FilmNow.java | src/filmnow/MainFilmNow.java | src/filmnow/LeitorFilmNow.java | testes/lab3FilmNow/FilmeTest.java | testes/lab3FilmNow/FilmNowTest.java | src/filmnow/FilmNow.java:detalharFilme(int) | src/filmnow/FilmNow.java:getFilmeHot(int) | src/filmnow/Filme.java:campos | src/filmnow/FilmNow.java:cadastraFilme(int,String,String,String) | testes/lab3FilmNow/FilmNowTest.java:testAdicionaFilmePosicaoLocalInvalido()",
S34,official_sample,redacted,llm,basic_functionality,Basic Functionality,8,10,"A submissão implementa a maior parte do fluxo obrigatório: cadastro com posições de 1 a 100, sobrescrita, bloqueio de duplicidade por nome e ano, detalhamento de filme existente, listagem pelo menu e operações principais da HotList. As perdas vêm de dois comportamentos obrigatórios específicos que não estão corretos: detalhar uma posição válida vazia e informar erro ao remover Hot em posição inválida.","src/filmnow/FilmNow.java: adicionaFilme(int,String,String,String) | src/filmnow/Filme.java: equals(Object), nomeAno(), toString() | src/filmnow/FilmNow.java: atribuirHot(int,int), exibirHotList(), removerHot(int) | src/filmnow/FilmNow.java: detalharFilme(int) | src/filmnow/MainFilmNow.java: mostrarFilmes(FilmNow), detalharFilme(FilmNow,Scanner), atribuirHot(FilmNow,Scanner) | test/filmnow/FilmNowTest.java: testDetalharFilmePosicaoVazia() | src/filmnow/FilmNow.java: removerHot(int) | src/filmnow/MainFilmNow.java: removerHot(FilmNow,Scanner) | test/filmnow/FilmNowTest.java: testRemoverHotPosicaoInvalidaAcima(), testRemoverHotPosicaoInvalidaAbaixo()",
S34,official_sample,redacted,llm,unit_tests,Unit Tests,8,10,"Há uma suíte JUnit real e ampla, com asserts relevantes para Filme e FilmNow, cobrindo construtor de objetos, representações textuais, igualdade, cadastro, duplicidade, limites de posição e parte da HotList. A nota não é máxima porque alguns testes cristalizam comportamentos contrários ao enunciado e há lacunas em cenários obrigatórios específicos.","test/filmnow/FilmeTest.java | test/filmnow/FilmNowTest.java: testAdicionaFilmePosicaoValida(), testAdicionaFilmeJaExistente(), testAdicionaFilmePosicaoLimiteSuperior() | test/filmnow/FilmNowTest.java: testExibirHotListCompleta(), testEstaNaHotListTrue(), testRemoverHot() | test/filmnow/FilmNowTest.java: testDetalharFilmePosicaoVazia() | test/filmnow/FilmNowTest.java: testRemoverHotPosicaoInvalidaAcima(), testRemoverHotPosicaoInvalidaAbaixo() | test/filmnow/FilmNowTest.java | src/filmnow/MainFilmNow.java: mostrarFilmes(FilmNow) | src/filmnow/FilmNow.java: atribuirHot(int,int)",
S34,official_sample,redacted,llm,class_design,Class Design,9,10,"A modelagem central está bem encaminhada: Filme e FilmNow existem com responsabilidades distinguíveis, e Filme concentra dados, igualdade e representação textual. A perda é pequena e decorre da interface pública de FilmNow ainda depender demais da estrutura interna para satisfazer a listagem do acervo.",src/filmnow/Filme.java | src/filmnow/FilmNow.java | src/filmnow/LeitorFilmNow.java | src/filmnow/MainFilmNow.java | src/filmnow/FilmNow.java: getFilmes() | src/filmnow/MainFilmNow.java: mostrarFilmes(FilmNow),
S34,official_sample,redacted,llm,object_references,Object References and Composition,10,10,"A submissão demonstra claramente a composição esperada: FilmNow armazena e manipula objetos Filme, a HotList guarda referências a esses filmes, e a lógica usa métodos da entidade Filme em vez de operar apenas sobre strings soltas.","src/filmnow/FilmNow.java: atributos filmes e hotList | src/filmnow/FilmNow.java: adicionaFilme(int,String,String,String) | src/filmnow/FilmNow.java: atribuirHot(int,int), estaNaHotList(Filme), verificarDualidade(Filme) | src/filmnow/Filme.java: equals(Object)",
S34,official_sample,redacted,llm,collections_and_arrays,Collections and Arrays,9,10,"Os arrays principais resolvem adequadamente o problema: acervo com 100 posições e HotList com 10 posições, com conversão correta das posições de usuário para índices internos. A perda é pequena porque os arrays internos são expostos diretamente, o que enfraquece a proteção das invariantes.","src/filmnow/FilmNow.java: constantes TAMANHO e TAMANHO_HOTLIST | src/filmnow/FilmNow.java: atributos Filme[] filmes e Filme[] hotList | src/filmnow/FilmNow.java: adicionaFilme(int,String,String,String), exibirHotList(), atribuirHot(int,int), removerHot(int) | src/filmnow/MainFilmNow.java: mostrarFilmes(FilmNow) | src/filmnow/FilmNow.java: getFilmes() | src/filmnow/FilmNow.java: getHotList() | test/filmnow/FilmNowTest.java: testRemoverHot()",
S34,official_sample,redacted,llm,separation_of_concerns,Separation of Concerns,8,10,"Existe separação geral entre interface, leitura de arquivo, entidade Filme e gerenciador FilmNow. Porém a Main ainda assume parte relevante da regra de listagem e depende do array interno do sistema, o que reduz a divisão de responsabilidades.","src/filmnow/MainFilmNow.java: main(String[]), menu(Scanner), comando(String,FilmNow,Scanner) | src/filmnow/FilmNow.java | src/filmnow/LeitorFilmNow.java | src/filmnow/Filme.java | src/filmnow/MainFilmNow.java: mostrarFilmes(FilmNow), formataFilme(int,String) | src/filmnow/FilmNow.java: getFilmes()",
S34,official_sample,redacted,llm,readability_and_documentation,Readability and Documentation,9,10,"O código é legível, com nomes em geral claros, organização simples e Javadocs abundantes. A perda é leve por inconsistências pontuais de nomenclatura e documentação que podem confundir a manutenção, mas não comprometem a compreensão global.","src/filmnow/Filme.java | src/filmnow/FilmNow.java | src/filmnow/LeitorFilmNow.java | src/filmnow/MainFilmNow.java | src/filmnow/LeitorFilmNow.java: carregaContatos(String,FilmNow) | src/filmnow/Filme.java: Filme(String,String,String)",
S35,official_sample,redacted,llm,basic_functionality,Basic Functionality,2,10,"Há uma implementação parcial de cadastro, listagem e detalhamento de filmes existentes, mas o fluxo obrigatório não fecha de ponta a ponta. Faltam validações centrais, tratamento correto de posições, duplicidade, ano vazio e toda a HotList.","src/filmnow/FilmNow.java: construtor e método cadastraFilme | src/filmnow/FilmNow.java: método getFilme | src/filmnow/MainFilmNow.java: métodos mostrarFilmes, detalharFilme e adicionarFilme | src/filmnow/FilmNow.java: ausência de atributos e métodos de HotList | src/filmnow/MainFilmNow.java: menu sem operações de HotList | src/filmnow/FilmNow.java: método cadastraFilme | src/filmnow/MainFilmNow.java: método adicionarFilme | src/filmnow/FilmNow.java: métodos cadastraFilme e getFilme | src/filmnow/MainFilmNow.java: métodos formatarFilme e detalharFilme",
S35,official_sample,redacted,llm,unit_tests,Unit Tests,0,10,"Não há arquivos de teste JUnit fornecidos no pacote. Portanto, não há evidência de testes da classe Filme, da classe FilmNow, de cenários normais, alternativos ou de valores limite.",Árvore da submissão: contagem de arquivos de teste igual a 0 | Árvore da submissão: nenhum arquivo em diretório de testes,
S35,official_sample,redacted,llm,class_design,Class Design,5,10,"A submissão mostra entendimento parcial da modelagem ao criar Filme e usar FilmNow como gerenciador, mas as classes ainda não cumprem várias responsabilidades obrigatórias do domínio, especialmente igualdade de filmes, HotList e regras de negócio centrais.","src/filmnow/Filme.java: classe Filme | src/filmnow/FilmNow.java: atributo Filme[] filmes e método cadastraFilme | src/filmnow/MainFilmNow.java: uso das classes de domínio | src/filmnow/Filme.java: atributos, construtor e ausência de equals/hashCode | src/filmnow/FilmNow.java: métodos cadastraFilme, getFilmes e getFilme | src/filmnow/MainFilmNow.java: métodos mostrarFilmes, detalharFilme e adicionarFilme | src/filmnow/FilmNow.java: API mínima",
S35,official_sample,redacted,llm,object_references,Object References and Composition,6,10,"Há evidência real de composição, pois FilmNow armazena referências para objetos Filme e Main manipula esses objetos. Contudo, o uso de referências é incompleto para o domínio, não cobre HotList e expõe a estrutura interna diretamente.",src/filmnow/FilmNow.java: atributo private Filme[] filmes | src/filmnow/FilmNow.java: método cadastraFilme | src/filmnow/MainFilmNow.java: métodos mostrarFilmes e detalharFilme | src/filmnow/FilmNow.java: ausência de atributo ou métodos relacionados à HotList | src/filmnow/FilmNow.java: método getFilmes,
S35,official_sample,redacted,llm,collections_and_arrays,Collections and Arrays,5,10,"O vetor de 100 filmes é usado de forma funcional para parte do acervo principal, mas há problemas relevantes: ausência de estrutura da HotList, tratamento incorreto de posições externas e exposição direta do array interno.",src/filmnow/FilmNow.java: construtor e atributo filmes | src/filmnow/FilmNow.java: métodos cadastraFilme e getFilme | src/filmnow/MainFilmNow.java: método mostrarFilmes | src/filmnow/FilmNow.java: ausência de coleção da HotList | src/filmnow/MainFilmNow.java: método formatarFilme | src/filmnow/FilmNow.java: método getFilmes,
S35,official_sample,redacted,llm,separation_of_concerns,Separation of Concerns,4,10,"Existe alguma separação física entre interface, entidade e gerenciador, mas a divisão de responsabilidades é fraca: FilmNow quase não concentra as regras do sistema e Main decide boa parte da apresentação e dos resultados sem apoio adequado da camada de domínio.","src/filmnow/Filme.java | src/filmnow/FilmNow.java | src/filmnow/LeitorFilmNow.java | src/filmnow/MainFilmNow.java | src/filmnow/FilmNow.java: método cadastraFilme | src/filmnow/MainFilmNow.java: método adicionarFilme | src/filmnow/MainFilmNow.java: métodos mostrarFilmes, detalharFilme e formatarFilme | src/filmnow/FilmNow.java: método getFilmes",
S35,official_sample,redacted,llm,readability_and_documentation,Readability and Documentation,7,10,"O código é curto, simples e geralmente compreensível, com nomes em grande parte claros. A nota não é maior pela falta de documentação, alguns nomes herdados/inconsistentes e uso de literais que dificultam manutenção.",src/filmnow/Filme.java | src/filmnow/FilmNow.java | src/filmnow/MainFilmNow.java | src/filmnow/LeitorFilmNow.java | src/filmnow/LeitorFilmNow.java: método carregaContatos | src/filmnow/MainFilmNow.java: mensagens do fluxo | src/filmnow/FilmNow.java: new Filme[100] | src/filmnow/MainFilmNow.java: método formatarFilme,
S36,official_sample,redacted,llm,basic_functionality,Basic Functionality,7,10,"A submissão implementa o fluxo principal de cadastro, listagem, detalhamento e HotList com comportamento substancialmente funcional. Há, porém, falhas materiais em requisitos obrigatórios: a API de cadastro usa índice 0..99 de modo inconsistente com o contrato 1..100 e com outros métodos, o ano vazio não é aceito pelo fluxo principal, e detalhar uma posição válida vazia retorna mensagem de posição inválida em vez de vazio.",src/filmnow/FilmNow.java::cadastraFilme | src/filmnow/FilmNow.java::mostrarTodos | src/filmnow/FilmNow.java::detalharFilme | src/filmnow/FilmNow.java::adicionaHot | src/filmnow/FilmNow.java::removerHot | src/filmnow/FilmNow.java::exibirHotList | src/filmnow/MainFilmNow.java::adicionarFilme | src/filmnow/LeitorFilmNow.java::processaLinhaCsvFilmes | src/filmnow/Filme.java::Filme,
S36,official_sample,redacted,llm,unit_tests,Unit Tests,7.5,10,"Há testes JUnit reais com asserts relevantes para `Filme` e `FilmNow`, cobrindo igualdade, representação textual, cadastro, listagem, detalhamento e operações básicas da HotList. A cobertura, contudo, deixa de verificar vários cenários obrigatórios alternativos e limites, e os testes adotam a convenção 0-based do cadastro sem detectar a inconsistência com o enunciado.",testes/lab3FilmNow/FilmeTest.java | testes/lab3FilmNow/FilmNowTest.java::testCadastraFilmeValido | testes/lab3FilmNow/FilmNowTest.java::testCadastraFilmeRepetido | testes/lab3FilmNow/FilmNowTest.java::testMostrarTodos | testes/lab3FilmNow/FilmNowTest.java::testDetalharFilmeComHot | testes/lab3FilmNow/FilmNowTest.java::testExibirHotList | testes/lab3FilmNow/FilmNowTest.java | src/filmnow/FilmNow.java::detalharFilme | src/filmnow/FilmNow.java::cadastraFilme | testes/lab3FilmNow/FilmNowTest.java::testDetalharFilmeSemHot,
S36,official_sample,redacted,llm,class_design,Class Design,8.5,10,"A modelagem central está bem encaminhada: há uma classe `Filme` com atributos e igualdade compatíveis com o domínio, e uma classe `FilmNow` responsável por gerenciar acervo e HotList. A principal perda vem de inconsistências na interface do gerenciador, especialmente ano como inteiro no cadastro e posições públicas misturadas entre 0-based e 1-based.",src/filmnow/Filme.java | src/filmnow/Filme.java::equals | src/filmnow/Filme.java::toString | src/filmnow/FilmNow.java | src/filmnow/FilmNow.java::FilmNow | src/filmnow/FilmNow.java::cadastraFilme | src/filmnow/FilmNow.java::detalharFilme | src/filmnow/MainFilmNow.java::adicionarFilme,
S36,official_sample,redacted,llm,object_references,Object References and Composition,9,10,"A submissão demonstra bom entendimento de composição: `FilmNow` armazena objetos `Filme`, cria instâncias e mantém a HotList como referências aos filmes cadastrados. A perda é pequena e se deve ao vazamento parcial de referências e responsabilidades de consulta para a interface, sem comprometer a ideia central.",src/filmnow/FilmNow.java::filmes | src/filmnow/FilmNow.java::hotlist | src/filmnow/FilmNow.java::cadastraFilme | src/filmnow/FilmNow.java::adicionaHot | src/filmnow/Filme.java::equals | src/filmnow/FilmNow.java::getFilmes | src/filmnow/MainFilmNow.java::mostrarFilmes | src/filmnow/MainFilmNow.java::formataFilme,
S36,official_sample,redacted,llm,collections_and_arrays,Collections and Arrays,7.5,10,"O código usa arrays de tamanho adequado para o acervo principal e a HotList, com iterações coerentes para cadastro, busca, listagem e exibição. A limitação principal está no gerenciamento inconsistente de índices, que afeta diretamente uma solução baseada em posições fixas.",src/filmnow/FilmNow.java::TAMANHO | src/filmnow/FilmNow.java::HOT_TAMANHO | src/filmnow/FilmNow.java::filmes | src/filmnow/FilmNow.java::hotlist | src/filmnow/FilmNow.java::cadastraFilme | src/filmnow/FilmNow.java::mostrarTodos | src/filmnow/FilmNow.java::exibirHotList | src/filmnow/FilmNow.java::getFilme | src/filmnow/FilmNow.java::detalharFilme | src/filmnow/FilmNow.java::adicionaHot | src/filmnow/LeitorFilmNow.java::processaLinhaCsvFilmes,
S36,official_sample,redacted,llm,separation_of_concerns,Separation of Concerns,8,10,"Há uma separação razoável para o nível do laboratório: `MainFilmNow` cuida da interação, `FilmNow` concentra boa parte das regras do sistema, `Filme` representa a entidade e `LeitorFilmNow` cuida da leitura CSV. As perdas vêm de lógica de listagem, conversão de posição e parsing de ano espalhadas na interface e no leitor, o que contribui para inconsistências.",src/filmnow/MainFilmNow.java | src/filmnow/FilmNow.java | src/filmnow/Filme.java | src/filmnow/LeitorFilmNow.java | src/filmnow/MainFilmNow.java::mostrarFilmes | src/filmnow/MainFilmNow.java::formataFilme | src/filmnow/FilmNow.java::mostrarTodos | src/filmnow/FilmNow.java::getFilmes | src/filmnow/MainFilmNow.java::adicionarFilme | src/filmnow/LeitorFilmNow.java::processaLinhaCsvFilmes | src/filmnow/FilmNow.java::cadastraFilme,
S36,official_sample,redacted,llm,readability_and_documentation,Readability and Documentation,8,10,"O código é em geral legível, com nomes compreensíveis, métodos curtos e comentários/Javadocs em várias classes. Há, entretanto, documentação e nomenclatura com imprecisões, além de duplicação leve que reduz a clareza global.",src/filmnow/Filme.java | src/filmnow/FilmNow.java | src/filmnow/MainFilmNow.java | src/filmnow/LeitorFilmNow.java | src/filmnow/FilmNow.java::cadastraFilme | src/filmnow/Filme.java::plataforma | src/filmnow/MainFilmNow.java::adicionarFilme | src/filmnow/FilmNow.java::mostrarTodos | src/filmnow/MainFilmNow.java::mostrarFilmes,
S37,official_sample,redacted,llm,basic_functionality,Basic Functionality,7,10,"A submissão implementa o fluxo principal de cadastro, sobrescrita, listagem via interface, detalhamento e operações normais de HotList. Porém, há falhas materiais em duplicidade por nome+ano e no tratamento de posições inválidas da HotList, que impedem nota alta plena.","src/filmnow/FilmNow.java::cadastraFilme(int,String,String,String) | src/filmnow/FilmNow.java::detalharFilme(int) | src/filmnow/FilmNow.java::adicionaHot(int,int) | src/filmnow/FilmNow.java::removeHot(int) | src/filmnow/MainFilmNow.java::mostrarFilmes(FilmNow) | src/filmnow/MainFilmNow.java::mostrarHotList(FilmNow) | src/filmnow/Filme.java::detalhes() | src/filmnow/Filme.java::equals(Object) | src/filmnow/FilmNow.java::existeFilme(Filme)",
S37,official_sample,redacted,llm,unit_tests,Unit Tests,7.5,10,"Há uma suíte JUnit real e relativamente ampla para Filme e FilmNow, cobrindo vários cenários normais, alternativos e alguns limites. A cobertura ainda deixa lacunas importantes na HotList e não detecta a falha de igualdade com Strings distintas.","testes/lab3FilmNow/FilmNowTest.java::testCadastraFilme() | testes/lab3FilmNow/FilmNowTest.java::testCadastraFilmePosicaoInvalida() | testes/lab3FilmNow/FilmNowTest.java::testCadastraFilmeRepetido() | testes/lab3FilmNow/FilmNowTest.java::testDetalharFilmeHot() | testes/lab3FilmNow/FilmNowTest.java::testAdicionaHot() | testes/lab3FilmNow/FilmNowTest.java::testRemoveHot() | testes/lab3FilmNow/testFilme.java | testes/lab3FilmNow/FilmNowTest.java | src/filmnow/FilmNow.java::adicionaHot(int,int) | src/filmnow/FilmNow.java::removeHot(int) | testes/lab3FilmNow/testFilme.java::testEquals() | src/filmnow/Filme.java::equals(Object) | testes/lab3FilmNow/FilmNowTest.java::testExisteFilme() | testes/lab3FilmNow/FilmNowTest.java::testGetLista()",
S37,official_sample,redacted,llm,class_design,Class Design,8,10,"A modelagem central está presente: Filme representa os dados e comportamentos do filme, e FilmNow gerencia acervo e HotList. As falhas restantes são localizadas, especialmente na igualdade e em uma interface pública de acesso com semântica inconsistente.","src/filmnow/Filme.java | src/filmnow/FilmNow.java | src/filmnow/FilmNow.java::cadastraFilme(int,String,String,String) | src/filmnow/FilmNow.java::existeFilme(Filme) | src/filmnow/FilmNow.java::adicionaHot(int,int) | src/filmnow/Filme.java::equals(Object) | src/filmnow/FilmNow.java::getFilme(int) | src/filmnow/FilmNow.java::detalharFilme(int) | testes/lab3FilmNow/FilmNowTest.java::testAdicionaHotFilmeAtributoHot()",
S37,official_sample,redacted,llm,object_references,Object References and Composition,8,10,A composição entre FilmNow e Filme está bem caracterizada: o sistema guarda referências a objetos Filme e a HotList reutiliza essas referências. Ainda há problemas de encapsulamento e sincronização manual de estado que impedem nota máxima.,"src/filmnow/FilmNow.java::filmes | src/filmnow/FilmNow.java::hotList | src/filmnow/FilmNow.java::cadastraFilme(int,String,String,String) | src/filmnow/FilmNow.java::adicionaHot(int,int) | src/filmnow/Filme.java::detalhes() | src/filmnow/FilmNow.java::getHotList() | src/filmnow/FilmNow.java::getFilmes() | src/filmnow/Filme.java::setHot(boolean) | src/filmnow/Filme.java::isHot | src/filmnow/FilmNow.java::removeHot(int)",
S37,official_sample,redacted,llm,collections_and_arrays,Collections and Arrays,8,10,"Os arrays de tamanho fixo para acervo e HotList atendem ao modelo do laboratório e são usados para cadastro, listagem, detalhamento e HotList. As principais perdas vêm de validação de índices e exposição da estrutura interna.","src/filmnow/FilmNow.java::TAMANHO | src/filmnow/FilmNow.java::TAMANHOHOT | src/filmnow/FilmNow.java::clonaFilmes() | src/filmnow/FilmNow.java::existeFilme(Filme) | src/filmnow/MainFilmNow.java::mostrarFilmes(FilmNow) | src/filmnow/MainFilmNow.java::mostrarHotList(FilmNow) | src/filmnow/FilmNow.java::adicionaHot(int,int) | src/filmnow/FilmNow.java::removeHot(int) | src/filmnow/FilmNow.java::getFilme(int) | src/filmnow/FilmNow.java::detalharFilme(int) | src/filmnow/FilmNow.java::getHotList()",
S37,official_sample,redacted,llm,separation_of_concerns,Separation of Concerns,8,10,"Há separação razoável entre interface textual, leitura de arquivo, classe de domínio Filme e gerenciador FilmNow. A principal limitação é que a Main ainda conhece e percorre diretamente os arrays do modelo para montar listagens.","src/filmnow/FilmNow.java | src/filmnow/Filme.java | src/filmnow/MainFilmNow.java::comando(String,FilmNow,Scanner) | src/filmnow/LeitorFilmNow.java | src/filmnow/MainFilmNow.java::mostrarFilmes(FilmNow) | src/filmnow/MainFilmNow.java::mostrarHotList(FilmNow) | src/filmnow/FilmNow.java::getFilmes() | src/filmnow/FilmNow.java::getHotList()",
S37,official_sample,redacted,llm,readability_and_documentation,Readability and Documentation,8.5,10,"O código é compreensível, com nomes em geral claros e documentação frequente. Há pequenas inconsistências de nomenclatura, comentários redundantes e alguns detalhes que dificultam manutenção, mas não comprometem fortemente a leitura.","src/filmnow/Filme.java | src/filmnow/FilmNow.java | src/filmnow/MainFilmNow.java | src/filmnow/LeitorFilmNow.java | testes/lab3FilmNow/FilmNowTest.java | testes/lab3FilmNow/testFilme.java | src/filmnow/LeitorFilmNow.java::carregaContatos(String,FilmNow) | src/filmnow/FilmNow.java::getFilme(int) | src/filmnow/FilmNow.java::clonaFilmes() | src/filmnow/FilmNow.java::adicionaHot(int,int) | src/filmnow/MainFilmNow.java::mostrarFilmes(FilmNow) | src/filmnow/MainFilmNow.java::mostrarHotList(FilmNow)",
S38,official_sample,redacted,llm,basic_functionality,Basic Functionality,7,10,"A submissão implementa o fluxo principal de cadastro, listagem, detalhamento e HotList, com vários cenários obrigatórios cobertos no código. Porém há falhas materiais em duplicidade por nome+ano, validação de posições na HotList e alguns casos alternativos do fluxo normal que podem causar exceção ou impedir comportamento esperado.","src/filmnow/FilmNow.java: cadastraFilme(int, String, String, String) | src/filmnow/FilmNow.java: detalhaFilme(int), getFilme(int) | src/filmnow/FilmNow.java: adicionaHot(int, int), removerHot(int), getHotList() | src/filmnow/MainFilmNow.java: mostrarFilmes, detalharFilme, adicionaFilme, atribuirHot, removerHot | testes/lab3FilmNow/FilmNowTest.java | src/filmnow/FilmNow.java: existeFilme(String, String, Filme[]) | src/filmnow/FilmNow.java: adicionaHot(int, int) | src/filmnow/FilmNow.java: removerHot(int) | src/filmnow/FilmNow.java: detalhaFilme(int) | src/filmnow/MainFilmNow.java: detalharFilme(FilmNow, Scanner) | src/filmnow/MainFilmNow.java: adicionaFilme(FilmNow, Scanner)",
S38,official_sample,redacted,llm,unit_tests,Unit Tests,8,10,"Há uma suíte JUnit real e extensa para Filme e FilmNow, com asserts relevantes para igualdade, toString, cadastro, invalidez, detalhamento, listagem e HotList. A cobertura é boa, mas deixa de capturar alguns erros importantes de referência e limites da HotList.","testes/lab3FilmNow/FilmeTest.java | testes/lab3FilmNow/FilmNowTest.java | testes/lab3FilmNow/FilmNowTest.java: testAdicionaFilmeNovamente | testes/lab3FilmNow/FilmNowTest.java: testAdicionaFilmeNomeAnoIgualPosicaoDiferente | src/filmnow/FilmNow.java: existeFilme(String, String, Filme[]) | testes/lab3FilmNow/FilmNowTest.java: testes de HotList | src/filmnow/FilmNow.java: adicionaHot(int, int) | src/filmnow/FilmNow.java: removerHot(int)",
S38,official_sample,redacted,llm,class_design,Class Design,9,10,"A modelagem central está bem presente: Filme representa os dados do filme e FilmNow atua como gerenciador do acervo e da HotList. Há comportamento relevante nas classes, não apenas estruturas vazias. A perda é pequena e ligada à coerência de alguns contratos públicos.",src/filmnow/Filme.java | src/filmnow/FilmNow.java | src/filmnow/LeitorFilmNow.java | src/filmnow/FilmNow.java: getFilme(int) | src/filmnow/FilmNow.java: detalhaFilme(int),
S38,official_sample,redacted,llm,object_references,Object References and Composition,8,10,"A composição principal foi compreendida: FilmNow armazena objetos Filme e a HotList guarda referências para esses mesmos objetos. Entretanto, há um erro conceitual relevante no uso de referências ao comparar Strings por identidade em vez de conteúdo.","src/filmnow/FilmNow.java: atributos filmes e filmesHot | src/filmnow/FilmNow.java: cadastraFilme(int, String, String, String) | src/filmnow/FilmNow.java: adicionaHot(int, int) | src/filmnow/Filme.java: getIsHot(), setIsHot(boolean) | src/filmnow/FilmNow.java: existeFilme(String, String, Filme[]) | src/filmnow/Filme.java: equals(Object)",
S38,official_sample,redacted,llm,collections_and_arrays,Collections and Arrays,7.5,10,Os arrays principais existem com os tamanhos corretos e sustentam as operações normais do acervo e da HotList. As maiores perdas vêm da validação incompleta de índices e da inconsistência entre posição pública e índice interno.,"src/filmnow/FilmNow.java: atributos filmes e filmesHot | src/filmnow/FilmNow.java: getFilmes() | src/filmnow/FilmNow.java: getHotList() | src/filmnow/FilmNow.java: cadastraFilme(int, String, String, String) | src/filmnow/FilmNow.java: adicionaHot(int, int) | src/filmnow/FilmNow.java: removerHot(int) | src/filmnow/FilmNow.java: getFilme(int) | src/filmnow/FilmNow.java: detalhaFilme(int) | testes/lab3FilmNow/FilmNowTest.java: testGetFilmeSimples",
S38,official_sample,redacted,llm,separation_of_concerns,Separation of Concerns,8.5,10,"Há uma separação razoável para o nível do laboratório: Main cuida da interação textual, FilmNow concentra a lógica do sistema e LeitorFilmNow cuida da carga CSV. O principal problema é o acoplamento da interface a mensagens e retornos internos específicos.","src/filmnow/MainFilmNow.java | src/filmnow/FilmNow.java | src/filmnow/LeitorFilmNow.java | src/filmnow/MainFilmNow.java: detalharFilme(FilmNow, Scanner) | src/filmnow/FilmNow.java: detalhaFilme(int)",
S38,official_sample,redacted,llm,readability_and_documentation,Readability and Documentation,9,10,"O código é em geral legível, com nomes compreensíveis e comentários/Javadocs em várias classes e métodos. A perda é pequena, associada a documentação ou nomes que não refletem exatamente o comportamento implementado.","src/filmnow/Filme.java | src/filmnow/FilmNow.java | src/filmnow/MainFilmNow.java | testes/lab3FilmNow/FilmNowTest.java | src/filmnow/LeitorFilmNow.java: carregaContatos(String, FilmNow) | src/filmnow/FilmNow.java: getFilme(int) | src/filmnow/FilmNow.java: getFilmes(), existeFilme(String, String, Filme[])",
S39,official_sample,redacted,llm,basic_functionality,Basic Functionality,6.5,10,"A submissão implementa parte substancial do fluxo obrigatório: cadastro de filmes com validação de nome/local/posição, detecção de duplicidade por nome e ano, listagem, detalhamento de filme existente e operações básicas de HotList. Entretanto, há lacunas funcionais relevantes em ano vazio, detalhamento de posições vazias/inválidas e tratamento completo da HotList, especialmente remoção e limites de posição.","src/filmnow/FilmNow.java: adicionaFilme(String,int,String,int) | src/filmnow/FilmNow.java: mostrarFilmes() e formataFilme(int) | src/filmnow/FilmNow.java: detalharFilme(int) | src/filmnow/FilmNow.java: atribuiHot(int,int), exibirHotList(), RemoverHot(int) | src/filmnow/Filme.java: equals(Object), toString() | src/filmnow/MainFilmNow.java: adicionaFilme(FilmNow,Scanner) | src/filmnow/Filme.java: atributo private int ano e construtor Filme(String,int,String) | src/filmnow/MainFilmNow.java: adicionaFilme(FilmNow,Scanner) usa Integer.parseInt(ano) | src/filmnow/FilmNow.java: detalharFilme(int) chama getFilme(posicao - 1) antes de validar limites e retorna erro quando o elemento é null | src/filmnow/FilmNow.java: atribuiHot(int,int) | src/filmnow/FilmNow.java: RemoverHot(int) | src/filmnow/MainFilmNow.java: RemoverHot(FilmNow,Scanner)",
S39,official_sample,redacted,llm,unit_tests,Unit Tests,1,10,"Há apenas uma tentativa de teste JUnit para Filme, mas ela não é compilável contra as classes submetidas e não cobre FilmNow, HotList, cadastro, listagem, detalhamento, duplicidade ou limites. A evidência de testes funcionais é praticamente inexistente.","testes/filmNow/FilmeTest.java | testes/filmNow/FilmeTest.java: package filmNow | testes/filmNow/FilmeTest.java: this.filmeBase sem declaração visível | testes/filmNow/FilmeTest.java: new Filme(""Avatar"", ""2009"", ""Disney+"") | testes/filmNow/FilmeTest.java: this.filmeBase.nomeAno() | src/filmnow/Filme.java: construtor Filme(String,int,String), sem método nomeAno()",
S39,official_sample,redacted,llm,class_design,Class Design,8,10,"A modelagem central está presente: Filme e FilmNow existem com papéis distintos, e Filme encapsula nome, ano, local, igualdade e representação textual. FilmNow atua como gerenciador do acervo e das operações. As principais perdas vêm de decisões de modelagem que limitam requisitos obrigatórios, especialmente ano vazio e HotList separada.","src/filmnow/Filme.java | src/filmnow/FilmNow.java | src/filmnow/MainFilmNow.java | src/filmnow/LeitorFilmNow.java | src/filmnow/Filme.java: private int ano | src/filmnow/Filme.java: Filme(String nome, int ano, String local) | src/filmnow/FilmNow.java: adicionaFilme(String nome, int ano, String local, int posicao) | src/filmnow/Filme.java: atributos hot e posicionHot | src/filmnow/FilmNow.java: apenas private Filme[] filmes; não há array/coleção de HotList | src/filmnow/FilmNow.java: atribuiHot(int,int) e exibirHotList() buscam por flags nos filmes",
S39,official_sample,redacted,llm,object_references,Object References and Composition,8,10,"Há boa evidência de composição: FilmNow armazena objetos Filme, cria instâncias e manipula seus métodos e estado. O uso de referências é real, não apenas nominal. A perda principal está na integração indireta da HotList, que não mantém referências próprias e depende de flags internas nos filmes.","src/filmnow/FilmNow.java: private Filme[] filmes | src/filmnow/FilmNow.java: cadastraFilme(int,String,int,String) | src/filmnow/FilmNow.java: getNomeFilme(int), getAnoFilme(int), getHotFilme(int), GettoStringFilme(int) | src/filmnow/FilmNow.java: atribuiHot(int,int) | src/filmnow/Filme.java: getters, setHot(boolean), setPosicionHot(int) | src/filmnow/FilmNow.java: ausência de atributo para HotList além de constantes | src/filmnow/Filme.java: hot e posicionHot | src/filmnow/FilmNow.java: exibirHotList() percorre todo o acervo para reconstruir a HotList",
S39,official_sample,redacted,llm,collections_and_arrays,Collections and Arrays,7,10,"O array principal de 100 filmes é usado de forma coerente para cadastro, listagem e detalhamento de filmes existentes. Porém, a HotList não possui uma estrutura própria de 10 posições e há inconsistências de limites/índices que afetam casos obrigatórios de posição inválida.","src/filmnow/FilmNow.java: private static final int TAMANHO = 100 | src/filmnow/FilmNow.java: private static final int TAMANHOHOTLIST = 10 | src/filmnow/FilmNow.java: private Filme[] filmes | src/filmnow/FilmNow.java: mostrarFilmes(), formataFilme(int), exibirHotList() | src/filmnow/FilmNow.java: não existe atributo hotList | src/filmnow/Filme.java: posicionHot | src/filmnow/FilmNow.java: exibirHotList() | src/filmnow/FilmNow.java: detalharFilme(int) | src/filmnow/FilmNow.java: atribuiHot(int,int) | src/filmnow/FilmNow.java: RemoverHot(int) | src/filmnow/FilmNow.java: getFilme(int), getHotFilme(int)",
S39,official_sample,redacted,llm,separation_of_concerns,Separation of Concerns,8,10,"A solução apresenta separação razoável para um laboratório inicial: MainFilmNow cuida da interação textual, FilmNow concentra a maior parte das regras e Filme representa a entidade. Ainda assim, há caminhos públicos que contornam validações e parte da conversão de dados obrigatórios fica acoplada à interface/leitor.","src/filmnow/MainFilmNow.java: comando(String,FilmNow,Scanner) e métodos auxiliares | src/filmnow/FilmNow.java: métodos públicos de domínio | src/filmnow/Filme.java | src/filmnow/LeitorFilmNow.java | src/filmnow/FilmNow.java: public void cadastraFilme(int,String,int,String) | src/filmnow/FilmNow.java: adicionaFilme(String,int,String,int) | src/filmnow/LeitorFilmNow.java: processaLinhaCsvFilmes(String[],FilmNow) | src/filmnow/MainFilmNow.java: adicionaFilme(FilmNow,Scanner)",
S39,official_sample,redacted,llm,readability_and_documentation,Readability and Documentation,8,10,"O código é geralmente legível, com nomes compreensíveis, comentários e Javadocs em várias classes e métodos. Os descontos são por inconsistências de nomenclatura, pequenos erros de escrita e alguns comentários confusos ou pouco profissionais, não por ausência de compreensão.","src/filmnow/Filme.java | src/filmnow/FilmNow.java | src/filmnow/MainFilmNow.java | src/filmnow/LeitorFilmNow.java | src/filmnow/FilmNow.java: RemoverHot(int) | src/filmnow/FilmNow.java: GettoStringFilme(int) | src/filmnow/Filme.java: posicionHot e getPosicionHot() | src/filmnow/MainFilmNow.java: RemoverHot(FilmNow,Scanner) | src/filmnow/FilmNow.java: comentário dentro de atribuiHot(int,int) sobre setPosicionHot(-1) | src/filmnow/FilmNow.java: comentários em adicionaFilme(String,int,String,int) e exibirHotList()",
S40,official_sample,redacted,llm,basic_functionality,Basic Functionality,7.5,10,"A implementação cobre a maior parte do fluxo obrigatório: cadastro no acervo, listagem, detalhamento, duplicidade por nome e ano, ano vazio e operações principais da HotList. As perdas vêm principalmente de casos de borda da HotList, especialmente validação de posições e tratamento de duplicidade em posições ocupadas.","src/filmnow/FilmNow.java::cadastraFilme(int,String,String,String) | src/filmnow/FilmNow.java::existeFilme(Filme) | src/filmnow/FilmNow.java::detalharFilme(int) | src/filmnow/FilmNow.java::adicionaHotList(int,int) | src/filmnow/FilmNow.java::removeHotList(int) | src/filmnow/Filme.java::equals(Object) | src/filmnow/Filme.java::detalhes() | src/filmnow/FilmNow.java::existeHotList(Filme)",
S40,official_sample,redacted,llm,unit_tests,Unit Tests,8,10,"Há uma suíte JUnit real e relativamente ampla para Filme e FilmNow, com asserts para cadastro, duplicidade, detalhamento, listagem, HotList e limites principais. A nota não é máxima porque alguns casos de borda obrigatórios da HotList e algumas interações importantes não são cobertos.","testes/lab3FilmNow/testeFilme.java | testes/lab3FilmNow/testeFilmNow.java | testes/lab3FilmNow/testeFilmNow.java::testAddPosLimiteSuperior | testes/lab3FilmNow/testeFilmNow.java::testAddPosLimiteAcima | testes/lab3FilmNow/testeFilmNow.java::testDetalharHotlist | testes/lab3FilmNow/testeFilmNow.java::testRemoveHot | src/filmnow/FilmNow.java::adicionaHotList(int,int) | src/filmnow/FilmNow.java::removeHotList(int) | testes/lab3FilmNow/testeFilmNow.java::testAddHotJaAdicionado | testes/lab3FilmNow/testeFilmNow.java::testDetalharFilmeQueSaiuDaHotList",
S40,official_sample,redacted,llm,class_design,Class Design,8.5,10,"A solução mostra boa modelagem central: Filme e FilmNow existem com papéis distintos, Filme concentra dados e representação do filme, e FilmNow concentra o gerenciamento do acervo e da HotList. A principal perda é de coesão em alguns métodos do gerenciador, que recebem o próprio FilmNow como parâmetro e misturam a ideia de consulta do modelo com montagem de saída.","src/filmnow/Filme.java | src/filmnow/FilmNow.java | src/filmnow/LeitorFilmNow.java | src/filmnow/MainFilmNow.java | src/filmnow/Filme.java::equals(Object) | src/filmnow/FilmNow.java::cadastraFilme(int,String,String,String) | src/filmnow/FilmNow.java::exibirFilmes(FilmNow) | src/filmnow/FilmNow.java::exibirHot(FilmNow) | src/filmnow/MainFilmNow.java::mostrarFilmes(FilmNow) | src/filmnow/MainFilmNow.java::mostrarHotList(FilmNow)",
S40,official_sample,redacted,llm,object_references,Object References and Composition,8.5,10,"Há evidência clara de composição: FilmNow armazena objetos Filme e a HotList mantém referências para os mesmos filmes, permitindo refletir o estado hot no detalhamento. As perdas são localizadas em escolhas que reduzem a qualidade do uso de referências, especialmente na manutenção da HotList e na conversão precoce para Strings em consultas.","src/filmnow/FilmNow.java::filmes | src/filmnow/FilmNow.java::hotList | src/filmnow/FilmNow.java::adicionaHotList(int,int) | src/filmnow/FilmNow.java::detalharFilme(int) | src/filmnow/Filme.java::setHot(boolean) | src/filmnow/Filme.java::equals(Object) | src/filmnow/FilmNow.java::removeHotList(int) | src/filmnow/FilmNow.java::getFilmes() | src/filmnow/FilmNow.java::getHotList() | src/filmnow/FilmNow.java::formataToString(Filme[])",
S40,official_sample,redacted,llm,collections_and_arrays,Collections and Arrays,7.5,10,"A solução usa arrays de tamanho correto para o acervo e a HotList, percorre os arrays para listar e detectar duplicidade, e converte posições de usuário para índices internos. A nota cai por problemas relevantes de validação de índices na HotList e por sincronização parcial em cenários de substituição/duplicidade.","src/filmnow/FilmNow.java::TAMANHO | src/filmnow/FilmNow.java::TAMANHO_HOT | src/filmnow/FilmNow.java::cadastraFilme(int,String,String,String) | src/filmnow/FilmNow.java::existeFilme(Filme) | src/filmnow/FilmNow.java::existeHotList(Filme) | src/filmnow/FilmNow.java::formataToString(Filme[]) | src/filmnow/FilmNow.java::adicionaHotList(int,int) | src/filmnow/FilmNow.java::removeHotList(int)",
S40,official_sample,redacted,llm,separation_of_concerns,Separation of Concerns,8.5,10,"A submissão separa razoavelmente interface, gerenciador, entidade Filme e leitura de CSV. MainFilmNow não concentra a lógica principal do domínio, e FilmNow não lê diretamente do Scanner. A perda é por alguns métodos do gerenciador terem responsabilidades e assinaturas pouco coesas para exibição.","src/filmnow/MainFilmNow.java::comando(String,FilmNow,Scanner) | src/filmnow/MainFilmNow.java::adicionaFilme(FilmNow,Scanner) | src/filmnow/FilmNow.java::cadastraFilme(int,String,String,String) | src/filmnow/FilmNow.java::detalharFilme(int) | src/filmnow/LeitorFilmNow.java::processaLinhaCsvFilmes(String[],FilmNow) | src/filmnow/Filme.java::detalhes() | src/filmnow/FilmNow.java::exibirFilmes(FilmNow) | src/filmnow/FilmNow.java::exibirHot(FilmNow) | src/filmnow/MainFilmNow.java::mostrarFilmes(FilmNow) | src/filmnow/MainFilmNow.java::mostrarHotList(FilmNow)",
S40,official_sample,redacted,llm,readability_and_documentation,Readability and Documentation,8.5,10,"O código é em geral legível, com nomes compreensíveis, comentários e Javadocs em praticamente todas as classes e métodos. As perdas são por documentação imprecisa em alguns pontos e por trechos de lógica que dificultam a leitura, especialmente a condição de validação da HotList.","src/filmnow/Filme.java | src/filmnow/FilmNow.java | src/filmnow/LeitorFilmNow.java | src/filmnow/MainFilmNow.java | src/filmnow/Filme.java::Filme(String,String,String) | src/filmnow/Filme.java::detalhes() | src/filmnow/FilmNow.java::cadastraFilme(int,String,String,String) | src/filmnow/LeitorFilmNow.java::carregaContatos(String,FilmNow) | src/filmnow/FilmNow.java::adicionaHotList(int,int)",
S41,official_sample,redacted,llm,basic_functionality,Basic Functionality,8,10,"A submissão implementa a maior parte do fluxo obrigatório: cadastro no acervo com validações, sobrescrita, listagem pela interface, detalhamento e operações básicas de HotList. A principal lacuna funcional é a ausência de bloqueio de filme repetido na HotList, além de um detalhe frágil na formatação de ano vazio.",src/filmnow/FilmNow.java::cadastraFilme | src/filmnow/FilmNow.java::checaFilme | src/filmnow/FilmNow.java::filmeDetalhado | src/filmnow/FilmNow.java::atribuirHot | src/filmnow/FilmNow.java::removerHot | src/filmnow/MainFilmNow.java::mostrarFilmes | src/filmnow/MainFilmNow.java::mostrarHot,
S41,official_sample,redacted,llm,unit_tests,Unit Tests,8,10,"Há uma suíte JUnit real e relativamente ampla para Filme e FilmNow, cobrindo cadastro, limites, valores inválidos, detalhamento, igualdade e parte da HotList. A cobertura ainda deixa de verificar algumas regras importantes, especialmente duplicidade na HotList e alguns efeitos de estado/listagem.",testes1/filmnow/FilmeTeste.java | testes1/filmnow/FilmNowTeste.java::testarCadastrarFilmeEmPosicaoVazia | testes1/filmnow/FilmNowTeste.java::testarCadastrarFilmeJáExistente | testes1/filmnow/FilmNowTeste.java::testarAnoVazio | testes1/filmnow/FilmNowTeste.java::testeAtribuirHotLimiteSup | testes1/filmnow/FilmNowTeste.java::testarDetalharFilmeNaHotlist | testes1/filmnow/FilmNowTeste.java | src/filmnow/FilmNow.java::atribuirHot | src/filmnow/FilmNow.java::getFilmes | src/filmnow/FilmNow.java::getHots,
S41,official_sample,redacted,llm,class_design,Class Design,8.5,10,"A modelagem central está bem encaminhada: há uma classe Filme para representar os dados do filme e uma classe FilmNow para gerenciar acervo e HotList. A principal limitação é que a classe Filme fica quase restrita a dados e igualdade, sem assumir as representações textuais esperadas do próprio filme.",src/filmnow/Filme.java | src/filmnow/Filme.java::equals | src/filmnow/Filme.java::hashCode | src/filmnow/FilmNow.java | src/filmnow/MainFilmNow.java | src/filmnow/FilmNow.java::filmeDetalhado | src/filmnow/MainFilmNow.java::formataFilme,
S41,official_sample,redacted,llm,object_references,Object References and Composition,7.5,10,"Há composição real entre FilmNow e Filme, com arrays de objetos Filme e uso de igualdade entre objetos. Porém, a integração da HotList com o acervo é frágil: o método público de atribuição aceita qualquer Filme e cria uma cópia, em vez de gerenciar claramente uma referência a um filme existente no acervo.",src/filmnow/FilmNow.java::filmes | src/filmnow/FilmNow.java::hotList | src/filmnow/FilmNow.java::cadastraFilme | src/filmnow/FilmNow.java::atribuirHot | src/filmnow/MainFilmNow.java::atribuirHot | src/filmnow/Filme.java::equals | testes1/filmnow/FilmNowTeste.java::testeAtribuirHot,
S41,official_sample,redacted,llm,collections_and_arrays,Collections and Arrays,8.5,10,"Os arrays principais têm tamanhos adequados e são usados para sustentar o acervo e a HotList com conversão correta das posições de usuário na maior parte dos métodos. Há, entretanto, inconsistências auxiliares de índice e manutenção da HotList que impedem nota máxima.",src/filmnow/FilmNow.java::TAMANHO | src/filmnow/FilmNow.java::TAMANHOHOT | src/filmnow/FilmNow.java::cadastraFilme | src/filmnow/FilmNow.java::filmeDetalhado | src/filmnow/FilmNow.java::atribuirHot | src/filmnow/FilmNow.java::removerHot | src/filmnow/MainFilmNow.java::mostrarFilmes | src/filmnow/MainFilmNow.java::mostrarHot | src/filmnow/FilmNow.java::getFilme,
S41,official_sample,redacted,llm,separation_of_concerns,Separation of Concerns,8,10,"A solução separa razoavelmente interface, sistema e entidade Filme, e FilmNow não depende de Scanner nem imprime diretamente. Ainda assim, parte da lógica de listagem e da validação para atribuir hot fica na Main, deixando responsabilidades de domínio parcialmente fora de FilmNow.",src/filmnow/MainFilmNow.java | src/filmnow/FilmNow.java | src/filmnow/Filme.java | src/filmnow/LeitorFilmNow.java | src/filmnow/MainFilmNow.java::mostrarFilmes | src/filmnow/MainFilmNow.java::mostrarHot | src/filmnow/MainFilmNow.java::atribuirHot | src/filmnow/FilmNow.java::atribuirHot,
S41,official_sample,redacted,llm,readability_and_documentation,Readability and Documentation,8.5,10,"O código é majoritariamente legível, com nomes compreensíveis e comentários/Javadocs em várias classes e métodos. As perdas são de acabamento: alguns trechos poderiam ser mais claros, há aninhamento excessivo e pequenas imprecisões em comentários e comparações.",src/filmnow/Filme.java | src/filmnow/FilmNow.java | src/filmnow/MainFilmNow.java | src/filmnow/LeitorFilmNow.java | src/filmnow/FilmNow.java::cadastraFilme | src/filmnow/FilmNow.java::checaFilme | src/filmnow/FilmNow.java::filmeDetalhado | src/filmnow/LeitorFilmNow.java::carregaContatos,
S42,official_sample,redacted,llm,basic_functionality,Basic Functionality,5,10,"Há implementação real além do código inicial: é possível cadastrar filmes em casos simples, listar filmes não nulos, detalhar filmes existentes e há uma HotList com operações básicas. Porém, várias regras obrigatórias ficam frágeis ou incorretas, especialmente posições 1 a 100, duplicidade por nome+ano, detalhamento de posição vazia e casos inválidos da HotList.",submission/src/filmnow/FilmNow.java::cadastraFilme | submission/src/filmnow/MainFilmNow.java::mostrarFilmes | submission/src/filmnow/MainFilmNow.java::detalharFilme | submission/src/filmnow/FilmNow.java::adicionaFilmeHot | submission/src/filmnow/FilmNow.java::removeHot | submission/src/filmnow/FilmNow.java::getFilme | submission/src/filmnow/MainFilmNow.java::adicionaFilme | submission/src/filmnow/FilmNow.java::filmeExiste | submission/src/filmnow/Filme.java::equals | submission/src/filmnow/FilmNow.java::filmesExistentes | submission/src/filmnow/FilmNow.java::getHotList,
S42,official_sample,redacted,llm,unit_tests,Unit Tests,0,10,"Não há evidência de testes JUnit na submissão. Assim, não foi demonstrada cobertura para `Filme`, `FilmNow`, fluxos principais, alternativos ou valores limite.",Árvore da submissão: não há arquivos de teste listados | Metadado da submissão: `Test file count` igual a 0 | Árvore da submissão,
S42,official_sample,redacted,llm,class_design,Class Design,7,10,"A submissão cria uma classe `Filme` e evolui `FilmNow` para armazenar objetos de filme e uma HotList, demonstrando compreensão parcial da modelagem central. A nota não é maior porque parte do comportamento essencial do modelo está incompleta ou mal localizada, e a igualdade/representação de `Filme` não atende plenamente ao contrato.",submission/src/filmnow/Filme.java | submission/src/filmnow/FilmNow.java | submission/src/filmnow/Filme.java::equals | submission/src/filmnow/Filme.java::toString | submission/src/filmnow/FilmNow.java::cadastraFilme | submission/src/filmnow/MainFilmNow.java::adicionaFilme | submission/src/filmnow/MainFilmNow.java::detalharFilme,
S42,official_sample,redacted,llm,object_references,Object References and Composition,8,10,"Há boa evidência da ideia central de composição: `FilmNow` cria e armazena objetos `Filme`, e a HotList guarda referências para filmes já existentes. As perdas vêm de confusões pontuais entre identidade de objeto, igualdade por valor e exposição/manipulação pouco encapsulada das referências.",submission/src/filmnow/FilmNow.java::filmes | submission/src/filmnow/FilmNow.java::listaHot | submission/src/filmnow/FilmNow.java::cadastraFilme | submission/src/filmnow/FilmNow.java::adicionaFilmeHot | submission/src/filmnow/MainFilmNow.java::detalharFilme | submission/src/filmnow/Filme.java::equals | submission/src/filmnow/FilmNow.java::filmeExiste | submission/src/filmnow/FilmNow.java::filmesExistentes | submission/src/filmnow/FilmNow.java::getHotList,
S42,official_sample,redacted,llm,collections_and_arrays,Collections and Arrays,5.5,10,"A solução usa arrays com tamanhos compatíveis para o acervo e a HotList e percorre essas estruturas em operações reais. Porém, o uso dos índices, contadores e arrays compactados é bastante inconsistente, o que impede uma faixa alta neste critério.",submission/src/filmnow/FilmNow.java::TAMANHO | submission/src/filmnow/FilmNow.java::tamanhoHOT | submission/src/filmnow/FilmNow.java::filmesExistentes | submission/src/filmnow/MainFilmNow.java::mostrarFilmes | submission/src/filmnow/FilmNow.java::exibirConteudoHot | submission/src/filmnow/FilmNow.java::cadastraFilme | submission/src/filmnow/FilmNow.java::getFilme | submission/src/filmnow/MainFilmNow.java::formataFilme | submission/src/filmnow/FilmNow.java::quantidadeFilmes | submission/src/filmnow/FilmNow.java::filmeExiste | submission/src/filmnow/FilmNow.java::getHotList | submission/src/filmnow/FilmNow.java::adicionaFilmeHot | submission/src/filmnow/FilmNow.java::removeHot | submission/src/filmnow/FilmNow.java::quantidadeFilmesHot,
S42,official_sample,redacted,llm,separation_of_concerns,Separation of Concerns,4,10,"Há alguma divisão inicial entre interface (`MainFilmNow`), leitor CSV, classe de domínio (`Filme`) e gerenciador (`FilmNow`). Contudo, a separação de responsabilidades é fraca: regras de negócio importantes ficam na interface, enquanto `FilmNow` também imprime mensagens diretamente, dificultando testes e reutilização.",submission/src/filmnow/MainFilmNow.java | submission/src/filmnow/LeitorFilmNow.java | submission/src/filmnow/FilmNow.java | submission/src/filmnow/Filme.java | submission/src/filmnow/MainFilmNow.java::adicionaFilme | submission/src/filmnow/MainFilmNow.java::detalharFilme | submission/src/filmnow/MainFilmNow.java::formataFilme | submission/src/filmnow/FilmNow.java::adicionaFilmeHot | submission/src/filmnow/FilmNow.java::removeHot | submission/src/filmnow/FilmNow.java::cadastraFilme,
S42,official_sample,redacted,llm,readability_and_documentation,Readability and Documentation,7,10,"O código é geralmente compreensível, com nomes razoáveis e presença de comentários/Javadocs em várias classes e métodos. A nota perde pontos por contratos pouco claros, inconsistências de organização e documentação que não acompanha bem os casos especiais do sistema.",submission/src/filmnow/Filme.java | submission/src/filmnow/FilmNow.java | submission/src/filmnow/MainFilmNow.java | submission/src/filmnow/LeitorFilmNow.java | submission/src/filmnow/FilmNow.java::filmesExistentes | submission/src/filmnow/FilmNow.java::getHotList | submission/src/filmnow/MainFilmNow.java::adicionaFilme | submission/src/filmnow/MainFilmNow.java::detalharFilme | submission/src/filmnow/FilmNow.java::cadastraFilme | submission/src/filmnow/FilmNow.java::getFilme | submission/src/filmnow/FilmNow.java::adicionaFilmeHot | submission/src/filmnow/FilmNow.java::removeHot,
S43,official_sample,redacted,llm,basic_functionality,Basic Functionality,2,10,"Há uma tentativa real de implementar cadastro e detalhamento de filmes com validações básicas, mas o fluxo obrigatório não fecha de ponta a ponta: a listagem quebra em posições vazias, a duplicidade depende de uma comparação incorreta de String, a HotList obrigatória não foi implementada e há indício de problema de compilação pelo nome do arquivo da classe Filme.","submission/src/filmnow/FilmNow.java, método `adicionarFilme` | submission/src/filmnow/FilmNow.java, método `detalhesFilme` | submission/src/filmnow/FIlme.java, classe pública `Filme` | submission/src/filmnow/FIlme.java | submission/src/filmnow/FilmNow.java | submission/src/filmnow/MainFilmNow.java | submission/src/filmnow/FilmNow.java, método `listarFilmes` | submission/src/filmnow/FIlme.java, método `equals`",
S43,official_sample,redacted,llm,unit_tests,Unit Tests,0,10,"Não foram fornecidos arquivos de teste JUnit para `Filme`, `FilmNow` ou cenários de HotList. Portanto, não há evidência avaliável de testes automatizados.",Árvore da submissão: nenhum arquivo de teste listado | Source Tree da submissão sem diretório ou arquivos de teste,
S43,official_sample,redacted,llm,class_design,Class Design,5,10,"A submissão avança além do esqueleto ao criar uma classe `Filme` e usar uma classe `FilmNow` como gerenciadora, mas a modelagem está incompleta e inconsistente: não há classe ou estrutura de HotList, a igualdade e representação textual de `Filme` têm erros relevantes e há indício de incompatibilidade entre nome do arquivo e classe pública.","submission/src/filmnow/FIlme.java | submission/src/filmnow/FilmNow.java | submission/src/filmnow/FIlme.java, métodos `equals` e `toString`",
S43,official_sample,redacted,llm,object_references,Object References and Composition,6,10,"Há evidência clara de composição no acervo principal, pois `FilmNow` armazena referências para objetos `Filme` e instancia esses objetos no cadastro. Contudo, o uso de referências fica incompleto pela ausência total da HotList e pela comparação incorreta do ano em `equals`, que confunde identidade de referência com igualdade de valor.","submission/src/filmnow/FilmNow.java, atributo `listaFilmes` | submission/src/filmnow/FilmNow.java, método `adicionarFilme` | submission/src/filmnow/FilmNow.java, método `detalhesFilme` | submission/src/filmnow/FilmNow.java | submission/src/filmnow/FIlme.java, método `equals`",
S43,official_sample,redacted,llm,collections_and_arrays,Collections and Arrays,5,10,"O array principal de 100 posições foi usado de forma compatível com a ideia do acervo, mas há falhas relevantes no uso da estrutura: a HotList de 10 posições não existe e a listagem não lida com posições vazias, embora o acervo seja naturalmente esparso.","submission/src/filmnow/FilmNow.java, atributo `MAX_FILMES` e `listaFilmes` | submission/src/filmnow/FilmNow.java, método `adicionarFilme` | submission/src/filmnow/FilmNow.java | submission/src/filmnow/FilmNow.java, método `listarFilmes`",
S43,official_sample,redacted,llm,separation_of_concerns,Separation of Concerns,7,10,"A separação básica entre interface e lógica de domínio existe: `MainFilmNow` interage com o usuário e `FilmNow` concentra cadastro, listagem e detalhamento. Ainda assim, a interface está pouco modularizada e `LeitorFilmNow` mistura leitura, mensagens de console e um `main` próprio, o que reduz a organização geral.","submission/src/filmnow/MainFilmNow.java | submission/src/filmnow/FilmNow.java | submission/src/filmnow/LeitorFilmNow.java | submission/src/filmnow/MainFilmNow.java, método `main`",
S43,official_sample,redacted,llm,readability_and_documentation,Readability and Documentation,7,10,"O código é em geral compreensível, com nomes de classes e métodos próximos ao domínio e presença de comentários/Javadoc. As perdas vêm de inconsistências internas, comentários obsoletos e pequenos problemas que dificultam manutenção e revisão.","submission/src/filmnow/FIlme.java | submission/src/filmnow/FilmNow.java | submission/src/filmnow/MainFilmNow.java | submission/src/filmnow/LeitorFilmNow.java | submission/src/filmnow/FIlme.java, método `toString` | submission/src/filmnow/FilmNow.java, método `detalhesFilme` | submission/src/filmnow/FilmNow.java, método `adicionarFilme`",
S44,official_sample,redacted,llm,basic_functionality,Basic Functionality,5.5,10,"A submissão implementa um fluxo básico para cadastrar, listar, detalhar e manipular a HotList em casos simples. Porém, requisitos obrigatórios importantes de validação, duplicidade, tratamento de posições e consistência da HotList estão ausentes ou incompletos.","submission/src/filmnow/FilmNow.java: getFilme, cadastraFilme, getFilmes, adicionarHot, removerHot, getHotList | submission/src/filmnow/MainFilmNow.java: adicionaFilme, mostrarFilmes, detalharFilme, exibirHotList, adicionarHot, removerHot | submission/src/filmnow/Filme.java: construtor, getters, isHot, setHot, equals | FilmNow.java: cadastraFilme(int posicao, Filme filme) | Filme.java: construtor Filme(String nome, String ano, String local) | MainFilmNow.java: adicionaFilme(FilmNow fn, Scanner scanner) | FilmNow.java: getFilme(int posicao) | MainFilmNow.java: detalharFilme(FilmNow fn, Scanner scanner) | FilmNow.java: adicionarHot(int posicao, Filme filme) | FilmNow.java: removerHot(int posicao) | MainFilmNow.java: removerHot(FilmNow fn, Scanner scanner)",
S44,official_sample,redacted,llm,unit_tests,Unit Tests,0,10,"Não há arquivos de teste JUnit na submissão, portanto não há evidência de testes para Filme, FilmNow ou cenários de limite.","Árvore da submissão: não há diretório ou arquivo de testes listado | Source Tree da submissão: apenas arquivos em src/filmnow, sem arquivos de teste",
S44,official_sample,redacted,llm,class_design,Class Design,7.0,10,"Há modelagem real além do starter: Filme e FilmNow existem com responsabilidades distintas e atributos compatíveis com o domínio. A modelagem, contudo, ainda é parcial porque Filme não fornece representações textuais próprias e FilmNow não encapsula bem todas as regras obrigatórias do sistema.","Filme.java: atributos nome, ano, local, isHot; método equals(Object obj) | FilmNow.java: atributos Filme[] filmes e Filme[] hotList; métodos cadastraFilme, getFilme, adicionarHot | LeitorFilmNow.java: processaLinhaCsvFilmes(String[] campos, FilmNow fn) | Filme.java: ausência de toString ou método textual equivalente | MainFilmNow.java: mostrarFilmes e detalharFilme montam manualmente a saída | FilmNow.java: cadastraFilme(int posicao, Filme filme) | FilmNow.java: adicionarHot(int posicao, Filme filme) | FilmNow.java: removerHot(int posicao)",
S44,official_sample,redacted,llm,object_references,Object References and Composition,8.0,10,A submissão demonstra compreensão boa de composição: FilmNow armazena objetos Filme e a HotList usa referências aos mesmos objetos. O principal problema é a inconsistência do estado hot quando as referências da HotList são substituídas.,"FilmNow.java: private Filme[] filmes; private Filme[] hotList | FilmNow.java: adicionarHot(int posicao, Filme filme) chama filme.setHot(true) | MainFilmNow.java: adicionarHot recupera Filme por fn.getFilme(filmePos) | LeitorFilmNow.java: new Filme(nome, ano, local) | FilmNow.java: adicionarHot(int posicao, Filme filme)",
S44,official_sample,redacted,llm,collections_and_arrays,Collections and Arrays,7.0,10,"Os arrays resolvem o armazenamento básico do acervo e da HotList, respeitando os tamanhos esperados e o mapeamento de posições. A nota não é maior porque as estruturas não são usadas plenamente para manter as restrições obrigatórias de duplicidade e consistência da HotList.","FilmNow.java: private static final int TAMANHO = 100 | FilmNow.java: private Filme[] filmes | FilmNow.java: private Filme[] hotList = new Filme[10] | FilmNow.java: getFilmes() e getHotList() | FilmNow.java: cadastraFilme(int posicao, Filme filme) | FilmNow.java: adicionarHot(int posicao, Filme filme) | FilmNow.java: removerHot(int posicao)",
S44,official_sample,redacted,llm,separation_of_concerns,Separation of Concerns,6.0,10,"Existe alguma separação entre interface, leitor de arquivo, entidade Filme e gerenciador FilmNow. Porém, a divisão de responsabilidades é irregular: a Main concentra muita montagem de saída e parte das decisões de fluxo, enquanto FilmNow também imprime diretamente em operação de domínio.","MainFilmNow.java: main, menu, comando e métodos de interação | LeitorFilmNow.java: carregaContatos e processaLinhaCsvFilmes | FilmNow.java: métodos de gerenciamento do acervo e HotList | Filme.java: modelo do filme | MainFilmNow.java: mostrarFilmes(FilmNow fn) | MainFilmNow.java: detalharFilme(FilmNow fn, Scanner scanner) | MainFilmNow.java: adicionaFilme(FilmNow fn, Scanner scanner) | FilmNow.java: adicionarHot(int posicao, Filme filme) | FilmNow.java: removerHot(int posicao) | MainFilmNow.java: removerHot(FilmNow fn, Scanner scanner)",
S44,official_sample,redacted,llm,readability_and_documentation,Readability and Documentation,8.0,10,"O código é em geral legível, com nomes compreensíveis e organização simples. Há muitos comentários, mas parte deles é repetitiva ou imprecisa, e a documentação pública das classes centrais ainda não esclarece bem os contratos dos métodos.","Filme.java: nomes de atributos e métodos | FilmNow.java: TAMANHO, filmes, hotList e métodos públicos | LeitorFilmNow.java: constantes COLUNA_POSICAO, COLUNA_NOME, COLUNA_ANO, COLUNA_LOCAL | MainFilmNow.java: métodos separados para opções do menu | Filme.java: comentários em getters e construtor | FilmNow.java: comentários em getFilme, cadastraFilme e getFilmes | MainFilmNow.java: comentários linha a linha em métodos de interface | Filme.java: comentários do atributo local e do método getLocal | LeitorFilmNow.java: comentário da variável local",
S45,official_sample,redacted,llm,basic_functionality,Basic Functionality,8.2,10,"A implementação cobre a maior parte do fluxo obrigatório: cadastro no acervo, validações principais, listagem, detalhamento e operações de HotList. As falhas observadas são localizadas em casos alternativos e em alguns retornos incompatíveis com o contrato, sem quebrar o fluxo principal.","src/filmnow/FilmNow.java: atributos filmes e hotList | src/filmnow/FilmNow.java: cadastraFilme(String, String, String, String) | src/filmnow/FilmNow.java: getFilme(String) | src/filmnow/FilmNow.java: adicionaHot(String, String), hotToString(), deletaHot(String) | src/filmnow/Filmes.java: equals(Object) e hashCode() | src/filmnow/FilmNow.java: adicionaHot(String, String) | src/filmnow/FilmNow.java: temFilme(Filmes) | src/filmnow/Filmes.java: equals(Object)",
S45,official_sample,redacted,llm,unit_tests,Unit Tests,8,10,"Há uma suíte JUnit real e ampla, com asserts relevantes para Filmes e FilmNow, incluindo cadastro, duplicidade, limites de posição e várias operações da HotList. A cobertura, porém, ainda deixa lacunas importantes de comportamento positivo e alguns testes consolidam respostas que divergem do contrato avaliado.","testes/filmnow/FilmeTest.java | testes/filmnow/FilmNowTest.java: testCadastraFilme0 a testCadastraFilme12 | testes/filmnow/FilmNowTest.java: testAdicionaHot1 a testAdicionaHot7_2 | testes/filmnow/FilmNowTest.java: testDeletaHot1 a testDeletaHot4 | testes/filmnow/FilmNowTest.java: testGetFilme1 a testGetFilme4 | testes/filmnow/FilmNowTest.java | testes/filmnow/FilmNowTest.java: testGetFilme4 | testes/filmnow/FilmNowTest.java: testAdicionaHot2, testAdicionaHot2_2, testAdicionaHot4_2, testAdicionaHot7",
S45,official_sample,redacted,llm,class_design,Class Design,8.5,10,"A solução evolui claramente além do starter: há uma classe própria para filme e uma classe gerenciadora FilmNow com responsabilidades distintas. A modelagem central está correta, mas a representação textual do filme fica parcialmente fora da classe de domínio.","src/filmnow/Filmes.java | src/filmnow/FilmNow.java | src/filmnow/LeitorFilmNow.java: processaLinhaCsvFilmes(String[], FilmNow) | src/filmnow/Filmes.java: detalhesString() | src/filmnow/FilmNow.java: getFilme(String) | src/filmnow/FilmNow.java: hotToString()",
S45,official_sample,redacted,llm,object_references,Object References and Composition,9,10,"A composição principal foi bem demonstrada: FilmNow armazena objetos Filmes e a HotList mantém referências a esses objetos. Há criação e comparação de objetos reais, não apenas manipulação de Strings soltas. A principal ressalva é um caso de consistência entre referências quando o acervo é sobrescrito.","src/filmnow/FilmNow.java: atributos filmes e hotList | src/filmnow/FilmNow.java: cadastraFilme(String, String, String, String) | src/filmnow/FilmNow.java: adicionaHot(String, String) | src/filmnow/FilmNow.java: temFilme(Filmes) e ehHot(Filmes) | src/filmnow/Filmes.java: equals(Object) | src/filmnow/FilmNow.java: hotList | src/filmnow/FilmNow.java: ehHot(Filmes)",
S45,official_sample,redacted,llm,collections_and_arrays,Collections and Arrays,9.5,10,Os arrays são usados de forma coerente para representar as duas estruturas obrigatórias: acervo com 100 posições e HotList com 10 posições. Os limites e conversões de índice estão majoritariamente corretos. A perda é pequena e ligada à exposição de uma estrutura auxiliar menos coesa.,src/filmnow/FilmNow.java: private static final int TAMANHO = 100 | src/filmnow/FilmNow.java: constructor FilmNow() | src/filmnow/FilmNow.java: getFilmes() | src/filmnow/FilmNow.java: ehPosicaoValida(String) | src/filmnow/FilmNow.java: ehPosicaoHotValida(String) | src/filmnow/FilmNow.java: hotToString(),
S45,official_sample,redacted,llm,separation_of_concerns,Separation of Concerns,8.5,10,"Há boa separação geral: Main cuida do menu, LeitorFilmNow cuida da carga CSV e FilmNow concentra a lógica do sistema. A principal limitação é que FilmNow também monta mensagens e formatos finais de apresentação, misturando um pouco domínio e interface textual.","src/filmnow/MainFilmNow.java | src/filmnow/FilmNow.java | src/filmnow/LeitorFilmNow.java | src/filmnow/FilmNow.java: getFilme(String) | src/filmnow/FilmNow.java: cadastraFilme(String, String, String, String) | src/filmnow/FilmNow.java: adicionaHot(String, String) | src/filmnow/FilmNow.java: hotToString() | src/filmnow/FilmNow.java: deletaHot(String)",
S45,official_sample,redacted,llm,readability_and_documentation,Readability and Documentation,8.5,10,"O código é compreensível, com nomes em geral claros, comentários e Javadocs em praticamente todas as classes e métodos. As perdas são de acabamento: repetição de lógica, pequenas inconsistências textuais e alguns problemas de organização visual.","src/filmnow/Filmes.java | src/filmnow/FilmNow.java | src/filmnow/MainFilmNow.java | src/filmnow/LeitorFilmNow.java | src/filmnow/FilmNow.java: getFilme(String) | src/filmnow/FilmNow.java: cadastraFilme(String, String, String, String) | src/filmnow/FilmNow.java: adicionaHot(String, String) | src/filmnow/FilmNow.java: getFilmes() | src/filmnow/FilmNow.java: comentários de ehAnoValido e ehPosicaoHotValida",
S46,official_sample,redacted,llm,basic_functionality,Basic Functionality,6,10,"A submissão implementa parte relevante do fluxo obrigatório: cadastro, listagem, detalhamento básico e HotList existem e funcionam em cenários simples. Porém, há falhas materiais em posições-limite, tratamento de posições vazias/inválidas, validação de entradas e suporte a ano vazio, o que impede considerar o fluxo obrigatório plenamente fechado.","src/filmnow/FilmNow.java: método `cadastraFilme` | src/filmnow/FilmNow.java: métodos `mostrarFilmes`, `detalharFilme`, `atribuirHotFilme`, `exibirHotList`, `removerHotFilme` | src/filmnow/Filme.java: métodos `equals`, `hashCode`, `toString` | testes/FilmNowTest.java: testes `addFilme`, `detalharFilme`, `MostrarFilmes`, `AdicionarHostList`, `ExibirHostList`, `RemoverHostList` | src/filmnow/FilmNow.java: `cadastraFilme` usa `this.filmes[posicao]` após aceitar `posicao == 100` | src/filmnow/FilmNow.java: `getFilme` acessa `filmes[posicao]` sem validação | src/filmnow/FilmNow.java: `atribuirHotFilme` acessa `filmes[filme]` e `hotFilmes[posicao]` sem checar limites | src/filmnow/FilmNow.java: `removerHotFilme` acessa `hotFilmes[posicao]` sem checar limites | src/filmnow/FilmNow.java: condição `nome == """" || local == """"` em `cadastraFilme` | src/filmnow/FilmNow.java: assinatura `cadastraFilme(int posicao, String nome, int ano, String local)` | src/filmnow/Filme.java: atributo `int ano` e construtor `Filme(String nome, int ano, String local)` | src/filmnow/MainFilmNow.java: `Integer.parseInt(ano)` em `adicionaFilme` | src/filmnow/FilmNow.java: método `detalharFilme` | src/filmnow/FilmNow.java: método `existeFilme` chama `novoFilme.equals(filme)` sem tratar `novoFilme == null`",
S46,official_sample,redacted,llm,unit_tests,Unit Tests,7,10,"Há testes JUnit reais para `Filme` e `FilmNow`, com vários `asserts` e cobertura de fluxos principais. A nota não é maior porque a suíte deixa de exercitar vários limites obrigatórios e alguns testes reproduzem a implementação em vez de verificar a regra de forma independente.","testes/FilmeTest.java | testes/FilmNowTest.java: teste `addFilme` | testes/FilmNowTest.java: testes `detalharFilme`, `MostrarFilmes`, `AdicionarHostList`, `ExibirHostList`, `RemoverHostList` | testes/FilmNowTest.java: teste `addFilme` cobre 0 e 101, mas não 100 | testes/FilmNowTest.java: testes de HotList usam apenas posição 1 | testes/FilmNowTest.java: não há teste para `detalharFilme` em posição vazia | testes/FilmNowTest.java: não há teste para ano vazio | testes/FilmeTest.java: teste `testEquals` | testes/FilmeTest.java: teste `testHashCode`",
S46,official_sample,redacted,llm,class_design,Class Design,8,10,"A modelagem principal está bem encaminhada: há uma classe `Filme` com dados e igualdade por nome/ano, e uma classe `FilmNow` com responsabilidade de gerenciar acervo e HotList. As perdas vêm principalmente de decisões de modelo que impedem um requisito básico e de encapsulamento incompleto.","src/filmnow/Filme.java | src/filmnow/FilmNow.java | src/filmnow/MainFilmNow.java | src/filmnow/LeitorFilmNow.java | src/filmnow/Filme.java: atributo `int ano` e construtor | src/filmnow/FilmNow.java: assinatura de `cadastraFilme` | src/filmnow/Filme.java: campos `String nome`, `int ano`, `String local` sem modificador `private` | src/filmnow/FilmNow.java: métodos `getFilmes` e `getHotFilmes` retornam os arrays internos",
S46,official_sample,redacted,llm,object_references,Object References and Composition,8.5,10,"A composição foi implementada de forma clara: `FilmNow` armazena objetos `Filme`, cria novas instâncias e a HotList reutiliza referências aos filmes do acervo. A principal limitação é o baixo controle sobre referências internas expostas.","src/filmnow/FilmNow.java: atributos `private Filme[] filmes` e `private Filme[] hotFilmes` | src/filmnow/FilmNow.java: método `cadastraFilme` | src/filmnow/FilmNow.java: método `atribuirHotFilme` | src/filmnow/Filme.java: método `equals` | src/filmnow/FilmNow.java: métodos `getFilmes` e `getHotFilmes` | src/filmnow/Filme.java: métodos `setNome`, `setAno`, `setLocal`",
S46,official_sample,redacted,llm,collections_and_arrays,Collections and Arrays,7,10,A solução usa arrays de tamanho correto para o acervo e para a HotList e percorre essas estruturas para listar/exibir itens. A nota é limitada por problemas de indexação e validação que mostram uso ainda inconsistente das posições exigidas pelo enunciado.,"src/filmnow/FilmNow.java: constantes `TAMANHO` e `TAMANHO_HOT` | src/filmnow/FilmNow.java: construtor inicializa `new Filme[TAMANHO]` e `new Filme[TAMANHO_HOT]` | src/filmnow/FilmNow.java: métodos `mostrarFilmes` e `exibirHotList` | src/filmnow/FilmNow.java: método `atribuirHotFilme` | src/filmnow/FilmNow.java: `this.filmes[posicao] = novoFilme` em `cadastraFilme` | src/filmnow/FilmNow.java: `return filmes[posicao]` em `getFilme` | src/filmnow/FilmNow.java: `this.hotFilmes[posicao] = filmes[filme]` em `atribuirHotFilme` | src/filmnow/FilmNow.java: `formataFilme(i, ...)` em `mostrarFilmes` e `exibirHotList` | src/filmnow/FilmNow.java: métodos `getFilme`, `atribuirHotFilme`, `removerHotFilme`",
S46,official_sample,redacted,llm,separation_of_concerns,Separation of Concerns,8.5,10,"Há boa separação para o nível do laboratório: `MainFilmNow` concentra entrada e saída, `FilmNow` concentra operações do sistema, `Filme` representa a entidade e `LeitorFilmNow` cuida da leitura CSV. A principal perda é que parte da decisão de representação/validação do ano fica na interface antes do domínio.","src/filmnow/MainFilmNow.java: métodos `comando`, `adicionaFilme`, `mostrarFilmes`, `detalharFilme`, `atribuirHot`, `removerHot` | src/filmnow/FilmNow.java | src/filmnow/Filme.java | src/filmnow/LeitorFilmNow.java | src/filmnow/MainFilmNow.java: método `adicionaFilme` | src/filmnow/FilmNow.java: método `cadastraFilme` com parâmetro `int ano`",
S46,official_sample,redacted,llm,readability_and_documentation,Readability and Documentation,8,10,"O código é compreensível, com nomes em geral claros e comentários/Javadocs em várias classes e métodos. As perdas são de acabamento: comentários imprecisos, alguns nomes inconsistentes e pequenas escolhas que dificultam manutenção.","src/filmnow/Filme.java | src/filmnow/FilmNow.java | src/filmnow/MainFilmNow.java | src/filmnow/LeitorFilmNow.java | src/filmnow/FilmNow.java: Javadoc de `atribuirHotFilme` | src/filmnow/FilmNow.java: comentários de atributos e métodos com pequenos erros de digitação | src/filmnow/FilmNow.java: condição `posicao > 100` em vez de usar `TAMANHO` | src/filmnow/Filme.java: atributos sem `private` | testes/FilmNowTest.java: métodos `AdicionarHostList`, `ExibirHostList`, `RemoverHostList`",
S47,official_sample,redacted,llm,basic_functionality,Basic Functionality,9,10,"A submissão implementa de forma majoritariamente correta o fluxo obrigatório: cadastro com posições de 1 a 100, sobrescrita, bloqueio de duplicidade por nome e ano, detalhamento com e sem ano, HotList com 10 posições, remoção e indicação de filme hot. A principal perda funcional observada está no fluxo de interface para remoção de HotList, que chama a operação mas não informa o resultado ao usuário.","src/filmnow/FilmNow.java: cadastraFilme(int, String, String, String) | src/filmnow/FilmNow.java: detalharFilme(int) | src/filmnow/FilmNow.java: cadastraHot(int, int) | src/filmnow/FilmNow.java: removeHot(int) | src/filmnow/MainFilmNow.java: mostrarFilmes(FilmNow) | src/filmnow/MainFilmNow.java: exibeHot(FilmNow) | src/filmnow/MainFilmNow.java: removeHot(FilmNow, Scanner)",
S47,official_sample,redacted,llm,unit_tests,Unit Tests,8,10,"Há uma suíte JUnit real e relevante para Filme e FilmNow, com asserts para cadastro, duplicidade, limites, entradas inválidas, detalhamento e várias operações de HotList. A cobertura é boa, mas ainda deixa de verificar alguns comportamentos obrigatórios importantes, especialmente sobrescrita de posições, exibição/listagem e casos específicos de substituição ou duplicidade na HotList.",testes/FilmeTest.java | testes/FilmNowTest.java | src/filmnow/MainFilmNow.java: mostrarFilmes(FilmNow) | src/filmnow/MainFilmNow.java: exibeHot(FilmNow),
S47,official_sample,redacted,llm,class_design,Class Design,8,10,"A solução mostra entendimento claro da modelagem central: há uma classe Filme com dados e igualdade por nome e ano, e uma classe FilmNow que gerencia acervo e HotList. Ainda há acoplamentos de modelagem, como o filme armazenar sua posição no acervo, e algumas operações de listagem/exibição ficarem fora do gerente do domínio.","src/filmnow/Filme.java | src/filmnow/FilmNow.java | src/filmnow/MainFilmNow.java | src/filmnow/LeitorFilmNow.java | src/filmnow/Filme.java: atributo posicao | src/filmnow/Filme.java: construtor Filme(int, String, String, String) | src/filmnow/Filme.java: toString() | src/filmnow/FilmNow.java: getFilmes() | src/filmnow/FilmNow.java: getHotList() | src/filmnow/MainFilmNow.java: mostrarFilmes(FilmNow) | src/filmnow/MainFilmNow.java: exibeHot(FilmNow)",
S47,official_sample,redacted,llm,object_references,Object References and Composition,9,10,"A composição principal foi bem demonstrada: FilmNow armazena objetos Filme, cria novos filmes no cadastro e usa referências de Filme também na HotList. A perda é pequena e está ligada à exposição de referências mutáveis para fora do gerente.","src/filmnow/FilmNow.java: atributos filmes e hotList | src/filmnow/FilmNow.java: cadastraFilme(int, String, String, String) | src/filmnow/FilmNow.java: cadastraHot(int, int) | src/filmnow/FilmNow.java: isHot(Filme) | src/filmnow/Filme.java: equals(Object) | src/filmnow/FilmNow.java: getFilmes() | src/filmnow/FilmNow.java: getHotList() | src/filmnow/Filme.java: setters públicos",
S47,official_sample,redacted,llm,collections_and_arrays,Collections and Arrays,9,10,"Os arrays foram usados de maneira coerente para resolver o problema principal: acervo com 100 posições e HotList com 10 posições, com conversão de posições de usuário para índices internos na maioria dos métodos. A principal inconsistência está no accessor getFilme, que não segue a mesma convenção posicional do restante do sistema.","src/filmnow/FilmNow.java: TAMANHO e TAMANHO_HOTLIST | src/filmnow/FilmNow.java: filmes e hotList | src/filmnow/FilmNow.java: cadastraFilme(int, String, String, String) | src/filmnow/FilmNow.java: detalharFilme(int) | src/filmnow/FilmNow.java: cadastraHot(int, int) | src/filmnow/FilmNow.java: removeHot(int) | src/filmnow/FilmNow.java: getFilme(int)",
S47,official_sample,redacted,llm,separation_of_concerns,Separation of Concerns,7.5,10,"Existe separação razoável entre interface, leitura de CSV, entidade Filme e gerente FilmNow. Porém, a Main ainda manipula arrays de Filme diretamente e monta saídas de listagem e HotList, o que mistura detalhes de domínio e representação com a camada de interface.",src/filmnow/MainFilmNow.java | src/filmnow/FilmNow.java | src/filmnow/Filme.java | src/filmnow/LeitorFilmNow.java | src/filmnow/MainFilmNow.java: mostrarFilmes(FilmNow) | src/filmnow/MainFilmNow.java: exibeHot(FilmNow) | src/filmnow/FilmNow.java: getFilmes() | src/filmnow/FilmNow.java: getHotList(),
S47,official_sample,redacted,llm,readability_and_documentation,Readability and Documentation,8,10,"O código é compreensível, com nomes em geral claros e métodos curtos. A pontuação não é máxima porque a documentação das classes novas é limitada e há algumas inconsistências ou redundâncias que atrapalham a clareza, embora não impeçam o entendimento do funcionamento.","src/filmnow/Filme.java | src/filmnow/FilmNow.java | src/filmnow/MainFilmNow.java | testes/FilmeTest.java | testes/FilmNowTest.java | src/filmnow/LeitorFilmNow.java: carregaContatos(String, FilmNow) | src/filmnow/FilmNow.java: cadastraFilme(int, String, String, String) | src/filmnow/FilmNow.java: removeHot(int)",
S48,official_sample,redacted,llm,basic_functionality,Basic Functionality,4,10,"Há implementação real de cadastro e detalhamento em `FilmNow`, incluindo validação de posição, nome/local vazios e ano vazio. Porém o pacote fonte não fecha o fluxo executável por inconsistência de assinatura com o leitor CSV, e a HotList obrigatória está substancialmente incompleta e incorreta. Além disso, a regra de duplicidade por nome+ano é frágil e a listagem exibida pela interface usa posições inconsistentes.","src/filmnow/FilmNow.java: métodos `cadastraFilme`, `detalharFilme`, `cadastraHot`, `removeHot`, `temFilme` | src/filmnow/Filme.java: métodos `toString`, `nomeAno`, `equals`, `setHot` | src/filmnow/MainFilmNow.java: métodos `mostrarFilmes`, `mostrarHots`, `adicionaHot`, `removeHot` | src/filmnow/LeitorFilmNow.java: método `processaLinhaCsvFilmes` | src/filmnow/FilmNow.java: assinatura `cadastraFilme(int posicao, String nome, String ano, String local)` | src/filmnow/LeitorFilmNow.java: chamada `fn.cadastraFilme(posicao, nome, Integer.parseInt(ano), local)` | src/filmnow/FilmNow.java: atributo `private Filme[] hot` inicializado com `new Filme[TAMANHO]` | src/filmnow/FilmNow.java: métodos `cadastraHot` e `removeHot` | src/filmnow/MainFilmNow.java: métodos `adicionaHot`, `removeHot`, `mostrarHots` | src/filmnow/Filme.java: método `equals` | src/filmnow/MainFilmNow.java: método `mostrarFilmes` chama `formataFilme(i, filmes[i].getNome())`",
S48,official_sample,redacted,llm,unit_tests,Unit Tests,5,10,"Há testes JUnit reais e com `assertEquals` relevantes para `Filme` e `FilmNow`, principalmente nos arquivos dentro do pacote `filmnow`. Eles cobrem vários casos de cadastro, detalhamento, entradas inválidas e ano vazio. Contudo, há arquivos de teste duplicados/antigos fora do pacote que não são compatíveis com a implementação atual, e a cobertura deixa de exercitar partes centrais da HotList e da listagem.","testes/filmnow/FilmeTeste.java | testes/filmnow/FilmNowTeste.java | testes/FilmeTeste.java | testes/FilmNowTeste.java | testes/FilmeTeste.java: `new Filme(""Avatar"", ""Disney+"", 2009)` | testes/FilmNowTeste.java: chamadas `cadastraFilme(..., 2009, ...)` | src/filmnow/Filme.java: construtor `Filme(String nome, String local, String ano)` | src/filmnow/FilmNow.java: `cadastraFilme` com ano `String` | testes/filmnow/FilmNowTeste.java: ausência de testes para `removeHot` e `mostrarHots` | src/filmnow/FilmNow.java: métodos `cadastraHot` e `removeHot` | testes/filmnow/FilmeTeste.java: `testEquals` | testes/filmnow/FilmNowTeste.java: `adicionaTeste3` e `adicionaTeste4` | src/filmnow/Filme.java: método `equals`",
S48,official_sample,redacted,llm,class_design,Class Design,7,10,"A submissão demonstra compreensão relevante da modelagem central: há uma classe `Filme` com nome, local, ano, igualdade e representação textual, e uma classe `FilmNow` que gerencia o acervo. Ainda assim, há problemas de consistência de API, encapsulamento e modelagem da HotList que impedem nota alta.",src/filmnow/Filme.java | src/filmnow/FilmNow.java | src/filmnow/FilmNow.java: `cadastraFilme` | src/filmnow/LeitorFilmNow.java: `processaLinhaCsvFilmes` | src/filmnow/FilmNow.java: atributos `hot` e `ultimoHot`; métodos `cadastraHot` e `removeHot` | src/filmnow/Filme.java: atributo `public boolean isHot` | src/filmnow/Filme.java: método `equals`,
S48,official_sample,redacted,llm,object_references,Object References and Composition,7,10,"Há composição real: `FilmNow` armazena objetos `Filme`, cria filmes e usa suas referências também na HotList. O código demonstra entendimento inicial bom de objetos referenciados. As perdas vêm da sincronização incorreta dessas referências na HotList, de tratamento frágil de nulos e da comparação de objetos por referência onde deveria haver comparação por conteúdo.","src/filmnow/FilmNow.java: atributos `filmes` e `hot`; métodos `cadastraFilme`, `cadastraHot`, `detalharFilme` | src/filmnow/Filme.java: métodos `setHot`, `getNome`, `nomeAno` | src/filmnow/MainFilmNow.java: métodos `mostrarFilmes` e `mostrarHots` | src/filmnow/FilmNow.java: métodos `cadastraHot` e `removeHot` | src/filmnow/FilmNow.java: método `temFilme` | src/filmnow/FilmNow.java: método `cadastraHot` | src/filmnow/Filme.java: método `equals`",
S48,official_sample,redacted,llm,collections_and_arrays,Collections and Arrays,6,10,"O array principal de 100 filmes é usado de forma razoável para cadastro e detalhamento, com conversão de posição 1-based para índice 0-based nesses métodos. Porém o uso de array na HotList viola o tamanho exigido e apresenta inconsistências de índice, limite, remoção e tratamento de posições vazias.","src/filmnow/FilmNow.java: atributos `TAMANHO`, `filmes`, `hot`; métodos `getFilmes`, `getHots`, `cadastraFilme`, `detalharFilme`, `cadastraHot`, `removeHot` | src/filmnow/MainFilmNow.java: métodos `mostrarFilmes`, `mostrarHots` | src/filmnow/FilmNow.java: construtor e atributo `hot` | src/filmnow/FilmNow.java: método `cadastraHot` | src/filmnow/MainFilmNow.java: método `mostrarFilmes` | src/filmnow/FilmNow.java: método `removeHot` | src/filmnow/FilmNow.java: métodos `removeHot`, `cadastraHot`, `temFilme`",
S48,official_sample,redacted,llm,separation_of_concerns,Separation of Concerns,7,10,"Existe separação básica entre interface (`MainFilmNow`), leitura de CSV (`LeitorFilmNow`) e domínio (`FilmNow`/`Filme`). `FilmNow` não lê `Scanner` nem imprime diretamente, o que é positivo. A nota não é maior porque a interface ainda assume parte de regras de domínio, especialmente na HotList e na listagem, e há integração inconsistente entre leitor e gerenciador.",src/filmnow/MainFilmNow.java | src/filmnow/FilmNow.java | src/filmnow/LeitorFilmNow.java | src/filmnow/MainFilmNow.java: métodos `mostrarFilmes` e `mostrarHots` | src/filmnow/FilmNow.java: métodos `getFilmes` e `getHots` | src/filmnow/MainFilmNow.java: métodos `adicionaHot` e `removeHot` | src/filmnow/FilmNow.java: métodos `cadastraHot` e `removeHot` | src/filmnow/LeitorFilmNow.java: `processaLinhaCsvFilmes` | src/filmnow/FilmNow.java: `cadastraFilme`,
S48,official_sample,redacted,llm,readability_and_documentation,Readability and Documentation,7,10,"O código é em geral legível, com nomes compreensíveis e métodos relativamente curtos. Há comentários herdados/úteis em algumas classes. As perdas decorrem de inconsistências de tipo/API, nomes e índices que confundem a leitura da HotList, além de documentação incompleta e exposição desnecessária de estado interno.","src/filmnow/Filme.java | src/filmnow/FilmNow.java | src/filmnow/MainFilmNow.java | src/filmnow/LeitorFilmNow.java | src/filmnow/Filme.java: atributo `ano` como `String` | src/filmnow/FilmNow.java: `cadastraFilme` com `String ano` | src/filmnow/LeitorFilmNow.java: `Integer.parseInt(ano)` na chamada | src/filmnow/FilmNow.java: atributos `hot`, `ultimoHot`; métodos `cadastraHot` e `removeHot` | src/filmnow/MainFilmNow.java: métodos `adicionaHot` e `removeHot` | src/filmnow/Filme.java: atributo `public boolean isHot`; ausência de Javadoc na classe/métodos",
S49,official_sample,redacted,llm,basic_functionality,Basic Functionality,9,10,"O fluxo obrigatório está majoritariamente implementado: cadastro com validações principais, duplicidade por nome e ano, detalhamento, listagem via interface e operações principais de HotList. O desconto é localizado: há um método público de exibição por posição da HotList que acessa o array sem validar limites, podendo quebrar em vez de informar posição inválida quando usado diretamente.",src/filmnow/FilmNow.java::cadastraFilme | src/filmnow/FilmNow.java::detalhaFilme | src/filmnow/FilmNow.java::cadastraHotList | src/filmnow/FilmNow.java::removeHotList | src/filmnow/MainFilmNow.java::mostrarFilmes | src/filmnow/MainFilmNow.java::exibirHotList | src/filmnow/FilmNow.java::exibeFilmeHot,
S49,official_sample,redacted,llm,unit_tests,Unit Tests,8,10,"Há uma suíte JUnit relevante e extensa para Filme e FilmNow, cobrindo muitos fluxos normais, alternativos e limites. A nota não é máxima porque alguns comportamentos obrigatórios ou importantes, como sobrescrita real de posição ocupada e listagem geral, não são verificados de forma efetiva.",testes/FilmeTest.java | testes/FilmNowTest.java::cadastraFilme1 a cadastraFilme10 | testes/FilmNowTest.java::detalhaFilme1 a detalhaFilme6 | testes/FilmNowTest.java::cadastraHotList1 a cadastraHotList5 | testes/FilmNowTest.java::removeHotList1 a removeHotList3 | testes/FilmNowTest.java::exibeFilmeHot1 a exibeFilmeHot2 | testes/FilmNowTest.java::cadastraFilme2 | testes/FilmNowTest.java | src/filmnow/MainFilmNow.java::mostrarFilmes | src/filmnow/FilmNow.java::exibeFilmeHot,
S49,official_sample,redacted,llm,class_design,Class Design,8.5,10,"A submissão demonstra boa modelagem central: Filme existe como entidade própria e FilmNow atua como gerenciador do acervo e da HotList. O desconto decorre de uma divisão incompleta do papel textual da entidade Filme, pois parte relevante da representação de detalhes e HotList fica concentrada em FilmNow ou Main.",src/filmnow/Filme.java | src/filmnow/Filme.java::equals | src/filmnow/Filme.java::hashCode | src/filmnow/FilmNow.java | src/filmnow/MainFilmNow.java | src/filmnow/LeitorFilmNow.java | src/filmnow/Filme.java::toString | src/filmnow/FilmNow.java::detalhaFilme | src/filmnow/MainFilmNow.java::formataFilme,
S49,official_sample,redacted,llm,object_references,Object References and Composition,10,10,"A composição principal foi implementada de forma clara: FilmNow armazena objetos Filme, cria novas instâncias no cadastro e usa referências desses objetos também na HotList. A lógica principal opera sobre objetos, não apenas sobre strings soltas.",src/filmnow/FilmNow.java::filmes | src/filmnow/FilmNow.java::hotList | src/filmnow/FilmNow.java::cadastraFilme | src/filmnow/FilmNow.java::cadastraHotList | src/filmnow/FilmNow.java::temFilme | src/filmnow/FilmNow.java::temFilmeHt | src/filmnow/Filme.java::equals,
S49,official_sample,redacted,llm,collections_and_arrays,Collections and Arrays,10,10,"As estruturas de armazenamento atendem diretamente ao problema: há um array de 100 posições para o acervo e um array de 10 posições para a HotList, com conversão coerente entre posições de usuário e índices internos. As estruturas são efetivamente usadas para cadastro, busca, duplicidade, listagem e HotList.",src/filmnow/FilmNow.java::TAMANHO | src/filmnow/FilmNow.java::TAMANHO_HT | src/filmnow/FilmNow.java::filmes | src/filmnow/FilmNow.java::hotList | src/filmnow/FilmNow.java::cadastraFilme | src/filmnow/FilmNow.java::cadastraHotList | src/filmnow/FilmNow.java::temFilme | src/filmnow/FilmNow.java::temFilmeHt | src/filmnow/MainFilmNow.java::mostrarFilmes | src/filmnow/MainFilmNow.java::exibirHotList,
S49,official_sample,redacted,llm,separation_of_concerns,Separation of Concerns,8,10,"Há separação razoável entre interface, leitura de arquivo, entidade e gerenciador: FilmNow não lê Scanner nem imprime diretamente, e Main concentra a interação com o usuário. O desconto vem do fato de Main acessar arrays e implementar parte da lógica de listagem e exibição, acoplando a interface à estrutura interna do sistema.",src/filmnow/MainFilmNow.java::menu | src/filmnow/MainFilmNow.java::comando | src/filmnow/MainFilmNow.java::adicionarFilme | src/filmnow/MainFilmNow.java::mostrarFilmes | src/filmnow/MainFilmNow.java::exibirHotList | src/filmnow/FilmNow.java | src/filmnow/LeitorFilmNow.java | src/filmnow/FilmNow.java::getFilmes | src/filmnow/FilmNow.java::getHotList,
S49,official_sample,redacted,llm,readability_and_documentation,Readability and Documentation,8.5,10,"O código é em geral legível, com nomes compreensíveis, organização simples e comentários/Javadocs em várias classes e métodos. O desconto é moderado e localizado por algumas inconsistências de nomenclatura e comentários que podem confundir a manutenção.",src/filmnow/Filme.java | src/filmnow/FilmNow.java | src/filmnow/LeitorFilmNow.java | src/filmnow/MainFilmNow.java | src/filmnow/LeitorFilmNow.java::carregaContatos | src/filmnow/Filme.java::localLancamento | src/filmnow/Filme.java::getPlataforma | src/filmnow/FilmNow.java::cadastraFilme | src/filmnow/FilmNow.java::cadastraHotList | src/filmnow/FilmNow.java::detalhaFilme,
S50,official_sample,redacted,llm,basic_functionality,Basic Functionality,8.6,10,"O fluxo obrigatório está majoritariamente implementado: cadastro em posições de 1 a 100, sobrescrita, bloqueio de duplicidade por nome e ano, detalhamento, listagem básica e operações principais da HotList funcionam de forma coerente. As perdas são localizadas em um erro de limite na listagem e em uma representação inconsistente de filme hot sem ano.",submission/src/filmnow/FilmNow.java::cadastraFilme | submission/src/filmnow/FilmNow.java::detalhaFilme | submission/src/filmnow/FilmNow.java::adicionaHot | submission/src/filmnow/FilmNow.java::removeHot | submission/src/filmnow/FilmNow.java::exibeFilmes | submission/src/filmnow/MainFilmNow.java::comando | submission/src/filmnow/Filme.java::toString | submission/src/filmnow/Filme.java::nomeAno,
S50,official_sample,redacted,llm,unit_tests,Unit Tests,8.3,10,"Há uma suíte JUnit real e ampla, com asserts relevantes para `Filme` e `FilmNow`, cobrindo cadastro, duplicidade, limites, detalhamento e várias operações de HotList. A nota não é máxima porque ainda faltam alguns cenários de fronteira e parte dos testes consolida expectativas específicas que não detectam pequenas inconsistências da implementação.",submission/testes/testes/FilmeTest.java | submission/testes/testes/FilmNowTest.java::testCadastroPosicaoVazia | submission/testes/testes/FilmNowTest.java::testAdicionaFilmePosicaoLimite | submission/testes/testes/FilmNowTest.java::testDetalharFilmeHot | submission/testes/testes/FilmNowTest.java::testSubstituirFilmeNaHotlist | submission/testes/testes/FilmNowTest.java | submission/testes/testes/FilmNowTest.java::testDetalharFilmeHotListSemAno | submission/testes/testes/FilmNowTest.java::testAdicionarFilmeDuplicadoNaHotlist,
S50,official_sample,redacted,llm,class_design,Class Design,9.0,10,A modelagem central é adequada: há uma classe `Filme` com dados e igualdade próprios e uma classe `FilmNow` responsável por gerenciar acervo e HotList. A perda é pequena e decorre de inconsistências localizadas na distribuição de validação e representação textual.,submission/src/filmnow/Filme.java | submission/src/filmnow/FilmNow.java | submission/src/filmnow/MainFilmNow.java | submission/src/filmnow/LeitorFilmNow.java | submission/src/filmnow/Filme.java::toString | submission/src/filmnow/Filme.java::nomeAno | submission/src/filmnow/FilmNow.java::verificaFilmeExistente,
S50,official_sample,redacted,llm,object_references,Object References and Composition,9.0,10,"A solução demonstra bom entendimento de composição: `FilmNow` armazena objetos `Filme` e a HotList guarda referências aos mesmos filmes, permitindo que o status hot apareça no detalhamento. A principal perda é uma inconsistência potencial de sincronização quando um filme do acervo é sobrescrito.",submission/src/filmnow/FilmNow.java::filmes | submission/src/filmnow/FilmNow.java::filmesHot | submission/src/filmnow/FilmNow.java::adicionaHot | submission/src/filmnow/Filme.java::setHot | submission/src/filmnow/Filme.java::isHot | submission/src/filmnow/FilmNow.java::cadastraFilme,
S50,official_sample,redacted,llm,collections_and_arrays,Collections and Arrays,9.0,10,"Os arrays escolhidos resolvem o problema principal: há um acervo de 100 posições e uma HotList de 10 posições, com conversão correta entre posição humana e índice interno na maior parte do código. A perda se concentra em um erro de fronteira na iteração da listagem.",submission/src/filmnow/FilmNow.java::TAMANHO | submission/src/filmnow/FilmNow.java::FilmNow | submission/src/filmnow/FilmNow.java::verificaPosicao | submission/src/filmnow/FilmNow.java::verificaPosicaoHot | submission/src/filmnow/FilmNow.java::getFilme | submission/src/filmnow/FilmNow.java::getFilmeHot | submission/src/filmnow/FilmNow.java::exibeFilmes,
S50,official_sample,redacted,llm,separation_of_concerns,Separation of Concerns,9.5,10,"As responsabilidades estão bem separadas para o nível do laboratório: `MainFilmNow` lida com entrada e saída, `FilmNow` concentra regras do sistema, `Filme` representa o objeto de domínio e `LeitorFilmNow` cuida do CSV. A perda é pequena por acoplamento textual do domínio às mensagens exibidas.",submission/src/filmnow/MainFilmNow.java::comando | submission/src/filmnow/MainFilmNow.java::adicionaFilme | submission/src/filmnow/FilmNow.java | submission/src/filmnow/LeitorFilmNow.java | submission/src/filmnow/FilmNow.java::cadastraFilme | submission/src/filmnow/FilmNow.java::adicionaHot | submission/src/filmnow/FilmNow.java::removeHot,
S50,official_sample,redacted,llm,readability_and_documentation,Readability and Documentation,8.2,10,"O código é compreensível, usa nomes em geral claros e possui comentários/Javadoc em várias classes e métodos. A nota é reduzida por alguns problemas de robustez e clareza, como comparação de strings com `==`, checagem de nulo em ordem insegura, repetição desnecessária e formatação irregular em alguns trechos.",submission/src/filmnow/Filme.java | submission/src/filmnow/FilmNow.java | submission/src/filmnow/MainFilmNow.java | submission/testes/testes/FilmNowTest.java | submission/src/filmnow/Filme.java::nomeAno | submission/src/filmnow/FilmNow.java::verificaFilmeExistente | submission/src/filmnow/FilmNow.java::cadastraFilme | submission/src/filmnow/FilmNow.java::getFilmes,
S51,official_sample,redacted,llm,basic_functionality,Basic Functionality,7,10,"A submissão implementa o fluxo principal de cadastro, listagem, detalhamento e uma HotList funcional em cenários normais. Contudo, há falhas relevantes em validações obrigatórias, principalmente duplicidade/strings vazias e posições inválidas da HotList, que podem levar a aceitação indevida ou exceções em tempo de execução.",submission/src/filmnow/FilmNow.java::cadastraFilme | submission/src/filmnow/FilmNow.java::getFilmesEmString | submission/src/filmnow/FilmNow.java::getFilmeDetalhado | submission/src/filmnow/FilmNow.java::setFilmeHotlist | submission/src/filmnow/FilmNow.java::removeFilmeHotList | submission/src/filmnow/FilmNow.java::toStringHotList | submission/src/filmnow/Filme.java::toString | submission/src/filmnow/Filme.java::equals,
S51,official_sample,redacted,llm,unit_tests,Unit Tests,7,10,"Há uma suíte JUnit real e relativamente ampla, cobrindo `Filme` e diversos comportamentos de `FilmNow`, incluindo cadastro, detalhamento e HotList. A nota não é maior porque os testes deixam lacunas importantes justamente em cenários de borda e também validam algumas mensagens e comportamentos divergentes da especificação oficial.",submission/srcTeste/testes/FilmeTeste.java | submission/srcTeste/testes/FilmNowTeste.java::cadastrarFilme | submission/srcTeste/testes/FilmNowTeste.java::cadastrarFilmeDuplicado | submission/srcTeste/testes/FilmNowTeste.java::testeDetalhaFilmeHotList | submission/srcTeste/testes/FilmNowTeste.java::testeRemoveFilmeHotList | submission/srcTeste/testes/FilmNowTeste.java::testeFilmeDuplicadoNaHotList | submission/srcTeste/testes/FilmNowTeste.java | submission/srcTeste/testes/FilmNowTeste.java::cadastrarSemNome | submission/srcTeste/testes/FilmNowTeste.java::cadastrarSemLocal,
S51,official_sample,redacted,llm,class_design,Class Design,8,10,"A modelagem principal está presente: há uma classe `Filme` com dados e representação, e uma classe `FilmNow` responsável por gerenciar acervo e HotList. As perdas vêm de escolhas de modelagem que fragilizam regras centrais, especialmente a igualdade de filmes e a forma de representar o estado hot.",submission/src/filmnow/Filme.java | submission/src/filmnow/FilmNow.java | submission/src/filmnow/Filme.java::equals | submission/src/filmnow/Filme.java::hashCode | submission/src/filmnow/Filme.java::hot | submission/src/filmnow/Filme.java::setHot | submission/src/filmnow/Filme.java::toString | submission/src/filmnow/FilmNow.java::setFilmeHotlist,
S51,official_sample,redacted,llm,object_references,Object References and Composition,8.5,10,"A solução demonstra bom entendimento de composição: `FilmNow` armazena objetos `Filme`, cria novos objetos no cadastro e usa referências compartilhadas na HotList. A principal limitação é a fragilidade na sincronização do estado dessas referências quando operações de HotList falham ou são duplicadas.",submission/src/filmnow/FilmNow.java::filmes | submission/src/filmnow/FilmNow.java::hotList | submission/src/filmnow/FilmNow.java::cadastraFilme | submission/src/filmnow/FilmNow.java::setFilmeHotlist | submission/src/filmnow/FilmNow.java::getFilmeDetalhado | submission/src/filmnow/Filme.java::setHot,
S51,official_sample,redacted,llm,collections_and_arrays,Collections and Arrays,8,10,"O uso de arrays resolve bem a estrutura principal do laboratório: há um acervo de 100 posições e uma HotList de 10 posições, com conversão entre posições externas de 1 a 100/10 e índices internos. A perda está concentrada em validações de índice incompletas, especialmente na HotList.",submission/src/filmnow/FilmNow.java::FilmNow | submission/src/filmnow/FilmNow.java::cadastraFilme | submission/src/filmnow/FilmNow.java::getFilmesEmString | submission/src/filmnow/FilmNow.java::setFilmeHotlist | submission/src/filmnow/FilmNow.java::toStringHotList | submission/src/filmnow/FilmNow.java::posicaoInvalida | submission/src/filmnow/FilmNow.java::removeFilmeHotList,
S51,official_sample,redacted,llm,separation_of_concerns,Separation of Concerns,9,10,"A divisão geral é boa para o nível do laboratório: a interface lê e imprime, `FilmNow` concentra regras do sistema, `Filme` representa a entidade e `LeitorFilmNow` trata a carga CSV. A principal ressalva é a presença de detalhes de apresentação e mensagens de interface dentro do domínio.",submission/src/filmnow/MainFilmNow.java | submission/src/filmnow/FilmNow.java | submission/src/filmnow/Filme.java | submission/src/filmnow/LeitorFilmNow.java | submission/src/filmnow/FilmNow.java::cadastraFilme | submission/src/filmnow/FilmNow.java::setFilmeHotlist | submission/src/filmnow/Filme.java::toString,
S51,official_sample,redacted,llm,readability_and_documentation,Readability and Documentation,8,10,"O código é majoritariamente legível, com nomes compreensíveis e documentação Javadoc em várias classes e métodos. As perdas são de acabamento e manutenção: mensagens inconsistentes, algumas escolhas de nomes/estilo e trechos frágeis que dificultam leitura e evolução.",submission/src/filmnow/Filme.java | submission/src/filmnow/FilmNow.java | submission/src/filmnow/MainFilmNow.java | submission/src/filmnow/LeitorFilmNow.java | submission/src/filmnow/FilmNow.java::setFilmeHotlist | submission/src/filmnow/FilmNow.java::cadastraFilme | submission/src/filmnow/MainFilmNow.java::exibirHotList | submission/src/filmnow/Filme.java::equals,
S52,official_sample,redacted,llm,basic_functionality,Basic Functionality,7,10,"A submissão implementa parte substancial do fluxo obrigatório: cadastro com posições 1 a 100, sobrescrita, bloqueio de duplicados por nome e ano, ano vazio, detalhamento de filme cadastrado e operações principais de HotList. Porém, a listagem pelo fluxo da interface pode quebrar por uma chamada indevida em `getFilmes`, o detalhamento de posição válida vazia não segue o contrato, e alguns casos inválidos da HotList não retornam a mensagem esperada.","src/filmnow/FilmNow.java:cadastraFilme(int,String,String,String) | src/filmnow/FilmNow.java:getFilme(int) | src/filmnow/FilmNow.java:cadastraHot(int,int) | src/filmnow/FilmNow.java:removeHot(int) | src/filmnow/Filme.java:equals(Object) | src/filmnow/Filme.java:toString() | src/filmnow/MainFilmNow.java:mostrarFilmes(FilmNow) | src/filmnow/FilmNow.java:getFilmes() | testes/filmnow/FilmNowTest.java:testDetalharFilmePosicaoSemFilme() | src/filmnow/MainFilmNow.java:removerHot(FilmNow,Scanner)",
S52,official_sample,redacted,llm,unit_tests,Unit Tests,8,10,"Há uma suíte JUnit real, com muitos asserts relevantes para `Filme` e `FilmNow`, cobrindo cadastro, duplicidade, limites, valores vazios, detalhamento, HotList e remoção. A nota não é máxima porque os testes deixam de cobrir a listagem que está quebrada e alguns cenários testados cristalizam comportamentos divergentes do contrato fornecido.",testes/filmnow/FilmeTest.java | testes/filmnow/FilmNowTest.java:testAdicionaFilmePosicaoVazia() | testes/filmnow/FilmNowTest.java:testAdicionaFilmeJaExistente() | testes/filmnow/FilmNowTest.java:testAdicionaFilmePosicaoLimite() | testes/filmnow/FilmNowTest.java:testDetalharFilmeHot() | testes/filmnow/FilmNowTest.java:testRemoveHot() | src/filmnow/FilmNow.java:getFilmes() | src/filmnow/MainFilmNow.java:mostrarFilmes(FilmNow) | testes/filmnow/FilmNowTest.java | testes/filmnow/FilmNowTest.java:testDetalharFilmePosicaoSemFilme() | testes/filmnow/FilmNowTest.java:testAdicionarFilmePosicaoAbaixoHotList() | testes/filmnow/FilmNowTest.java:testAdicionarFilmePosicaoAcimaHotList(),
S52,official_sample,redacted,llm,class_design,Class Design,8,10,"A solução evolui claramente além do starter: cria uma classe `Filme` com atributos próprios, igualdade por nome e ano, representação textual e estado hot; `FilmNow` assume o papel de gerenciador do acervo e da HotList. As perdas vêm de contratos públicos ainda pouco coerentes em alguns métodos centrais e de uma API de listagem com efeito colateral indevido.","src/filmnow/Filme.java | src/filmnow/FilmNow.java | src/filmnow/LeitorFilmNow.java:processaLinhaCsvFilmes(String[],FilmNow) | src/filmnow/FilmNow.java:getFilmes() | src/filmnow/FilmNow.java:getFilme(int) | src/filmnow/FilmNow.java:removeHot(int)",
S52,official_sample,redacted,llm,object_references,Object References and Composition,8.5,10,"A composição central foi bem demonstrada: `FilmNow` armazena objetos `Filme`, cria instâncias no cadastro, usa `equals` para duplicidade e a HotList referencia os mesmos objetos para refletir o estado hot. Há perdas moderadas porque algumas referências podem ficar inconsistentes em sobrescritas e porque objetos mutáveis são expostos para fora do gerenciador.","src/filmnow/FilmNow.java:atributos filmes e hotList | src/filmnow/FilmNow.java:cadastraFilme(int,String,String,String) | src/filmnow/FilmNow.java:cadastraHot(int,int) | src/filmnow/FilmNow.java:contemFilme(Filme) | src/filmnow/Filme.java:equals(Object) | src/filmnow/FilmNow.java:hotList | src/filmnow/FilmNow.java:getFilmes() | src/filmnow/FilmNow.java:getHotList() | src/filmnow/Filme.java:setHot(boolean)",
S52,official_sample,redacted,llm,collections_and_arrays,Collections and Arrays,8,10,"O uso de arrays atende ao núcleo do problema: 100 posições no acervo, 10 na HotList, conversão de posições de usuário para índices internos e percursos para duplicidade. A nota não é máxima porque a principal operação de acesso ao array do acervo está quebrada por uma dereferência fixa e porque a manipulação da HotList ainda não encapsula completamente erros de posição.","src/filmnow/FilmNow.java:constantes TAMANHO e TAMANHOHOTLIST | src/filmnow/FilmNow.java:posicaoValida(int,int) | src/filmnow/FilmNow.java:cadastraFilme(int,String,String,String) | src/filmnow/FilmNow.java:contemFilme(Filme) | src/filmnow/FilmNow.java:cadastraHot(int,int) | src/filmnow/FilmNow.java:getFilmes() | src/filmnow/MainFilmNow.java:mostrarFilmes(FilmNow) | src/filmnow/FilmNow.java:removeHot(int) | src/filmnow/MainFilmNow.java:removerHot(FilmNow,Scanner)",
S52,official_sample,redacted,llm,separation_of_concerns,Separation of Concerns,7.5,10,"Há separação razoável para um laboratório introdutório: `MainFilmNow` cuida da interação com o usuário, `FilmNow` concentra boa parte das regras de negócio e `Filme` representa a entidade. A pontuação cai porque a classe de domínio imprime diretamente, a interface depende dos arrays internos para listar e a remoção da HotList não oferece retorno de domínio para a interface exibir.","src/filmnow/MainFilmNow.java | src/filmnow/FilmNow.java | src/filmnow/Filme.java | src/filmnow/LeitorFilmNow.java | src/filmnow/FilmNow.java:getFilmes() | src/filmnow/MainFilmNow.java:mostrarFilmes(FilmNow) | src/filmnow/MainFilmNow.java:exibirHotList(FilmNow) | src/filmnow/FilmNow.java:getHotList() | src/filmnow/FilmNow.java:removeHot(int) | src/filmnow/MainFilmNow.java:removerHot(FilmNow,Scanner)",
S52,official_sample,redacted,llm,readability_and_documentation,Readability and Documentation,8,10,"O código é em geral legível, com nomes compreensíveis e vários comentários/Javadocs. As perdas vêm de uma instrução de depuração perigosa em método público, inconsistências entre documentação/mensagens e comportamento esperado, e pequenos problemas de clareza na leitura de entrada da interface.","src/filmnow/Filme.java | src/filmnow/FilmNow.java | src/filmnow/MainFilmNow.java | testes/filmnow/FilmeTest.java | testes/filmnow/FilmNowTest.java | src/filmnow/FilmNow.java:getFilmes() | src/filmnow/FilmNow.java:getFilme(int) | src/filmnow/FilmNow.java:cadastraHot(int,int) | src/filmnow/MainFilmNow.java:adicionaFilme(FilmNow,Scanner)",
S53,official_sample,redacted,llm,basic_functionality,Basic Functionality,6,10,"A submissão implementa parte relevante do fluxo obrigatório: cadastro de filmes, prevenção básica de duplicidade por nome e ano, listagem pela interface, detalhamento simples e operações de HotList. Porém há falhas funcionais importantes em posições limite, validações de entrada, ano vazio, detalhamento de posição vazia e regra de duplicidade da HotList, impedindo uma nota alta.","src/filmnow/FilmNow.java: cadastraFilme(int, String, int, String) | src/filmnow/FilmNow.java: comparaFilme(Filme) | src/filmnow/FilmNow.java: adicionarHot(int, int), removerHot(int), exibirHotList() | src/filmnow/MainFilmNow.java: comando(String, FilmNow, Scanner), mostrarFilmes(FilmNow), detalharFilme(FilmNow, Scanner) | src/filmnow/Filme.java: equals(Object), toString() | src/filmnow/FilmNow.java: cadastraFilme usa `this.filmes[posicao] = novoFilme` | src/filmnow/FilmNow.java: getFilme(int posicao) retorna `filmes[posicao]` | src/filmnow/MainFilmNow.java: detalharFilme chama `fn.getFilme(posicao)` sem validação prévia | src/filmnow/FilmNow.java: cadastraFilme verifica `nome == """" || local == """"` | src/filmnow/Filme.java: atributo `int ano` e construtor `Filme(String nome, int ano, String local)` | src/filmnow/MainFilmNow.java: adicionaFilme usa `Integer.parseInt(ano)` | src/filmnow/LeitorFilmNow.java: processaLinhaCsvFilmes usa `Integer.parseInt(ano)` | src/filmnow/MainFilmNow.java: detalharFilme obtém `String local = filme.getLocal()` antes do `if (filme != null)` | src/filmnow/FilmNow.java: adicionarHot chama `removerHot(filme)` antes de inserir e sempre retorna sucesso quando a posição da HotList é válida",
S53,official_sample,redacted,llm,unit_tests,Unit Tests,7,10,"Há testes JUnit reais para Filme e FilmNow, com asserts relevantes para igualdade, getters, hashCode, cadastro, duplicidade e operações básicas da HotList. A cobertura, contudo, não verifica vários cenários obrigatórios e alguns testes acabam confirmando comportamentos da própria implementação em vez de detectar falhas de especificação.","testes/FilmeTest.java: testGetters(), testNomeAno(), testEquals(), testHashCode(), testToString() | testes/FilmNowTest.java: testCadastraFilmeSucesso(), testCadastraFilmeJaAdicionado(), testAdicionarHotSucesso(), testRemoverHotSucesso(), testExibirHotList() | testes/FilmNowTest.java: há teste para posição 101, mas não para posição 100 nem para posição 0 | src/filmnow/FilmNow.java: cadastraFilme e getFilme usam a posição diretamente como índice | testes/FilmNowTest.java: não há teste específico para duplicidade na HotList | src/filmnow/FilmNow.java: adicionarHot(Filme) remove antes de inserir | src/filmnow/MainFilmNow.java: detalharFilme(FilmNow, Scanner) | testes/FilmNowTest.java: testCadastraFilmeNomeLocalVazio() | src/filmnow/FilmNow.java: validação `nome == """" || local == """"` | src/filmnow/MainFilmNow.java: `Integer.parseInt(ano)`",
S53,official_sample,redacted,llm,class_design,Class Design,7.5,10,"A solução evolui além do starter ao criar a classe Filme e ao adaptar FilmNow para armazenar objetos Filme e uma HotList. A modelagem central está presente, mas há limitações de encapsulamento, representação do ano e coesão de operações de domínio.","src/filmnow/Filme.java: classe Filme, atributos, construtor, equals, hashCode, toString | src/filmnow/FilmNow.java: atributos `Filme[] filmes` e `Filme[] hotList` | src/filmnow/FilmNow.java: cadastraFilme, adicionarHot, removerHot, exibirHotList | src/filmnow/Filme.java: `String nome; int ano; String local;` | src/filmnow/Filme.java: atributo `int ano` e construtor com parâmetro `int ano` | src/filmnow/FilmNow.java: cadastraFilme recebe `int ano` | src/filmnow/FilmNow.java: getFilmes() retorna `this.filmes` | src/filmnow/FilmNow.java: getHotList() retorna `this.hotList` | src/filmnow/MainFilmNow.java: mostrarFilmes, detalharFilme, isHot",
S53,official_sample,redacted,llm,object_references,Object References and Composition,8,10,A composição principal foi bem demonstrada: FilmNow armazena objetos Filme e a HotList guarda referências a esses filmes. A implementação usa equals para comparar objetos e reaproveita referências do acervo na HotList. A perda ocorre principalmente por exposição direta das referências internas e por parte da lógica de relação entre objetos estar fora do gerenciador.,"src/filmnow/FilmNow.java: `private Filme[] filmes` e `private Filme[] hotList` | src/filmnow/FilmNow.java: `Filme novoFilme = new Filme(nome, ano, local)` | src/filmnow/FilmNow.java: `Filme filme = getFilme(posicao)` em adicionarHot | src/filmnow/Filme.java: equals(Object) | src/filmnow/FilmNow.java: getFilmes() retorna `this.filmes` | src/filmnow/FilmNow.java: getHotList() retorna `this.hotList` | src/filmnow/MainFilmNow.java: isHot(Filme, FilmNow) | src/filmnow/MainFilmNow.java: detalharFilme usa isHot e getHotList",
S53,official_sample,redacted,llm,collections_and_arrays,Collections and Arrays,6.5,10,"A submissão usa arrays com tamanhos compatíveis com o enunciado para o acervo e a HotList, e eles sustentam parte do cadastro, listagem e manipulação de hot. Contudo, o uso incorreto de índices externos como índices internos e a manutenção incompleta das invariantes da HotList impedem faixa alta.",src/filmnow/FilmNow.java: constantes TAMANHO = 100 e HOTLIST_TAMANHO = 10 | src/filmnow/FilmNow.java: construtor inicializa `new Filme[TAMANHO]` e `new Filme[HOTLIST_TAMANHO]` | src/filmnow/MainFilmNow.java: mostrarFilmes(FilmNow) | src/filmnow/FilmNow.java: exibirHotList() | src/filmnow/FilmNow.java: cadastraFilme usa `filmes[posicao]` | src/filmnow/FilmNow.java: getFilme usa `filmes[posicao]` | src/filmnow/MainFilmNow.java: formataFilme imprime o índice recebido | src/filmnow/FilmNow.java: adicionarHot chama removerHot(filme) antes de atribuir `hotList[posicaoHot - 1]` | src/filmnow/FilmNow.java: getFilmes() | src/filmnow/FilmNow.java: getHotList(),
S53,official_sample,redacted,llm,separation_of_concerns,Separation of Concerns,7,10,"Há uma separação básica adequada para iniciantes: MainFilmNow cuida da interação por console, FilmNow contém cadastro e HotList, Filme representa a entidade, e LeitorFilmNow lê o CSV. Ainda assim, a interface concentra lógica de domínio relevante para listar, detalhar e identificar filmes hot, dependendo diretamente das estruturas internas.","src/filmnow/MainFilmNow.java: menu, comando, adicionaFilme, atribuirHot, removerHot | src/filmnow/FilmNow.java: cadastraFilme, adicionarHot, removerHot, exibirHotList | src/filmnow/Filme.java: classe Filme | src/filmnow/LeitorFilmNow.java: carregaContatos e processaLinhaCsvFilmes | src/filmnow/MainFilmNow.java: mostrarFilmes(FilmNow) percorre `fn.getFilmes()` | src/filmnow/MainFilmNow.java: detalharFilme(FilmNow, Scanner) monta a saída e verifica hot | src/filmnow/MainFilmNow.java: isHot(Filme, FilmNow) percorre `fn.getHotList()` | src/filmnow/FilmNow.java: getFilmes() e getHotList() | src/filmnow/MainFilmNow.java: mostrarFilmes e isHot",
S53,official_sample,redacted,llm,readability_and_documentation,Readability and Documentation,8,10,"O código é em geral compreensível, com nomes de classes e métodos coerentes e alguma documentação herdada ou mantida nos arquivos principais. As perdas são de acabamento: documentação incompleta nos elementos novos e alguns pontos que dificultam manutenção, mas não tornam a leitura inviável.","src/filmnow/Filme.java | src/filmnow/FilmNow.java | src/filmnow/MainFilmNow.java | src/filmnow/LeitorFilmNow.java | src/filmnow/Filme.java: classe sem Javadoc próprio | src/filmnow/FilmNow.java: adicionarHot, removerHot(Filme), exibirHotList sem Javadocs específicos | src/filmnow/LeitorFilmNow.java: método `carregaContatos` | src/filmnow/FilmNow.java: exibirHotList usa `resultado +=` em laço | src/filmnow/FilmNow.java: getFilmes e getHotList retornam arrays internos",
S54,official_sample,redacted,llm,basic_functionality,Basic Functionality,4.0,10,"Há implementação parcial do fluxo principal: é possível cadastrar, listar e detalhar filmes em alguns caminhos válidos, e existe uma tentativa de HotList. Porém, várias regras obrigatórias ficam fora da classe de sistema, há erros de posição/índice, tratamento incorreto de posições vazias e inválidas, ano vazio não é suportado, e a HotList é bastante incompleta e suscetível a exceções.","FilmNow.java: atributos filmes, anos, locais e hot; métodos getFilme, cadastraFilme, atribuirHot e removeHot | MainFilmNow.java: métodos adicionaFilme, mostrarFilmes, detalharFilme, atribuirHot, removerHot e mostrarHotlist | Hotlist.java: métodos cadastraHot, removeHotlist e getHotlist | FilmNow.java: getFilme(int posicao) acessa filmes[posicao] sem validação | FilmNow.java: cadastraFilme(int posicao, ...) grava diretamente em filmes[posicao] | MainFilmNow.java: adicionaFilme aceita Integer.parseInt(posicao) <= 100 e passa o mesmo valor para cadastraFilme | MainFilmNow.java: detalharFilme imprime ""POSIÇÃO INVÁLIDA"" quando fn.getFilme(posicao) retorna null | FilmNow.java: cadastraFilme apenas atribui nome, ano e local aos arrays | MainFilmNow.java: adicionaFilme faz a verificação de duplicidade usando getFilmes e getAnos | LeitorFilmNow.java: processaLinhaCsvFilmes chama Integer.parseInt(ano) | MainFilmNow.java: atribuirHot não valida se o filme existe nem se a posição da HotList é válida | MainFilmNow.java: removerHot chama fn.removeHot(Integer.parseInt(pos)) e depois hl.removeHotlist sem validar posição | Hotlist.java: removeHotlist chama fn.removeHot(this.filmeshot[posicaohotlist]) mesmo quando o valor pode ser -1 | Hotlist.java: cadastraHot acessa filmeshot[posicaohotlist] diretamente",
S54,official_sample,redacted,llm,unit_tests,Unit Tests,0.0,10,"Não há arquivos de teste JUnit no pacote informado. Assim, não há evidência de testes para Filme, FilmNow, HotList, cenários normais, alternativos ou limites.",Metadados da submissão: Test file count 0 | Árvore de arquivos fornecida contém apenas arquivos em src/filmnow | Source Tree: ausência de diretório ou classes de teste,
S54,official_sample,redacted,llm,class_design,Class Design,3.0,10,"A solução criou uma classe Hotlist e expandiu FilmNow para guardar nome, ano, local e marcação hot, mostrando alguma tentativa de modelar partes do domínio. Contudo, a classe central Filme não existe, a igualdade por nome e ano não foi modelada, e os dados do filme ficam espalhados em arrays paralelos, o que compromete fortemente a modelagem esperada.","FilmNow.java: classe FilmNow com arrays filmes, anos, locais e hot | Hotlist.java: classe Hotlist com array filmeshot | MainFilmNow.java: instancia FilmNow e Hotlist | Árvore de arquivos: não há Filme.java | FilmNow.java: usa String[] filmes, int[] anos e String[] locais em vez de objetos Filme | MainFilmNow.java: adicionaFilme compara filmesarr[i].equals(nome) e anosarr[i] == Integer.parseInt(ano) | FilmNow.java: getFilme monta a string a partir de arrays paralelos",
S54,official_sample,redacted,llm,object_references,Object References and Composition,2.5,10,"Há algum uso de objetos, pois Main instancia FilmNow e Hotlist, e Hotlist recebe uma referência para FilmNow em alguns métodos. Porém, a composição principal esperada, FilmNow contendo objetos Filme, está ausente; o sistema usa strings, inteiros e índices, o que reduz muito a evidência de domínio de referências entre objetos.","MainFilmNow.java: main instancia FilmNow fn = new FilmNow() e Hotlist hl = new Hotlist() | Hotlist.java: cadastraHot(FilmNow fn, ...) e removeHotlist(FilmNow fn, ...) | FilmNow.java: getFilmes e getAnos retornam clone | FilmNow.java: atributos private String[] filmes, locais; private int[] anos; private boolean[] hot | FilmNow.java: cadastraFilme não instancia Filme | Hotlist.java: private int[] filmeshot | Hotlist.java: removeHotlist chama fn.removeHot(this.filmeshot[posicaohotlist]) | MainFilmNow.java: atribuirHot passa posições numéricas para Hotlist",
S54,official_sample,redacted,llm,collections_and_arrays,Collections and Arrays,5.0,10,"A submissão usa arrays de tamanho 100 para o acervo e array de tamanho 10 para a HotList, o que mostra entendimento parcial da estrutura exigida. Entretanto, o uso é prejudicado por índices fora do contrato 1..100/1..10, arrays paralelos que podem ficar inconsistentes, e ausência de validações internas nas operações que acessam os arrays.","FilmNow.java: private static final int TAMANHO = 100 e inicialização dos arrays no construtor | Hotlist.java: private static final int TAMANHOHOT = 10 e inicialização de filmeshot com -1 | MainFilmNow.java: mostrarFilmes e mostrarHotlist percorrem os arrays retornados | FilmNow.java: getFilme e cadastraFilme acessam arrays com posicao | MainFilmNow.java: adicionaFilme aceita 100 e passa 100 para cadastraFilme | FilmNow.java: arrays filmes, anos, locais e hot | FilmNow.java: cadastraFilme atualiza três arrays, mas não trata o estado hot ao sobrescrever | Hotlist.java: cadastraHot acessa filmeshot[posicaohotlist] diretamente | Hotlist.java: removeHotlist usa filmeshot[posicaohotlist] mesmo quando pode ser -1",
S54,official_sample,redacted,llm,separation_of_concerns,Separation of Concerns,3.5,10,"Existe alguma modularização em métodos auxiliares e separação entre MainFilmNow, FilmNow, Hotlist e LeitorFilmNow. Ainda assim, regras centrais de domínio ficam concentradas na interface textual, enquanto FilmNow e Hotlist fazem pouco além de armazenar dados, o que compromete bastante a divisão esperada.","MainFilmNow.java: métodos menu, comando, adicionaFilme, mostrarFilmes, detalharFilme, atribuirHot, removerHot | LeitorFilmNow.java: classe dedicada à leitura do CSV | Hotlist.java: classe dedicada ao array da HotList | MainFilmNow.java: adicionaFilme contém validação de posição, nome, duplicidade e local | MainFilmNow.java: atribuirHot contém verificação de duplicidade na HotList | FilmNow.java: cadastraFilme não valida regras | MainFilmNow.java: atribuirHot chama fn.atribuirHot e hl.cadastraHot | MainFilmNow.java: removerHot chama fn.removeHot e hl.removeHotlist | Hotlist.java: cadastraHot e removeHotlist também chamam métodos de FilmNow",
S54,official_sample,redacted,llm,readability_and_documentation,Readability and Documentation,6.5,10,"O código é em geral compreensível, com nomes razoáveis e comentários/Javadocs em várias classes. A legibilidade cai por documentação parcialmente genérica ou incorreta, nomes e comentários inconsistentes, repetição de conversões e pequenos resíduos de implementação, mas não há uma barreira severa para entender o fluxo.","FilmNow.java: comentários nos métodos públicos | Hotlist.java: comentários e inicialização explícita com -1 | MainFilmNow.java: métodos auxiliares separados para cada comando | Hotlist.java: comentários de cadastraHot e removeHotlist não documentam parâmetros nem validações | MainFilmNow.java: comentários de atribuirHot e removerHot usam descrições incompletas de parâmetros | LeitorFilmNow.java: método carregaContatos mantém nome incoerente com filmes | MainFilmNow.java: adicionaFilme repete Integer.parseInt(posicao) e usa laço até 100 literal | MainFilmNow.java: atribuirHot usa variáveis filme e pos como String para valores numéricos | FilmNow.java: import java.util.Arrays não utilizado | MainFilmNow.java: import java.util.Arrays não utilizado | MainFilmNow.java: adicionaFilme imprime System.out.println(nome) antes de ""FILME ADICIONADO""",
S55,official_sample,redacted,llm,basic_functionality,Basic Functionality,8,10,"A submissão implementa o fluxo principal de cadastro, sobrescrita, listagem via interface, detalhamento e HotList com boa cobertura funcional. As principais perdas vêm de uma falha real na igualdade de filmes que torna a detecção de duplicidade não confiável no uso normal e do retorno de `null` ao detalhar posição vazia.","src/filmnow/FilmNow.java: cadastraFilme(int, String, String, String) | src/filmnow/FilmNow.java: detalhaFilme(int) | src/filmnow/FilmNow.java: atribuirHot(int, int) | src/filmnow/FilmNow.java: removerHot(int) | src/filmnow/MainFilmNow.java: mostrarFilmes(FilmNow), exibirHotList(FilmNow) | src/filmnow/Filme.java: equals(Object) | src/filmnow/FilmNow.java: constaFilme(Filme) | src/filmnow/MainFilmNow.java: detalharFilme(FilmNow, Scanner)",
S55,official_sample,redacted,llm,unit_tests,Unit Tests,8,10,"Há uma suíte JUnit real e extensa, com asserts relevantes para `Filme` e `FilmNow`, cobrindo cadastro, limites, detalhamento e HotList. A nota não é máxima porque alguns testes reforçam comportamentos problemáticos da implementação e não capturam a falha de igualdade com strings distintas.","testes/FilmeTest.java | testes/FilmNowTest.java: testCadastroFilmeEmPosicaoVazia, testCadastroFilmeJaAdicionado, testCadastroFilmePosicaoLimite | testes/FilmNowTest.java: testDetalhaFilmeHot | testes/FilmNowTest.java: testAtribuirHotPosicaoOcupada, testRemoverHot | testes/FilmeTest.java: testEquals, testEqualsLocaisDiferentes | testes/FilmNowTest.java: testCadastroFilmeJaAdicionado, testCadastroFilmeNaoUnicoPosDiferente | src/filmnow/Filme.java: equals(Object) | testes/FilmNowTest.java: testDetalhaFilmePosicaoVazia | src/filmnow/MainFilmNow.java: mostrarFilmes(FilmNow)",
S55,official_sample,redacted,llm,class_design,Class Design,8.5,10,"A modelagem central está bem presente: há uma classe `Filme` com atributos próprios e uma classe `FilmNow` responsável por gerenciar acervo e HotList. A principal deficiência de modelagem está na implementação da igualdade de `Filme`, que é requisito explícito da classe.",src/filmnow/Filme.java | src/filmnow/FilmNow.java | src/filmnow/LeitorFilmNow.java | src/filmnow/MainFilmNow.java | src/filmnow/Filme.java: equals(Object) | src/filmnow/Filme.java: hashCode(),
S55,official_sample,redacted,llm,object_references,Object References and Composition,10,10,"A composição entre `FilmNow` e `Filme` está claramente implementada. O sistema armazena objetos `Filme`, cria instâncias no cadastro e a HotList referencia os mesmos objetos do acervo, demonstrando entendimento adequado de referências entre classes.","src/filmnow/FilmNow.java: atributos filmes e hotList | src/filmnow/FilmNow.java: cadastraFilme(int, String, String, String) | src/filmnow/FilmNow.java: atribuirHot(int, int) | src/filmnow/FilmNow.java: constaHot(Filme)",
S55,official_sample,redacted,llm,collections_and_arrays,Collections and Arrays,10,10,Os arrays são usados de forma coerente para representar tanto o acervo de até 100 filmes quanto a HotList de até 10 posições. As validações de intervalo e os laços de busca sustentam as operações obrigatórias.,"src/filmnow/FilmNow.java: constantes TAMANHO e TAMANHOHOT | src/filmnow/FilmNow.java: cadastraFilme(int, String, String, String) | src/filmnow/FilmNow.java: atribuirHot(int, int) | src/filmnow/FilmNow.java: removerHot(int) | src/filmnow/FilmNow.java: constaFilme(Filme), constaHot(Filme)",
S55,official_sample,redacted,llm,separation_of_concerns,Separation of Concerns,8,10,"Existe separação relevante entre interface, gerenciador e entidade, e `FilmNow` não depende de `Scanner` nem imprime diretamente. A perda ocorre porque a interface ainda acessa os arrays internos e concentra a lógica de listagem e exibição da HotList.","src/filmnow/MainFilmNow.java: comando(String, FilmNow, Scanner) | src/filmnow/FilmNow.java: cadastraFilme, detalhaFilme, atribuirHot, removerHot | src/filmnow/LeitorFilmNow.java: carregaContatos(String, FilmNow) | src/filmnow/Filme.java: toString() | src/filmnow/MainFilmNow.java: mostrarFilmes(FilmNow) | src/filmnow/MainFilmNow.java: exibirHotList(FilmNow) | src/filmnow/FilmNow.java: getFilmes() | src/filmnow/FilmNow.java: getHotList()",
S55,official_sample,redacted,llm,readability_and_documentation,Readability and Documentation,9,10,"O código é majoritariamente legível, com nomes compreensíveis, organização simples e Javadocs em várias classes e métodos. A perda é leve e está ligada a pequenos problemas de documentação e nomes herdados/inadequados.","src/filmnow/Filme.java | src/filmnow/FilmNow.java | src/filmnow/LeitorFilmNow.java | src/filmnow/MainFilmNow.java | src/filmnow/LeitorFilmNow.java: carregaContatos(String, FilmNow) | src/filmnow/FilmNow.java: Javadoc de detalhaFilme(int)",
S56,official_sample,redacted,llm,basic_functionality,Basic Functionality,6.5,10,"A submissão implementa o cadastro principal com limite de 100 posições, sobrescrita, validação básica de nome/local, bloqueio de duplicidade por nome e ano, listagem simples, detalhamento e parte da HotList. Porém, a HotList não cumpre regras obrigatórias importantes, o detalhamento confunde posição válida vazia com posição inválida no fluxo da interface, e o fluxo normal não suporta bem ano vazio.",src/filmnow/FilmNow.java::cadastraFilme | src/filmnow/FilmNow.java::verificaFilme | src/filmnow/FilmNow.java::getFilmes | src/filmnow/FilmNow.java::adicionarHot | src/filmnow/FilmNow.java::getFilmesHot | src/filmnow/MainFilmNow.java::mostrarFilmes | src/filmnow/MainFilmNow.java::detalharFilme | src/filmnow/FilmNow.java::removerHot | src/filmnow/FilmNow.java::getFilme | src/filmnow/MainFilmNow.java::adicionaFilme | src/filmnow/LeitorFilmNow.java::processaLinhaCsvFilmes,
S56,official_sample,redacted,llm,unit_tests,Unit Tests,7,10,"Há testes JUnit reais com asserts relevantes para cadastro, posições limite, duplicidade, campos inválidos, detalhamento básico e alguns cenários de HotList. A cobertura, entretanto, deixa lacunas importantes justamente nos casos alternativos da HotList, na listagem e na igualdade de `Filme`, além de alguns testes verificarem mais a representação textual do objeto do que o estado do sistema.",teste/FilmNowTest.java::testAdicionarFilmeEmPosicaoVazia | teste/FilmNowTest.java::testAdicionarFilmeJaAdicionadoEmOutraPosicao | teste/FilmNowTest.java::testAdicionarFilmeEmPosicaoLimite | teste/FilmNowTest.java::testDetalharFilmeAdicionadoComTodosDados | teste/FilmNowTest.java::testAdicionarFilmeNaHotList | teste/FilmeTest.java::testExibiFilme | teste/FilmeTest.java::testExibiFilmeHot | teste/FilmNowTest.java | src/filmnow/FilmNow.java::adicionarHot | src/filmnow/FilmNow.java::removerHot | teste/FilmeTest.java | src/filmnow/Filme.java::equals | src/filmnow/FilmNow.java::getFilmes | src/filmnow/FilmNow.java::getFilmesHot | teste/FilmNowTest.java::testRemoverFilmeDaHotList | teste/FilmNowTest.java::testDetalharFilmeHotList,
S56,official_sample,redacted,llm,class_design,Class Design,8,10,"A solução demonstra boa compreensão da modelagem central: existe uma classe `Filme` com atributos próprios, igualdade por nome e ano, representações textuais, e uma classe `FilmNow` responsável por gerenciar o acervo e a HotList. As perdas vêm de escolhas de API e representação que tornam alguns requisitos menos naturais ou incompletos.",src/filmnow/Filme.java | src/filmnow/Filme.java::equals | src/filmnow/Filme.java::hashCode | src/filmnow/Filme.java::exibiFilme | src/filmnow/FilmNow.java | src/filmnow/MainFilmNow.java | src/filmnow/Filme.java::ano | src/filmnow/FilmNow.java::cadastraFilme | src/filmnow/FilmNow.java::getFilme | src/filmnow/MainFilmNow.java::detalharFilme,
S56,official_sample,redacted,llm,object_references,Object References and Composition,9,10,"A composição principal foi bem demonstrada: `FilmNow` armazena objetos `Filme`, cria novas instâncias no cadastro e a HotList guarda referências para os filmes do acervo. Há uma pequena perda por exposição direta de objetos mutáveis, que pode enfraquecer invariantes como duplicidade.",src/filmnow/FilmNow.java::filmes | src/filmnow/FilmNow.java::hotList | src/filmnow/FilmNow.java::cadastraFilme | src/filmnow/FilmNow.java::adicionarHot | src/filmnow/FilmNow.java::ehHot | src/filmnow/FilmNow.java::getFilme | src/filmnow/Filme.java::setName | src/filmnow/Filme.java::setAno | src/filmnow/Filme.java::equals,
S56,official_sample,redacted,llm,collections_and_arrays,Collections and Arrays,7.5,10,"A estrutura principal de armazenamento está adequada ao laboratório: há array de 100 filmes e array de 10 posições para HotList, com mapeamento 1-based para 0-based no cadastro principal. A nota não é maior porque o uso do array da HotList tem inconsistências relevantes de limite e não usa a estrutura para manter todas as invariantes exigidas.",src/filmnow/FilmNow.java::TAMANHO | src/filmnow/FilmNow.java::filmes | src/filmnow/FilmNow.java::hotList | src/filmnow/FilmNow.java::cadastraFilme | src/filmnow/FilmNow.java::getFilmes | src/filmnow/FilmNow.java::getFilmesHot | src/filmnow/FilmNow.java::adicionarHot | src/filmnow/FilmNow.java::removerHot,
S56,official_sample,redacted,llm,separation_of_concerns,Separation of Concerns,8,10,"Há separação razoável para uma solução introdutória: `MainFilmNow` cuida da interação, `FilmNow` concentra boa parte das regras de cadastro e HotList, `Filme` representa a entidade, e `LeitorFilmNow` lida com CSV. As perdas vêm de decisões de domínio e formatação ainda concentradas na interface, especialmente no detalhamento.",src/filmnow/MainFilmNow.java | src/filmnow/FilmNow.java::cadastraFilme | src/filmnow/LeitorFilmNow.java | src/filmnow/Filme.java::exibiFilme | src/filmnow/MainFilmNow.java::detalharFilme | src/filmnow/FilmNow.java::getFilme | src/filmnow/FilmNow.java::ehHot | src/filmnow/MainFilmNow.java::adicionaFilme,
S56,official_sample,redacted,llm,readability_and_documentation,Readability and Documentation,8.2,10,"O código é em geral compreensível, com nomes razoáveis, comentários e Javadocs em várias classes e métodos. Há problemas de padronização, alguns nomes imprecisos e documentação incompleta, mas nada que impeça a leitura da solução.",src/filmnow/Filme.java | src/filmnow/FilmNow.java | src/filmnow/MainFilmNow.java | src/filmnow/LeitorFilmNow.java | src/filmnow/Filme.java::name | src/filmnow/Filme.java::exibiFilme | src/filmnow/LeitorFilmNow.java::carregaContatos | src/filmnow/Filme.java::Filme | src/filmnow/FilmNow.java::cadastraFilme | src/filmnow/FilmNow.java::getFilmesHot | src/filmnow/Filme.java::exibiFilmeHot | src/filmnow/FilmNow.java::getFilmes | src/filmnow/MainFilmNow.java::exibirHotList,
S57,official_sample,redacted,llm,basic_functionality,Basic Functionality,5,10,"A submissão implementa parte relevante do fluxo obrigatório: cadastro com objeto Filme, listagem básica, prevenção de duplicidade por nome e ano e alguma estrutura de HotList. Porém há falhas funcionais importantes em detalhamento, tratamento de posições, ano vazio e principalmente HotList, o que impede considerar o fluxo obrigatório fechado de ponta a ponta.","FilmNow.java: atributos filmes e hotList; construtor FilmNow() | FilmNow.java: cadastraFilme(int, String, int, String) | FilmNow.java: existeFilme(Filme) | Filme.java: equals(Object) e hashCode() | MainFilmNow.java: mostrarFilmes(FilmNow), detalharFilme(FilmNow, Scanner), mostrarHots(FilmNow), atribuirHot(FilmNow, Scanner) | FilmNow.java: atribuiHot(int, int), removerHot(int), verificaParametrosHot(int, int) | FilmNow.java: verificaParametrosHot(int, int) usa filmes[filme] em vez de filmes[filme - 1] | FilmNow.java: atribuiHot(int, int) não verifica se o filme já está em hotList | MainFilmNow.java: atribuirHot(FilmNow, Scanner) chama fn.atribuiHot(filme, posicao) duas vezes | MainFilmNow.java: removerHot(FilmNow, Scanner) ignora o retorno de fn.removerHot(posicao) | MainFilmNow.java: detalharFilme(FilmNow, Scanner) chama fn.getFilme(posicao) e fn.getFilme(posicao - 1) de forma inconsistente | FilmNow.java: getFilme(int) acessa filmes[posicao] sem validação | FilmNow.java: eHot(int) acessa filmes[posicao] sem validar limites | Filme.java: atributo private int ano e construtor Filme(String, int, String) | MainFilmNow.java: adicionaFilme(FilmNow, Scanner) usa scanner.nextInt() para ano | LeitorFilmNow.java: processaLinhaCsvFilmes(String[], FilmNow) usa Integer.parseInt(ano)",
S57,official_sample,redacted,llm,unit_tests,Unit Tests,0,10,"Não há arquivos de teste JUnit na submissão. Assim, não há evidência avaliável de testes para Filme, FilmNow, cenários normais, alternativos ou limites.",Árvore da submissão: Test file count = 0 | Source Tree contém apenas arquivos em src/filmnow e nenhum diretório ou classe de teste | Metadados da submissão: Test file count (not for grading) = 0 | Source Tree informado,
S57,official_sample,redacted,llm,class_design,Class Design,7,10,"Há modelagem clara das classes centrais Filme e FilmNow, com atributos do domínio, equals baseado em nome e ano e gerenciamento do acervo. A nota não é maior porque a representação do ano impede um requisito obrigatório e parte do papel de gerenciamento, como detalhamento e listagem com regras de domínio, ficou pouco modelada em FilmNow.","Filme.java: classe Filme, atributos nome, ano, local, construtor e equals(Object) | FilmNow.java: classe FilmNow, atributos Filme[] filmes e Filme[] hotList | FilmNow.java: cadastraFilme(int, String, int, String), existeFilme(Filme), atribuiHot(int, int), removerHot(int) | Filme.java: private int ano | Filme.java: Filme(String nome, int ano, String local) | Filme.java: equals(Object) compara ano como int | MainFilmNow.java: mostrarFilmes(FilmNow) percorre Filme[] diretamente | MainFilmNow.java: detalharFilme(FilmNow, Scanner) decide validade, vazio e marcação hot | FilmNow.java: getFilmes() e getHotFilmes() expõem cópias dos arrays para a interface",
S57,official_sample,redacted,llm,object_references,Object References and Composition,7,10,"A solução demonstra entendimento real de composição: FilmNow armazena objetos Filme e a HotList referencia filmes do acervo. Entretanto, a integração entre essas referências é inconsistente em pontos importantes, especialmente na HotList, e a Main depende diretamente de objetos e arrays para completar regras do sistema.","FilmNow.java: private Filme[] filmes; private Filme[] hotList | FilmNow.java: cadastraFilme(int, String, int, String) cria new Filme(...) | FilmNow.java: atribuiHot(int, int) atribui this.hotList[posicao - 1] = this.filmes[filme - 1] | FilmNow.java: existeFilme(Filme) e eHot(int) usam equals | FilmNow.java: verificaParametrosHot(int, int) | FilmNow.java: atribuiHot(int, int) | FilmNow.java: atribuiHot(int, int) não percorre hotList para verificar duplicidade | FilmNow.java: hotList é um Filme[] independente do acervo",
S57,official_sample,redacted,llm,collections_and_arrays,Collections and Arrays,6.5,10,"A submissão usa arrays com tamanhos adequados para o acervo e para a HotList, e esses arrays sustentam parte do cadastro, listagem e armazenamento. A pontuação é limitada por inconsistências de indexação, validação de limites e manutenção da HotList, que são centrais para estruturas baseadas em posição.","FilmNow.java: private static final int TAMANHO = 100 | FilmNow.java: this.filmes = new Filme[TAMANHO]; this.hotList = new Filme[10] | FilmNow.java: cadastraFilme(int, String, int, String) usa this.filmes[posicao - 1] | MainFilmNow.java: mostrarFilmes(FilmNow) percorre filmes.length | MainFilmNow.java: mostrarHots(FilmNow) percorre hotList.length | FilmNow.java: getFilme(int) retorna filmes[posicao] sem conversão nem validação | FilmNow.java: verificaParametrosHot(int, int) acessa filmes[filme] | MainFilmNow.java: detalharFilme(FilmNow, Scanner) usa fn.getFilme(posicao) e fn.getFilme(posicao - 1) no mesmo fluxo | FilmNow.java: atribuiHot(int, int) apenas sobrescreve hotList[posicao - 1] | FilmNow.java: não há método equivalente a existeFilme para hotList",
S57,official_sample,redacted,llm,separation_of_concerns,Separation of Concerns,6,10,"Existe separação inicial entre entidade, gerenciador, leitor e interface: FilmNow contém parte das regras de cadastro e HotList, e Main faz entrada e saída. Ainda assim, a Main concentra regras de domínio relevantes de listagem, detalhamento, hot e tratamento de posições, o que reduz a qualidade da divisão de responsabilidades.","Filme.java | FilmNow.java | LeitorFilmNow.java | MainFilmNow.java: menu(Scanner), comando(String, FilmNow, Scanner), adicionaFilme(FilmNow, Scanner) | MainFilmNow.java: mostrarFilmes(FilmNow) | MainFilmNow.java: mostrarHots(FilmNow) | MainFilmNow.java: detalharFilme(FilmNow, Scanner) | FilmNow.java: getFilmes(), getHotFilmes(), getFilme(int) | MainFilmNow.java: atribuirHot(FilmNow, Scanner) | MainFilmNow.java: removerHot(FilmNow, Scanner)",
S57,official_sample,redacted,llm,readability_and_documentation,Readability and Documentation,7,10,"O código é em geral compreensível, com nomes de classes e métodos relacionados ao domínio e alguns comentários/Javadocs úteis. A nota é reduzida por inconsistências que tornam a leitura menos segura, especialmente convenções de índice diferentes e comentários imprecisos ou herdados/desatualizados.","Filme.java | FilmNow.java: comentários de classe e métodos | MainFilmNow.java: comentários de menu, comandos e operações | LeitorFilmNow.java: comentários de leitura CSV | FilmNow.java: getFilme(int), eHot(int), verificaParametrosHot(int, int), atribuiHot(int, int) | MainFilmNow.java: detalharFilme(FilmNow, Scanner) | LeitorFilmNow.java: carregaContatos(String, FilmNow) usa nome de contatos | MainFilmNow.java: comentários de adicionaFilme mencionam contato | FilmNow.java: comentários de eHot e verificaParametrosHot têm descrições gramaticalmente confusas | MainFilmNow.java: atribuirHot(FilmNow, Scanner)",
S58,official_sample,redacted,llm,basic_functionality,Basic Functionality,8.0,10,"A submissão implementa a maior parte do fluxo obrigatório: cadastro com limites, sobrescrita, prevenção de duplicidade por nome e ano, detalhamento, listagem pela interface e operações principais de HotList. As perdas são por casos de borda e por inconsistências de estado em HotList, não por ausência do fluxo principal.","src/filmnow/FilmNow.java: construtor, atributos filmes e hotList | src/filmnow/FilmNow.java: cadastraFilme(int,String,String,String) | src/filmnow/FilmNow.java: conferirFilme(Filme), conferirHotList(Filme), cadastraHotList(int,int), deletarHotList(int), detalhaFilme(int) | src/filmnow/Filme.java: equals(Object), hashCode(), filmeDetalhado() | src/filmnow/MainFilmNow.java: mostrarFilmes(FilmNow), mostrarHotList(FilmNow), adicionaFilme(FilmNow,Scanner), artribuiHotList(FilmNow,Scanner) | src/filmnow/Filme.java: filmeDetalhado() | src/filmnow/FilmNow.java: cadastraHotList(int,int) | src/filmnow/FilmNow.java: cadastraFilme(int,String,String,String), deletarSobrescritoHotList(int) | src/filmnow/MainFilmNow.java: adicionaFilme(FilmNow,Scanner)",
S58,official_sample,redacted,llm,unit_tests,Unit Tests,8.5,10,"Há uma suíte JUnit real e ampla, com muitos asserts cobrindo cadastro, duplicidade, limites, detalhamento, HotList e igualdade de Filme. A nota não é máxima porque alguns requisitos obrigatórios e casos de interação entre acervo e HotList ficam sem cobertura, e os testes da classe Filme são concentrados quase só em igualdade.","Teste/filmnow/FilmNowTeste.java: testarCadastrarFilmeEmPosicaoVazia, testarCadastrarAdicionado, testarCadastrarFilmePosicaoLimiteAlto, testarCadastrarFilmePosicaoMaiorQueLimite | Teste/filmnow/FilmNowTeste.java: testarDetalhaFilmeNormal, testarDetalhaFilmeAnoVazio, testarDetalhaFilmeHotList | Teste/filmnow/FilmNowTeste.java: testarCadastrarHotListLimiteBaixo, testarCadastrarHotFilmeJaAdicionado, testarDeletarHotList | Teste/filmnow/FilmeTest.java: testEqualsIguais, testEqualsDiferentes, testEqualsNull | Teste/filmnow/FilmNowTeste.java | src/filmnow/MainFilmNow.java: mostrarFilmes(FilmNow), mostrarHotList(FilmNow) | src/filmnow/FilmNow.java: cadastraHotList(int,int), deletarSobrescritoHotList(int) | Teste/filmnow/FilmeTest.java | src/filmnow/Filme.java: filmeDetalhado(), toString()",
S58,official_sample,redacted,llm,class_design,Class Design,8.5,10,"A solução mostra boa modelagem inicial: Filme e FilmNow existem com papéis distintos, Filme encapsula dados e igualdade, e FilmNow gerencia acervo e HotList. As perdas vêm de lacunas de coesão e de representações textuais ainda pouco robustas.","src/filmnow/Filme.java | src/filmnow/FilmNow.java | src/filmnow/LeitorFilmNow.java | src/filmnow/MainFilmNow.java | src/filmnow/FilmNow.java: getFilmes(), gethotList() | src/filmnow/MainFilmNow.java: mostrarFilmes(FilmNow), mostrarHotList(FilmNow) | src/filmnow/Filme.java: filmeDetalhado(), toString()",
S58,official_sample,redacted,llm,object_references,Object References and Composition,8.5,10,"A composição principal foi bem entendida: FilmNow armazena objetos Filme, a HotList usa referências a filmes e as verificações usam equals. As perdas são por encapsulamento e ciclo de vida das referências entre acervo e HotList ainda não totalmente centralizados.","src/filmnow/FilmNow.java: atributos filmes e hotList | src/filmnow/FilmNow.java: cadastraFilme(int,String,String,String), cadastraHotList(int,int), conferirFilme(Filme), conferirHotList(Filme), detalhaFilme(int) | src/filmnow/Filme.java: equals(Object), hashCode() | src/filmnow/FilmNow.java: cadastraFilme(int,String,String,String), deletarSobrescritoHotList(int) | src/filmnow/MainFilmNow.java: adicionaFilme(FilmNow,Scanner) | src/filmnow/FilmNow.java: getFilmes(), gethotList() | src/filmnow/MainFilmNow.java: mostrarFilmes(FilmNow), mostrarHotList(FilmNow)",
S58,official_sample,redacted,llm,collections_and_arrays,Collections and Arrays,8.5,10,"Os arrays exigidos pelo problema foram usados de forma majoritariamente correta: 100 posições para o acervo, 10 para a HotList e conversão consistente de posições de usuário para índices internos. As perdas estão em casos de sincronização e validação de conteúdo das posições.","src/filmnow/FilmNow.java: TAMANHO, atributos filmes e hotList, construtor | src/filmnow/FilmNow.java: cadastraFilme(int,String,String,String), cadastraHotList(int,int), deletarHotList(int), getFilme(int) | src/filmnow/MainFilmNow.java: mostrarFilmes(FilmNow), mostrarHotList(FilmNow) | src/filmnow/FilmNow.java: cadastraHotList(int,int) | src/filmnow/FilmNow.java: cadastraFilme(int,String,String,String), deletarSobrescritoHotList(int), removeFilme(int) | src/filmnow/MainFilmNow.java: adicionaFilme(FilmNow,Scanner), removerFilme(FilmNow,Scanner)",
S58,official_sample,redacted,llm,separation_of_concerns,Separation of Concerns,7.5,10,"Há separação razoável para uma solução inicial: a interface usa Scanner, FilmNow concentra boa parte do domínio e LeitorFilmNow cuida do CSV. A nota não é maior porque a Main ainda executa partes relevantes do comportamento de domínio e coordena regras de consistência da HotList.","src/filmnow/MainFilmNow.java | src/filmnow/FilmNow.java | src/filmnow/LeitorFilmNow.java | src/filmnow/Filme.java | src/filmnow/MainFilmNow.java: mostrarFilmes(FilmNow), mostrarHotList(FilmNow) | src/filmnow/FilmNow.java: getFilmes(), gethotList() | src/filmnow/MainFilmNow.java: adicionaFilme(FilmNow,Scanner), removerFilme(FilmNow,Scanner) | src/filmnow/FilmNow.java: deletarSobrescritoHotList(int), cadastraFilme(int,String,String,String)",
S58,official_sample,redacted,llm,readability_and_documentation,Readability and Documentation,8.0,10,"O código é em geral compreensível, com nomes majoritariamente descritivos e vários comentários/Javadocs úteis. As perdas são por problemas localizados de estilo, comparação de Strings, inconsistência de nomes e trechos com formatação menos clara.","src/filmnow/FilmNow.java | src/filmnow/Filme.java | src/filmnow/MainFilmNow.java | src/filmnow/LeitorFilmNow.java | src/filmnow/Filme.java: filmeDetalhado() | src/filmnow/FilmNow.java: contarErrosNoCadastroFilme(String[]), formatarSaidaCadastro(String[],int) | src/filmnow/FilmNow.java: BuscaFilme(String,String), gethotList() | src/filmnow/MainFilmNow.java: artribuiHotList(FilmNow,Scanner) | src/filmnow/FilmNow.java: deletarSobrescritoHotList(int) | Teste/filmnow/FilmeTest.java: imports | Teste/filmnow/FilmNowTeste.java: imports",
S59,official_sample,redacted,llm,basic_functionality,Basic Functionality,6,10,"A submissão implementa uma parte relevante do fluxo obrigatório: cadastro básico de filmes, armazenamento em posições, listagem por nomes e operações válidas simples da HotList. Porém há falhas materiais em detalhamento pelo fluxo da interface, tratamento de posição vazia, validação de posições da HotList, suporte a ano vazio e consistência de mensagens/duplicidade, o que impede considerar o funcionamento como alto.",src/filmnow/FilmNow.java::cadastraFilme | src/filmnow/FilmNow.java::verificaExistencia | src/filmnow/FilmNow.java::getFilmes | src/filmnow/FilmNow.java::getFilmesHotList | src/filmnow/FilmNow.java::getDadosFilme | src/filmnow/FilmNow.java::adicionaHot | src/filmnow/FilmNow.java::removeHot | src/filmnow/MainFilmNow.java::detalharFilme | src/filmnow/MainFilmNow.java::adicionaFilme | src/filmnow/Filme.java::Filme,
S59,official_sample,redacted,llm,unit_tests,Unit Tests,6.5,10,"Há testes JUnit reais para `Filme` e `FilmNow`, com várias asserções relevantes sobre igualdade, cadastro básico, validações simples e HotList em cenários normais. A cobertura, entretanto, não alcança vários cenários obrigatórios e não expõe defeitos importantes presentes na implementação.",Testes/TesteFilme.java | Testes/TesteFilmNow.java::testCadastrarFilmeValido | Testes/TesteFilmNow.java::testAdicionarHotFilme | Testes/TesteFilmNow.java::testRemoverHotFilme | Testes/TesteFilmNow.java::testGetDadosFilmePosicaoInvalida | Testes/TesteFilmNow.java,
S59,official_sample,redacted,llm,class_design,Class Design,7,10,"A modelagem central existe: há uma classe `Filme` com dados e igualdade por nome e ano, e uma classe `FilmNow` responsável por gerenciar o acervo e a HotList. A solução demonstra entendimento parcial a bom da separação entre entidade e gerenciador, mas há escolhas de modelagem que acoplam responsabilidades e dificultam cumprir alguns requisitos.",src/filmnow/Filme.java | src/filmnow/FilmNow.java | src/filmnow/Filme.java::Filme | src/filmnow/Filme.java::verificaPosicao | src/filmnow/FilmNow.java::cadastraFilme | src/filmnow/FilmNow.java::getFilmes | src/filmnow/FilmNow.java::getFilmesHotList,
S59,official_sample,redacted,llm,object_references,Object References and Composition,7,10,"A composição principal está presente: `FilmNow` armazena objetos `Filme` e a HotList referencia filmes do acervo. Isso demonstra entendimento real de referências entre classes. Ainda assim, a manipulação das referências é frágil em alguns pontos, principalmente porque o estado de hot é implementado alterando o nome do próprio objeto referenciado.",src/filmnow/FilmNow.java::arrayFilmes | src/filmnow/FilmNow.java::hotList | src/filmnow/FilmNow.java::cadastraFilme | src/filmnow/FilmNow.java::adicionaHot | src/filmnow/FilmNow.java::verificaExistencia | src/filmnow/Filme.java::equals | src/filmnow/FilmNow.java::removeHot | src/filmnow/Filme.java::setNome,
S59,official_sample,redacted,llm,collections_and_arrays,Collections and Arrays,7,10,"A solução usa arrays com tamanhos compatíveis com o enunciado para o acervo principal e para a HotList, e percorre essas estruturas para listar e verificar existência. A nota não é maior porque há fragilidades de indexação, validação de limites e sincronização entre os vetores.",src/filmnow/FilmNow.java::TAMANHO | src/filmnow/FilmNow.java::TAMANHOHOT | src/filmnow/FilmNow.java::arrayFilmes | src/filmnow/FilmNow.java::hotList | src/filmnow/FilmNow.java::getFilmes | src/filmnow/FilmNow.java::getFilmesHotList | src/filmnow/FilmNow.java::verificaExistencia | src/filmnow/FilmNow.java::adicionaHot | src/filmnow/FilmNow.java::removeHot | src/filmnow/FilmNow.java::getDadosFilme | src/filmnow/MainFilmNow.java::detalharFilme | src/filmnow/FilmNow.java::cadastraFilme,
S59,official_sample,redacted,llm,separation_of_concerns,Separation of Concerns,7,10,"Existe separação básica entre interface textual, leitura de arquivo, entidade `Filme` e gerenciador `FilmNow`. Para o nível do laboratório, isso é uma evidência relevante. A divisão, porém, é prejudicada porque a classe de domínio imprime mensagens diretamente e parte das regras de interação fica espalhada entre `MainFilmNow` e `FilmNow`.",src/filmnow/MainFilmNow.java | src/filmnow/FilmNow.java | src/filmnow/Filme.java | src/filmnow/LeitorFilmNow.java | src/filmnow/FilmNow.java::cadastraFilme | src/filmnow/MainFilmNow.java::detalharFilme | src/filmnow/MainFilmNow.java::adicionaFilme | src/filmnow/MainFilmNow.java::adicionaFilmeHotList,
S59,official_sample,redacted,llm,readability_and_documentation,Readability and Documentation,8,10,"O código é em geral legível, com nomes razoavelmente descritivos e Javadocs em várias classes e métodos. As perdas são de acabamento e clareza local, não de ausência de compreensão: há alguns nomes com erro, mensagens enganosas, formatação pontual ruim e efeitos colaterais que dificultam entender o estado do sistema.",src/filmnow/Filme.java | src/filmnow/FilmNow.java | src/filmnow/MainFilmNow.java | src/filmnow/Filme.java::veririficaHot | src/filmnow/MainFilmNow.java::detalharFilme | src/filmnow/LeitorFilmNow.java::carregaContatos | src/filmnow/MainFilmNow.java::comando | src/filmnow/FilmNow.java::cadastraFilme | src/filmnow/FilmNow.java::getDadosFilme,
S60,official_sample,redacted,llm,basic_functionality,Basic Functionality,6.5,10,"A submissão implementa um fluxo obrigatório considerável: cadastro em posições 1 a 100, sobrescrita, validação de nome/local vazios, ano vazio, listagem via menu, detalhamento e operações básicas de HotList. Porém há falhas materiais em duplicidade por nome+ano em situações normais de entrada, validação de posições da HotList e representação textual dos detalhes.","src/filmnow/FilmNow.java: método `cadastraFilme` | src/filmnow/FilmNow.java: métodos `detalhaFilme`, `adicionaHot`, `removeHot`, `getHot` | src/filmnow/MainFilmNow.java: métodos `mostrarFilmes`, `exibirHot`, `adicionaHot`, `removeHot` | src/filmnow/Filme.java: métodos `toString`, `equals`, `adicionadoHotlist`, `removidoHotlist` | src/filmnow/Filme.java: método `equals` | src/filmnow/FilmNow.java: métodos `cadastraFilme` e `checaIgual` | src/filmnow/FilmNow.java: método `adicionaHot`, primeiro acesso `this.filmes[posicaoFilme-1].getHotlist()` | src/filmnow/FilmNow.java: método `removeHot`, acesso `this.hotlist[posicao-1].removidoHotlist()` | src/filmnow/Filme.java: método `toString` | src/filmnow/FilmNow.java: método `detalhaFilme`",
S60,official_sample,redacted,llm,unit_tests,Unit Tests,7,10,"Há testes JUnit reais, com muitas asserções relevantes para cadastro, limites de posição, nome/local vazios, ano vazio, duplicidade, detalhamento e alguns aspectos de `Filme`. A cobertura, contudo, é incompleta para a HotList e não captura diretamente a falha de igualdade por comparação de referência.","test/filmnow/FilmNowTest.java: métodos `testCadastraFilmePadrao`, `testCadastraFilmePosicaoLimite`, `testCadastraFilmeJaCadastrado`, `testDetalhaFilmeHotlist` | test/filmnow/FilmeTest.java: métodos `testToString`, `testToStringAnoVazio`, `testAdicionaHot`, `testRemoveHot` | test/filmnow/FilmNowTest.java: ausência de testes diretos para `removeHot`, `getHot`, duplicidade e limites de `adicionaHot` | test/filmnow/FilmeTest.java: ausência de teste de `equals` | test/filmnow/FilmNowTest.java: método `testCadastraFilmeJaCadastrado` usa literais de `String`",
S60,official_sample,redacted,llm,class_design,Class Design,8,10,"A solução evolui claramente além do starter: cria `Filme`, mantém `FilmNow` como gerenciador, separa dados do filme do acervo e modela HotList. A modelagem central está presente, mas há falhas no contrato da classe `Filme`, especialmente igualdade e representação textual.","src/filmnow/Filme.java: classe `Filme`, construtor, atributos e métodos `equals`, `hashCode`, `toString` | src/filmnow/FilmNow.java: atributos `Filme[] filmes` e `Filme[] hotlist`, construtor e métodos de operação | src/filmnow/Filme.java: métodos `equals` e `toString`",
S60,official_sample,redacted,llm,object_references,Object References and Composition,8.5,10,"A composição principal foi bem demonstrada: `FilmNow` armazena objetos `Filme` e a HotList guarda referências aos mesmos objetos, permitindo marcar e desmarcar o estado hot. A principal lacuna está na manutenção da consistência dessas referências em casos de sobrescrita do acervo.","src/filmnow/FilmNow.java: atributos `private Filme[] filmes` e `private Filme[] hotlist` | src/filmnow/FilmNow.java: método `adicionaHot` | src/filmnow/FilmNow.java: método `removeHot` | src/filmnow/Filme.java: métodos `adicionadoHotlist`, `removidoHotlist`, `getHotlist` | src/filmnow/FilmNow.java: método `cadastraFilme`, atribuição `this.filmes[posicao-1] = filme` | src/filmnow/FilmNow.java: métodos `adicionaHot` e `getHot`",
S60,official_sample,redacted,llm,collections_and_arrays,Collections and Arrays,7.5,10,"A solução usa arrays com os tamanhos exigidos para acervo e HotList, aplica o deslocamento de posições 1-based para índices 0-based em vários pontos e percorre as estruturas para listagem e duplicidade. As principais perdas vêm de validação insuficiente de índices na HotList e sincronização incompleta entre os arrays.","src/filmnow/FilmNow.java: constantes `TAMANHO` e `TAMANHOHOTLIST` | src/filmnow/FilmNow.java: construtor, métodos `cadastraFilme`, `checaIgual`, `adicionaHot`, `removeHot` | src/filmnow/MainFilmNow.java: métodos `mostrarFilmes` e `exibirHot` | src/filmnow/FilmNow.java: método `adicionaHot` | src/filmnow/FilmNow.java: método `removeHot` | src/filmnow/FilmNow.java: método `cadastraFilme` | src/filmnow/FilmNow.java: atributo `hotlist`",
S60,official_sample,redacted,llm,separation_of_concerns,Separation of Concerns,8,10,"Há separação razoável entre interface e domínio: `MainFilmNow` cuida do menu e entrada/saída, enquanto `FilmNow` concentra cadastro, detalhamento e HotList. O desconto ocorre porque a `Main` ainda manipula arrays de domínio e concentra parte da lógica de listagem/exibição que poderia estar melhor encapsulada no sistema.","src/filmnow/MainFilmNow.java: métodos `comando`, `adicionaFilme`, `detalharFilme`, `adicionaHot`, `removeHot` | src/filmnow/FilmNow.java: métodos `cadastraFilme`, `detalhaFilme`, `adicionaHot`, `removeHot` | src/filmnow/LeitorFilmNow.java: método `processaLinhaCsvFilmes` | src/filmnow/MainFilmNow.java: métodos `mostrarFilmes`, `exibirHot`, `formataFilme` | src/filmnow/FilmNow.java: métodos `getFilmes` e `getHot`",
S60,official_sample,redacted,llm,readability_and_documentation,Readability and Documentation,8.5,10,"O código é em geral compreensível, com nomes de métodos claros e Javadocs em quase todas as classes e métodos. Há pequenas perdas por estilo repetitivo, aninhamento excessivo e inconsistências textuais, mas nada que impeça a leitura global da solução.","src/filmnow/Filme.java: documentação da classe e métodos | src/filmnow/FilmNow.java: documentação da classe e métodos | src/filmnow/MainFilmNow.java: documentação e métodos auxiliares | src/filmnow/FilmNow.java: métodos `cadastraFilme`, `detalhaFilme`, `existeFilme` | src/filmnow/LeitorFilmNow.java: método `carregaContatos` | src/filmnow/FilmNow.java: comentários de `cadastraFilme` | src/filmnow/MainFilmNow.java: comentários de métodos",
S61,official_sample,redacted,llm,basic_functionality,Basic Functionality,6,10,"A submissão implementa parte relevante do fluxo obrigatório: cadastro simples em posição válida, consulta por posição, listagem pela interface e uma HotList com adição, remoção e exibição. Porém, regras centrais do cadastro e alguns cenários obrigatórios não são atendidos, especialmente sobrescrita, duplicidade por nome+ano e tratamento de filme inválido na camada principal do sistema.","src/filmnow/FilmNow.java: construtor, getFilme, cadastraFilme, atribuirHot, removerHot, isHot | src/filmnow/MainFilmNow.java: adicionaFilme, mostrarFilmes, detalharFilme, exibirHotList, atribuirHot, removerHot | src/filmnow/Filme.java: construtor, toString, equals | src/filmnow/FilmNow.java: cadastraFilme | src/filmnow/Filme.java: equals | src/filmnow/MainFilmNow.java: detalharFilme | src/filmnow/MainFilmNow.java: mostrarFilmes | src/filmnow/FilmNow.java: atribuirHot | src/filmnow/MainFilmNow.java: atribuirHot",
S61,official_sample,redacted,llm,unit_tests,Unit Tests,2,10,"Há arquivos de teste com várias intenções de asserts para Filme, FilmNow e LeitorFilmNow, mas os métodos não estão anotados com @Test e os métodos de preparação não estão anotados com @BeforeEach. Assim, a suíte JUnit praticamente não executa os cenários escritos. Além disso, mesmo se anotados, vários testes apresentam expectativas incorretas ou cobertura insuficiente das regras obrigatórias.","testes/FilmeTest.java | testes/FilmNowTest.java | testes/LeitorFilmNowTest.java | testes/FilmeTest.java: setUp e métodos test* | testes/FilmNowTest.java: setUp e métodos test* | testes/LeitorFilmNowTest.java: setUp e métodos test* | testes/FilmNowTest.java: testExibirHotList, testExibirHotListVazia, testAdicionarFilmeExistente | testes/FilmeTest.java: testEquals | testes/LeitorFilmNowTest.java: testArquivoCsvComCabecalhoCorreto",
S61,official_sample,redacted,llm,class_design,Class Design,7,10,"A solução cria e utiliza as classes centrais esperadas, especialmente Filme e FilmNow, com atributos coerentes para o domínio e separação inicial entre entidade, gerenciador, leitor e interface. A modelagem, porém, ainda é parcial: a igualdade de Filme não segue a especificação e algumas responsabilidades de domínio não aparecem de forma coesa em FilmNow.","src/filmnow/Filme.java | src/filmnow/FilmNow.java | src/filmnow/LeitorFilmNow.java | src/filmnow/MainFilmNow.java | src/filmnow/Filme.java: equals | src/filmnow/MainFilmNow.java: adicionaFilme, mostrarFilmes, detalharFilme",
S61,official_sample,redacted,llm,object_references,Object References and Composition,8,10,"Há boa evidência de composição: FilmNow armazena objetos Filme, cria novos filmes e a HotList guarda referências para filmes. A perda vem do uso inconsistente dessas referências em algumas comparações, que às vezes voltam a comparar apenas strings ou usam uma igualdade incorreta.","src/filmnow/FilmNow.java: filmes, filmesHot, cadastraFilme, atribuirHot, isHot | src/filmnow/MainFilmNow.java: atribuirHot, detalharFilme, mostrarFilmes | src/filmnow/FilmNow.java: cadastraFilme, isHot | src/filmnow/MainFilmNow.java: mostrarFilmes | src/filmnow/Filme.java: equals",
S61,official_sample,redacted,llm,collections_and_arrays,Collections and Arrays,8,10,O acervo de 100 posições e a HotList de 10 posições foram implementados com arrays de Filme e são usados nas operações principais. A indexação 1-based para o usuário e 0-based internamente aparece corretamente na maior parte do código. As perdas são por comportamentos de posição que não sustentam integralmente as regras obrigatórias.,"src/filmnow/FilmNow.java: construtor, getFilme, cadastraFilme, atribuirHot, removerHot | src/filmnow/MainFilmNow.java: mostrarFilmes, exibirHotList | src/filmnow/FilmNow.java: filmes, cadastraFilme | src/filmnow/FilmNow.java: atribuirHot, removerHot",
S61,official_sample,redacted,llm,separation_of_concerns,Separation of Concerns,6,10,"Existe uma separação inicial entre entidade, gerenciador, leitor e interface, e FilmNow não lê Scanner diretamente. Ainda assim, a Main concentra várias regras de domínio e acessa arrays para montar listagem, detalhamento e validações que deveriam estar mais centralizadas no gerenciador.","src/filmnow/Filme.java | src/filmnow/FilmNow.java | src/filmnow/MainFilmNow.java | src/filmnow/LeitorFilmNow.java | src/filmnow/MainFilmNow.java: adicionaFilme, mostrarFilmes, detalharFilme, atribuirHot | src/filmnow/FilmNow.java: cadastraFilme, atribuirHot | src/filmnow/FilmNow.java: getFilmes, getFilmesHot | src/filmnow/MainFilmNow.java: mostrarFilmes, exibirHotList",
S61,official_sample,redacted,llm,readability_and_documentation,Readability and Documentation,8,10,"O código-fonte é majoritariamente legível, com nomes compreensíveis, organização simples e Javadocs em várias classes e métodos. As perdas são por inconsistências de manutenção, nomes herdados ou imprecisos e pequenos trechos redundantes que dificultam a leitura, mas não impedem a compreensão geral.",src/filmnow/Filme.java | src/filmnow/FilmNow.java | src/filmnow/MainFilmNow.java | src/filmnow/LeitorFilmNow.java | src/filmnow/LeitorFilmNow.java: carregaContatos | src/filmnow/FilmNow.java: cadastraFilme Javadoc | src/filmnow/Filme.java: Javadocs de local | src/filmnow/MainFilmNow.java: mostrarFilmes | testes/FilmeTest.java: importações de BeforeEach e Test sem uso | testes/FilmNowTest.java: importações de BeforeEach e Test sem uso,
S62,official_sample,redacted,llm,basic_functionality,Basic Functionality,7,10,"A submissão implementa boa parte do fluxo obrigatório: cadastro manual, validações principais de posição do acervo, nome/local vazios, ano vazio, duplicidade por nome e ano, detalhamento e sinalização simples de HotList. As perdas vêm principalmente da HotList, que não trata posições inválidas de forma segura, tem verificação de duplicidade defeituosa e da carga CSV que não popula mais o sistema.","src/filmnow/FilmNow.java: método cadastraFilme | src/filmnow/FilmNow.java: métodos detalhaFilme, compara, percorrer | src/filmnow/MainFilmNow.java: métodos comando, mostrarFilmes, exibirHotList, adicionaHotList, removeHotList | src/filmnow/LeitorFilmNow.java: método processaLinhaCsvFilmes | src/filmnow/FilmNow.java: métodos cadastraHotList e removerHotList | src/filmnow/MainFilmNow.java: métodos adicionaHotList e removeHotList | src/filmnow/FilmNow.java: método comparaHot",
S62,official_sample,redacted,llm,unit_tests,Unit Tests,7.5,10,"Há testes JUnit reais e com asserts relevantes para `Filme` e `FilmNow`, cobrindo cadastro, duplicidade, limites do acervo, campos vazios, detalhamento e alguns casos de HotList. A cobertura, porém, não alcança vários cenários críticos da HotList, nem valida corretamente a igualdade exigida por nome e ano.","testes/FilmeTest.java: métodos representacaoTextual, representacaoTextualSemAno, testEquals, testEquals3parametros, testEqualsTrue | testes/FilmNowTest.java: métodos testCadastraFilme, testCadastraFilmeJaAdicionado2, testCadastraFilmeLimite, testDetalharFilmeHotLst, testRemoverFilmeHotLst | testes/FilmNowTest.java: testes de HotList existentes testDetalharFilmeHotLst, testRemoverFilmeHotLst, adicionaFilmeHotLstLimiteSuperior | testes/FilmeTest.java: métodos testEquals, testEquals3parametros, testEqualsTrue | src/filmnow/Filme.java: método equals | testes/FilmNowTest.java | src/filmnow/LeitorFilmNow.java: método processaLinhaCsvFilmes | src/filmnow/MainFilmNow.java: métodos mostrarFilmes e exibirHotList",
S62,official_sample,redacted,llm,class_design,Class Design,8,10,"A modelagem central está presente: há uma classe `Filme` com atributos próprios e uma classe `FilmNow` responsável pelo acervo e pela HotList. O desenho demonstra entendimento da separação entre entidade e sistema, mas ainda há falhas no contrato de igualdade de `Filme` e a API de HotList em `FilmNow` fica incompleta para representar as regras do domínio.","src/filmnow/Filme.java | src/filmnow/FilmNow.java: atributos filmes e hotList, construtor e método cadastraFilme | src/filmnow/MainFilmNow.java | src/filmnow/LeitorFilmNow.java | src/filmnow/Filme.java: métodos equals e hashcode | src/filmnow/FilmNow.java: métodos cadastraHotList, removerHotList, comparaHot | src/filmnow/MainFilmNow.java: método adicionaHotList",
S62,official_sample,redacted,llm,object_references,Object References and Composition,7,10,"Há composição real: `FilmNow` cria e armazena objetos `Filme`, e a HotList usa referências para esses objetos. Entretanto, a manipulação das referências na HotList é frágil, com comparação usando o array errado, ausência de validações de existência e identidade de `Filme` desalinhada com o enunciado.","src/filmnow/FilmNow.java: atributos filmes e hotList | src/filmnow/FilmNow.java: métodos cadastraFilme, cadastraHotList, detalhaFilme, percorrer | src/filmnow/Filme.java | src/filmnow/FilmNow.java: método comparaHot | src/filmnow/FilmNow.java: método cadastraHotList | src/filmnow/Filme.java: método equals",
S62,official_sample,redacted,llm,collections_and_arrays,Collections and Arrays,7,10,"A solução usa arrays de tamanho compatível com o acervo e a HotList e sustenta boa parte do cadastro, detalhamento e armazenamento. As principais perdas vêm da gestão incompleta de índices da HotList, da mistura incorreta de índices entre arrays e de parte do sistema depender de percorrer arrays brutos fora do gerenciador.","src/filmnow/FilmNow.java: constantes TAMANHO e TAMANHOHOT, atributos filmes e hotList | src/filmnow/FilmNow.java: métodos getFilmes, getHotList, cadastraFilme, cadastraHotList, removerHotList | src/filmnow/MainFilmNow.java: métodos mostrarFilmes e exibirHotList | src/filmnow/FilmNow.java: métodos cadastraHotList e removerHotList | src/filmnow/FilmNow.java: método comparaHot | src/filmnow/FilmNow.java: métodos getFilmes e getHotList",
S62,official_sample,redacted,llm,separation_of_concerns,Separation of Concerns,6.5,10,"Existe separação inicial entre entidade, gerenciador, interface textual e leitor, e parte das regras de cadastro está em `FilmNow`. Porém, regras importantes da HotList e percursos de listagem ficam na `Main`, enquanto o leitor de CSV não cumpre sua responsabilidade de popular o sistema.",src/filmnow/Filme.java | src/filmnow/FilmNow.java | src/filmnow/MainFilmNow.java | src/filmnow/LeitorFilmNow.java | src/filmnow/MainFilmNow.java: método adicionaHotList | src/filmnow/FilmNow.java: métodos comparaHot e cadastraHotList | src/filmnow/MainFilmNow.java: métodos mostrarFilmes e exibirHotList | src/filmnow/FilmNow.java: métodos getFilmes e getHotList | src/filmnow/LeitorFilmNow.java: método processaLinhaCsvFilmes,
S62,official_sample,redacted,llm,readability_and_documentation,Readability and Documentation,7.5,10,"O código é em geral compreensível, com nomes que indicam a intenção e comentários em várias classes e métodos. As perdas são de acabamento: inconsistências de nomenclatura, organização visual irregular, comentários com erros ou pouco precisos e métodos auxiliares com nomes genéricos que dificultam a manutenção.","src/filmnow/Filme.java | src/filmnow/FilmNow.java | src/filmnow/MainFilmNow.java | src/filmnow/LeitorFilmNow.java | testes/FilmeTest.java | testes/FilmNowTest.java | src/filmnow/Filme.java: métodos getAnolancamento e hashcode | src/filmnow/FilmNow.java: métodos compara e percorrer | src/filmnow/MainFilmNow.java: método adicionaHotList | src/filmnow/MainFilmNow.java: imports e métodos adicionaFilme/adicionaHotList | src/filmnow/FilmNow.java: comentários de cadastraFilme, cadastraHotList, comparaHot | testes/FilmeTest.java: comentários introdutórios",
S63,official_sample,redacted,llm,basic_functionality,Basic Functionality,7,10,"A submissão implementa de forma funcional boa parte do fluxo obrigatório: cadastro com validação básica, sobrescrita, detecção de duplicidade por nome e ano, listagem, detalhamento e uma HotList existente. As principais perdas vêm de inconsistências de posição no detalhamento e na HotList, além de remoção de hot sem tratamento adequado de posições inválidas.","src/filmnow/FilmNow.java: cadastraFilme(int, String, String, String) | src/filmnow/Filme.java: equals(Object) e toString() | src/filmnow/MainFilmNow.java: mostrarFilmes(FilmNow), detalharFilme(FilmNow, Scanner), atribuirHot(FilmNow, Scanner), mostrarHot(FilmNow), removerHot(FilmNow, Scanner) | src/filmnow/FilmNow.java: cadastraHot(int, int), verificarFilmeHotList(Filme), verHotOuFilme(int), removendoHot(int) | src/filmnow/MainFilmNow.java: detalharFilme(FilmNow, Scanner) usa posicao >= FilmNow.TAMANHO | src/filmnow/FilmNow.java: verHotOuFilme(int) valida posicao < 0 || posicao >= filmes.length e depois chama getFilme(posicao) | src/filmnow/FilmNow.java: getFilme(int) usa posicao - 1 | src/filmnow/FilmNow.java: cadastraHot(int, int) valida posicao < 0 || posicao >= hotList.length | src/filmnow/MainFilmNow.java: mostrarHot(FilmNow) imprime i + "" - "" | src/filmnow/FilmNow.java: removendoHot(int) acessa hotList[posicao] sem validação",
S63,official_sample,redacted,llm,unit_tests,Unit Tests,7,10,"Há uma suíte JUnit real com vários asserts relevantes para cadastro, duplicidade, limites do acervo, ano vazio e detalhamento básico. A cobertura, porém, fica incompleta principalmente para HotList, remoção, exibição/listagem e alguns casos de fronteira que justamente apresentam defeitos no código.","testes/FilmeTest.java: testAdicionarFilmePosicaoVazia | testes/FilmeTest.java: testAdicionarFilmeDuplicado e testAdicionarFilmeComLocalDiferente | testes/FilmeTest.java: testAdicionarFilmePosicaoLimite, testAdicionarFilmePosicaoAcimaLimite, testAdicionarFilmePosicaoAbaixoLimite | testes/FilmeTest.java: testDetalharFilmeComTodosOsDados, testDetalharFilmeSemAno, testDetalharFilmeHotList | testes/FilmeTest.java: testDetalharFilmeHotList | src/filmnow/FilmNow.java: cadastraHot(int, int), removendoHot(int) | testes/FilmeTest.java: ausência de teste para MainFilmNow.mostrarFilmes ou método equivalente de listagem | testes/FilmeTest.java: testDetalharFilmePosicaoVazia usa getFilme diretamente, não o fluxo de detalhamento | testes/FilmeTest.java: uso indireto de equals em testAdicionarFilmePosicaoVazia | src/filmnow/Filme.java: equals(Object)",
S63,official_sample,redacted,llm,class_design,Class Design,8,10,"A solução demonstra boa compreensão da modelagem central do laboratório: há uma classe Filme com dados e representação textual, e FilmNow gerencia o acervo e a HotList. As perdas são localizadas em detalhes de contrato e em uma modelagem de estado hot que mistura responsabilidades.","src/filmnow/Filme.java: atributos nome, ano, local; construtor; toString(); equals(Object) | src/filmnow/FilmNow.java: atributos Filme[] filmes e Filme[] hotList; construtor; cadastraFilme; cadastraHot | src/filmnow/LeitorFilmNow.java: processaLinhaCsvFilmes(String[], FilmNow) | src/filmnow/Filme.java: hashCode() usa Objects.hash(ano, local, nome) | src/filmnow/Filme.java: equals(Object) compara ano e nome | src/filmnow/Filme.java: atributo ehHot, isEhHot(), setEhHot(boolean) | src/filmnow/FilmNow.java: verificarFilmeHotList(Filme), verHotOuFilme(int), removendoHot(int)",
S63,official_sample,redacted,llm,object_references,Object References and Composition,8.5,10,"A composição principal foi bem demonstrada: FilmNow cria e armazena objetos Filme, e a HotList usa referências aos filmes do acervo. A principal limitação é o uso paralelo de referência na HotList e flag mutável em Filme para representar o mesmo estado.","src/filmnow/FilmNow.java: private Filme[] filmes; private Filme[] hotList | src/filmnow/FilmNow.java: cadastraFilme(int, String, String, String) cria new Filme(...) | src/filmnow/FilmNow.java: cadastraHot(int, int) usa Filme filme = getFilme(posicaoFilme) e hotList[posicao] = filme | src/filmnow/FilmNow.java: verificarFilmeHotList(Filme) | src/filmnow/Filme.java: atributo ehHot e métodos isEhHot/setEhHot | src/filmnow/FilmNow.java: verHotOuFilme(int) atualiza ehHot durante consulta | src/filmnow/FilmNow.java: removendoHot(int) apenas define hotList[posicao] = null",
S63,official_sample,redacted,llm,collections_and_arrays,Collections and Arrays,7,10,"A solução usa arrays com tamanhos adequados para o acervo principal e a HotList, e esses arrays sustentam parte importante das operações. As perdas são relevantes porque há inconsistência de indexação e falta de validação em acessos diretos à HotList.","src/filmnow/FilmNow.java: static final int TAMANHO = 100; private Filme[] filmes; private Filme[] hotList | src/filmnow/FilmNow.java: construtor inicializa new Filme[TAMANHO] e new Filme[10] | src/filmnow/FilmNow.java: cadastraFilme(int, String, String, String) usa filmes[posicao - 1] | src/filmnow/MainFilmNow.java: mostrarFilmes(FilmNow) percorre getFilmes() | src/filmnow/FilmNow.java: verificarFilmeHotList(Filme) percorre hotList | src/filmnow/FilmNow.java: cadastraFilme(int, String, String, String) | src/filmnow/FilmNow.java: verHotOuFilme(int) | src/filmnow/FilmNow.java: cadastraHot(int, int) | src/filmnow/MainFilmNow.java: mostrarHot(FilmNow) | src/filmnow/FilmNow.java: removendoHot(int)",
S63,official_sample,redacted,llm,separation_of_concerns,Separation of Concerns,6.5,10,"Há uma separação inicial entre interface, leitor, gerenciador e entidade Filme, o que é positivo para o nível do laboratório. Entretanto, a interface ainda manipula arrays e decisões de domínio de forma recorrente, enquanto FilmNow também imprime diretamente em uma operação, misturando responsabilidades.","src/filmnow/Filme.java | src/filmnow/FilmNow.java | src/filmnow/MainFilmNow.java | src/filmnow/LeitorFilmNow.java | src/filmnow/MainFilmNow.java: mostrarFilmes(FilmNow) | src/filmnow/MainFilmNow.java: detalharFilme(FilmNow, Scanner) | src/filmnow/MainFilmNow.java: mostrarHot(FilmNow) | src/filmnow/FilmNow.java: removendoHot(int) | src/filmnow/FilmNow.java: getFilme(int), verHotOuFilme(int), cadastraHot(int, int)",
S63,official_sample,redacted,llm,readability_and_documentation,Readability and Documentation,8,10,"O código é em geral compreensível, com nomes que ajudam a entender o domínio e alguns Javadocs herdados ou adaptados. As perdas decorrem principalmente de convenções inconsistentes, alguns nomes/assinaturas pouco claros e documentação parcial ou desalinhada.","src/filmnow/Filme.java | src/filmnow/FilmNow.java | src/filmnow/MainFilmNow.java | src/filmnow/LeitorFilmNow.java | src/filmnow/FilmNow.java: getFilme(int), verHotOuFilme(int), cadastraHot(int, int), removendoHot(int) | src/filmnow/MainFilmNow.java: mostrarHot(FilmNow), removerHot(FilmNow, Scanner) | src/filmnow/Filme.java: setEhHot(boolean) | src/filmnow/FilmNow.java: cadastraHot(int, int) | src/filmnow/MainFilmNow.java: adicionaFilme(FilmNow, Scanner) | src/filmnow/LeitorFilmNow.java: carregaContatos(String, FilmNow) | src/filmnow/FilmNow.java: Javadocs de cadastraHot e removendoHot",
S64,official_sample,redacted,llm,basic_functionality,Basic Functionality,5.5,10,"O cadastro e o detalhamento básico têm implementação parcial consistente: há criação de objetos Filme, validação de limites no cadastro/detalhe, bloqueio de duplicidade por nome e ano, aceite de ano vazio e marcação simples de hot no detalhe. Porém a listagem do acervo usa índices incorretos e ignora a posição 1, e a HotList obrigatória fica substancialmente quebrada para exibir, remover, validar posições e substituir ocupantes.","src/filmnow/FilmNow.java: cadastraFilme(String,String,String,String) | src/filmnow/FilmNow.java: filmeExiste(String,String) | src/filmnow/FilmNow.java: getFilme(int) | src/filmnow/FilmNow.java: adicionaHot(int,int) | testes/filmnow/FilmNowTest.java | src/filmnow/FilmNow.java: getFilmes() | src/filmnow/FilmNow.java: mostrarHot() | src/filmnow/FilmNow.java: removeHot(int) | src/filmnow/MainFilmNow.java: detalharFilme(FilmNow,Scanner) | testes/filmnow/FilmNowTest.java: testDetalharFilmeInexistente100()",
S64,official_sample,redacted,llm,unit_tests,Unit Tests,7,10,"Há testes JUnit reais e com asserts relevantes para Filme e FilmNow, cobrindo boa parte do cadastro, duplicidade, limites, dados inválidos, ano vazio e detalhamento. A suíte, porém, deixa de cobrir pontos obrigatórios importantes, especialmente listagem e quase toda a HotList, e o teste de igualdade de Filme é superficial.","testes/filmnow/FilmeTest.java | testes/filmnow/FilmNowTest.java | src/filmnow/FilmNow.java: getFilmes(), mostrarHot(), removeHot(int), adicionaHot(int,int) | testes/filmnow/FilmeTest.java: testEqualsObject() | src/filmnow/Filme.java: equals(Object)",
S64,official_sample,redacted,llm,class_design,Class Design,8,10,"A modelagem central está presente e vai além do starter: existe uma classe Filme com estado próprio, equals/hashCode por nome e ano, e uma classe FilmNow responsável pelo acervo e pela HotList. As classes cumprem papéis distintos, mas há escolhas de modelagem que reduzem a coesão e a clareza da API.","src/filmnow/Filme.java | src/filmnow/FilmNow.java | src/filmnow/MainFilmNow.java | src/filmnow/LeitorFilmNow.java | src/filmnow/Filme.java: campo hot | src/filmnow/Filme.java: setHot(String) | src/filmnow/Filme.java: toString() | src/filmnow/FilmNow.java: cadastraFilme(String,String,String,String) | src/filmnow/FilmNow.java: getFilme(int) | src/filmnow/FilmNow.java: getAno(int) | src/filmnow/Filme.java: getFilme()",
S64,official_sample,redacted,llm,object_references,Object References and Composition,7,10,"Há evidência clara de composição: FilmNow armazena objetos Filme, cria instâncias de Filme e a HotList guarda referências aos mesmos objetos do acervo. Entretanto, a manutenção dessas referências na HotList é inconsistente, especialmente em substituição e remoção.","src/filmnow/FilmNow.java: campos filmes e hotList | src/filmnow/FilmNow.java: cadastraFilme(String,String,String,String) | src/filmnow/FilmNow.java: adicionaHot(int,int) | src/filmnow/Filme.java: equals(Object), hashCode() | src/filmnow/FilmNow.java: removeHot(int) | src/filmnow/FilmNow.java: existeHot(Filme)",
S64,official_sample,redacted,llm,collections_and_arrays,Collections and Arrays,5.5,10,"A submissão usa arrays com os tamanhos esperados para acervo e HotList e consegue sustentar parte do cadastro e da consulta. Ainda assim, há falhas relevantes de índice, percurso e sincronização que impedem uma nota alta neste critério.","src/filmnow/FilmNow.java: construtor FilmNow() | src/filmnow/FilmNow.java: cadastraFilme(String,String,String,String) | src/filmnow/FilmNow.java: filmeExiste(String,String) | src/filmnow/FilmNow.java: getFilmes() | src/filmnow/FilmNow.java: mostrarHot() | src/filmnow/FilmNow.java: removeHot(int) | src/filmnow/FilmNow.java: adicionaHot(int,int)",
S64,official_sample,redacted,llm,separation_of_concerns,Separation of Concerns,8,10,"A solução mantém uma separação razoável para o nível do laboratório: MainFilmNow lida com menu e entrada, FilmNow concentra regras do sistema, Filme representa os dados e LeitorFilmNow lê CSV. A perda vem de acoplamentos localizados de apresentação dentro do domínio.",src/filmnow/MainFilmNow.java | src/filmnow/FilmNow.java | src/filmnow/Filme.java | src/filmnow/LeitorFilmNow.java | src/filmnow/Filme.java: campo hot e setHot(String) | src/filmnow/FilmNow.java: mostrarHot(),
S64,official_sample,redacted,llm,readability_and_documentation,Readability and Documentation,7.5,10,"O código é em geral compreensível, com nomes em português e vários comentários/Javadocs explicando a intenção das classes e métodos. A nota não é maior porque há trechos confusos, condições sem propósito claro, nomes imprecisos e comentários com erros ou divergências em relação ao comportamento real.","src/filmnow/Filme.java | src/filmnow/FilmNow.java | src/filmnow/MainFilmNow.java | src/filmnow/LeitorFilmNow.java | testes/filmnow/FilmeTest.java | testes/filmnow/FilmNowTest.java | src/filmnow/FilmNow.java: cadastraFilme(String,String,String,String) | src/filmnow/FilmNow.java: mostrarHot() | src/filmnow/Filme.java: getFilme() | src/filmnow/FilmNow.java: adicionaHot(int,int)",
S65,official_sample,redacted,llm,basic_functionality,Basic Functionality,8.5,10,"A implementação cobre a maior parte do fluxo obrigatório: cadastro com validações principais, prevenção de duplicidade, detalhamento, operações básicas de HotList e menu com as opções necessárias. A principal falha funcional observada é localizada no detalhamento de posição válida vazia, que retorna null e pode aparecer como texto no fluxo da interface, quando o contrato esperava resposta vazia.",src/filmnow/FilmNow.java::cadastraFilme | src/filmnow/FilmNow.java::detalhaFilme | src/filmnow/FilmNow.java::addHot | src/filmnow/FilmNow.java::popHot | src/filmnow/MainFilmNow.java::comando | src/filmnow/MainFilmNow.java::mostrarFilmes | src/filmnow/MainFilmNow.java::exibirHotList | src/filmnow/MainFilmNow.java::detalharFilme,
S65,official_sample,redacted,llm,unit_tests,Unit Tests,6.5,10,"Há uma quantidade relevante de testes JUnit com asserts cobrindo Filme e boa parte de FilmNow, incluindo cadastro, duplicidade, posições limite, detalhamento e HotList. Entretanto, um arquivo de teste contém erro sintático que impediria a compilação da suíte completa em um fluxo padrão, e ainda há lacunas de cobertura em saídas de listagem/exibição e alguns cenários de HotList.",testes/FilmeTest.java | testes/FilmNowTest.java | testes/MainFilmNowTest.java | testes/MainFilmNowTest.java::testAdicionaFilme,
S65,official_sample,redacted,llm,class_design,Class Design,9.5,10,"A modelagem central está bem atendida: há uma classe Filme com atributos próprios e igualdade por nome e ano, e uma classe FilmNow que gerencia o acervo e a HotList. A perda é pequena e ligada ao fato de a API pública ainda expor arrays para que outras classes montem parte das representações.",src/filmnow/Filme.java | src/filmnow/FilmNow.java | src/filmnow/LeitorFilmNow.java | src/filmnow/MainFilmNow.java | src/filmnow/FilmNow.java::getFilmes | src/filmnow/FilmNow.java::getHot | src/filmnow/MainFilmNow.java::mostrarFilmes | src/filmnow/MainFilmNow.java::exibirHotList,
S65,official_sample,redacted,llm,object_references,Object References and Composition,9.5,10,"A composição principal está clara: FilmNow armazena objetos Filme no acervo e na HotList, cria novos objetos no cadastro e usa igualdade de objetos para regras de duplicidade. A dedução é pequena por uma possível inconsistência de referência quando um filme do acervo é sobrescrito após já estar na HotList.",src/filmnow/FilmNow.java::filmes | src/filmnow/FilmNow.java::hotList | src/filmnow/FilmNow.java::cadastraFilme | src/filmnow/FilmNow.java::addHot | src/filmnow/FilmNow.java::verificaFilme | src/filmnow/FilmNow.java::verificaHot | src/filmnow/Filme.java::equals,
S65,official_sample,redacted,llm,collections_and_arrays,Collections and Arrays,9.0,10,"Os arrays foram usados de forma adequada para representar as duas estruturas obrigatórias: 100 posições para o acervo e 10 para a HotList. Os principais métodos fazem conversão correta entre posições de usuário e índices internos. A principal limitação está no acesso público getFilme, que não valida limites e pode lançar exceção se usado diretamente com posição inválida.",src/filmnow/FilmNow.java::TAMANHO | src/filmnow/FilmNow.java::TAMANHO_HOT | src/filmnow/FilmNow.java::filmes | src/filmnow/FilmNow.java::hotList | src/filmnow/FilmNow.java::cadastraFilme | src/filmnow/FilmNow.java::detalhaFilme | src/filmnow/FilmNow.java::addHot | src/filmnow/FilmNow.java::popHot | src/filmnow/FilmNow.java::getFilme,
S65,official_sample,redacted,llm,separation_of_concerns,Separation of Concerns,8.0,10,"Há uma separação geral boa entre interface, leitura de CSV, entidade Filme e gerenciador FilmNow. FilmNow não depende de Scanner nem imprime diretamente. Ainda assim, a Main assume parte recorrente da montagem das listagens e manipula arrays de domínio, o que reduz a separação ideal entre interface e lógica do sistema.",src/filmnow/FilmNow.java | src/filmnow/MainFilmNow.java | src/filmnow/LeitorFilmNow.java | src/filmnow/Filme.java | src/filmnow/MainFilmNow.java::mostrarFilmes | src/filmnow/MainFilmNow.java::exibirHotList | src/filmnow/MainFilmNow.java::formataFilme | src/filmnow/FilmNow.java::getFilmes | src/filmnow/FilmNow.java::getHot,
S65,official_sample,redacted,llm,readability_and_documentation,Readability and Documentation,9.0,10,"O código-fonte é legível, com nomes majoritariamente claros, organização simples e comentários/Javadocs úteis. As perdas são pequenas e relacionadas a inconsistências de nomenclatura e alguns detalhes de acabamento, sem comprometer a compreensão do programa.",src/filmnow/Filme.java | src/filmnow/FilmNow.java | src/filmnow/LeitorFilmNow.java | src/filmnow/MainFilmNow.java | src/filmnow/LeitorFilmNow.java::carregaContatos | src/filmnow/MainFilmNow.java::comentário @autor | src/filmnow/FilmNow.java::detalhaFilme | src/filmnow/FilmNow.java::addHot,
S66,official_sample,redacted,llm,basic_functionality,Basic Functionality,6.5,10,"A submissão implementa parte relevante do fluxo obrigatório: cadastro em posições 1 a 100, sobrescrita, prevenção básica de duplicidade por nome e ano, listagem via interface, detalhamento de filme cadastrado e operações básicas de HotList. Porém há falhas funcionais materiais em posições vazias, validação de HotList e integração entre Main e FilmNow, que fazem alguns fluxos obrigatórios quebrarem ou retornarem a regra errada.","src/filmnow/FilmNow.java: cadastraFilme(int,String,String,String) | src/filmnow/FilmNow.java: descreveFilme(int) | src/filmnow/FilmNow.java: cadastraHot(int,int), removeHot(int), getHot() | src/filmnow/MainFilmNow.java: mostrarFilmes(FilmNow), detalharFilme(FilmNow,Scanner), exibirHot(FilmNow), atribuirHot(FilmNow,Scanner) | testes/FilmNowTest.java: teste1 a teste16 | src/filmnow/MainFilmNow.java: detalharFilme(FilmNow,Scanner) | src/filmnow/FilmNow.java: cadastraHot(int,int), removeHot(int) | src/filmnow/MainFilmNow.java: atribuirHot(FilmNow,Scanner), removerHot(FilmNow,Scanner) | src/filmnow/FilmNow.java: cadastraFilme(int,String,String,String), temFilme(String,String) | src/filmnow/Filme.java: Filme(String,String)",
S66,official_sample,redacted,llm,unit_tests,Unit Tests,7,10,"Há testes JUnit reais para `Filme` e `FilmNow`, com vários asserts sobre cadastro, sobrescrita, duplicidade, limites de posição, ano vazio, detalhamento e HotList básica. A cobertura, entretanto, é incompleta para cenários obrigatórios importantes e alguns testes verificam efeitos indiretos em vez das respostas do método.","testes/FilmeTest.java: testNomeAno, testeNomeLocal, testIgualdade, testDescricao | testes/FilmNowTest.java: teste1 a teste16 | testes/FilmNowTest.java: teste15, teste16 | src/filmnow/FilmNow.java: cadastraHot(int,int), removeHot(int) | testes/FilmNowTest.java: teste11 a teste14 | src/filmnow/FilmNow.java: descreveFilme(int) | src/filmnow/MainFilmNow.java: detalharFilme(FilmNow,Scanner) | testes/FilmNowTest.java: teste3, teste4, teste8, teste10",
S66,official_sample,redacted,llm,class_design,Class Design,8,10,"A modelagem central está presente: existe uma classe `Filme` com atributos do domínio, igualdade por nome e ano, e uma classe `FilmNow` responsável por gerenciar acervo e HotList. Ainda há imperfeições de invariantes e de responsabilidades de métodos, mas a estrutura demonstra bom entendimento da criação das classes principais.","src/filmnow/Filme.java: atributos, construtores, equals(Object), hashCode(), toString() | src/filmnow/FilmNow.java: atributos filmes e HotList, construtor, métodos de domínio | src/filmnow/LeitorFilmNow.java | src/filmnow/MainFilmNow.java | src/filmnow/Filme.java: Filme(String,String) | src/filmnow/FilmNow.java: cadastraFilme(int,String,String,String), temFilme(String,String), descreveFilme(int) | src/filmnow/FilmNow.java: cadastraHot(int,int), removeHot(int) | src/filmnow/MainFilmNow.java: atribuirHot(FilmNow,Scanner)",
S66,official_sample,redacted,llm,object_references,Object References and Composition,8,10,A composição principal foi implementada: `FilmNow` armazena objetos `Filme` e a HotList guarda referências aos filmes do acervo. O código usa os objetos para consultar atributos e comparar filmes. As perdas vêm de usos ainda pouco encapsulados e inconsistentes das referências em alguns fluxos.,"src/filmnow/FilmNow.java: filmes, HotList, cadastraFilme, cadastraHot, temFilme, temHot | src/filmnow/Filme.java: equals(Object), hashCode() | src/filmnow/FilmNow.java: descreveFilme(int) | src/filmnow/MainFilmNow.java: atribuirHot(FilmNow,Scanner) | src/filmnow/FilmNow.java: cadastraHot(int,int)",
S66,official_sample,redacted,llm,collections_and_arrays,Collections and Arrays,7,10,"Os arrays têm tamanhos compatíveis com o enunciado e são usados para armazenar acervo e HotList com conversão de posição 1-based para índice 0-based. No entanto, há problemas importantes de validação de índices e de sincronização lógica em operações da HotList, impedindo nota alta neste critério.","src/filmnow/FilmNow.java: TAMANHO, filmes, HotList, construtor | src/filmnow/FilmNow.java: cadastraFilme(int,String,String,String), cadastraHot(int,int), removeHot(int) | src/filmnow/MainFilmNow.java: mostrarFilmes(FilmNow), exibirHot(FilmNow) | src/filmnow/FilmNow.java: getFilme(int), cadastraHot(int,int), removeHot(int) | src/filmnow/FilmNow.java: HotList, cadastraHot(int,int), temHot(String,String) | src/filmnow/FilmNow.java: descreveFilme(int), temFilme(String,String), temHot(String,String)",
S66,official_sample,redacted,llm,separation_of_concerns,Separation of Concerns,6.5,10,"Há separação inicial entre classe de domínio (`Filme`), gerenciador (`FilmNow`), leitor de CSV e interface (`MainFilmNow`). Contudo, a interface ainda concentra validações e decisões de domínio relevantes, enquanto a classe `FilmNow` oferece métodos de HotList e consulta com contrato incompleto.","src/filmnow/MainFilmNow.java | src/filmnow/FilmNow.java | src/filmnow/Filme.java | src/filmnow/LeitorFilmNow.java | src/filmnow/MainFilmNow.java: adicionaFilme, detalharFilme, atribuirHot, descreveFilme, formataFilme | src/filmnow/FilmNow.java: cadastraFilme, cadastraHot, removeHot | src/filmnow/FilmNow.java: getFilme(int), descreveFilme(int) | src/filmnow/MainFilmNow.java: detalharFilme(FilmNow,Scanner), atribuirHot(FilmNow,Scanner) | src/filmnow/FilmNow.java: descreveFilme(int) | src/filmnow/MainFilmNow.java: descreveFilme(Filme), detalharFilme(FilmNow,Scanner)",
S66,official_sample,redacted,llm,readability_and_documentation,Readability and Documentation,8,10,"O código é em geral compreensível, com nomes majoritariamente claros, comentários e Javadocs em várias classes e métodos. As principais perdas são por inconsistências de estilo e alguns trechos que dificultam a compreensão ou escondem erros lógicos simples.","src/filmnow/Filme.java | src/filmnow/FilmNow.java | src/filmnow/MainFilmNow.java | src/filmnow/LeitorFilmNow.java | testes/FilmeTest.java | testes/FilmNowTest.java | src/filmnow/FilmNow.java: atributo HotList e métodos relacionados | src/filmnow/MainFilmNow.java: adicionaFilme(FilmNow,Scanner) | src/filmnow/FilmNow.java: cadastraFilme(int,String,String,String) | src/filmnow/Filme.java: Javadocs dos construtores e getLocal | src/filmnow/FilmNow.java: Javadocs de cadastro e HotList",
S67,official_sample,redacted,llm,basic_functionality,Basic Functionality,7,10,"A submissão implementa a maior parte do fluxo obrigatório: cadastro em posições 1 a 100, sobrescrita, validações de nome/local, ano vazio, listagem pela interface, detalhamento e operações principais da HotList. As perdas vêm de falhas funcionais localizadas, mas relevantes, especialmente no detalhamento de posição válida vazia, na substituição dentro da HotList e na duplicidade de filmes sem ano.","src/filmnow/FilmNow.java: atributos `filmes`, `hotList`, constantes `TAMANHO` e `TAMANHOHOTLIST` | src/filmnow/FilmNow.java: métodos `cadastraFilme`, `detalhaFilme`, `cadastraHot`, `removeHot` | src/filmnow/MainFilmNow.java: métodos `mostrarFilmes`, `mostrarHotList`, `adicionaHot`, `removerHot` | src/filmnow/Filme.java: métodos `equals`, `toString`, `setHot`, `getHot` | src/filmnow/FilmNow.java: método `detalhaFilme(int filmeIndex)` | testes/filmnow/FilmNowTest.java: `testaDetalharFilmePosicaoInvalida` espera inválido para posição 100 vazia | src/filmnow/FilmNow.java: método `cadastraHot(int posicaoFilme, int posicaoHot)` | src/filmnow/FilmNow.java: método `ehHot(int posicaoFilme)` | src/filmnow/Filme.java: método `equals(Object o)` | src/filmnow/FilmNow.java: método `cadastraFilme`, trecho `if (ano.isBlank()) ano = null` | src/filmnow/FilmNow.java: método `jaExisteFilme(String nome, String ano)`",
S67,official_sample,redacted,llm,unit_tests,Unit Tests,8,10,"Há uma suíte JUnit real e relativamente ampla para `Filme` e `FilmNow`, com asserts relevantes para igualdade, `toString`, cadastro, limites de posição, entradas inválidas, detalhamento e HotList. A cobertura, porém, deixa de capturar alguns comportamentos obrigatórios importantes e em um caso codifica um comportamento contrário ao enunciado.",testes/filmnow/FilmeTest.java | testes/filmnow/FilmNowTest.java | testes/filmnow/FilmNowTest.java: `testaDetalharFilmePosicaoInvalida` | testes/filmnow/FilmNowTest.java: bloco de testes de HotList | testes/filmnow/FilmNowTest.java: testes de cadastro e duplicidade,
S67,official_sample,redacted,llm,class_design,Class Design,8.5,10,"A modelagem central está bem presente: existe uma classe `Filme` com atributos e identidade próprios, e `FilmNow` atua como gerenciador do acervo e da HotList. As perdas são de refinamento de modelagem, principalmente a inconsistência do ano opcional na igualdade e a duplicação do estado hot.","src/filmnow/Filme.java | src/filmnow/FilmNow.java | src/filmnow/Filme.java: atributos `ano`, construtores e método `equals` | src/filmnow/FilmNow.java: `cadastraFilme` converte ano em branco para `null` | src/filmnow/Filme.java: atributo `hot` e métodos `setHot`, `getHot` | src/filmnow/FilmNow.java: atributos `filmes`, `hotList` e método `cadastraHot`",
S67,official_sample,redacted,llm,object_references,Object References and Composition,9,10,"Há evidência clara de composição: `FilmNow` armazena objetos `Filme`, cria instâncias no cadastro e a HotList reutiliza referências aos mesmos filmes do acervo. A principal perda é uma inconsistência localizada na manutenção do estado das referências da HotList.","src/filmnow/FilmNow.java: atributos `private Filme[] filmes` e `private Filme[] hotList` | src/filmnow/FilmNow.java: métodos `cadastraFilme`, `cadastraHot`, `removeHot` | src/filmnow/Filme.java: métodos `setHot` e `getHot` | src/filmnow/FilmNow.java: método `cadastraHot(int posicaoFilme, int posicaoHot)` | src/filmnow/FilmNow.java: método `ehHot(int posicaoFilme)`",
S67,official_sample,redacted,llm,collections_and_arrays,Collections and Arrays,9,10,"Os arrays são usados de forma adequada para representar o acervo de 100 posições e a HotList de 10 posições, com normalização de índice e percursos para busca e exibição. A perda é uma falha de sincronização localizada entre o array da HotList e o estado dos filmes quando há substituição em posição ocupada.","src/filmnow/FilmNow.java: constantes `TAMANHO` e `TAMANHOHOTLIST` | src/filmnow/FilmNow.java: métodos `posicaoValida`, `posicaoValidaHot`, `jaExisteFilme`, `procuraPosicaoHot` | src/filmnow/MainFilmNow.java: métodos `mostrarFilmes` e `mostrarHotList` | src/filmnow/FilmNow.java: método `cadastraHot` | src/filmnow/FilmNow.java: array `hotList` e atributo `hot` de `Filme`",
S67,official_sample,redacted,llm,separation_of_concerns,Separation of Concerns,7.5,10,"Existe separação real entre interface, leitor de CSV, classe de domínio e gerenciador. Ainda assim, parte da lógica de listagem e exibição da HotList fica na `Main`, que precisa conhecer e percorrer os arrays internos, reduzindo a separação entre apresentação e regras do sistema.","src/filmnow/MainFilmNow.java | src/filmnow/FilmNow.java | src/filmnow/Filme.java | src/filmnow/LeitorFilmNow.java | src/filmnow/MainFilmNow.java: métodos `mostrarFilmes`, `mostrarHotList` e `formataFilme` | src/filmnow/FilmNow.java: métodos `getFilmes` e `getHotList`",
S67,official_sample,redacted,llm,readability_and_documentation,Readability and Documentation,9,10,"O código é, em geral, legível, com nomes compreensíveis, métodos pequenos e comentários/Javadocs que ajudam a entender a intenção. A perda é pequena e relacionada a inconsistências de acabamento em nomes, comentários e documentação.",src/filmnow/Filme.java | src/filmnow/FilmNow.java | src/filmnow/MainFilmNow.java | src/filmnow/LeitorFilmNow.java | src/filmnow/Filme.java: comentário inicial `Rpresenta` e construtor `Constói` | src/filmnow/LeitorFilmNow.java: método `carregaContatos` | src/filmnow/MainFilmNow.java: comentário em `adicionaFilme`,
S68,official_sample,redacted,llm,basic_functionality,Basic Functionality,7,10,"A implementação cobre boa parte do domínio em FilmNow: cadastro com limites, duplicidade por nome e ano, detalhamento, ano vazio e uma HotList funcional em casos simples. A nota não é maior porque o fluxo textual da Main fica incompatível com esses métodos em operações centrais e a HotList não valida completamente a posição do filme de origem, podendo produzir comportamento incorreto ou exceções.",src/filmnow/FilmNow.java::cadastraFilme | src/filmnow/FilmNow.java::verificaFilme | src/filmnow/FilmNow.java::detalharFilme | src/filmnow/FilmNow.java::adicionarHot | src/filmnow/FilmNow.java::removerHot | src/filmnow/MainFilmNow.java::adicionaFilme | src/filmnow/MainFilmNow.java::mostrarFilmes | src/filmnow/MainFilmNow.java::detalharFilme | src/filmnow/MainFilmNow.java::formataFilme | src/filmnow/FilmNow.java::getFilme,
S68,official_sample,redacted,llm,unit_tests,Unit Tests,8,10,"Há testes JUnit reais e relevantes para Filme e FilmNow, cobrindo cadastro, duplicidade, limites, entradas inválidas, detalhamento e parte da HotList. A cobertura, porém, ainda deixa lacunas importantes em listagem, remoção/exibição da HotList e cenários inválidos da própria HotList.",testes/filmnow/FilmeTest.java | testes/filmnow/FilmNowTest.java::testAdicionarNovoFilmeEmPosicaoVazia | testes/filmnow/FilmNowTest.java::testAdicionarFilmeJaAdicionado | testes/filmnow/FilmNowTest.java::testAdicionarFilmeNaPosicaoLimite | testes/filmnow/FilmNowTest.java::testDetalharFilmeHotList | testes/filmnow/FilmNowTest.java | src/filmnow/FilmNow.java::adicionarHot | src/filmnow/FilmNow.java::removerHot | src/filmnow/FilmNow.java::exibirHotList | src/filmnow/FilmNow.java::mostrarFilmes | src/filmnow/MainFilmNow.java::mostrarFilmes | src/filmnow/MainFilmNow.java::detalharFilme,
S68,official_sample,redacted,llm,class_design,Class Design,8,10,"A solução demonstra entendimento da modelagem central ao criar Filme e FilmNow com papéis distintos, além de manter LeitorFilmNow e MainFilmNow. A classe Filme representa os dados e a igualdade, e FilmNow gerencia acervo e HotList. As perdas vêm de alguns acoplamentos e inconsistências de responsabilidade dentro das classes.",src/filmnow/Filme.java | src/filmnow/FilmNow.java | src/filmnow/LeitorFilmNow.java | src/filmnow/MainFilmNow.java | src/filmnow/Filme.java::posicao | src/filmnow/Filme.java::getPosicao | src/filmnow/Filme.java::Filme | src/filmnow/FilmNow.java::mostrarFilmes | src/filmnow/FilmNow.java::adicionarHot | src/filmnow/FilmNow.java::removerHot | src/filmnow/FilmNow.java::exibirHotList,
S68,official_sample,redacted,llm,object_references,Object References and Composition,8,10,"Há uso claro de composição: FilmNow armazena objetos Filme, cria novas instâncias no cadastro e a HotList guarda referências para filmes. Ainda há fragilidades de encapsulamento e de manutenção da coerência dessas referências em alguns cenários.",src/filmnow/FilmNow.java::filmes | src/filmnow/FilmNow.java::hotList | src/filmnow/FilmNow.java::cadastraFilme | src/filmnow/FilmNow.java::detalharFilme | src/filmnow/Filme.java::equals | src/filmnow/FilmNow.java::exibirHotList | src/filmnow/FilmNow.java::setFilmes,
S68,official_sample,redacted,llm,collections_and_arrays,Collections and Arrays,8,10,"A solução usa corretamente arrays de tamanho 100 para o acervo e 10 para a HotList, com conversão de posições de 1 a 100/10 para índices internos em vários métodos. Os principais descontos vêm de inconsistências de índice fora desses métodos e de validações incompletas no acesso aos arrays.",src/filmnow/FilmNow.java::FILMES | src/filmnow/FilmNow.java::HOTLIST | src/filmnow/FilmNow.java::filmes | src/filmnow/FilmNow.java::hotList | src/filmnow/FilmNow.java::cadastraFilme | src/filmnow/FilmNow.java::detalharFilme | src/filmnow/FilmNow.java::removerHot | src/filmnow/MainFilmNow.java::mostrarFilmes | src/filmnow/MainFilmNow.java::formataFilme | src/filmnow/MainFilmNow.java::detalharFilme | src/filmnow/FilmNow.java::getFilme | src/filmnow/FilmNow.java::adicionarHot,
S68,official_sample,redacted,llm,separation_of_concerns,Separation of Concerns,6,10,"Há separação inicial entre entidade, gerenciador, leitor CSV e interface, mas a divisão de responsabilidades é apenas parcial. FilmNow imprime diretamente em vários métodos de domínio, enquanto a Main também duplica ou contorna lógica que deveria ser centralizada no gerenciador.",src/filmnow/Filme.java | src/filmnow/FilmNow.java | src/filmnow/LeitorFilmNow.java | src/filmnow/MainFilmNow.java | src/filmnow/FilmNow.java::getFilme | src/filmnow/FilmNow.java::mostrarFilmes | src/filmnow/FilmNow.java::adicionarHot | src/filmnow/FilmNow.java::removerHot | src/filmnow/FilmNow.java::exibirHotList | src/filmnow/MainFilmNow.java::mostrarFilmes | src/filmnow/MainFilmNow.java::detalharFilme | src/filmnow/FilmNow.java::detalharFilme,
S68,official_sample,redacted,llm,readability_and_documentation,Readability and Documentation,8,10,"O código é em geral legível, com nomes compreensíveis, comentários e Javadocs em várias classes. A nota não é máxima por haver nomes e APIs inconsistentes que dificultam manutenção e por algumas duplicidades de formatação e mensagem.",src/filmnow/Filme.java | src/filmnow/FilmNow.java | src/filmnow/MainFilmNow.java | src/filmnow/LeitorFilmNow.java | testes/filmnow/FilmeTest.java | testes/filmnow/FilmNowTest.java | src/filmnow/LeitorFilmNow.java::carregaContatos | src/filmnow/FilmNow.java::verificaFilme | src/filmnow/Filme.java::toString | src/filmnow/FilmNow.java::detalharFilme | src/filmnow/FilmNow.java::mostrarFilmes | src/filmnow/MainFilmNow.java::formataFilme,
S69,official_sample,redacted,llm,basic_functionality,Basic Functionality,6.5,10,"A submissão implementa boa parte do fluxo obrigatório: cadastro com sobrescrita, verificação de duplicidade por nome e ano, listagem simples, detalhamento e uma HotList funcional em casos válidos. As maiores perdas vêm de falhas de validação e sincronização na HotList, além de alguns casos de fluxo normal que produzem resultado inadequado ou dependem de leitura de entrada incompatível.","src/filmnow/FilmNow.java::cadastraFilme(int,String,String,String) | src/filmnow/Filme.java::equals(Object) | src/filmnow/FilmNow.java::detalhando(int) | src/filmnow/FilmNow.java::adicionaNaHotList(int,int) | src/filmnow/FilmNow.java::removerHot(int) | src/filmnow/MainFilmNow.java::mostrarFilmes(FilmNow) | src/filmnow/MainFilmNow.java::mostrarHot(FilmNow) | src/filmnow/MainFilmNow.java::detalharFilme(FilmNow,Scanner) | src/filmnow/MainFilmNow.java::adicionaFilme(FilmNow,Scanner)",
S69,official_sample,redacted,llm,unit_tests,Unit Tests,6.5,10,"Há uma suíte JUnit real, com asserts relevantes para cadastro, limites de posição, duplicidade, campos vazios e detalhamento. A cobertura, porém, fica concentrada em FilmNow e deixa lacunas importantes em Filme e na HotList.","testes/filmnow/FilmNowTest.java::testaCadastraFilmeEmPosicaoVazia | testes/filmnow/FilmNowTest.java::testaPocicaoLimite | testes/filmnow/FilmNowTest.java::testaAcimaDaPocicaoLimite | testes/filmnow/FilmNowTest.java::testaFilmeSemAno | testes/filmnow/FilmNowTest.java::detalhaFilmeComTodosOsDados | testes/filmnow/FilmNowTest.java::detalhaFilmeHot | testes/filmnow/FilmNowTest.java | src/filmnow/Filme.java | src/filmnow/FilmNow.java::adicionaNaHotList(int,int) | src/filmnow/FilmNow.java::removerHot(int) | testes/filmnow/FilmNowTest.java::detalharPosicaoVazia | testes/filmnow/FilmNowTest.java::testaMesmoFilmeJaAdicionadoNoSistemaEmOutraPosicao | src/filmnow/MainFilmNow.java::mostrarFilmes(FilmNow)",
S69,official_sample,redacted,llm,class_design,Class Design,8,10,"A solução demonstra entendimento claro das classes centrais: Filme foi criado como entidade do domínio e FilmNow como gerenciador do acervo e da HotList. As perdas são por contratos de classe e modelagem ainda pouco polidos, não por ausência da estrutura principal.","src/filmnow/Filme.java | src/filmnow/FilmNow.java | src/filmnow/LeitorFilmNow.java | src/filmnow/MainFilmNow.java | src/filmnow/Filme.java::equals(Object) | src/filmnow/Filme.java::hashCode() | src/filmnow/FilmNow.java::getFilme(int) | src/filmnow/FilmNow.java::adicionaNaHotList(int,int) | src/filmnow/FilmNow.java::removerHot(int) | src/filmnow/Filme.java::setHot(boolean)",
S69,official_sample,redacted,llm,object_references,Object References and Composition,7.5,10,A composição principal está presente: FilmNow armazena objetos Filme e a HotList reutiliza referências para esses objetos. A solução perde pontos porque algumas manipulações de referência não são protegidas contra null/índices inválidos e porque a sincronização de estado entre o acervo e a HotList é incompleta.,"src/filmnow/FilmNow.java::filmes | src/filmnow/FilmNow.java::hotList | src/filmnow/FilmNow.java::cadastraFilme(int,String,String,String) | src/filmnow/FilmNow.java::adicionaNaHotList(int,int) | src/filmnow/FilmNow.java::detalhando(int) | src/filmnow/FilmNow.java::getFilme(int) | src/filmnow/FilmNow.java::getHotList() | src/filmnow/FilmNow.java::getFilmes() | src/filmnow/MainFilmNow.java::mostrarHot(FilmNow)",
S69,official_sample,redacted,llm,collections_and_arrays,Collections and Arrays,7,10,"A solução usa arrays com os tamanhos corretos para o acervo e a HotList e aplica a conversão de posições de usuário para índices na maior parte do cadastro. Os descontos refletem problemas de validação de índices, exposição de array interno e manutenção incompleta da HotList quando há substituições.","src/filmnow/FilmNow.java::TAMANHO | src/filmnow/FilmNow.java::TAMANHOHOT | src/filmnow/FilmNow.java::filmes | src/filmnow/FilmNow.java::hotList | src/filmnow/FilmNow.java::cadastraFilme(int,String,String,String) | src/filmnow/MainFilmNow.java::mostrarFilmes(FilmNow) | src/filmnow/MainFilmNow.java::mostrarHot(FilmNow) | src/filmnow/FilmNow.java::getFilme(int) | src/filmnow/FilmNow.java::adicionaNaHotList(int,int) | src/filmnow/FilmNow.java::removerHot(int) | src/filmnow/Filme.java::setHot(boolean) | src/filmnow/FilmNow.java::getHotList() | src/filmnow/FilmNow.java::getFilmes()",
S69,official_sample,redacted,llm,separation_of_concerns,Separation of Concerns,8,10,"A solução separa razoavelmente a interface textual, a leitura de arquivos, a entidade Filme e o gerenciador FilmNow. As regras principais de cadastro e HotList ficam em FilmNow. As perdas são por acoplamento da Main às estruturas internas e por algumas responsabilidades de apresentação/consulta ficarem distribuídas de modo pouco encapsulado.","src/filmnow/MainFilmNow.java | src/filmnow/FilmNow.java | src/filmnow/Filme.java | src/filmnow/LeitorFilmNow.java | src/filmnow/MainFilmNow.java::mostrarFilmes(FilmNow) | src/filmnow/MainFilmNow.java::mostrarHot(FilmNow) | src/filmnow/FilmNow.java::getFilmes() | src/filmnow/FilmNow.java::getHotList() | src/filmnow/FilmNow.java::removerHot(int) | src/filmnow/MainFilmNow.java::removeHot(FilmNow,Scanner)",
S69,official_sample,redacted,llm,readability_and_documentation,Readability and Documentation,8.5,10,"O código é majoritariamente legível, com nomes em português, constantes para tamanhos e comentários/Javadocs em várias classes e métodos. As perdas são pequenas e ligadas a inconsistências de nomenclatura, documentação imprecisa e alguns detalhes que dificultam manutenção.","src/filmnow/Filme.java | src/filmnow/FilmNow.java | src/filmnow/MainFilmNow.java | src/filmnow/LeitorFilmNow.java | testes/filmnow/FilmNowTest.java | src/filmnow/LeitorFilmNow.java::carregaContatos(String,FilmNow) | src/filmnow/FilmNow.java::detalhando(int) | testes/filmnow/FilmNowTest.java::testaPocicaoLimite | src/filmnow/FilmNow.java::getFilme(int) | src/filmnow/FilmNow.java::getHotList()",
S70,official_sample,redacted,llm,basic_functionality,Basic Functionality,8.5,10,"A submissão implementa o fluxo obrigatório principal com boa cobertura funcional: cadastro em posições 1 a 100, sobrescrita, rejeição de duplicidade por nome e ano, detalhamento, ano vazio, e operações essenciais de HotList. As perdas são localizadas, principalmente na exibição da HotList e em uma prioridade de validação em casos combinados de erro.",src/filmnow/FilmNow.java::cadastraFilme | src/filmnow/FilmNow.java::detalharFilme | src/filmnow/FilmNow.java::adicionaHot | src/filmnow/FilmNow.java::removeHot | src/filmnow/Filme.java::equals | src/filmnow/Filme.java::toString | src/filmnow/MainFilmNow.java::mostrarFilmes | src/filmnow/MainFilmNow.java::exibirHotList,
S70,official_sample,redacted,llm,unit_tests,Unit Tests,8.5,10,"Há uma suíte JUnit substancial para Filme e FilmNow, com asserts relevantes cobrindo cadastro, duplicidade, limites, detalhamento, ano vazio, igualdade e várias operações da HotList. A nota não é máxima porque alguns cenários obrigatórios de HotList e verificação de estado após operações ainda não são testados.",testes/filmnow/filmeTest.java | testes/filmnow/filmNowTest.java::testCadastraFilmePosicaoVazia | testes/filmnow/filmNowTest.java::testCadastraFilmeJáExistente | testes/filmnow/filmNowTest.java::testDetalharFilmeHotList | testes/filmnow/filmNowTest.java::testAdicionaHotFilmeExistenteNaHotlist | testes/filmnow/filmNowTest.java::testRemoveHot | testes/filmnow/filmNowTest.java | testes/filmnow/filmNowTest.java::testGetHotList,
S70,official_sample,redacted,llm,class_design,Class Design,9,10,"A modelagem central está bem resolvida para o escopo do laboratório: Filme e FilmNow existem com responsabilidades distintas, Filme encapsula os dados básicos e FilmNow gerencia o acervo e a HotList. A perda é pequena e ligada ao refinamento da modelagem do estado hot.",src/filmnow/Filme.java | src/filmnow/Filme.java::equals | src/filmnow/Filme.java::hashCode | src/filmnow/Filme.java::toString | src/filmnow/FilmNow.java | src/filmnow/Filme.java::hot | src/filmnow/Filme.java::getHot | src/filmnow/Filme.java::setHot | src/filmnow/FilmNow.java::adicionaHot | src/filmnow/FilmNow.java::removeHot,
S70,official_sample,redacted,llm,object_references,Object References and Composition,9,10,"Há bom uso de composição: FilmNow armazena objetos Filme, cria instâncias no cadastro e usa as mesmas referências na HotList para refletir o status hot. A principal limitação é de encapsulamento das referências retornadas para fora do gerenciador.",src/filmnow/FilmNow.java::filmes | src/filmnow/FilmNow.java::filmesHots | src/filmnow/FilmNow.java::cadastraFilme | src/filmnow/FilmNow.java::verificaExistenciaFilme | src/filmnow/FilmNow.java::existeNaHotList | src/filmnow/FilmNow.java::adicionaHot | src/filmnow/FilmNow.java::getFilmes | src/filmnow/FilmNow.java::getHotList | src/filmnow/Filme.java::setNome | src/filmnow/Filme.java::setAno | src/filmnow/Filme.java::setLocal | src/filmnow/Filme.java::setHot,
S70,official_sample,redacted,llm,collections_and_arrays,Collections and Arrays,10,10,"O uso de arrays atende plenamente ao escopo obrigatório: há um array de 100 posições para o acervo, um array de 10 posições para a HotList e conversão consistente entre posições de usuário e índices internos. As estruturas sustentam cadastro, detalhamento, duplicidade e HotList.",src/filmnow/FilmNow.java::TAMANHO | src/filmnow/FilmNow.java::TAMANHOHOT | src/filmnow/FilmNow.java::filmes | src/filmnow/FilmNow.java::filmesHots | src/filmnow/FilmNow.java::cadastraFilme | src/filmnow/FilmNow.java::adicionaHot | src/filmnow/FilmNow.java::removeHot,
S70,official_sample,redacted,llm,separation_of_concerns,Separation of Concerns,8,10,"A solução separa razoavelmente interface e lógica: FilmNow não lê Scanner nem imprime diretamente, enquanto MainFilmNow cuida do menu. Ainda assim, parte da lógica de listagem e exibição depende de a interface conhecer e percorrer os arrays internos de domínio, o que reduz a separação ideal.",src/filmnow/MainFilmNow.java | src/filmnow/FilmNow.java | src/filmnow/LeitorFilmNow.java | src/filmnow/MainFilmNow.java::comando | src/filmnow/MainFilmNow.java::adicionaFilme | src/filmnow/LeitorFilmNow.java::processaLinhaCsvFilmes | src/filmnow/MainFilmNow.java::mostrarFilmes | src/filmnow/MainFilmNow.java::exibirHotList | src/filmnow/MainFilmNow.java::formataFilme | src/filmnow/FilmNow.java::getFilmes | src/filmnow/FilmNow.java::getHotList,
S70,official_sample,redacted,llm,readability_and_documentation,Readability and Documentation,9,10,"O código é legível, usa nomes compreensíveis e contém Javadocs úteis nas classes e métodos principais. As perdas são pequenas, relacionadas a inconsistências de nomenclatura/documentação e alguns detalhes de clareza interna.",src/filmnow/Filme.java | src/filmnow/FilmNow.java | src/filmnow/MainFilmNow.java | src/filmnow/LeitorFilmNow.java | testes/filmnow/filmeTest.java | testes/filmnow/filmNowTest.java | src/filmnow/LeitorFilmNow.java::carregaContatos | src/filmnow/Filme.java::comentários de classe e construtor | src/filmnow/FilmNow.java::cadastraFilme | src/filmnow/FilmNow.java::adicionaHot | src/filmnow/FilmNow.java::removeHot,
S71,official_sample,redacted,llm,basic_functionality,Basic Functionality,6.5,10,"A submissão implementa boa parte do fluxo principal de cadastro, verificação de duplicidade, detalhamento e HotList, mas há falhas funcionais relevantes em posições-limite e nas regras obrigatórias da HotList. O acervo funciona para muitos casos comuns, porém o tratamento de posições 1..100 e 1..10 não fecha corretamente de ponta a ponta.",src/filmnow/FilmNow.java::cadastraFilme | src/filmnow/FilmNow.java::verificaFilme | src/filmnow/FilmNow.java::detalhaFilme | src/filmnow/FilmNow.java::cadastraFilmeHotList | src/filmnow/FilmNow.java::removeHotList | src/filmnow/Filme.java::equals | src/filmnow/Filme.java::toString | src/filmnow/FilmNow.java::getFilme | src/filmnow/FilmNow.java::verificaFilmeHot | src/filmnow/MainFilmNow.java::atribuirHot | src/filmnow/MainFilmNow.java::removerHot | src/filmnow/LeitorFilmNow.java::processaLinhaCsvFilmes | src/filmnow/MainFilmNow.java::adicionaFilme,
S71,official_sample,redacted,llm,unit_tests,Unit Tests,7,10,"Há uma suíte JUnit real com muitos asserts relevantes para Filme e FilmNow, cobrindo igualdade, hashCode, cadastro, duplicidade, detalhamento e alguns cenários de HotList. A cobertura, porém, não captura falhas importantes de fluxo completo, limites reais de array e mensagens/validações obrigatórias da HotList.",testes/FilmeTest.java::testEquals | testes/FilmeTest.java::testEqualsLocal | testes/FilmeTest.java::testHashcode | testes/FilmNowTest.java::testJaAdicionado | testes/FilmNowTest.java::testAcimaLimite | testes/FilmNowTest.java::testDetalha | testes/FilmNowTest.java::testDetalhaHot | testes/FilmNowTest.java::testRemoverHot | testes/FilmNowTest.java::testHotExistente | testes/FilmNowTest.java::testPosicaoLimite | src/filmnow/FilmNow.java::cadastraFilme | testes/FilmNowTest.java::testAtribuirHot | src/filmnow/MainFilmNow.java::atribuirHot | src/filmnow/FilmNow.java::removeHotList | src/filmnow/MainFilmNow.java::mostrarFilmes | testes/FilmNowTest.java,
S71,official_sample,redacted,llm,class_design,Class Design,8,10,"A modelagem central está bem encaminhada: há classe Filme com atributos do domínio e classe FilmNow como gerenciadora do acervo e da HotList. As responsabilidades principais aparecem, mas algumas decisões deixam o modelo menos coeso e mais vulnerável a estados inválidos.",src/filmnow/Filme.java | src/filmnow/Filme.java::equals | src/filmnow/Filme.java::hashCode | src/filmnow/Filme.java::toString | src/filmnow/FilmNow.java | src/filmnow/FilmNow.java::cadastraFilme | src/filmnow/FilmNow.java::verificaFilme | src/filmnow/FilmNow.java::getFilmes | src/filmnow/FilmNow.java::getHotList | src/filmnow/Filme.java::setNome | src/filmnow/Filme.java::setAno | src/filmnow/Filme.java::setLocal | src/filmnow/Filme.java::nomeAno,
S71,official_sample,redacted,llm,object_references,Object References and Composition,8,10,"Há evidência clara de composição: FilmNow armazena objetos Filme e a HotList guarda referências aos mesmos objetos, permitindo que o estado hot apareça no detalhamento. As perdas vêm principalmente de exposição de referências internas e de tratamento inseguro de referências nulas.",src/filmnow/FilmNow.java::filme | src/filmnow/FilmNow.java::hotList | src/filmnow/FilmNow.java::cadastraFilme | src/filmnow/FilmNow.java::cadastraFilmeHotList | src/filmnow/FilmNow.java::detalhaFilme | src/filmnow/Filme.java::setHot | src/filmnow/FilmNow.java::getFilmes | src/filmnow/FilmNow.java::getHotList | src/filmnow/FilmNow.java::verificaFilmeHot | src/filmnow/FilmNow.java::removeHotList | src/filmnow/MainFilmNow.java::atribuirHot,
S71,official_sample,redacted,llm,collections_and_arrays,Collections and Arrays,7,10,"A solução usa arrays com os tamanhos esperados para acervo e HotList e os percorre para verificar duplicidade e listar dados. Entretanto, a conversão entre posições públicas e índices internos está inconsistente, afetando exatamente os valores-limite exigidos pelo laboratório.",src/filmnow/FilmNow.java::TAMANHO | src/filmnow/FilmNow.java::TAMANHOHOTLIST | src/filmnow/FilmNow.java::filme | src/filmnow/FilmNow.java::hotList | src/filmnow/FilmNow.java::verificaFilme | src/filmnow/MainFilmNow.java::mostrarFilmes | src/filmnow/MainFilmNow.java::exibirHotList | src/filmnow/FilmNow.java::cadastraFilme | src/filmnow/FilmNow.java::getFilme | src/filmnow/FilmNow.java::cadastraFilmeHotList | src/filmnow/FilmNow.java::getFilmeHotList | src/filmnow/FilmNow.java::removeHotList | src/filmnow/FilmNow.java::getFilmes | src/filmnow/FilmNow.java::getHotList,
S71,official_sample,redacted,llm,separation_of_concerns,Separation of Concerns,7,10,"Existe separação básica entre interface textual, classe de domínio Filme, gerenciador FilmNow e leitor CSV. Porém, algumas operações de negócio ficam fragmentadas entre a Main e FilmNow, de modo que o comportamento correto depende de uma sequência externa de chamadas.",src/filmnow/MainFilmNow.java | src/filmnow/FilmNow.java | src/filmnow/Filme.java | src/filmnow/LeitorFilmNow.java | src/filmnow/MainFilmNow.java::adicionaFilme | src/filmnow/FilmNow.java::verificaFilme | src/filmnow/FilmNow.java::cadastraFilme | src/filmnow/MainFilmNow.java::atribuirHot | src/filmnow/MainFilmNow.java::removerHot | src/filmnow/FilmNow.java::verificaFilmeHot | src/filmnow/FilmNow.java::cadastraFilmeHotList | src/filmnow/FilmNow.java::removeHotList | src/filmnow/LeitorFilmNow.java::processaLinhaCsvFilmes,
S71,official_sample,redacted,llm,readability_and_documentation,Readability and Documentation,8.5,10,"O código é em geral legível, com nomes compreensíveis e comentários/Javadocs em várias classes e métodos. As perdas são de acabamento: alguns comentários imprecisos, inconsistências de nomenclatura e pequenos trechos que dificultam a leitura ou manutenção.",src/filmnow/Filme.java | src/filmnow/FilmNow.java | src/filmnow/MainFilmNow.java::comando | src/filmnow/MainFilmNow.java::adicionaFilme | src/filmnow/MainFilmNow.java::exibirHotList | src/filmnow/FilmNow.java::TAMANHOHOTLIST | src/filmnow/FilmNow.java::hotList | src/filmnow/FilmNow.java::filme | src/filmnow/FilmNow.java::cadastraFilmeHotList | src/filmnow/FilmNow.java::removeHotList | src/filmnow/Filme.java::nomeAno,
S72,official_sample,redacted,llm,basic_functionality,Basic Functionality,7,10,"A submissão implementa o fluxo principal de cadastro, sobrescrita, listagem, detalhamento e parte substancial da HotList. Há validações importantes para cadastro e detalhamento, inclusive posição inválida, nome/local vazios e ano vazio. As perdas principais vêm da duplicidade depender de uma igualdade incorreta de ano e da HotList não tratar posições inválidas ou referências nulas, podendo lançar exceções no fluxo obrigatório.",src/filmnow/FilmNow.java::cadastraFilme | src/filmnow/FilmNow.java::detalhaFilme | src/filmnow/FilmNow.java::adicionaHot | src/filmnow/FilmNow.java::removeHot | src/filmnow/MainFilmNow.java::mostrarFilmes | src/filmnow/MainFilmNow.java::exibirHot | src/filmnow/Filme.java::toString | src/filmnow/Filme.java::equals | src/filmnow/FilmNow.java::checaIgual,
S72,official_sample,redacted,llm,unit_tests,Unit Tests,7,10,"Há uma suíte JUnit real com asserts relevantes para Filme e FilmNow, cobrindo cadastro, alguns limites, duplicidade simples, ano vazio e detalhamento. A cobertura, porém, fica incompleta para HotList e não detecta problemas importantes de igualdade e referências.",testes/filmnow/FilmeTest.java | testes/filmnow/FilmNowTest.java::testCadastraFilmePadrao | testes/filmnow/FilmNowTest.java::testCadastraFilmeJaCadastrado | testes/filmnow/FilmNowTest.java::testDetalhaFilmeHotlist | testes/filmnow/FilmNowTest.java::testDetalhaFilmePosicaoInvalidaAcima | src/filmnow/FilmNow.java::adicionaHot | src/filmnow/FilmNow.java::removeHot | src/filmnow/Filme.java::equals,
S72,official_sample,redacted,llm,class_design,Class Design,8.5,10,"A solução demonstra boa modelagem inicial: Filme e FilmNow existem com responsabilidades distintas, atributos relevantes e métodos coerentes com o domínio. A principal perda é que a igualdade de Filme, requisito explícito da classe, não está corretamente implementada para o ano.",src/filmnow/Filme.java | src/filmnow/FilmNow.java | src/filmnow/Filme.java::toString | src/filmnow/FilmNow.java::cadastraFilme | src/filmnow/FilmNow.java::detalhaFilme | src/filmnow/Filme.java::equals | src/filmnow/Filme.java::hashCode,
S72,official_sample,redacted,llm,object_references,Object References and Composition,8.5,10,"A composição principal foi bem compreendida: FilmNow armazena objetos Filme e a HotList reutiliza referências para os mesmos objetos, permitindo marcar o detalhamento como hot. O desconto reflete fragilidade no controle dessas referências em operações de HotList, especialmente sem checagens de nulo e limite.",src/filmnow/FilmNow.java::filmes | src/filmnow/FilmNow.java::hotlist | src/filmnow/FilmNow.java::cadastraFilme | src/filmnow/FilmNow.java::adicionaHot | src/filmnow/FilmNow.java::detalhaFilme | src/filmnow/Filme.java::adicionadoHotlist | src/filmnow/FilmNow.java::removeHot,
S72,official_sample,redacted,llm,collections_and_arrays,Collections and Arrays,8,10,"A solução usa arrays de tamanho fixo adequados ao enunciado para o acervo e a HotList, com conversão consistente de posições 1-based para índices 0-based em vários métodos. A nota não é máxima porque a validação de índices é parcial e falha justamente em operações da HotList.",src/filmnow/FilmNow.java::TAMANHO | src/filmnow/FilmNow.java::TAMANHOHOTLIST | src/filmnow/FilmNow.java::filmes | src/filmnow/FilmNow.java::hotlist | src/filmnow/FilmNow.java::getFilmes | src/filmnow/FilmNow.java::getHot | src/filmnow/MainFilmNow.java::mostrarFilmes | src/filmnow/MainFilmNow.java::exibirHot | src/filmnow/FilmNow.java::adicionaHot | src/filmnow/FilmNow.java::removeHot | src/filmnow/FilmNow.java::getFilme | src/filmnow/FilmNow.java::existeFilme,
S72,official_sample,redacted,llm,separation_of_concerns,Separation of Concerns,8.5,10,"A separação geral é boa para o nível do laboratório: Main cuida da interação, FilmNow concentra regras principais e Filme representa a entidade. A perda vem do fato de a interface conhecer e percorrer diretamente os arrays retornados pelo sistema para montar listagens, reduzindo um pouco o encapsulamento das funcionalidades do domínio.",src/filmnow/MainFilmNow.java::comando | src/filmnow/MainFilmNow.java::adicionaFilme | src/filmnow/MainFilmNow.java::detalharFilme | src/filmnow/FilmNow.java::cadastraFilme | src/filmnow/FilmNow.java::detalhaFilme | src/filmnow/LeitorFilmNow.java | src/filmnow/MainFilmNow.java::mostrarFilmes | src/filmnow/MainFilmNow.java::exibirHot | src/filmnow/FilmNow.java::getFilmes | src/filmnow/FilmNow.java::getHot,
S72,official_sample,redacted,llm,readability_and_documentation,Readability and Documentation,8.5,10,"O código é majoritariamente legível, com nomes compreensíveis, comentários e Javadocs em boa parte das classes e métodos. Os descontos são de acabamento: alguns métodos têm aninhamento excessivo e há nomes/comentários herdados ou imprecisos que dificultam um pouco a manutenção.",src/filmnow/Filme.java | src/filmnow/FilmNow.java | src/filmnow/MainFilmNow.java | src/filmnow/LeitorFilmNow.java | src/filmnow/FilmNow.java::cadastraFilme | src/filmnow/LeitorFilmNow.java::carregaContatos | src/filmnow/MainFilmNow.java::detalharFilme,
S73,official_sample,redacted,llm,basic_functionality,Basic Functionality,4,10,"Há implementação parcial de cadastro, sobrescrita, listagem simples, detalhamento e algumas operações de HotList, mas o fluxo obrigatório fica bastante inconsistente em posições, ano vazio, regras da HotList e validações centrais. O sistema funciona em alguns caminhos normais, porém várias regras especificadas não fecham de ponta a ponta.","src/filmnow/FilmNow.java: métodos cadastraFilme, getFilme, getNomes, existeFilme, cadastraHot, removeHot, detalharFilmeIsHot | src/filmnow/MainFilmNow.java: métodos adicionaFilme, mostrarFilmes, detalharFilme, exibirHot, atribuirHot, removerHot | teste/FilmNowTest.java: testes de cadastro, sobrescrita, detalhamento e HotList | MainFilmNow.adicionaFilme: verifica apenas posicao >= 100 | FilmNow.cadastraFilme: aceita apenas 0 <= posicao < 100 | FilmNow.detalharFilmeIsHot: mistura limites 0, 100 e 101 | MainFilmNow.detalharFilme: imprime posição inválida quando detalhes é null | FilmNow.cadastraFilme: grava nome, ano e local sem validar duplicidade ou campos vazios | MainFilmNow.adicionaFilme: usa Integer.parseInt(ano) | LeitorFilmNow.processaLinhaCsvFilmes: usa Integer.parseInt(ano) | FilmNow.hotList: declarada com TAMANHO_LISTA em vez de 10 | FilmNow.cadastraHot: aceita 0 <= posicaoHot < 100 e não verifica duplicidade | MainFilmNow.atribuirHot: rejeita apenas posicao >= 100 | FilmNow.removeHot: faz hotList[posicaoHot] = null, enquanto getNomesHot acessa hotList[i][0]",
S73,official_sample,redacted,llm,unit_tests,Unit Tests,4,10,"Há uma classe de testes JUnit com vários asserts reais cobrindo cadastro, sobrescrita, alguns limites, detalhamento e indicação de HotList. Entretanto, os testes não cobrem a classe Filme, não validam várias regras obrigatórias e alguns testes esperam comportamentos contrários ao enunciado, como aceitar duplicados e campos vazios.","teste/FilmNowTest.java: testAdicionarPosicaoVazia, testAdicionarPosicaoExistente, testAdicionarPosicaoLimite, testDetalharTodosDados, testDetalharFilmeHotList | teste/FilmNowTest.java: testa apenas filmnow.FilmNow | src/filmnow: ausência de Filme.java | FilmNowTest.testAdicionarAdicionado | FilmNowTest.testAdicionarMesmoNomeAnoLocal | FilmNowTest.testAdicionarLocalVazio | FilmNowTest.testAdicionarNomeVazio | FilmNowTest.testAdicionarAnoVazio | FilmNowTest.testDetalharFilmeHotList | Ausência de testes para FilmNow.removeHot, getNomesHot após remoção e duplicidade em cadastraHot",
S73,official_sample,redacted,llm,class_design,Class Design,3,10,"A submissão evolui a classe FilmNow com algum estado e métodos do domínio, mas não cria a classe Filme nem equivalente orientado a objetos. A modelagem central do laboratório fica substituída por matrizes de String, sem encapsular nome, ano, local, igualdade e representações no objeto Filme.",src/filmnow/FilmNow.java | src/filmnow/MainFilmNow.java | src/filmnow/LeitorFilmNow.java | src/filmnow: ausência de Filme.java | FilmNow.java: atributos String[][] filmes e String[][] hotList | FilmNow.getFilme | FilmNow.detalharFilmeIsHot | FilmNow.existeFilme,
S73,official_sample,redacted,llm,object_references,Object References and Composition,2,10,"A composição esperada entre FilmNow e Filme praticamente não aparece. A solução usa matrizes de String em vez de referências a objetos Filme, e a HotList guarda referências a linhas de array, não objetos de domínio encapsulados.",MainFilmNow.main | LeitorFilmNow.processaLinhaCsvFilmes | FilmNow.cadastraHot | FilmNow.java: private String[][] filmes | FilmNow.java: private String[][] hotList | Ausência de Filme.java | FilmNow.cadastraHot: hotList[posicaoHot] = filmes[posicaoFilme] | FilmNow.getHotList: retorna hotList diretamente,
S73,official_sample,redacted,llm,collections_and_arrays,Collections and Arrays,5,10,"A submissão usa arrays/matrizes para armazenar o acervo e a HotList e consegue sustentar alguns caminhos de cadastro, listagem e detalhamento. Porém, a estrutura escolhida apresenta erros relevantes de tamanho da HotList, limites de posição, nulidade após remoção e exposição direta da representação interna.",FilmNow.java: atributos filmes e hotList | FilmNow.getNomes | FilmNow.getNomesHot | FilmNow.getAnoHot | FilmNow.cadastraFilme | FilmNow.java: private String[][] hotList = new String[TAMANHO_LISTA][TAMANHO_COLUNA] | FilmNow.cadastraHot | MainFilmNow.atribuirHot | FilmNow.getFilme | MainFilmNow.adicionaFilme | MainFilmNow.formataFilme | FilmNow.removeHot | FilmNow.getHotList,
S73,official_sample,redacted,llm,separation_of_concerns,Separation of Concerns,4,10,"Existe alguma separação entre interface textual, leitura de CSV e classe do sistema, mas muitas regras de negócio ficam na Main e parte da apresentação fica em FilmNow. A divisão de responsabilidades é apenas parcial e dificulta testar o comportamento obrigatório diretamente no modelo.","src/filmnow/MainFilmNow.java | src/filmnow/LeitorFilmNow.java | src/filmnow/FilmNow.java | MainFilmNow.adicionaFilme | MainFilmNow.atribuirHot | FilmNow.cadastraFilme | FilmNow.removeHot: System.out.println(""FILME INVALIDO"") | FilmNow.detalharFilmeIsHot | FilmNow.getFilme | MainFilmNow.mostrarFilmes | MainFilmNow.exibirHot | FilmNow.getNomes | FilmNow.getNomesHot | FilmNow.getAnoHot",
S73,official_sample,redacted,llm,readability_and_documentation,Readability and Documentation,6.5,10,"O código é em geral compreensível, com nomes de métodos em português e comentários/Javadocs em várias partes. A legibilidade, porém, é prejudicada pelo uso de matrizes com colunas implícitas, por nomes/documentação inconsistentes e por fluxos de validação difíceis de acompanhar.","FilmNow.java: comentários e métodos públicos | MainFilmNow.java: menu e métodos auxiliares | LeitorFilmNow.java: documentação do carregamento CSV | FilmNow.java: acessos filmes[i][0], filmes[i][1], filmes[i][2] e hotList[i][0] | LeitorFilmNow.carregaContatos | Comentários de FilmNow.getFilme, cadastraHot e detalharFilmeIsHot | FilmNow.detalharFilmeIsHot | MainFilmNow.detalharFilme | MainFilmNow.adicionaFilme | FilmNow.removeHot",
S74,official_sample,redacted,llm,basic_functionality,Basic Functionality,7,10,"A submissão implementa boa parte do fluxo obrigatório: cadastro em posições 1 a 100, listagem, detalhamento de filmes ocupados e operações básicas de HotList. Entretanto, há falhas materiais em duplicidade por nome+ano, no tratamento de posição válida vazia ao detalhar e em casos de HotList, especialmente validação de posição do filme e mensagem de duplicidade.","submission/src/filmnow/FilmNow.java: atributos `filmes` e `hotList` | submission/src/filmnow/FilmNow.java: método `cadastraFilme(int, Filme)` | submission/src/filmnow/FilmNow.java: métodos `mostrarTodos()`, `detalharFilme(int)`, `adicionarHot(int, int)`, `exibirHotList()`, `removerHot(int)` | submission/src/filmnow/MainFilmNow.java: menu chama as operações principais | submission/src/filmnow/Filme.java: métodos `equals(Object)` e `hashCode()` | submission/src/filmnow/FilmNow.java: laço de duplicidade em `cadastraFilme(int, Filme)` | submission/src/filmnow/FilmNow.java: método `detalharFilme(int)` | submission/src/filmnow/FilmNow.java: método `adicionarHot(int, int)`",
S74,official_sample,redacted,llm,unit_tests,Unit Tests,0,10,"Não há arquivos de teste JUnit fornecidos na submissão. Assim, não há evidência de testes da classe `Filme`, da classe `FilmNow`, nem de cobertura de cenários normais, alternativos ou limites.",Árvore da submissão: nenhum arquivo de teste listado | Metadados da submissão: `Test file count` igual a 0 | Árvore da submissão fornecida | Metadados da submissão: ausência de arquivos de teste,
S74,official_sample,redacted,llm,class_design,Class Design,8,10,"Há modelagem real além do starter: a classe `Filme` foi criada com atributos próprios, e `FilmNow` atua como gerenciador do acervo e da HotList. A separação conceitual principal está presente, mas a modelagem de igualdade de `Filme` não segue a regra central e a representação textual é pouco adequada ao domínio.","submission/src/filmnow/Filme.java: declaração da classe e atributos | submission/src/filmnow/FilmNow.java: declaração da classe e atributos `Filme[] filmes`, `Filme[] hotList` | submission/src/filmnow/MainFilmNow.java: criação de `new Filme(...)` | submission/src/filmnow/LeitorFilmNow.java: criação de `new Filme(...)` | submission/src/filmnow/Filme.java: métodos `equals(Object)` e `hashCode()` | submission/src/filmnow/Filme.java: método `toString()` | submission/src/filmnow/FilmNow.java: métodos `mostrarTodos()` e `detalharFilme(int)` usam `toString()` diretamente",
S74,official_sample,redacted,llm,object_references,Object References and Composition,8.5,10,"A composição principal foi implementada: `FilmNow` armazena referências para objetos `Filme`, e a HotList mantém referências para filmes já existentes no acervo. A perda principal é que a comparação entre objetos usa uma semântica de igualdade incorreta, o que limita a confiabilidade do uso dessas referências em duplicidade e HotList.","submission/src/filmnow/FilmNow.java: atributos `private Filme[] filmes` e `private Filme[] hotList` | submission/src/filmnow/FilmNow.java: método `adicionarHot(int, int)` | submission/src/filmnow/FilmNow.java: método `detalharFilme(int)` | submission/src/filmnow/MainFilmNow.java: método `adicionarFilme(Scanner, FilmNow)` | submission/src/filmnow/LeitorFilmNow.java: método `processaLinhaCsvFilmes(String[], FilmNow)` | submission/src/filmnow/Filme.java: método `equals(Object)` | submission/src/filmnow/FilmNow.java: comparações em `cadastraFilme(int, Filme)`, `detalharFilme(int)` e `adicionarHot(int, int)`",
S74,official_sample,redacted,llm,collections_and_arrays,Collections and Arrays,8,10,"Os arrays centrais foram usados de forma coerente para o acervo de 100 filmes e a HotList de 10 posições, com indexação ajustada para posições de usuário. Ainda assim, há fragilidades de tratamento de índices e de posições vazias que impedem nota máxima.","submission/src/filmnow/FilmNow.java: constantes `MAX_FILMES` e `MAX_HOTLIST` | submission/src/filmnow/FilmNow.java: construtor `FilmNow()` | submission/src/filmnow/FilmNow.java: métodos `cadastraFilme(int, Filme)`, `mostrarTodos()`, `adicionarHot(int, int)`, `exibirHotList()` | submission/src/filmnow/FilmNow.java: método `adicionarHot(int, int)` | submission/src/filmnow/FilmNow.java: método `detalharFilme(int)`",
S74,official_sample,redacted,llm,separation_of_concerns,Separation of Concerns,6.5,10,"Há alguma separação: `MainFilmNow` fica com menu, `LeitorFilmNow` com CSV e `FilmNow` com operações do sistema. Porém, `FilmNow` imprime diretamente no console e as fronteiras entre interface e domínio ficam misturadas, o que reduz a testabilidade e a clareza das responsabilidades.","submission/src/filmnow/MainFilmNow.java: método `main` e métodos auxiliares | submission/src/filmnow/LeitorFilmNow.java: método `carregaContatos(String, FilmNow)` | submission/src/filmnow/FilmNow.java: métodos de cadastro, listagem, detalhamento e HotList | submission/src/filmnow/FilmNow.java: métodos `cadastraFilme`, `mostrarTodos`, `detalharFilme`, `adicionarHot`, `exibirHotList`, `removerHot` | submission/src/filmnow/MainFilmNow.java: método `adicionarFilme(Scanner, FilmNow)` | submission/src/filmnow/LeitorFilmNow.java: método `processaLinhaCsvFilmes(String[], FilmNow)` | submission/src/filmnow/FilmNow.java: método `cadastraFilme(int, Filme)`",
S74,official_sample,redacted,llm,readability_and_documentation,Readability and Documentation,8,10,"O código é majoritariamente legível, com nomes compreensíveis e organização simples. As perdas são de acabamento: documentação pública incompleta e algumas representações/nomes herdados ou genéricos que reduzem a clareza, sem impedir a compreensão geral.","submission/src/filmnow/Filme.java | submission/src/filmnow/FilmNow.java | submission/src/filmnow/MainFilmNow.java | submission/src/filmnow/LeitorFilmNow.java | submission/src/filmnow/Filme.java: classe sem Javadoc detalhado | submission/src/filmnow/FilmNow.java: métodos públicos sem Javadoc específico | submission/src/filmnow/Filme.java: método `toString()` | submission/src/filmnow/LeitorFilmNow.java: método `carregaContatos(String, FilmNow)`",
S75,official_sample,redacted,llm,basic_functionality,Basic Functionality,7,10,"A submissão implementa uma parte substancial do fluxo obrigatório: cadastro em posições de 1 a 100, prevenção de duplicidade por nome e ano, detalhamento, listagem simples e HotList básica. As maiores perdas estão nos casos obrigatórios de HotList, em validações frágeis de entrada e em uma representação menos adequada quando o ano está vazio.",src/filmnow/FilmNow.java::FilmNow | src/filmnow/FilmNow.java::cadastraFilme | src/filmnow/FilmNow.java::getFilme | src/filmnow/FilmNow.java::getFilmes | src/filmnow/FilmNow.java::adicionaHot | src/filmnow/FilmNow.java::getHotList | src/filmnow/FilmNow.java::removerHot | src/filmnow/Filme.java::equals | src/filmnow/Filme.java::toString,
S75,official_sample,redacted,llm,unit_tests,Unit Tests,7,10,"Há uma quantidade relevante de testes JUnit com asserts para Filme e FilmNow, cobrindo cadastro, duplicidade, limites, detalhamento e alguns fluxos de HotList. A nota não é maior porque parte dos casos obrigatórios de HotList está ausente ou testada com expectativa incorreta, e alguns cenários importantes foram deixados comentados ou sem verificação.",testes/testes/filmeNowTest.java::testadicionaFilmeLocalExistente | testes/testes/filmeNowTest.java::testfilmeNoSistema | testes/testes/filmeNowTest.java::testtestadicionaFilmeNoLimiteMaior | testes/testes/filmeNowTest.java::testdetalharFilme | testes/testes/filmeNowTest.java::testDetalharFilmeHotList | testes/testes/filmeNowTest.java::testRemoverHotList | testes/testes/FilmeTest.java::testSaidaComTodosOsDados | testes/testes/FilmeTest.java::testComparandoFilmesIdenticos | testes/testes/filmeNowTest.java::testAdicionandoFilmePosicaoAcimaHotList | testes/testes/filmeNowTest.java::testAdicionandoFilmePosicaoAbaixoHotList | testes/testes/filmeNowTest.java::testAdicionarFilmeNaHotListSemFilme | testes/testes/filmeNowTest.java::testDetalharFilmePosicaoLimiteAcimaSemAno comentado | testes/testes/filmeNowTest.java::testdetalharFilmeSemAno comentado | testes/testes/FilmeTest.java::testSaidaFilmeSemAno comentado,
S75,official_sample,redacted,llm,class_design,Class Design,8,10,"A modelagem central está presente e vai além do starter: há uma classe Filme com atributos próprios, igualdade por nome e ano, e uma classe FilmNow responsável por gerenciar acervo e HotList. As perdas vêm de refinamentos incompletos na representação textual e na interface pública do modelo.",src/filmnow/Filme.java | src/filmnow/Filme.java::equals | src/filmnow/Filme.java::hashCode | src/filmnow/FilmNow.java | src/filmnow/FilmNow.java::filmes | src/filmnow/FilmNow.java::hotList | src/filmnow/Filme.java::toString | src/filmnow/FilmNow.java::getFilmes | src/filmnow/FilmNow.java::getHotList,
S75,official_sample,redacted,llm,object_references,Object References and Composition,8,10,"Há boa evidência de composição: FilmNow possui arrays de Filme, cria objetos Filme e reutiliza as referências na HotList. A nota não é máxima porque alguns métodos ainda manipulam posições e strings de forma frágil, reduzindo a coerência do uso de referências em todos os fluxos.",src/filmnow/FilmNow.java::filmes | src/filmnow/FilmNow.java::hotList | src/filmnow/FilmNow.java::cadastraFilme | src/filmnow/FilmNow.java::adicionaHot | src/filmnow/FilmNow.java::existeFilme | src/filmnow/Filme.java::equals | src/filmnow/FilmNow.java::existeHotList | src/filmnow/FilmNow.java::getFilmes | src/filmnow/FilmNow.java::getHotList,
S75,official_sample,redacted,llm,collections_and_arrays,Collections and Arrays,7.5,10,"Os arrays principais foram escolhidos de forma compatível com o enunciado, com tamanho 100 para o acervo e 10 para a HotList, e são usados para cadastro, listagem e detalhamento. As perdas decorrem principalmente de validações de índice incompletas e de pequenas inconsistências na manutenção da HotList.",src/filmnow/FilmNow.java::TAMANHO | src/filmnow/FilmNow.java::FilmNow | src/filmnow/FilmNow.java::getFilmes | src/filmnow/FilmNow.java::getHotList | src/filmnow/FilmNow.java::cadastraFilme | src/filmnow/FilmNow.java::adicionaHot | src/filmnow/MainFilmNow.java::mostrarFilmes | src/filmnow/MainFilmNow.java::exibirHotList | src/filmnow/FilmNow.java::removerHot | src/filmnow/FilmNow.java::hotList,
S75,official_sample,redacted,llm,separation_of_concerns,Separation of Concerns,8,10,"A solução separa razoavelmente a interface textual da lógica do sistema: MainFilmNow lê entradas e imprime saídas, enquanto FilmNow mantém o estado e as regras principais. A nota não é máxima porque há mistura de apresentação com domínio e algumas decisões de fluxo permanecem duplicadas ou inconsistentes na interface.",src/filmnow/MainFilmNow.java::menu | src/filmnow/MainFilmNow.java::comando | src/filmnow/MainFilmNow.java::adicionaFilme | src/filmnow/MainFilmNow.java::cadastraHotList | src/filmnow/FilmNow.java::cadastraFilme | src/filmnow/FilmNow.java::getFilme | src/filmnow/LeitorFilmNow.java::processaLinhaCsvFilmes | src/filmnow/FilmNow.java::adicionaHot | src/filmnow/MainFilmNow.java::detalharFilme,
S75,official_sample,redacted,llm,readability_and_documentation,Readability and Documentation,7.5,10,"O código é geralmente compreensível, usa nomes em português relacionados ao domínio e contém comentários em vários métodos. As perdas vêm de inconsistências de estilo, comentários imprecisos ou ruidosos e pequenos sinais de manutenção descuidada.",src/filmnow/Filme.java | src/filmnow/FilmNow.java | src/filmnow/MainFilmNow.java | src/filmnow/LeitorFilmNow.java | src/filmnow/FilmNow.java::existeFilme | src/filmnow/FilmNow.java::existeHotList | src/filmnow/MainFilmNow.java::MainFilmNow | src/filmnow/MainFilmNow.java::comentário syso | src/filmnow/FilmNow.java::import java.util.Scanner | src/filmnow/FilmNow.java::hotList | src/filmnow/FilmNow.java::getHotList,
S76,official_sample,redacted,llm,basic_functionality,Basic Functionality,7.5,10,"A submissão implementa o fluxo principal de cadastro, sobrescrita, bloqueio de duplicados, listagem via interface, detalhamento de filmes existentes e operações básicas da HotList. As perdas vêm de casos obrigatórios não tratados corretamente, especialmente ano vazio e detalhamento de posição válida vazia.","src/filmnow/FilmNow.java: atributos filmes e hotList | src/filmnow/FilmNow.java: construtor FilmNow() | src/filmnow/FilmNow.java: cadastraFilme(int,String,int,String) | src/filmnow/FilmNow.java: detalharFilme(int) | src/filmnow/FilmNow.java: adicionarHot(int,int) | src/filmnow/FilmNow.java: removerHot(int) | src/filmnow/MainFilmNow.java: mostrarFilmes(FilmNow) | src/filmnow/MainFilmNow.java: exibirHotList(FilmNow) | src/filmnow/Filme.java: equals(Object) e detalhaFilme() | src/filmnow/MainFilmNow.java: adicionaFilme(FilmNow,Scanner) | src/filmnow/Filme.java: atributo anoDeLancamento e construtor Filme(String,int,String)",
S76,official_sample,redacted,llm,unit_tests,Unit Tests,5.5,10,"Há testes JUnit reais com asserts relevantes para parte importante do cadastro de filmes, incluindo duplicidade, posições limite e entradas inválidas. A cobertura, porém, fica concentrada em FilmNow.cadastraFilme e não contempla Filme, HotList, detalhamento nem mensagens esperadas.","testes/FilmNowTest.java: criaFilmNow() | testes/FilmNowTest.java: testAdicionarFilmeEmPosicaoVazia() | testes/FilmNowTest.java: testAdicionarFilmeEmPosicaoExistente() | testes/FilmNowTest.java: testAdicionarFilmeJaAdicionadoEmOutraPosicao() | testes/FilmNowTest.java: testAdicionarFilmeComMesmoNomeEAnoMasLocalDiferente() | testes/FilmNowTest.java: testes de posição limite e entradas vazias | testes/FilmNowTest.java | src/filmnow/Filme.java: equals(Object), toString(), detalhaFilme() | src/filmnow/FilmNow.java: adicionarHot(int,int), removerHot(int), detalharFilme(int) | testes/FilmNowTest.java: testAdicionarFilmeComAnoVazio() | src/filmnow/MainFilmNow.java: adicionaFilme(FilmNow,Scanner)",
S76,official_sample,redacted,llm,class_design,Class Design,8,10,"A modelagem central foi criada de forma adequada: há Filme com atributos e igualdade, e FilmNow gerenciando acervo e HotList. As principais perdas decorrem de uma modelagem de ano incompatível com o requisito de ano vazio e de representações ainda pouco centralizadas em Filme.","src/filmnow/Filme.java | src/filmnow/FilmNow.java | src/filmnow/Filme.java: equals(Object) | src/filmnow/Filme.java: toString() e detalhaFilme() | src/filmnow/FilmNow.java: cadastraFilme(int,String,int,String) | src/filmnow/Filme.java: atributo anoDeLancamento | src/filmnow/Filme.java: construtor Filme(String,int,String) | src/filmnow/MainFilmNow.java: mostrarFilmes(FilmNow) | src/filmnow/MainFilmNow.java: exibirHotList(FilmNow)",
S76,official_sample,redacted,llm,object_references,Object References and Composition,9,10,"A solução demonstra boa compreensão de composição: FilmNow armazena objetos Filme, cria novos objetos no cadastro e a HotList guarda referências aos filmes do acervo. A principal limitação é a exposição das estruturas internas para que a interface percorra diretamente as referências.","src/filmnow/FilmNow.java: atributos Filme[] filmes e Filme[] hotList | src/filmnow/FilmNow.java: cadastraFilme(int,String,int,String) | src/filmnow/FilmNow.java: adicionarHot(int,int) | src/filmnow/FilmNow.java: isHot(Filme) | src/filmnow/Filme.java: equals(Object) | src/filmnow/FilmNow.java: getFilmes() e getHotList() | src/filmnow/MainFilmNow.java: mostrarFilmes(FilmNow) | src/filmnow/MainFilmNow.java: exibirHotList(FilmNow)",
S76,official_sample,redacted,llm,collections_and_arrays,Collections and Arrays,9,10,"Os arrays são usados de forma coerente para representar as 100 posições do acervo e as 10 posições da HotList, com conversão adequada de posições 1-based para índices 0-based nas principais operações. A perda é localizada em um método público de acesso que não protege os limites.","src/filmnow/FilmNow.java: constantes TAMANHO e tamanhoDaHotList | src/filmnow/FilmNow.java: construtor FilmNow() | src/filmnow/FilmNow.java: cadastraFilme(int,String,int,String) | src/filmnow/FilmNow.java: adicionarHot(int,int) | src/filmnow/FilmNow.java: removerHot(int) | src/filmnow/FilmNow.java: getFilme(int)",
S76,official_sample,redacted,llm,separation_of_concerns,Separation of Concerns,6.5,10,"Existe separação inicial entre interface, gerenciador e entidade de domínio, e a Main está modularizada em métodos. Porém, há acoplamento recorrente entre lógica de negócio e saída textual, além de a interface acessar arrays e decidir parte da listagem, o que reduz a separação esperada.","src/filmnow/MainFilmNow.java | src/filmnow/FilmNow.java | src/filmnow/Filme.java | src/filmnow/LeitorFilmNow.java | src/filmnow/FilmNow.java: cadastraFilme(int,String,int,String) | src/filmnow/FilmNow.java: adicionarHot(int,int) | src/filmnow/FilmNow.java: removerHot(int) | src/filmnow/MainFilmNow.java: mostrarFilmes(FilmNow) | src/filmnow/MainFilmNow.java: exibirHotList(FilmNow) | src/filmnow/FilmNow.java: getFilmes() e getHotList()",
S76,official_sample,redacted,llm,readability_and_documentation,Readability and Documentation,8,10,"O código é compreensível, com nomes em geral claros e estrutura simples. Há alguma documentação herdada e comentários úteis, mas os métodos novos não mantêm o mesmo padrão e existem inconsistências de nomenclatura e clareza que justificam desconto leve.","src/filmnow/Filme.java | src/filmnow/FilmNow.java | src/filmnow/MainFilmNow.java | src/filmnow/LeitorFilmNow.java | src/filmnow/FilmNow.java: getHotList(), detalharFilme(int), adicionarHot(int,int), removerHot(int) | src/filmnow/FilmNow.java: tamanhoDaHotList | src/filmnow/LeitorFilmNow.java: carregaContatos(String,FilmNow) | src/filmnow/Filme.java: toString() e detalhaFilme() | src/filmnow/MainFilmNow.java: formataFilme(int,String)",
S77,official_sample,redacted,llm,basic_functionality,Basic Functionality,3,10,"Há implementação real em `FilmNow` para cadastro, duplicidade, detalhamento e parte da HotList, mas o fluxo obrigatório fica fortemente comprometido porque a aplicação completa não compila pelo uso de um método inexistente em `MainFilmNow`, e a HotList contém erros centrais de validação, índices e duplicidade.","src/filmnow/FilmNow.java: método `cadastraFilme(int, String, String, String)` | src/filmnow/FilmNow.java: métodos `toString(int)`, `equals1(String, String)`, `colocarHotlist(int, int)`, `removerHot(int)` | src/filmnow/MainFilmNow.java: métodos `menu`, `comando`, `mostrarFilmes`, `AdicionarHot`, `ExibirHotList` | src/filmnow/MainFilmNow.java: método `mostrarFilmes` | src/filmnow/FilmNow.java: método `formataFilme(int, String)` | src/filmnow/FilmNow.java: atributos `Filme[] filmes` e `String[] Hotlist` | src/filmnow/FilmNow.java: métodos `colocarHotlist(int, int)`, `cadastraHotlist(int, int)`, `removerHot(int)`, `EmHotlist(String)` | src/filmnow/MainFilmNow.java: método `AdicionarHot` | src/filmnow/FilmNow.java: método `cadastraFilme` | src/filmnow/MainFilmNow.java: método `adicionaFilme`",
S77,official_sample,redacted,llm,unit_tests,Unit Tests,5,10,"Há uma quantidade relevante de testes JUnit com asserts cobrindo cadastro, duplicidade, limites de posição, ano vazio e detalhamento, mas a suíte contém um teste propositalmente falho e a cobertura de `Filme` e HotList é muito incompleta.","testes/filmnow/FilmNowteste.java: métodos `testAdicionarNome` a `testAdicionarNome9` | testes/filmnow/FilmNowteste.java: métodos `testDetalharFilme` a `testDetalharFilme6` | testes/filmnow/Filmteste.java: método `test` | testes/filmnow/FilmNowteste.java | testes/filmnow/Filmteste.java | src/filmnow/FilmNow.java: métodos `colocarHotlist`, `removerHot`, `getHotlist`",
S77,official_sample,redacted,llm,class_design,Class Design,6.5,10,"A submissão evolui além do starter ao criar uma classe `Filme` e usar `FilmNow` como gerenciador, mas a modelagem ainda é parcial: `Filme` não concentra igualdade e representação textual como esperado, e a HotList é modelada de modo frágil.","src/filmnow/Filme.java | src/filmnow/FilmNow.java | src/filmnow/LeitorFilmNow.java | src/filmnow/Filme.java: métodos `getNomeAno` e `hashcode` | src/filmnow/FilmNow.java: método `equals1` | src/filmnow/FilmNow.java: atributo `String[] Hotlist` | src/filmnow/FilmNow.java: métodos `colocarHotlist(int filme, int posicao)` e `cadastraHotlist(int posicao, int filme)`",
S77,official_sample,redacted,llm,object_references,Object References and Composition,6,10,"Há composição real entre `FilmNow` e `Filme`, com criação e armazenamento de objetos, mas a integração ainda é inconsistente porque parte importante do comportamento opera por `String` e não por referências aos objetos do domínio.","src/filmnow/FilmNow.java: atributo `private Filme[] filmes` e método `cadastraFilme` | src/filmnow/MainFilmNow.java: método `mostrarFilmes` | src/filmnow/LeitorFilmNow.java: método `processaLinhaCsvFilmes` | src/filmnow/FilmNow.java: atributo `private String[] Hotlist` | src/filmnow/FilmNow.java: métodos `EmHotlist`, `cadastraHotlist`, `toString` | src/filmnow/Filme.java: ausência de `equals(Object)` e método `hashcode` com assinatura incorreta | src/filmnow/FilmNow.java: método `equals1`",
S77,official_sample,redacted,llm,collections_and_arrays,Collections and Arrays,5.5,10,"O acervo principal usa um array de tamanho 100 e há uma estrutura separada para a HotList de tamanho 10, mas o uso dos arrays apresenta problemas relevantes de índice, validação e sincronização, principalmente na HotList.","src/filmnow/FilmNow.java: constantes `TAMANHO` e `TAMANINHO` | src/filmnow/FilmNow.java: atributos `filmes` e `Hotlist` | src/filmnow/FilmNow.java: métodos `cadastraFilme`, `cadastraHotlist`, `removerHot`, `getFilme` | src/filmnow/FilmNow.java: métodos `colocarHotlist`, `cadastraHotlist`, `removerHot` | src/filmnow/FilmNow.java: métodos `getFilme`, `getAno`, `getLocal`, `toString`, `cadastraFilme`",
S77,official_sample,redacted,llm,separation_of_concerns,Separation of Concerns,6.5,10,"Existe separação básica entre interface, leitor de CSV, gerenciador e entidade, e `FilmNow` não depende de `Scanner`; porém, a interface ainda acessa arrays e formata parte das respostas diretamente, espalhando responsabilidades que deveriam estar no gerenciador ou na entidade.",src/filmnow/MainFilmNow.java | src/filmnow/FilmNow.java | src/filmnow/LeitorFilmNow.java | src/filmnow/MainFilmNow.java: métodos `mostrarFilmes` e `ExibirHotList` | src/filmnow/FilmNow.java: métodos `getFilmes` e `getHotlist` | src/filmnow/FilmNow.java: métodos `formataFilme` e `toString(int)` | src/filmnow/MainFilmNow.java: método `mostrarFilmes`,
S77,official_sample,redacted,llm,readability_and_documentation,Readability and Documentation,6.5,10,"O código é compreensível em linhas gerais e possui alguns comentários, mas há nomes confusos, comentários informais ou desatualizados e pequenos sinais de descuido que reduzem a clareza.","src/filmnow/Filme.java | src/filmnow/FilmNow.java | src/filmnow/MainFilmNow.java | src/filmnow/LeitorFilmNow.java | src/filmnow/Filme.java: método `hashcode` | src/filmnow/FilmNow.java: constantes, atributo `Hotlist`, métodos `equals1`, `colocarHotlist`, `cadastraHotlist` | src/filmnow/FilmNow.java: comentários de `equals1` e `colocarHotlist` | src/filmnow/MainFilmNow.java: importação `java.util.Arrays` e método `carregaFilmes()` vazio",
S78,official_sample,redacted,llm,basic_functionality,Basic Functionality,6.5,10,"A submissão implementa boa parte do fluxo obrigatório: cadastro, sobrescrita simples, listagem via menu, detalhamento, sinalização de filme hot e uma estrutura de HotList. Porém há falhas funcionais relevantes em duplicidade e principalmente na HotList, além de validações frágeis de entrada.","src/filmnow/FilmNow.java: cadastraFilme(int, String, String, String) | src/filmnow/FilmNow.java: detalharFilmeNow(int) | src/filmnow/FilmNow.java: cadastraHot(int, int), removerHot(int), inFilmes(Filme), inHot(Filme) | src/filmnow/MainFilmNow.java: mostrarFilmes(FilmNow), exibeHot(FilmNow), adicionaHot(FilmNow, Scanner) | src/filmnow/Filme.java: equals(Object), toString() | src/filmnow/FilmNow.java: cadastraFilme(int, String, String, String), bloco if (inFilmes(filme)) | src/filmnow/FilmNow.java: cadastraHot(int, int) | src/filmnow/FilmNow.java: removerHot(int) | src/filmnow/FilmNow.java: inHot(Filme) | src/filmnow/MainFilmNow.java: adicionaFilme(FilmNow, Scanner)",
S78,official_sample,redacted,llm,unit_tests,Unit Tests,6.5,10,"Há uma quantidade significativa de testes com @Test cobrindo Filme e FilmNow, incluindo igualdade, toString, cadastro, limites de posição, detalhamento e parte da HotList. A pontuação não é maior porque os testes usam assert nativo de Java em vez de asserções JUnit e deixam lacunas importantes em cenários da HotList e estado interno após operações inválidas.","testes/FilmNowTest.java: verificaIgualdade() | testes/FilmNowTest.java: toStringTest() | testes/FilmNowTest.java: adicionaFilme01() a adicionaFilme10() | testes/FilmNowTest.java: detalharFilme01() a detelharFilme06() | testes/FilmNowTest.java: removerFilmeHot(), inHotTest(), inFilmeTest() | testes/FilmNowTest.java: uso recorrente de assert (...) em todos os testes | testes/FilmNowTest.java: adicionaFilme03(), adicionaFilme04(), removerFilmeHot(), inHotTest()",
S78,official_sample,redacted,llm,class_design,Class Design,8.0,10,"A modelagem central foi bem reconhecida: há uma classe Filme com atributos e comportamento próprios, e uma classe FilmNow responsável pelo gerenciamento do acervo e da HotList. As perdas decorrem de algumas responsabilidades misturadas e de escolhas que tornam a representação do filme menos limpa.","src/filmnow/Filme.java | src/filmnow/FilmNow.java | src/filmnow/LeitorFilmNow.java | src/filmnow/MainFilmNow.java | src/filmnow/Filme.java: atributo posicao, construtor Filme(String, String, int, String), getPosicao() | src/filmnow/MainFilmNow.java: formataFilme(Filme, FilmNow) | src/filmnow/Filme.java: atributo ano e construtor | src/filmnow/FilmNow.java: cadastraFilme(int, String, String, String)",
S78,official_sample,redacted,llm,object_references,Object References and Composition,8.0,10,"A solução demonstra entendimento real de composição: FilmNow cria e armazena objetos Filme, e a HotList guarda referências a esses objetos. A nota não é máxima porque a manutenção dessas referências na HotList é inconsistente em alguns cenários obrigatórios.","src/filmnow/FilmNow.java: atributos Filme[] filmes e Filme[] filmesHot | src/filmnow/FilmNow.java: cadastraFilme(int, String, String, String) | src/filmnow/FilmNow.java: cadastraHot(int, int), inHot(Filme), inFilmes(Filme) | src/filmnow/Filme.java: equals(Object) | src/filmnow/FilmNow.java: cadastraHot(int, int) | src/filmnow/FilmNow.java: removerHot(int) | src/filmnow/FilmNow.java: inHot(Filme)",
S78,official_sample,redacted,llm,collections_and_arrays,Collections and Arrays,7.0,10,"A submissão usa arrays com tamanhos adequados para o acervo principal e a HotList, e eles sustentam boa parte das operações. As principais perdas vêm de inconsistências de índice e manutenção de posições na HotList.","src/filmnow/FilmNow.java: constantes e atributos filmes, filmesHot | src/filmnow/FilmNow.java: construtor FilmNow() | src/filmnow/FilmNow.java: getFilmes(), getFilmesHot(), cadastraFilme(int, String, String, String) | src/filmnow/MainFilmNow.java: mostrarFilmes(FilmNow), exibeHot(FilmNow) | src/filmnow/FilmNow.java: cadastraHot(int, int) | src/filmnow/FilmNow.java: removerHot(int)",
S78,official_sample,redacted,llm,separation_of_concerns,Separation of Concerns,8.0,10,"Há uma separação razoável para um laboratório inicial: MainFilmNow cuida do menu, FilmNow concentra regras principais, Filme representa o domínio e LeitorFilmNow cuida da carga CSV. A perda ocorre porque a interface ainda manipula arrays e formata algumas regras de exibição diretamente.","src/filmnow/MainFilmNow.java: main(String[]), menu(Scanner), comando(String, FilmNow, Scanner) | src/filmnow/FilmNow.java | src/filmnow/Filme.java | src/filmnow/LeitorFilmNow.java | src/filmnow/MainFilmNow.java: mostrarFilmes(FilmNow), exibeHot(FilmNow) | src/filmnow/FilmNow.java: getFilmes(), getFilmesHot() | src/filmnow/MainFilmNow.java: removeHot(FilmNow, Scanner) | src/filmnow/FilmNow.java: removerHot(int)",
S78,official_sample,redacted,llm,readability_and_documentation,Readability and Documentation,8.0,10,"O código é geralmente legível, com nomes compreensíveis, comentários e Javadocs nas classes principais. A nota não é máxima por haver trechos que tornam o comportamento mais difícil de acompanhar, especialmente comparações de String com ==, conversões de índice pouco claras e alguns comentários/nomes imprecisos.","src/filmnow/Filme.java | src/filmnow/FilmNow.java | src/filmnow/MainFilmNow.java | src/filmnow/LeitorFilmNow.java | src/filmnow/FilmNow.java: cadastraFilme(int, String, String, String) | src/filmnow/Filme.java: atributo posicao e getPosicao() | src/filmnow/FilmNow.java: cadastraHot(int, int), removerHot(int)",
S79,official_sample,redacted,llm,basic_functionality,Basic Functionality,4,10,"Há uma evolução real em relação ao esqueleto: existe cadastro de objetos Filme, listagem simples, detalhamento de filme existente e marcação booleana de hot. Porém o fluxo obrigatório não fecha de ponta a ponta: há problemas relevantes de posição, duplicidade, ano vazio, detalhamento de posições vazias/inválidas e a HotList obrigatória não foi modelada como lista separada com 10 posições.","src/filmnow/FilmNow.java: método cadastraFilme | src/filmnow/MainFilmNow.java: métodos adicionaFilme, mostrarFilmes, detalharFilme, atribuirHot, removerHot, exibirHotList | src/filmnow/Filme.java: método toString e atributo hot | src/filmnow/FilmNow.java: getFilme, cadastraFilme, adicionaHot, removeHot | src/filmnow/MainFilmNow.java: verificaPosicaoEhValida, detalharFilme, atribuirHot, removerHot | src/filmnow/FilmNow.java: método verificaSeFilmeJaFoiInserido | src/filmnow/MainFilmNow.java: método adicionaFilme | src/filmnow/Filme.java: atributo ano e construtor | src/filmnow/FilmNow.java: métodos adicionaHot e removeHot | src/filmnow/MainFilmNow.java: métodos atribuirHot, removerHot e exibirHotList | src/filmnow/Filme.java: atributo hot",
S79,official_sample,redacted,llm,unit_tests,Unit Tests,4.5,10,"Existem testes JUnit reais para Filme e FilmNow, com asserts sobre getters, toString, equals e alguns métodos do gerenciador. Entretanto, a cobertura é incompleta e alguns testes verificam efeitos de forma fraca, especialmente HotList e regras alternativas/limite do enunciado.",test/FilmeTest.java | test/FilmNowTeste.java | test/FilmNowTeste.java: métodos testAdicionaHot e testRemoveHot | src/filmnow/Filme.java: método equals | test/FilmeTest.java: método testEquals,
S79,official_sample,redacted,llm,class_design,Class Design,6,10,"A submissão mostra compreensão parcial da modelagem central: há uma classe Filme com atributos do domínio e uma classe FilmNow que gerencia um array de filmes. Ainda assim, a identidade de Filme está incorreta, o ano vazio não é suportado pela modelagem e a HotList obrigatória não foi representada como entidade/estrutura separada adequada.","src/filmnow/Filme.java | src/filmnow/FilmNow.java | src/filmnow/MainFilmNow.java | src/filmnow/Filme.java: atributos ano/local/posicao, métodos equals e hashCode | src/filmnow/Filme.java: atributo hot | src/filmnow/FilmNow.java: ausência de atributo de HotList separado | src/filmnow/MainFilmNow.java: método adicionaFilme",
S79,official_sample,redacted,llm,object_references,Object References and Composition,6.5,10,"Há uso real de composição: FilmNow mantém referências para objetos Filme e cria esses objetos no cadastro. Porém a composição não é usada de forma completa para a HotList, e algumas regras ainda operam de modo inconsistente com objetos, como comparação de String por identidade e ausência de estrutura de referências para os filmes hot.","src/filmnow/FilmNow.java: atributo filmes e método cadastraFilme | src/filmnow/MainFilmNow.java: métodos mostrarFilmes, detalharFilme, exibirHotList | src/filmnow/LeitorFilmNow.java: método processaLinhaCsvFilmes | src/filmnow/FilmNow.java: métodos adicionaHot e removeHot | src/filmnow/MainFilmNow.java: método exibirHotList | src/filmnow/Filme.java: atributo hot | src/filmnow/FilmNow.java: método verificaSeFilmeJaFoiInserido | src/filmnow/Filme.java: método equals",
S79,official_sample,redacted,llm,collections_and_arrays,Collections and Arrays,5.5,10,"O array principal de 100 posições foi usado para armazenar filmes e sustenta parte do cadastro, listagem e acesso. Entretanto, há erro de mapeamento entre posições externas e índices internos, e a HotList obrigatória de 10 posições não foi implementada como array ou coleção separada.","src/filmnow/FilmNow.java: constante TAMANHO, atributo filmes, construtor, getFilmes e cadastraFilme | src/filmnow/MainFilmNow.java: métodos mostrarFilmes e exibirHotList | src/filmnow/FilmNow.java: métodos getFilme, cadastraFilme, adicionaHot e removeHot | src/filmnow/MainFilmNow.java: método verificaPosicaoEhValida | src/filmnow/FilmNow.java: ausência de atributo de HotList | src/filmnow/MainFilmNow.java: método exibirHotList",
S79,official_sample,redacted,llm,separation_of_concerns,Separation of Concerns,5,10,"Existe uma divisão inicial entre interface, gerenciador e entidade, o que é positivo para um laboratório introdutório. Contudo, a Main concentra validações e decisões de domínio importantes, enquanto FilmNow fica com operações muito simples e sem encapsular o comportamento obrigatório completo.","src/filmnow/Filme.java | src/filmnow/FilmNow.java | src/filmnow/LeitorFilmNow.java | src/filmnow/MainFilmNow.java | src/filmnow/MainFilmNow.java: método adicionaFilme | src/filmnow/FilmNow.java: método cadastraFilme | src/filmnow/MainFilmNow.java: métodos mostrarFilmes, detalharFilme e exibirHotList",
S79,official_sample,redacted,llm,readability_and_documentation,Readability and Documentation,8,10,"O código é em geral legível, com nomes compreensíveis, métodos separados e comentários/Javadocs em várias classes. As perdas são de manutenção e clareza: há alguns comentários com erros ou descrições imprecisas, além de métodos cuja intenção fica prejudicada por condições frágeis e nomes que prometem mais do que entregam.",src/filmnow/Filme.java | src/filmnow/FilmNow.java | src/filmnow/LeitorFilmNow.java | src/filmnow/MainFilmNow.java | src/filmnow/Filme.java: comentários de posicao e getHot/setHot | src/filmnow/MainFilmNow.java: comentário de verificaPosicaoEhValida | src/filmnow/FilmNow.java: métodos verificaSeFilmeJaFoiInserido e verificaSePosicaoEstaVazia,
S80,official_sample,redacted,llm,basic_functionality,Basic Functionality,8,10,"A submissão implementa o fluxo principal de cadastro, sobrescrita de posição, prevenção de duplicidade por nome e ano, detalhamento, listagem via interface e operações básicas da HotList. As perdas concentram-se em casos obrigatórios ou de borda da HotList, especialmente substituição em posição ocupada e tratamento de posição de acervo vazia ou inválida ao atribuir Hot.",src/filmnow/FilmNow.java::cadastraFilme | src/filmnow/FilmNow.java::detalharFilme | src/filmnow/FilmNow.java::cadastraHot | src/filmnow/FilmNow.java::removerHot | src/filmnow/MainFilmNow.java::mostrarFilmes | src/filmnow/MainFilmNow.java::exibirHotList | src/filmnow/Filme.java::setHot | src/filmnow/Filme.java::toString,
S80,official_sample,redacted,llm,unit_tests,Unit Tests,8,10,"Há uma suíte JUnit real e relativamente ampla para `Filme` e `FilmNow`, cobrindo igualdade, hash, representação textual, cadastro, limites de posição, duplicidade, campos vazios, detalhamento e várias operações da HotList. A nota não é máxima porque faltam cenários relevantes de substituição e consistência da HotList, e há um teste que não verifica de fato o acessor da HotList.",testes/filmnow/FilmeTest.java | testes/filmnow/FilmNowTest.java::testCadastraFilme | testes/filmnow/FilmNowTest.java::testCadastraFilmesIguais | testes/filmnow/FilmNowTest.java::testDetalharFilmeHotList | testes/filmnow/FilmNowTest.java::testCadastraHotRepetido | testes/filmnow/FilmNowTest.java::testRemoverHot | testes/filmnow/FilmNowTest.java | src/filmnow/FilmNow.java::cadastraHot | testes/filmnow/FilmNowTest.java::testGetFilmesHot | src/filmnow/FilmNow.java::getFilmesHot,
S80,official_sample,redacted,llm,class_design,Class Design,8.5,10,"A modelagem central está bem presente: há uma classe `Filme` com estado próprio, igualdade por nome e ano, e uma classe `FilmNow` que gerencia acervo e HotList. As imperfeições são de refinamento da modelagem, principalmente a representação do estado hot como texto de apresentação dentro do próprio filme e a mutabilidade ampla dos atributos.",src/filmnow/Filme.java | src/filmnow/Filme.java::equals | src/filmnow/Filme.java::hashCode | src/filmnow/Filme.java::toString | src/filmnow/FilmNow.java | src/filmnow/LeitorFilmNow.java::processaLinhaCsvFilmes | src/filmnow/Filme.java::hot | src/filmnow/Filme.java::setHot | src/filmnow/FilmNow.java::cadastraHot | src/filmnow/Filme.java::setNome | src/filmnow/Filme.java::setAno,
S80,official_sample,redacted,llm,object_references,Object References and Composition,8,10,"A solução demonstra boa compreensão da composição entre `FilmNow` e `Filme`: o sistema cria objetos `Filme`, armazena referências em arrays e usa a mesma referência na HotList. A perda vem de falhas na manutenção do ciclo de vida dessas referências em alguns cenários de HotList.",src/filmnow/FilmNow.java::filmes | src/filmnow/FilmNow.java::filmesHot | src/filmnow/FilmNow.java::cadastraFilme | src/filmnow/FilmNow.java::cadastraHot | src/filmnow/FilmNow.java::verificaFilmes | src/filmnow/FilmNow.java::verificarHot | src/filmnow/Filme.java::setHot,
S80,official_sample,redacted,llm,collections_and_arrays,Collections and Arrays,9,10,"O uso de arrays atende bem ao problema: há um array de 100 posições para o acervo e outro de 10 posições para a HotList, com conversão consistente de posições humanas para índices. A perda é localizada na sincronização da estrutura da HotList com o estado hot quando há substituição de posição ocupada.",src/filmnow/FilmNow.java::TAMANHO | src/filmnow/FilmNow.java::TAMANHOHOT | src/filmnow/FilmNow.java::filmes | src/filmnow/FilmNow.java::filmesHot | src/filmnow/FilmNow.java::getFilmes | src/filmnow/FilmNow.java::getFilmesHot | src/filmnow/FilmNow.java::verificaFilmes | src/filmnow/FilmNow.java::verificarHot | src/filmnow/FilmNow.java::cadastraHot,
S80,official_sample,redacted,llm,separation_of_concerns,Separation of Concerns,8.5,10,"Existe boa separação geral: `MainFilmNow` cuida da interação por texto, `FilmNow` concentra cadastro, detalhamento e HotList, `Filme` representa o item do domínio e `LeitorFilmNow` faz a leitura CSV. A principal limitação é que a interface manipula arrays de domínio diretamente para montar listagens, em vez de o gerenciador oferecer operações de listagem mais encapsuladas.",src/filmnow/MainFilmNow.java | src/filmnow/FilmNow.java | src/filmnow/Filme.java | src/filmnow/LeitorFilmNow.java | src/filmnow/MainFilmNow.java::comando | src/filmnow/MainFilmNow.java::adicionaFilme | src/filmnow/FilmNow.java::cadastraFilme | src/filmnow/MainFilmNow.java::mostrarFilmes | src/filmnow/MainFilmNow.java::exibirHotList | src/filmnow/FilmNow.java::getFilmes | src/filmnow/FilmNow.java::getFilmesHot,
S80,official_sample,redacted,llm,readability_and_documentation,Readability and Documentation,9,10,"O código é legível, usa nomes em geral compreensíveis e contém Javadocs úteis nas classes e métodos principais. As perdas são pequenas e ligadas a inconsistências de nomenclatura, alguns erros textuais e uma escolha de representação do estado hot que reduz a clareza.",src/filmnow/Filme.java | src/filmnow/FilmNow.java | src/filmnow/MainFilmNow.java | src/filmnow/LeitorFilmNow.java | src/filmnow/LeitorFilmNow.java::carregaContatos | src/filmnow/FilmNow.java comentários de cadastro | src/filmnow/Filme.java comentários | src/filmnow/Filme.java::hot | src/filmnow/Filme.java::setHot | src/filmnow/Filme.java::toString,
S81,official_sample,redacted,llm,basic_functionality,Basic Functionality,5.5,10,"A submissão implementa parte relevante do comportamento obrigatório: cadastro direto em FilmNow, sobrescrita, bloqueio de duplicidade por nome e ano, listagem simples e alguns fluxos básicos de HotList. Porém o fluxo interativo de cadastro fica comprometido pela leitura do local, o detalhamento falha em posições vazias ou limite inferior, e a HotList tem problemas materiais de validação e manutenção do estado hot.","src/filmnow/FilmNow.java: cadastraFilme(int,String,int,String) | src/filmnow/FilmNow.java: existeFilme(Filme) | src/filmnow/Filme.java: equals(Object), hashCode(), detalhesFilme(), toString() | src/filmnow/MainFilmNow.java: mostrarFilmes(FilmNow), detalharFilme(FilmNow,Scanner), adicionaFilme(FilmNow,Scanner) | src/filmnow/FilmNow.java: adicionaHot(int,int), removeHot(int) | src/filmnow/MainFilmNow.java: adicionaFilme(FilmNow,Scanner) | src/filmnow/LeitorFilmNow.java: processaLinhaCsvFilmes(String[],FilmNow) | src/filmnow/MainFilmNow.java: detalharFilme(FilmNow,Scanner) | src/filmnow/FilmNow.java: getFilme(int) | src/filmnow/FilmNow.java: adicionaHot(int,int) | src/filmnow/FilmNow.java: removeHot(int) | src/filmnow/MainFilmNow.java: adicionaHotList(FilmNow,Scanner), removeHotList(FilmNow,Scanner)",
S81,official_sample,redacted,llm,unit_tests,Unit Tests,6,10,"Há testes JUnit reais com asserts relevantes para cadastro, duplicidade, limites de posição, nome/local vazios, igualdade de Filme e detalhes em alguns cenários. A cobertura, porém, não alcança partes obrigatórias importantes como HotList, detalhamento pelo sistema, listagem e remoção de hot, e alguns testes têm qualidade limitada.","Test/FilmNowTest.java: testAdicionarFilmeEmPosicaoVazia, testAdicionarFilmeEmPosicaoExistente, testAdicionarFilmeJaExistenteEmOutraPosicao, testAdicionarFilmeNaPosicaoLimite | Test/FilmNowTest.java: testAdicionarFilmeEmPosicaoAcimaLimite, testAdicionarFilmeEmPosicaoAbaixoLimite, testAdicionarFilmeComLocalVazio, testAdicionarFilmeComNomeVazio | Test/FilmTest.java: testEqualsFilmeIgual, testEqualsFilmeDiferente, testEqualsFilmeNulo, testDetalhesFilmeSendoHotComAnoZero | Test/FilmNowTest.java | src/filmnow/FilmNow.java: adicionaHot(int,int), removeHot(int) | src/filmnow/MainFilmNow.java: mostrarFilmes(FilmNow), detalharFilme(FilmNow,Scanner) | src/filmnow/FilmNow.java: getFilme(int) | Test/FilmNowTest.java: imports e testAdicionarFilmeMesmoNomeAnoDiferente | Test/FilmNowTest.java: testes de cadastraFilme baseados apenas no retorno textual",
S81,official_sample,redacted,llm,class_design,Class Design,8,10,"A modelagem central está bem encaminhada para um laboratório introdutório: há classes separadas Filme e FilmNow, atributos coerentes para filme, igualdade por nome e ano, e um gerenciador com acervo e HotList. As perdas vêm de lacunas de modelagem que dificultam alguns requisitos, principalmente ano vazio, operações de consulta como responsabilidade do sistema e invariantes da HotList.","src/filmnow/Filme.java | src/filmnow/FilmNow.java | src/filmnow/Filme.java: equals(Object), hashCode(), detalhesFilme(), toString() | src/filmnow/FilmNow.java: cadastraFilme(int,String,int,String), adicionaHot(int,int), removeHot(int) | src/filmnow/MainFilmNow.java: mostrarFilmes(FilmNow), detalharFilme(FilmNow,Scanner), exibeHotList(FilmNow,Scanner) | src/filmnow/Filme.java: atributo ano e construtor Filme(String,int,String) | src/filmnow/FilmNow.java: cadastraFilme(int,String,int,String) | src/filmnow/MainFilmNow.java: adicionaFilme(FilmNow,Scanner) | src/filmnow/Filme.java: isHot, setIsHot(boolean) | src/filmnow/FilmNow.java: adicionaHot(int,int), cadastraFilme(int,String,int,String)",
S81,official_sample,redacted,llm,object_references,Object References and Composition,7,10,"A submissão demonstra composição real: FilmNow armazena objetos Filme e a HotList referencia objetos do acervo, não apenas strings soltas. Ainda assim, há problemas relevantes na manipulação dessas referências, especialmente na HotList, na validação antes de acessar objetos e na exposição direta dos arrays internos.","src/filmnow/FilmNow.java: atributos filmes e hotList | src/filmnow/FilmNow.java: cadastraFilme(int,String,int,String), existeFilme(Filme), adicionaHot(int,int), removeHot(int) | src/filmnow/Filme.java: equals(Object), setIsHot(boolean), getIsHot() | src/filmnow/FilmNow.java: adicionaHot(int,int) | src/filmnow/FilmNow.java: adicionaHot(int,int), cadastraFilme(int,String,int,String) | src/filmnow/Filme.java: isHot | src/filmnow/FilmNow.java: getFilmes(), getHotList(), setHotList(Filme[])",
S81,official_sample,redacted,llm,collections_and_arrays,Collections and Arrays,7,10,"O uso de arrays atende parcialmente bem ao problema: há um array de 100 filmes e outro de 10 para a HotList, com mapeamento geral de posições 1-based para índices 0-based. As perdas decorrem de validações inconsistentes de índices, sincronização incompleta da HotList e exposição direta das estruturas internas.","src/filmnow/FilmNow.java: TAMANHO, TAMANHO_HOTLIST, filmes, hotList | src/filmnow/FilmNow.java: cadastraFilme(int,String,int,String), getFilme(int), adicionaHot(int,int), removeHot(int) | src/filmnow/MainFilmNow.java: mostrarFilmes(FilmNow), exibeHotList(FilmNow,Scanner) | src/filmnow/FilmNow.java: getFilme(int), adicionaHot(int,int), removeHot(int) | src/filmnow/MainFilmNow.java: detalharFilme(FilmNow,Scanner) | src/filmnow/FilmNow.java: adicionaHot(int,int) | src/filmnow/FilmNow.java: getFilmes(), getHotList(), setHotList(Filme[])",
S81,official_sample,redacted,llm,separation_of_concerns,Separation of Concerns,6,10,"Existe alguma separação: Filme modela dados e comportamento textual, FilmNow concentra parte do cadastro e da HotList, MainFilmNow lida com o menu, e LeitorFilmNow lida com CSV. Porém a interface ainda concentra regras de domínio de listagem, detalhamento e validação, além de acessar arrays internos diretamente, o que impede uma separação mais adequada das responsabilidades.","src/filmnow/MainFilmNow.java | src/filmnow/FilmNow.java | src/filmnow/Filme.java | src/filmnow/LeitorFilmNow.java | src/filmnow/MainFilmNow.java: mostrarFilmes(FilmNow), detalharFilme(FilmNow,Scanner), exibeHotList(FilmNow,Scanner) | src/filmnow/MainFilmNow.java: mostrarFilmes(FilmNow), exibeHotList(FilmNow,Scanner) | src/filmnow/FilmNow.java: getFilmes(), getHotList() | src/filmnow/MainFilmNow.java: adicionaFilme(FilmNow,Scanner), removeHotList(FilmNow,Scanner) | src/filmnow/FilmNow.java: removeHot(int)",
S81,official_sample,redacted,llm,readability_and_documentation,Readability and Documentation,8,10,"O código é em geral legível, com nomes compreensíveis, Javadocs em várias classes e métodos, e organização em arquivos coerentes. Os descontos são por inconsistências que dificultam a revisão, especialmente na HotList, por comentários/nomenclaturas que não batem com o comportamento e por pequenas sobras de nomenclatura do template.","src/filmnow/Filme.java | src/filmnow/FilmNow.java | src/filmnow/MainFilmNow.java | src/filmnow/LeitorFilmNow.java | src/filmnow/FilmNow.java: adicionaHot(int,int) | src/filmnow/MainFilmNow.java: adicionaHotList(FilmNow,Scanner) | src/filmnow/Filme.java: comentários de local | src/filmnow/LeitorFilmNow.java: carregaContatos(String,FilmNow) | src/filmnow/MainFilmNow.java: adicionaFilme(FilmNow,Scanner) | src/filmnow/FilmNow.java: cadastraFilme(int,String,int,String), removeHot(int)",
S82,official_sample,redacted,llm,basic_functionality,Basic Functionality,5,10,"A submissão implementa parte do fluxo normal: cadastra objetos Filme, lista posições preenchidas, detalha filmes existentes e possui uma HotList operacional em casos simples. Porém, várias regras obrigatórias do contrato não são tratadas, especialmente validação de posições, duplicidade no acervo, filme inválido e detalhamento de posição vazia.",submission/src/filmnow/FilmNow.java::cadastraFilme | submission/src/filmnow/MainFilmNow.java::mostrarFilmes | submission/src/filmnow/MainFilmNow.java::detalharFilme | submission/src/filmnow/FilmNow.java::cadastraHot | submission/src/filmnow/MainFilmNow.java::exibirHot | submission/src/filmnow/FilmNow.java::adicionadoHot | submission/src/filmnow/FilmNow.java::getFilme | submission/src/filmnow/FilmNow.java::getFilmeOBJ | submission/src/filmnow/MainFilmNow.java::adicionaFilme | submission/src/filmnow/MainFilmNow.java::adicionarHot | submission/src/filmnow/Filme.java::equals,
S82,official_sample,redacted,llm,unit_tests,Unit Tests,0,10,"Não há arquivos de teste JUnit na submissão. Assim, não há evidência de testes para Filme, FilmNow, fluxos principais, alternativas ou limites.",Árvore da submissão: nenhum arquivo de teste listado | Metadado da submissão: Test file count 0 | Árvore da submissão: ausência de diretório ou arquivos de teste,
S82,official_sample,redacted,llm,class_design,Class Design,7,10,"Há uma modelagem básica adequada com Filme separado de FilmNow, e FilmNow foi evoluída para armazenar objetos Filme e HotList. Entretanto, a classe gerenciadora ainda não encapsula várias regras do domínio, e parte das representações e decisões fica fora das classes mais adequadas.",submission/src/filmnow/Filme.java | submission/src/filmnow/Filme.java::equals | submission/src/filmnow/FilmNow.java | submission/src/filmnow/FilmNow.java::filmes | submission/src/filmnow/FilmNow.java::filmesHot | submission/src/filmnow/FilmNow.java::cadastraFilme | submission/src/filmnow/FilmNow.java::cadastraHot | submission/src/filmnow/FilmNow.java::removerHot | submission/src/filmnow/Filme.java::toString | submission/src/filmnow/MainFilmNow.java::formataFilme | submission/src/filmnow/MainFilmNow.java::formataHot,
S82,official_sample,redacted,llm,object_references,Object References and Composition,8,10,"A composição principal está presente: FilmNow cria e armazena objetos Filme, e a HotList referencia filmes do acervo. As perdas vêm da exposição direta de objetos e da falta de proteção contra referências nulas ou inválidas em algumas operações.",submission/src/filmnow/FilmNow.java::filmes | submission/src/filmnow/FilmNow.java::filmesHot | submission/src/filmnow/FilmNow.java::cadastraFilme | submission/src/filmnow/FilmNow.java::cadastraHot | submission/src/filmnow/FilmNow.java::adicionadoHot | submission/src/filmnow/FilmNow.java::getFilmeOBJ | submission/src/filmnow/MainFilmNow.java::detalharFilme | submission/src/filmnow/MainFilmNow.java::adicionarHot,
S82,official_sample,redacted,llm,collections_and_arrays,Collections and Arrays,7,10,"A solução usa arrays com tamanhos compatíveis com o acervo e a HotList e percorre essas estruturas para listagem e verificação. Porém, o uso de índices externos não está robusto e faltam validações importantes de limites, o que impede nota alta neste critério.",submission/src/filmnow/FilmNow.java::TAMANHO | submission/src/filmnow/FilmNow.java::TAMANHOHOT | submission/src/filmnow/FilmNow.java::filmes | submission/src/filmnow/FilmNow.java::filmesHot | submission/src/filmnow/MainFilmNow.java::mostrarFilmes | submission/src/filmnow/FilmNow.java::adicionadoHot | submission/src/filmnow/FilmNow.java::getFilme | submission/src/filmnow/FilmNow.java::getFilmeOBJ | submission/src/filmnow/FilmNow.java::cadastraFilme | submission/src/filmnow/FilmNow.java::cadastraHot | submission/src/filmnow/FilmNow.java::verificaRemover | submission/src/filmnow/MainFilmNow.java::adicionarHot,
S82,official_sample,redacted,llm,separation_of_concerns,Separation of Concerns,6,10,"Existe alguma separação entre interface, leitor, classe Filme e classe FilmNow, e FilmNow não depende de Scanner nem imprime diretamente. Contudo, a Main ainda concentra decisões de domínio e montagem de saídas que deveriam estar no modelo ou no gerenciador.",submission/src/filmnow/MainFilmNow.java | submission/src/filmnow/LeitorFilmNow.java | submission/src/filmnow/Filme.java | submission/src/filmnow/FilmNow.java | submission/src/filmnow/MainFilmNow.java::adicionarHot | submission/src/filmnow/MainFilmNow.java::detalharFilme | submission/src/filmnow/MainFilmNow.java::removeHot | submission/src/filmnow/MainFilmNow.java::formataFilme | submission/src/filmnow/MainFilmNow.java::formataHot | submission/src/filmnow/FilmNow.java::cadastraFilme | submission/src/filmnow/FilmNow.java::cadastraHot | submission/src/filmnow/FilmNow.java::removerHot | submission/src/filmnow/FilmNow.java::getHot,
S82,official_sample,redacted,llm,readability_and_documentation,Readability and Documentation,8,10,"O código é em geral legível, com nomes compreensíveis e Javadocs em quase todas as classes e métodos. As perdas são moderadas e relacionadas a documentação/nomeação imprecisa e dispersão de formatos, não a ilegibilidade severa.",submission/src/filmnow/Filme.java | submission/src/filmnow/FilmNow.java | submission/src/filmnow/MainFilmNow.java | submission/src/filmnow/LeitorFilmNow.java | submission/src/filmnow/LeitorFilmNow.java::carregaContatos | submission/src/filmnow/Filme.java::toString | submission/src/filmnow/MainFilmNow.java::formataFilme | submission/src/filmnow/MainFilmNow.java::formataHot | submission/src/filmnow/MainFilmNow.java::removeHot,
S83,official_sample,redacted,llm,basic_functionality,Basic Functionality,6.2,10,"A submissão implementa boa parte do fluxo principal do acervo: cadastro com posições 1 a 100, sobrescrita, detecção de duplicidade por nome e ano, detalhamento e alguma integração com HotList. Porém há falhas materiais em validação de strings, retorno de posição vazia e principalmente nas operações obrigatórias da HotList, que não tratam posições inválidas, duplicidade e remoção de forma compatível com o contrato.","FilmNow.java: método cadastraFilme(int, String, String, String) | FilmNow.java: método detalhar(int) | FilmNow.java: métodos adicionaHotList(int, int), removeHotList(int), getHotList() | Filmes.java: métodos equals(Object), toString(), incluirHot(), removeHot() | MainFilmNow.java: métodos mostrarFilmes, detalharFilme, atribuirHot, removeHot, exibirHotList | FilmNow.java: adicionaHotList(int posicao, int filme) | FilmNow.java: removeHotList(int posicao) | FilmNow.java: cadastraFilme(int, String, String, String) | Filmes.java: toString() | FilmNow.java: detalhar(int) | MainFilmNow.java: detalharFilme(FilmNow, Scanner)",
S83,official_sample,redacted,llm,unit_tests,Unit Tests,5.5,10,"Há testes JUnit reais cobrindo parte relevante do cadastro, limites de posição, duplicidade, detalhamento e representação textual. Entretanto a cobertura é incompleta para HotList, alguns testes de igualdade não verificam nada por usarem um método auxiliar vazio, e há organização confusa de um teste no conjunto de fontes principais.","FilmNowTeste.java: testes testCadastraFilme a testCadastraFilme10 | FilmNowDetalhar.java: testes testDetalhar1 a testDetalhar5 | FilmesTeste.java: testes testToString2 a testToString5 | FilmNowTeste.java | FilmNowDetalhar.java: apenas testDetalhar5 usa adicionaHotList indiretamente | FilmesTeste.java: testEqualsObject1 a testEqualsObject4 | FilmesTeste.java: método assertboolean(boolean, boolean) | FilmNowDetalhar.java localizado na árvore de fontes listada como source | FilmNowTeste.java: ausência de teste para local vazio com posição válida | FilmNowDetalhar.java: testDetalhar3 espera null",
S83,official_sample,redacted,llm,class_design,Class Design,8.0,10,"A modelagem central foi implementada: existe uma classe para representar filmes, com nome, ano, local, igualdade e representação textual, e uma classe gerenciadora `FilmNow` que mantém acervo e HotList. As perdas vêm de escolhas de API e estado que deixam o modelo menos coeso, mas há evidência clara de compreensão da separação entre entidade e sistema.","Filmes.java: classe Filmes, atributos filme, ano, local, hot | Filmes.java: equals(Object), hashCode(), toString() | FilmNow.java: classe FilmNow, atributos filmes e hotList | MainFilmNow.java | Filmes.java: atributo hot e métodos incluirHot/removeHot | FilmNow.java: atributos filmes e hotList | FilmNow.java: adicionaHotList, removeHotList | FilmNow.java: getFilmes() | FilmNow.java: getHotList() | MainFilmNow.java: exibirHotList(FilmNow)",
S83,official_sample,redacted,llm,object_references,Object References and Composition,7.5,10,"Há composição real: `FilmNow` armazena objetos `Filmes`, cria instâncias e reutiliza as mesmas referências na HotList, o que demonstra entendimento importante do conceito. As perdas decorrem de manipulação incorreta de algumas referências e exposição parcial dos objetos internos.","FilmNow.java: atributos Filmes[] filmes e Filmes[] hotList | FilmNow.java: cadastraFilme(int, String, String, String) | FilmNow.java: analisaIguais(Filmes) | FilmNow.java: adicionaHotList(int, int) | Filmes.java: incluirHot(), removeHot(), equals(Object) | FilmNow.java: removeHotList(int posicao) | FilmNow.java: getHotList() | MainFilmNow.java: exibirHotList(FilmNow)",
S83,official_sample,redacted,llm,collections_and_arrays,Collections and Arrays,7.0,10,"A solução usa arrays com os tamanhos corretos para o acervo e para a HotList, percorre o acervo para duplicidade e aplica a conversão posição-índice em parte dos métodos. Entretanto há inconsistências relevantes de índice e validação, especialmente na HotList, que impedem faixa alta neste critério.","FilmNow.java: constante TAMANHO = 100 | FilmNow.java: construtor FilmNow() | FilmNow.java: cadastraFilme(int, String, String, String) | FilmNow.java: analisaIguais(Filmes) | FilmNow.java: getHotList() | FilmNow.java: adicionaHotList(int, int) | FilmNow.java: removeHotList(int) | FilmNow.java: getFilme(int posicao) | FilmNow.java: detalhar(int posicao) | MainFilmNow.java: mostrarFilmes(FilmNow) | FilmNow.java: detalhar(int) | FilmNow.java: getFilme(int)",
S83,official_sample,redacted,llm,separation_of_concerns,Separation of Concerns,8.0,10,"A separação geral é boa para o nível do laboratório: `MainFilmNow` cuida da interação, `FilmNow` concentra regras do sistema, `Filmes` representa a entidade e `LeitorFilmNow` faz a leitura CSV. Ainda há vazamento de estrutura interna para a interface e alguma organização confusa de arquivos, mas não há concentração total de lógica em uma única classe.","MainFilmNow.java: main, menu, comando, adicionaFilme, detalharFilme | FilmNow.java: cadastraFilme, detalhar, adicionaHotList, removeHotList | Filmes.java | LeitorFilmNow.java | MainFilmNow.java: exibirHotList(FilmNow) | FilmNow.java: getHotList() | FilmNowDetalhar.java | LeitorFilmNow.java: carregaContatos(String, FilmNow)",
S83,official_sample,redacted,llm,readability_and_documentation,Readability and Documentation,7.0,10,"O código é majoritariamente legível, com nomes compreensíveis e muitos comentários/Javadocs. As perdas vêm de documentação com erros e trechos desatualizados, escolhas que tornam a leitura menos segura, e organização/nomenclatura inconsistentes.","Filmes.java | FilmNow.java | MainFilmNow.java | LeitorFilmNow.java | Filmes.java: comentários de construtor, getLocal, removeHot, hashCode e toString | LeitorFilmNow.java: carregaContatos(String, FilmNow) | FilmNow.java: documentação de detalhar e adicionaHotList | FilmNow.java: cadastraFilme(int, String, String, String) | Filmes.java: toString() | Filmes.java: declaração da classe Filmes | FilmNowDetalhar.java | LeitorFilmNow.java: carregaContatos | FilmNow.java: getFilme, detalhar, cadastraFilme",
S84,official_sample,redacted,llm,basic_functionality,Basic Functionality,5.5,10,"A submissão implementa parte relevante do fluxo de acervo: cadastra filmes em array de 100 posições, sobrescreve posições, rejeita duplicidade por nome e ano e detalha filmes cadastrados. Porém, a HotList obrigatória está substancialmente incorreta, há problemas no fluxo interativo de cadastro, e alguns comportamentos de listagem/detalhamento divergem do contrato.","src/filmnow/FilmNow.java: método `cadastraFilme` | src/filmnow/FilmNow.java: métodos `detalhaFilme`, `atribuirHot`, `removerHot`, `isHot` | src/filmnow/MainFilmNow.java: métodos `adicionaFilme`, `mostrarFilmes`, `exibirHot`, `atribuirHot`, `removerHot` | src/filmnow/Filme.java: métodos `equals` e `toString` | src/filmnow/FilmNow.java: método `atribuirHot(int posicao)` | src/filmnow/FilmNow.java: método `removerHot(int posicao)` | src/filmnow/MainFilmNow.java: métodos `atribuirHot` e `removerHot` | src/filmnow/FilmNow.java: método `detalhaFilme` | src/filmnow/MainFilmNow.java: método `mostrarFilmes` | src/filmnow/MainFilmNow.java: método `adicionaFilme`",
S84,official_sample,redacted,llm,unit_tests,Unit Tests,6.5,10,"Há uma suíte JUnit real, com muitos `assertEquals`/`assertNotEquals` cobrindo cadastro, duplicidade, limites de posição, detalhamento, igualdade e representação textual de `Filme`. A cobertura, entretanto, é incompleta para HotList e alguns cenários obrigatórios são testados com expectativa ou parametrização inadequada.","testes/filmnow/FilmNowTest.java | testes/filmnow/FilmTest.java | testes/filmnow/FilmNowTest.java: método `testDetalharFilmeHotList` | src/filmnow/FilmNow.java: métodos `atribuirHot` e `removerHot` | testes/filmnow/FilmNowTest.java: métodos `testAdicionarFilmeAnoVazio`, `testDetalharFilmePosicaoSemFilme` | src/filmnow/MainFilmNow.java: método `mostrarFilmes` | testes/filmnow/FilmNowTest.java: métodos `testAdicionarFilmePosicaoVazia`, `testAdicionarFilmePosicaoExistente`, `testAdicionarFilmeNaPosicaoLimite`",
S84,official_sample,redacted,llm,class_design,Class Design,7.0,10,"A solução demonstra entendimento importante da modelagem central: há uma classe `Filme` com atributos próprios e uma classe `FilmNow` responsável pelo acervo e pela HotList. Ainda assim, parte da API de `FilmNow` não modela adequadamente as operações obrigatórias, e há falhas de consistência/encapsulamento que impedem nota mais alta.",src/filmnow/Filme.java | src/filmnow/FilmNow.java | src/filmnow/FilmNow.java: método `atribuirHot` | src/filmnow/Filme.java: métodos `equals` e `hashCode` | testes/filmnow/FilmTest.java: método `testHashCodeIgualParaFilmesIguais` | src/filmnow/FilmNow.java: métodos `getFilmes` e `getHotFilmes` | src/filmnow/MainFilmNow.java: métodos `mostrarFilmes` e `exibirHot`,
S84,official_sample,redacted,llm,object_references,Object References and Composition,7.5,10,"Há composição real: `FilmNow` cria e armazena objetos `Filme`, e a HotList tenta reutilizar referências aos filmes cadastrados. Os principais descontos vêm da exposição direta das referências internas e do uso inconsistente de índices ao buscar referências para a HotList.","src/filmnow/FilmNow.java: atributos `filmes` e `hotList` | src/filmnow/FilmNow.java: métodos `cadastraFilme`, `atribuirHot`, `isHot` | src/filmnow/Filme.java: método `equals` | src/filmnow/FilmNow.java: métodos `cadastraFilme`, `getFilme`, `atribuirHot` | src/filmnow/FilmNow.java: métodos `getFilmes` e `getHotFilmes` | src/filmnow/MainFilmNow.java: métodos `mostrarFilmes` e `exibirHot`",
S84,official_sample,redacted,llm,collections_and_arrays,Collections and Arrays,6.0,10,"A solução usa arrays com tamanhos compatíveis com o enunciado para o acervo e para a HotList, e o array principal sustenta parte do cadastro e detalhamento. Contudo, há inconsistências importantes de índice e de manutenção da HotList que impedem faixa alta neste critério.","src/filmnow/FilmNow.java: constantes `TAMANHO` e `HOT_TAMANHO` | src/filmnow/FilmNow.java: atributos `filmes` e `hotList` | src/filmnow/FilmNow.java: métodos `cadastraFilme`, `existeFilme`, `isHot`, `atribuirHot`, `removerHot` | src/filmnow/FilmNow.java: métodos `atribuirHot` e `removerHot` | src/filmnow/FilmNow.java: métodos `cadastraFilme`, `getFilme`, `atribuirHot`, `removerHot` | src/filmnow/MainFilmNow.java: método `mostrarFilmes` | src/filmnow/FilmNow.java: métodos `getFilmes` e `getHotFilmes`",
S84,official_sample,redacted,llm,separation_of_concerns,Separation of Concerns,7.5,10,"A solução mantém uma separação razoável para um laboratório inicial: `MainFilmNow` cuida da interação, `LeitorFilmNow` lê CSV, `FilmNow` concentra parte das regras e `Filme` representa a entidade. A principal limitação é que a interface acessa arrays internos e assume regras de posição/formatação que deveriam estar mais bem encapsuladas no domínio.","src/filmnow/MainFilmNow.java | src/filmnow/FilmNow.java | src/filmnow/Filme.java | src/filmnow/LeitorFilmNow.java | src/filmnow/MainFilmNow.java: métodos `mostrarFilmes` e `exibirHot` | src/filmnow/FilmNow.java: métodos `getFilmes` e `getHotFilmes` | src/filmnow/MainFilmNow.java: método `removerHot` | src/filmnow/FilmNow.java: métodos `cadastraFilme`, `atribuirHot`, `removerHot`",
S84,official_sample,redacted,llm,readability_and_documentation,Readability and Documentation,7.5,10,"O código é em geral legível, com nomes compreensíveis, classes pequenas e vários comentários/Javadocs. Os descontos vêm de inconsistências de convenção que tornam o comportamento difícil de seguir, comparações frágeis e alguns comentários ou nomes imprecisos herdados ou desatualizados.","src/filmnow/Filme.java | src/filmnow/FilmNow.java | src/filmnow/MainFilmNow.java | src/filmnow/LeitorFilmNow.java | src/filmnow/FilmNow.java: métodos `cadastraFilme`, `getFilme`, `atribuirHot`, `removerHot` | src/filmnow/MainFilmNow.java: método `mostrarFilmes` | src/filmnow/FilmNow.java: método `cadastraFilme` | src/filmnow/MainFilmNow.java: método `adicionaFilme` | src/filmnow/LeitorFilmNow.java: método `carregaContatos` | src/filmnow/Filme.java: Javadocs dos construtores | src/filmnow/FilmNow.java: Javadocs dos métodos públicos",
