submission_id,role,original_repository,evaluator_type,criterion_id,criterion_name,score,max_score,justification,evidence_refs,confidence
S01,official_sample,redacted,human,basic_functionality,Basic Functionality,8.0,10,"No método cadastraFilmeHotList, caso não tenha um filme na posição indicada deveria retornar ""POSIÇÃO INVÁLIDA"".",src/filmnow/FilmNow.java,
S01,official_sample,redacted,human,unit_tests,Unit Tests,0.0,10,Testes não implementados.,tests/,
S01,official_sample,redacted,human,class_design,Class Design,7.0,10,A classe FilmNow deveria apenas manter a lógica de negócio.,src/filmnow/FilmNow.java,
S01,official_sample,redacted,human,object_references,Object References,10.0,10,Não se deve usar '==' para comparar 2 strings.,src/filmnow/,
S01,official_sample,redacted,human,collections_and_arrays,Collections And Arrays,10.0,10,Critério atendido.,,
S01,official_sample,redacted,human,separation_of_concerns,Separation Of Concerns,9.0,10,A variável booleana 'hot' na classe Filme não deveria estar nela.,src/filmnow/Filme.java,
S01,official_sample,redacted,human,readability_and_documentation,Readability And Documentation,10.0,10,Critério atendido.,,
S02,official_sample,redacted,human,basic_functionality,Basic Functionality,10.0,10,Critério atendido.,,
S02,official_sample,redacted,human,unit_tests,Unit Tests,9.5,10,Faltou testar detalhar um filme ex hot.,tests/,
S02,official_sample,redacted,human,class_design,Class Design,7.0,10,"O método estático confereExistencia não deveria ser estático; a responsabilidade de verificar se um filme já existe é da classe FilmeNow. Além disso, o sistema armazena filmes como String[] em vez de Filme[], descartando as instâncias após gerar a string.",src/filmnow/FilmeNow.java,
S02,official_sample,redacted,human,object_references,Object References,3.0,10,O array de hotlist está sendo inicializado duas vezes e não está diminuindo -1 da posição passada ao acessar os arrays.,src/filmnow/FilmeNow.java,
S02,official_sample,redacted,human,collections_and_arrays,Collections And Arrays,10.0,10,Critério atendido.,,
S02,official_sample,redacted,human,separation_of_concerns,Separation Of Concerns,9.0,10,A classe Main deve lidar apenas com a entrada e saída.,src/filmnow/Main.java,
S02,official_sample,redacted,human,readability_and_documentation,Readability And Documentation,10.0,10,Critério atendido.,,
S03,official_sample,redacted,human,basic_functionality,Basic Functionality,8.5,10,"Nos métodos de Hot, as posições de entrada vão de 1-10, não de 0-9. Em detalharFilme ele deveria retornar uma String vazia caso não tenha nenhum filme naquela posição mas no código está 'POSIÇÃO INVÁLIDA'.",src/filmnow/FilmNow.java,
S03,official_sample,redacted,human,unit_tests,Unit Tests,6.0,10,"Nos testes da classe Filme faltou testar o toString, e nos testes da classe FilmNow, os métodos de listagem da lista de filmes e da hotlist, adicionar e remover da hotlist não foram implementados.",tests/,
S03,official_sample,redacted,human,class_design,Class Design,7.0,10,"Classe Filme bem implementada, um único ponto é que posição do filme na lista não deveria ser armazenada dentro de filme.",src/filmnow/Filme.java,
S03,official_sample,redacted,human,object_references,Object References,10.0,10,Critério atendido.,,
S03,official_sample,redacted,human,collections_and_arrays,Collections And Arrays,10.0,10,Critério atendido.,,
S03,official_sample,redacted,human,separation_of_concerns,Separation Of Concerns,7.0,10,"A classe Main deve lidar apenas com a entrada e saída, detalhes como verificar se o filme já está na hotlist devem estar no FilmNow.",src/filmnow/Main.java,
S03,official_sample,redacted,human,readability_and_documentation,Readability And Documentation,9.0,10,Na documentação procure deixar mais claro quais os parâmetros e o que aquele método faz.,src/filmnow/,
S04,official_sample,redacted,human,basic_functionality,Basic Functionality,9.0,10,"Caso o usuário tentasse adicionar um filme com local vazio deveria retornar ""FILME INVALIDO"".",src/filmnow/FilmNow.java,
S04,official_sample,redacted,human,unit_tests,Unit Tests,9.5,10,Faltou testar detalhar um filme que foi removido da hotlist.,tests/,
S04,official_sample,redacted,human,class_design,Class Design,10.0,10,Critério atendido.,,
S04,official_sample,redacted,human,object_references,Object References,10.0,10,Critério atendido.,,
S04,official_sample,redacted,human,collections_and_arrays,Collections And Arrays,10.0,10,Critério atendido.,,
S04,official_sample,redacted,human,separation_of_concerns,Separation Of Concerns,9.0,10,HotList deveria ser uma lista dentro de FilmNow não uma classe separada. A variável booleana 'hot' na classe Filme não deveria estar nela.,src/filmnow/HotList.java | src/filmnow/Filme.java,
S04,official_sample,redacted,human,readability_and_documentation,Readability And Documentation,10.0,10,Critério atendido.,,
S05,official_sample,redacted,human,basic_functionality,Basic Functionality,9.0,10,Atribuir hot a um filme que não existe numa posição válida deveria retornar 'POSIÇÃO INVÁLIDA'.,src/filmnow/FilmNow.java,
S05,official_sample,redacted,human,unit_tests,Unit Tests,9.5,10,Faltou testar detalhar um filme ex hot.,tests/,
S05,official_sample,redacted,human,class_design,Class Design,8.0,10,"O método equals de Filme usa == para comparar o atributo ano (String), comprometendo a verificação de duplicidade com entradas do usuário.",,
S05,official_sample,redacted,human,object_references,Object References,10.0,10,Critério atendido.,,
S05,official_sample,redacted,human,collections_and_arrays,Collections And Arrays,10.0,10,Critério atendido.,,
S05,official_sample,redacted,human,separation_of_concerns,Separation Of Concerns,9.0,10,A variável booleana 'hot' na classe Filme não deveria estar nela.,src/filmnow/Filme.java,
S05,official_sample,redacted,human,readability_and_documentation,Readability And Documentation,9.0,10,Tags Javadoc com descrições de @param e @return deixadas em branco em alguns métodos.,,
S06,official_sample,redacted,human,basic_functionality,Basic Functionality,8.5,10,Falta verificação de posição vazia nos métodos da HotList — posições válidas sem filme não retornam POSIÇÃO INVÁLIDA.,,
S06,official_sample,redacted,human,unit_tests,Unit Tests,9.0,10,"Faltaram testes específicos para hotFilme, ex-hot e diferentes versões de dados.",tests/,
S06,official_sample,redacted,human,class_design,Class Design,10.0,10,Critério atendido.,,
S06,official_sample,redacted,human,object_references,Object References,10.0,10,Critério atendido.,,
S06,official_sample,redacted,human,collections_and_arrays,Collections And Arrays,10.0,10,Critério atendido.,,
S06,official_sample,redacted,human,separation_of_concerns,Separation Of Concerns,10.0,10,Critério atendido.,,
S06,official_sample,redacted,human,readability_and_documentation,Readability And Documentation,9.0,10,Faltou documentação da classe Filme.,src/filmnow/Filme.java,
S07,official_sample,redacted,human,basic_functionality,Basic Functionality,10.0,10,Critério atendido.,,
S07,official_sample,redacted,human,unit_tests,Unit Tests,8.5,10,"Critério atendido. Além disso, faltam testes para o construtor e getters da classe Filme.",,
S07,official_sample,redacted,human,class_design,Class Design,9.0,10,A variável booleana 'temHot' na classe Filme não deveria estar nela.,src/filmnow/Filme.java,
S07,official_sample,redacted,human,object_references,Object References,9.0,10,"O hashcode está sendo gerado com base no nome e local, mas deveria ser nome e ano para manter consistência com o equals.",src/filmnow/Filme.java,
S07,official_sample,redacted,human,collections_and_arrays,Collections And Arrays,10.0,10,Critério atendido.,,
S07,official_sample,redacted,human,separation_of_concerns,Separation Of Concerns,9.0,10,A variável booleana 'temHot' não deveria estar na classe Filme (já contabilizado em class_design).,src/filmnow/Filme.java,
S07,official_sample,redacted,human,readability_and_documentation,Readability And Documentation,9.5,10,O método getLocal de Filme está com documentação incorreta.,src/filmnow/Filme.java,
S08,official_sample,redacted,human,basic_functionality,Basic Functionality,9.0,10,"O método detalharFilme não deveria imprimir ""POSIÇÃO INVÁLIDA"" para posições válidas sem filme.",src/filmnow/Main.java#detalharFilme,
S08,official_sample,redacted,human,unit_tests,Unit Tests,8.5,10,Faltou testar a exibição da hot list.,tests/,
S08,official_sample,redacted,human,class_design,Class Design,9.0,10,Atributos não utilizados na classe FilmNow.,src/filmnow/FilmNow.java,
S08,official_sample,redacted,human,object_references,Object References,10.0,10,Critério atendido.,,
S08,official_sample,redacted,human,collections_and_arrays,Collections And Arrays,10.0,10,Faltou verificação ao cadastrar filme na hotlist.,src/filmnow/FilmNow.java,
S08,official_sample,redacted,human,separation_of_concerns,Separation Of Concerns,10.0,10,Critério atendido.,,
S08,official_sample,redacted,human,readability_and_documentation,Readability And Documentation,6.0,10,Documentação incompleta.,src/filmnow/,
S09,official_sample,redacted,human,basic_functionality,Basic Functionality,9.0,10,"Nos métodos de hotlist, caso seja passada uma posição que não possui um filme deveria retornar 'POSIÇÃO INVÁLIDA'.",src/filmnow/FilmNow.java,
S09,official_sample,redacted,human,unit_tests,Unit Tests,9.5,10,Faltou testar detalhar um filme ex hot.,tests/,
S09,official_sample,redacted,human,class_design,Class Design,10.0,10,Critério atendido.,,
S09,official_sample,redacted,human,object_references,Object References,10.0,10,Critério atendido.,,
S09,official_sample,redacted,human,collections_and_arrays,Collections And Arrays,10.0,10,Critério atendido.,,
S09,official_sample,redacted,human,separation_of_concerns,Separation Of Concerns,9.0,10,A variável booleana 'hot' na classe Filme não deveria estar nela.,src/filmnow/Filme.java,
S09,official_sample,redacted,human,readability_and_documentation,Readability And Documentation,10.0,10,Critério atendido.,,
S10,official_sample,redacted,human,basic_functionality,Basic Functionality,10.0,10,Critério atendido.,,
S10,official_sample,redacted,human,unit_tests,Unit Tests,8.0,10,Faltaram testes de construtor e detalhar filme na Hotlist.,tests/,
S10,official_sample,redacted,human,class_design,Class Design,10.0,10,Critério atendido.,,
S10,official_sample,redacted,human,object_references,Object References,10.0,10,Critério atendido.,,
S10,official_sample,redacted,human,collections_and_arrays,Collections And Arrays,10.0,10,Critério atendido.,,
S10,official_sample,redacted,human,separation_of_concerns,Separation Of Concerns,9.0,10,A variável booleana 'hot' não deveria estar na classe Filme.,src/filmnow/Filme.java,
S10,official_sample,redacted,human,readability_and_documentation,Readability And Documentation,10.0,10,Critério atendido.,,
S11,official_sample,redacted,human,basic_functionality,Basic Functionality,10.0,10,Critério atendido.,,
S11,official_sample,redacted,human,unit_tests,Unit Tests,8.0,10,Faltou testar os métodos de exibir lista de filmes e exibir hot list.,tests/,
S11,official_sample,redacted,human,class_design,Class Design,8.0,10,"O método equals de Filme usa == para comparar o atributo anoDeLancamento (String), comprometendo a verificação de duplicidade.",,
S11,official_sample,redacted,human,object_references,Object References,10.0,10,Critério atendido.,,
S11,official_sample,redacted,human,collections_and_arrays,Collections And Arrays,10.0,10,Critério atendido.,,
S11,official_sample,redacted,human,separation_of_concerns,Separation Of Concerns,10.0,10,Critério atendido.,,
S11,official_sample,redacted,human,readability_and_documentation,Readability And Documentation,10.0,10,Critério atendido.,,
S12,official_sample,redacted,human,basic_functionality,Basic Functionality,9.0,10,"Nos métodos de hotlist, caso seja passada uma posição que não possui um filme deveria retornar 'POSIÇÃO INVÁLIDA'. Não está diminuindo -1 da posição passada ao acessar os arrays.",src/filmnow/FilmNow.java,
S12,official_sample,redacted,human,unit_tests,Unit Tests,5.0,10,"Não testou os métodos de hotlist, nem os métodos de mostrar a lista de filmes, nem de detalhar um filme.",tests/,
S12,official_sample,redacted,human,class_design,Class Design,10.0,10,Critério atendido.,,
S12,official_sample,redacted,human,object_references,Object References,10.0,10,Critério atendido.,,
S12,official_sample,redacted,human,collections_and_arrays,Collections And Arrays,7.0,10,"exibir hot está com muita lógica em filmnow, Filme que deveria ser responsável pelos detalhes de exibição.",src/filmnow/FilmNow.java,
S12,official_sample,redacted,human,separation_of_concerns,Separation Of Concerns,6.0,10,"A classe Main deve lidar apenas com a entrada e saída, verificações como posição inválida devem estar dentro de FilmNow.",src/filmnow/Main.java,
S12,official_sample,redacted,human,readability_and_documentation,Readability And Documentation,3.0,10,Não documentou a classe Filme e documentação da classe FilmNow incompleta.,src/filmnow/,
S13,official_sample,redacted,human,basic_functionality,Basic Functionality,8.5,10,Validação de posições na HotList usa || incorretamente e não verifica nulidade do filme. Detalhar posição vazia retorna POSIÇÃO INVÁLIDA em vez de vazio.,,
S13,official_sample,redacted,human,unit_tests,Unit Tests,9.5,10,Faltou testar a remoção da hotlist e exibir filme ex-hot.,tests/,
S13,official_sample,redacted,human,class_design,Class Design,10.0,10,Critério atendido.,,
S13,official_sample,redacted,human,object_references,Object References,10.0,10,Critério atendido.,,
S13,official_sample,redacted,human,collections_and_arrays,Collections And Arrays,10.0,10,Critério atendido.,,
S13,official_sample,redacted,human,separation_of_concerns,Separation Of Concerns,9.0,10,A variável booleana 'isHot' na classe Filme não deveria estar nela.,src/filmnow/Filme.java,
S13,official_sample,redacted,human,readability_and_documentation,Readability And Documentation,10.0,10,Critério atendido.,,
S14,official_sample,redacted,human,basic_functionality,Basic Functionality,8.0,10,MainFilmNow não imprime o retorno de detalhaFilme e adicionaHot. removeHot não valida limites nem nulidade.,,
S14,official_sample,redacted,human,unit_tests,Unit Tests,9.0,10,Não testou o equals da classe Filme nem exibir filme ex-hot.,tests/,
S14,official_sample,redacted,human,class_design,Class Design,10.0,10,Critério atendido.,,
S14,official_sample,redacted,human,object_references,Object References,10.0,10,Critério atendido.,,
S14,official_sample,redacted,human,collections_and_arrays,Collections And Arrays,10.0,10,Critério atendido.,,
S14,official_sample,redacted,human,separation_of_concerns,Separation Of Concerns,7.0,10,A classe Filme tem responsabilidade excessiva na exibição de detalhes.,src/filmnow/Filme.java | src/filmnow/FilmNow.java,
S14,official_sample,redacted,human,readability_and_documentation,Readability And Documentation,10.0,10,Critério atendido.,,
S15,official_sample,redacted,human,basic_functionality,Basic Functionality,8.0,10,Ao cadastrar um filme deveria verificar se o nome ou local está vazio. Ao adicionar um filme na hot list deveria verificar se a posição passada possuía um filme cadastrado.,src/filmnow/FilmNow.java,
S15,official_sample,redacted,human,unit_tests,Unit Tests,5.0,10,"Os testes estão testando apenas os cenários felizes, faltam testes de adicionar filme nas posições limite, sobreposição de filmes, testes de listar filmes, listar hot list, detalhar ex hot.",tests/,
S15,official_sample,redacted,human,class_design,Class Design,9.5,10,Inicialização de variáveis como ano na classe Filme devem ocorrer dentro do construtor.,src/filmnow/Filme.java,
S15,official_sample,redacted,human,object_references,Object References,10.0,10,Critério atendido.,,
S15,official_sample,redacted,human,collections_and_arrays,Collections And Arrays,10.0,10,Critério atendido.,,
S15,official_sample,redacted,human,separation_of_concerns,Separation Of Concerns,8.0,10,A variável booleana 'hot' na classe Filme não deveria estar nela.,src/filmnow/Filme.java,
S15,official_sample,redacted,human,readability_and_documentation,Readability And Documentation,5.0,10,Não documentou a classe Filme.,src/filmnow/Filme.java,
S16,official_sample,redacted,human,basic_functionality,Basic Functionality,4.5,10,Não implementou as funcionalidades de hotlist.,src/filmnow/FilmNow.java,
S16,official_sample,redacted,human,unit_tests,Unit Tests,0.0,10,Não implementou nenhum teste.,tests/,
S16,official_sample,redacted,human,class_design,Class Design,10.0,10,Critério atendido.,,
S16,official_sample,redacted,human,object_references,Object References,10.0,10,Critério atendido.,,
S16,official_sample,redacted,human,collections_and_arrays,Collections And Arrays,0.0,10,O método estaCadastrado possui erros de sintaxe que impedem a compilação.,,
S16,official_sample,redacted,human,separation_of_concerns,Separation Of Concerns,7.0,10,"A classe Main deve lidar apenas com a entrada e saída, verificações como posição inválida devem estar dentro da classe FilmNow. Mostrar filmes na main não deveria lidar com a classe Filme diretamente.",src/filmnow/Main.java,
S16,official_sample,redacted,human,readability_and_documentation,Readability And Documentation,7.0,10,Documentação incompleta da classe Filme.,src/filmnow/Filme.java,
S17,official_sample,redacted,human,basic_functionality,Basic Functionality,10.0,10,Critério atendido.,,
S17,official_sample,redacted,human,unit_tests,Unit Tests,7.0,10,Nomenclatura e cobertura de testes incompletas.,csv_monitor_notes,
S17,official_sample,redacted,human,class_design,Class Design,9.0,10,Inicialização fora do construtor.,csv_monitor_notes,
S17,official_sample,redacted,human,object_references,Object References,9.0,10,Problema em comparação e hash.,csv_monitor_notes,
S17,official_sample,redacted,human,collections_and_arrays,Collections And Arrays,10.0,10,Critério atendido.,,
S17,official_sample,redacted,human,separation_of_concerns,Separation Of Concerns,9.0,10,Lógica de validação exposta.,csv_monitor_notes,
S17,official_sample,redacted,human,readability_and_documentation,Readability And Documentation,10.0,10,Critério atendido.,,
S18,official_sample,redacted,human,basic_functionality,Basic Functionality,7.5,10,A adição de um segundo filme à HotList causa NullPointerException. Uso de == para comparar string vazia.,csv_monitor_notes,
S18,official_sample,redacted,human,unit_tests,Unit Tests,7.0,10,Cobertura limitada para classe Filme.,csv_monitor_notes,
S18,official_sample,redacted,human,class_design,Class Design,10.0,10,Critério atendido.,,
S18,official_sample,redacted,human,object_references,Object References,9.0,10,Implementação de hash incompleta.,csv_monitor_notes,
S18,official_sample,redacted,human,collections_and_arrays,Collections And Arrays,10.0,10,Critério atendido.,,
S18,official_sample,redacted,human,separation_of_concerns,Separation Of Concerns,8.0,10,Responsabilidade misturada em Filme.,csv_monitor_notes,
S18,official_sample,redacted,human,readability_and_documentation,Readability And Documentation,9.5,10,Documentação incompleta em método.,csv_monitor_notes,
S19,official_sample,redacted,human,basic_functionality,Basic Functionality,10.0,10,Falta validação de posição inválida.,csv_monitor_notes,
S19,official_sample,redacted,human,unit_tests,Unit Tests,8.0,10,Cobertura incompleta de métodos de listagem.,csv_monitor_notes,
S19,official_sample,redacted,human,class_design,Class Design,10.0,10,Critério atendido.,,
S19,official_sample,redacted,human,object_references,Object References,10.0,10,Critério atendido.,,
S19,official_sample,redacted,human,collections_and_arrays,Collections And Arrays,10.0,10,Critério atendido.,,
S19,official_sample,redacted,human,separation_of_concerns,Separation Of Concerns,10.0,10,Critério atendido.,,
S19,official_sample,redacted,human,readability_and_documentation,Readability And Documentation,10.0,10,Critério atendido.,,
S20,official_sample,redacted,human,basic_functionality,Basic Functionality,8.0,10,Problemas na especificação de índices e validações de hotlist.,csv_monitor_notes,
S20,official_sample,redacted,human,unit_tests,Unit Tests,7.0,10,Cobertura incompleta em métodos importantes.,csv_monitor_notes,
S20,official_sample,redacted,human,class_design,Class Design,10.0,10,Critério atendido.,,
S20,official_sample,redacted,human,object_references,Object References,10.0,10,Critério atendido.,,
S20,official_sample,redacted,human,collections_and_arrays,Collections And Arrays,8.0,10,Tamanho de array e indexação incorretos.,csv_monitor_notes,
S20,official_sample,redacted,human,separation_of_concerns,Separation Of Concerns,8.0,10,Múltiplas violações de separação de responsabilidades.,csv_monitor_notes,
S20,official_sample,redacted,human,readability_and_documentation,Readability And Documentation,10.0,10,Critério atendido.,,
S21,official_sample,redacted,human,basic_functionality,Basic Functionality,8.0,10,O sistema falha ao tratar duplicatas e não exibe corretamente os retornos da lógica de negócio.,csv_monitor_notes,
S21,official_sample,redacted,human,unit_tests,Unit Tests,7.0,10,Cobertura de testes incompleta para as funcionalidades principais.,csv_monitor_notes,
S21,official_sample,redacted,human,class_design,Class Design,10.0,10,Critério atendido.,,
S21,official_sample,redacted,human,object_references,Object References,9.0,10,Uso incorreto de comparação de igualdade para Strings.,csv_monitor_notes,
S21,official_sample,redacted,human,collections_and_arrays,Collections And Arrays,9.0,10,Problemas na manipulação de índices e validação de limites do array.,csv_monitor_notes,
S21,official_sample,redacted,human,separation_of_concerns,Separation Of Concerns,9.0,10,Estado da hotlist sendo gerenciado pela entidade Filme.,csv_monitor_notes,
S21,official_sample,redacted,human,readability_and_documentation,Readability And Documentation,10.0,10,Critério atendido.,,
S22,official_sample,redacted,human,basic_functionality,Basic Functionality,10.0,10,Critério atendido.,,
S22,official_sample,redacted,human,unit_tests,Unit Tests,3.0,10,"Suíte de testes extremamente insuficiente, negligenciando a maioria das classes e funcionalidades.",csv_monitor_notes,
S22,official_sample,redacted,human,class_design,Class Design,9.0,10,Deficiência na inicialização de estruturas de dados e delegação de responsabilidades.,csv_monitor_notes,
S22,official_sample,redacted,human,object_references,Object References,10.0,10,Critério atendido.,,
S22,official_sample,redacted,human,collections_and_arrays,Collections And Arrays,10.0,10,Critério atendido.,,
S22,official_sample,redacted,human,separation_of_concerns,Separation Of Concerns,7.0,10,Violações de SRP na entidade Filme e na classe Main.,csv_monitor_notes,
S22,official_sample,redacted,human,readability_and_documentation,Readability And Documentation,9.0,10,Documentação Javadoc incompleta.,csv_monitor_notes,
S23,official_sample,redacted,human,basic_functionality,Basic Functionality,7.5,10,Não implementou os métodos de hotlist.,src/filmnow/FilmNow.java,
S23,official_sample,redacted,human,unit_tests,Unit Tests,0.0,10,Não implementou testes.,tests/,
S23,official_sample,redacted,human,class_design,Class Design,9.0,10,O método equals da classe Filme compara o atributo 'ano' (String) usando o operador '==' em vez de '.equals()'.,src/filmnow/Filme.java,
S23,official_sample,redacted,human,object_references,Object References,8.0,10,A tentativa de adicionar um filme à HotList na Main cria um novo objeto Filme com valores nulos em vez de usar a referência do filme já existente no acervo.,src/filmnow/Main.java,
S23,official_sample,redacted,human,collections_and_arrays,Collections And Arrays,10.0,10,Critério atendido.,,
S23,official_sample,redacted,human,separation_of_concerns,Separation Of Concerns,7.0,10,"A classe Main deve lidar apenas com a entrada e saída, os métodos que enviam objetos Filme para a main deveriam enviar a representação em string. Também não deveria verificar posições inválidas.",src/filmnow/Main.java,
S23,official_sample,redacted,human,readability_and_documentation,Readability And Documentation,7.0,10,Não documentou a classe Filme.,src/filmnow/Filme.java,
S24,official_sample,redacted,human,basic_functionality,Basic Functionality,9.0,10,O sistema carece de tratamento de erros amigável em operações de hotlist.,csv_monitor_notes,
S24,official_sample,redacted,human,unit_tests,Unit Tests,7.0,10,Lacunas importantes na cobertura de testes para métodos de igualdade e manipulação de estado.,csv_monitor_notes,
S24,official_sample,redacted,human,class_design,Class Design,10.0,10,Critério atendido.,,
S24,official_sample,redacted,human,object_references,Object References,10.0,10,Critério atendido.,,
S24,official_sample,redacted,human,collections_and_arrays,Collections And Arrays,10.0,10,Critério atendido.,,
S24,official_sample,redacted,human,separation_of_concerns,Separation Of Concerns,8.0,10,Quebra de encapsulamento e má distribuição de responsabilidades de exibição.,csv_monitor_notes,
S24,official_sample,redacted,human,readability_and_documentation,Readability And Documentation,10.0,10,Critério atendido.,,
S25,official_sample,redacted,human,basic_functionality,Basic Functionality,10.0,10,Critério atendido.,,
S25,official_sample,redacted,human,unit_tests,Unit Tests,8.5,10,"Testes adequados para o fluxo principal, mas incompletos em validações de igualdade e robustez.",csv_monitor_notes,
S25,official_sample,redacted,human,class_design,Class Design,10.0,10,Critério atendido.,,
S25,official_sample,redacted,human,object_references,Object References,10.0,10,Critério atendido.,,
S25,official_sample,redacted,human,collections_and_arrays,Collections And Arrays,8.0,10,Uso inadequado de estruturas de dados conforme a especificação do problema.,csv_monitor_notes,
S25,official_sample,redacted,human,separation_of_concerns,Separation Of Concerns,10.0,10,Critério atendido.,,
S25,official_sample,redacted,human,readability_and_documentation,Readability And Documentation,10.0,10,Critério atendido.,,
S26,official_sample,redacted,human,basic_functionality,Basic Functionality,9.0,10,"Critério atendido, apesar de inconsistência menor em retorno de erro da hotlist. O sistema lança NumberFormatException ao receber ano vazio, encerrando abruptamente em vez de exibir mensagem de erro.",csv_monitor_notes | src/filmnow/MainFilmNow.java,
S26,official_sample,redacted,human,unit_tests,Unit Tests,7.0,10,Faltam testes para o caminho feliz de cadastro e operações de listagem.,csv_monitor_notes,
S26,official_sample,redacted,human,class_design,Class Design,8.5,10,Problemas na estruturação do construtor e acoplamento na classe Main.,csv_monitor_notes,
S26,official_sample,redacted,human,object_references,Object References,10.0,10,Critério atendido.,,
S26,official_sample,redacted,human,collections_and_arrays,Collections And Arrays,10.0,10,Critério atendido.,,
S26,official_sample,redacted,human,separation_of_concerns,Separation Of Concerns,10.0,10,Critério atendido.,,
S26,official_sample,redacted,human,readability_and_documentation,Readability And Documentation,8.0,10,Faltam Javadocs em métodos importantes do controlador.,csv_monitor_notes,
S27,official_sample,redacted,human,basic_functionality,Basic Functionality,8.5,10,"A lógica de adição na HotList está incompleta: não impede duplicatas, não remove o status 'hot' do filme antigo ao sobrescrever uma posição e não valida os limites do array. Além disso, o método de cadastro não valida se o campo 'local' está vazio.",csv_monitor_notes | src/filmnow/FilmNow.java,
S27,official_sample,redacted,human,unit_tests,Unit Tests,5.0,10,Ausência total de testes para a classe entidade e lacunas no controlador.,csv_monitor_notes,
S27,official_sample,redacted,human,class_design,Class Design,10.0,10,Critério atendido.,,
S27,official_sample,redacted,human,object_references,Object References,10.0,10,Critério atendido.,,
S27,official_sample,redacted,human,collections_and_arrays,Collections And Arrays,10.0,10,Critério atendido.,,
S27,official_sample,redacted,human,separation_of_concerns,Separation Of Concerns,8.0,10,Violação de responsabilidades na classe Filme e na classe Main.,csv_monitor_notes,
S27,official_sample,redacted,human,readability_and_documentation,Readability And Documentation,7.0,10,Documentação Javadoc insuficiente para o projeto.,csv_monitor_notes,
S28,official_sample,redacted,human,basic_functionality,Basic Functionality,8.5,10,Problemas na lógica de indexação que impedem o uso total das funcionalidades do sistema.,csv_monitor_notes,
S28,official_sample,redacted,human,unit_tests,Unit Tests,9.0,10,"Boa cobertura, mas com pequenas omissões em casos de borda e listagens.",csv_monitor_notes,
S28,official_sample,redacted,human,class_design,Class Design,10.0,10,Critério atendido.,,
S28,official_sample,redacted,human,object_references,Object References,10.0,10,Critério atendido.,,
S28,official_sample,redacted,human,collections_and_arrays,Collections And Arrays,7.0,10,Uso de coleção dinâmica em vez de array fixo conforme especificado.,csv_monitor_notes,
S28,official_sample,redacted,human,separation_of_concerns,Separation Of Concerns,5.0,10,Forte acoplamento entre a interface (Main) e as regras de negócio.,csv_monitor_notes,
S28,official_sample,redacted,human,readability_and_documentation,Readability And Documentation,10.0,10,Critério atendido.,,
S29,official_sample,redacted,human,basic_functionality,Basic Functionality,9.0,10,Retornos de erro imprecisos em operações de exibição.,csv_monitor_notes,
S29,official_sample,redacted,human,unit_tests,Unit Tests,10.0,10,Critério atendido.,,
S29,official_sample,redacted,human,class_design,Class Design,10.0,10,Critério atendido.,,
S29,official_sample,redacted,human,object_references,Object References,10.0,10,Critério atendido.,,
S29,official_sample,redacted,human,collections_and_arrays,Collections And Arrays,7.0,10,Uso de estruturas de dados flexíveis onde era exigido um limite fixo via array.,csv_monitor_notes,
S29,official_sample,redacted,human,separation_of_concerns,Separation Of Concerns,10.0,10,Critério atendido.,,
S29,official_sample,redacted,human,readability_and_documentation,Readability And Documentation,10.0,10,Critério atendido.,,
S30,official_sample,redacted,human,basic_functionality,Basic Functionality,10.0,10,Critério atendido.,,
S30,official_sample,redacted,human,unit_tests,Unit Tests,8.0,10,Testes de unidade ausentes para métodos de representação e listagem.,csv_monitor_notes,
S30,official_sample,redacted,human,class_design,Class Design,10.0,10,Critério atendido.,,
S30,official_sample,redacted,human,object_references,Object References,10.0,10,Critério atendido.,,
S30,official_sample,redacted,human,collections_and_arrays,Collections And Arrays,10.0,10,Critério atendido.,,
S30,official_sample,redacted,human,separation_of_concerns,Separation Of Concerns,7.0,10,Problemas de coesão e má distribuição de responsabilidades de visualização.,csv_monitor_notes,
S30,official_sample,redacted,human,readability_and_documentation,Readability And Documentation,7.0,10,Ausência total de documentação na classe principal de domínio.,csv_monitor_notes,
S31,official_sample,redacted,human,basic_functionality,Basic Functionality,1.5,10,Não implementou os métodos de hotlist. O método de detalhar um filme na Main chama um método não implementado do FilmNow.,src/filmnow/FilmNow.java,
S31,official_sample,redacted,human,unit_tests,Unit Tests,0.0,10,Não implementou testes.,tests/,
S31,official_sample,redacted,human,class_design,Class Design,5.0,10,Classe Filme praticamente não implementada e variáveis foram declaradas dentro de um método estático main.,src/filmnow/Filme.java,
S31,official_sample,redacted,human,object_references,Object References,10.0,10,Critério atendido.,,
S31,official_sample,redacted,human,collections_and_arrays,Collections And Arrays,10.0,10,Critério atendido.,,
S31,official_sample,redacted,human,separation_of_concerns,Separation Of Concerns,0.0,10,"Classe FilmNow imprimindo saídas diretamente, sendo que era responsabilidade da classe Main lidar com a entrada e saída.",src/filmnow/FilmNow.java,
S31,official_sample,redacted,human,readability_and_documentation,Readability And Documentation,5.0,10,Não documentou os métodos.,src/filmnow/,
S32,official_sample,redacted,human,basic_functionality,Basic Functionality,9.0,10,Atribuir hot a um filme que não existe numa posição válida deveria retornar 'POSIÇÃO INVÁLIDA'.,src/filmnow/FilmNow.java,
S32,official_sample,redacted,human,unit_tests,Unit Tests,8.0,10,"Faltou testar os métodos de listar filmes, listar hotlist, detalhar um filme hot e um filme ex hot.",tests/,
S32,official_sample,redacted,human,class_design,Class Design,10.0,10,Critério atendido.,,
S32,official_sample,redacted,human,object_references,Object References,10.0,10,Critério atendido.,,
S32,official_sample,redacted,human,collections_and_arrays,Collections And Arrays,10.0,10,Critério atendido.,,
S32,official_sample,redacted,human,separation_of_concerns,Separation Of Concerns,8.0,10,As variáveis 'posicao' e 'status' na classe Filme não deveriam estar nela.,src/filmnow/Filme.java,
S32,official_sample,redacted,human,readability_and_documentation,Readability And Documentation,10.0,10,Critério atendido.,,
S33,official_sample,redacted,human,basic_functionality,Basic Functionality,9.0,10,"Nos métodos de Hot, as posições de entrada vão de 1-10, não de 0-9. Em cadastraHotList, não está verificando se a posição na lista de filmes é válida. Em cadastraFilm, se o local é inválido, deve retornar 'FILME INVALIDO'.",src/filmnow/FilmNow.java,
S33,official_sample,redacted,human,unit_tests,Unit Tests,5.0,10,Faltam implementações de testes para os métodos de hotlist.,tests/,
S33,official_sample,redacted,human,class_design,Class Design,10.0,10,Critério atendido.,,
S33,official_sample,redacted,human,object_references,Object References,10.0,10,Critério atendido.,,
S33,official_sample,redacted,human,collections_and_arrays,Collections And Arrays,10.0,10,Critério atendido.,,
S33,official_sample,redacted,human,separation_of_concerns,Separation Of Concerns,9.0,10,A variável booleana 'hot' na classe Filme não deveria estar nela.,src/filmnow/Filme.java,
S33,official_sample,redacted,human,readability_and_documentation,Readability And Documentation,10.0,10,Critério atendido.,,
S34,official_sample,redacted,human,basic_functionality,Basic Functionality,10.0,10,Critério atendido.,,
S34,official_sample,redacted,human,unit_tests,Unit Tests,9.0,10,"Boa cobertura de testes, com pequenas omissões em casos de exibição.",csv_monitor_notes,
S34,official_sample,redacted,human,class_design,Class Design,10.0,10,Critério atendido.,,
S34,official_sample,redacted,human,object_references,Object References,10.0,10,Critério atendido.,,
S34,official_sample,redacted,human,collections_and_arrays,Collections And Arrays,10.0,10,Critério atendido.,,
S34,official_sample,redacted,human,separation_of_concerns,Separation Of Concerns,10.0,10,Critério atendido.,,
S34,official_sample,redacted,human,readability_and_documentation,Readability And Documentation,10.0,10,Critério atendido.,,
S35,official_sample,redacted,human,basic_functionality,Basic Functionality,0.0,10,Nenhuma funcionalidade do sistema foi implementada.,csv_monitor_notes,
S35,official_sample,redacted,human,unit_tests,Unit Tests,0.0,10,Ausência total de testes.,csv_monitor_notes,
S35,official_sample,redacted,human,class_design,Class Design,4.0,10,Estrutura de classes incompleta e insuficiente.,csv_monitor_notes,
S35,official_sample,redacted,human,object_references,Object References,10.0,10,Critério atendido.,,
S35,official_sample,redacted,human,collections_and_arrays,Collections And Arrays,10.0,10,Critério atendido.,,
S35,official_sample,redacted,human,separation_of_concerns,Separation Of Concerns,10.0,10,Critério atendido.,,
S35,official_sample,redacted,human,readability_and_documentation,Readability And Documentation,0.0,10,Ausência de documentação Javadoc.,csv_monitor_notes,
S36,official_sample,redacted,human,basic_functionality,Basic Functionality,9.0,10,O sistema lança NumberFormatException se o usuário deixar o ano vazio na entrada de dados.,src/filmnow/FilmNow.java,
S36,official_sample,redacted,human,unit_tests,Unit Tests,9.5,10,"Suíte de testes quase completa, com uma pequena lacuna em cenários de exibição.",csv_monitor_notes,
S36,official_sample,redacted,human,class_design,Class Design,10.0,10,Critério atendido.,,
S36,official_sample,redacted,human,object_references,Object References,10.0,10,Critério atendido.,,
S36,official_sample,redacted,human,collections_and_arrays,Collections And Arrays,10.0,10,Critério atendido.,,
S36,official_sample,redacted,human,separation_of_concerns,Separation Of Concerns,9.0,10,Acoplamento entre a interface e o retorno dos métodos do controlador.,csv_monitor_notes,
S36,official_sample,redacted,human,readability_and_documentation,Readability And Documentation,10.0,10,Critério atendido.,,
S37,official_sample,redacted,human,basic_functionality,Basic Functionality,9.0,10,Falha na validação de limites em operações de hotlist.,csv_monitor_notes,
S37,official_sample,redacted,human,unit_tests,Unit Tests,9.0,10,"Boa cobertura, mas com lacunas em cenários específicos de hotlist.",csv_monitor_notes,
S37,official_sample,redacted,human,class_design,Class Design,10.0,10,Critério atendido.,,
S37,official_sample,redacted,human,object_references,Object References,9.0,10,Uso incorreto de operadores de igualdade para tipos por referência.,csv_monitor_notes,
S37,official_sample,redacted,human,collections_and_arrays,Collections And Arrays,10.0,10,Critério atendido.,,
S37,official_sample,redacted,human,separation_of_concerns,Separation Of Concerns,9.0,10,Violação de encapsulamento com estado da hotlist em Filme.,csv_monitor_notes,
S37,official_sample,redacted,human,readability_and_documentation,Readability And Documentation,10.0,10,Critério atendido.,,
S38,official_sample,redacted,human,basic_functionality,Basic Functionality,8.5,10,"Uso incorreto de métodos de leitura do Scanner, prejudicando a entrada de dados compostos.",csv_monitor_notes,
S38,official_sample,redacted,human,unit_tests,Unit Tests,10.0,10,Critério atendido.,,
S38,official_sample,redacted,human,class_design,Class Design,9.0,10,O método equals da classe Filme compara o atributo ano (String) usando o operador '==' em vez de '.equals()'.,src/filmnow/Filme.java,
S38,official_sample,redacted,human,object_references,Object References,10.0,10,Critério atendido.,,
S38,official_sample,redacted,human,collections_and_arrays,Collections And Arrays,10.0,10,Critério atendido.,,
S38,official_sample,redacted,human,separation_of_concerns,Separation Of Concerns,8.0,10,Violação de responsabilidades de visualização e encapsulamento.,csv_monitor_notes,
S38,official_sample,redacted,human,readability_and_documentation,Readability And Documentation,10.0,10,Critério atendido.,,
S39,official_sample,redacted,human,basic_functionality,Basic Functionality,9.0,10,"Atribuir hot a um filme que não existe numa posição válida deveria retornar 'POSIÇÃO INVÁLIDA'. No método de remover um filme da hot list, caso não tenha um filme na posição indicada deveria retornar 'POSIÇÃO INVÁLIDA'.",src/filmnow/FilmNow.java,
S39,official_sample,redacted,human,unit_tests,Unit Tests,2.0,10,Só está testando o construtor e o método de exibição de Filme.,tests/,
S39,official_sample,redacted,human,class_design,Class Design,10.0,10,Critério atendido.,,
S39,official_sample,redacted,human,object_references,Object References,10.0,10,Critério atendido.,,
S39,official_sample,redacted,human,collections_and_arrays,Collections And Arrays,5.0,10,Hotlist deveria ser um array na classe FilmNow com apenas 10 posições.,src/filmnow/FilmNow.java,
S39,official_sample,redacted,human,separation_of_concerns,Separation Of Concerns,7.0,10,"As variáveis booleanas 'hot' e 'posicionHot' na classe Filme não deveriam estar nela. A classe filme que deveria ser responsável pela exibição dos seus detalhes, mas o código pega os atributos de Filme diretamente.",src/filmnow/Filme.java | src/filmnow/FilmNow.java,
S39,official_sample,redacted,human,readability_and_documentation,Readability And Documentation,10.0,10,Critério atendido.,,
S40,official_sample,redacted,human,basic_functionality,Basic Functionality,9.0,10,As operações adicionaHotList e removeHotList possuem validações de limite incorretas ou ausentes.,src/filmnow/FilmNow.java,
S40,official_sample,redacted,human,unit_tests,Unit Tests,10.0,10,Critério atendido.,,
S40,official_sample,redacted,human,class_design,Class Design,10.0,10,"Critério atendido, com pequena observação pedagógica sobre encapsulamento.",manual_refinement,
S40,official_sample,redacted,human,object_references,Object References,10.0,10,Critério atendido.,,
S40,official_sample,redacted,human,collections_and_arrays,Collections And Arrays,10.0,10,"Critério atendido, com pequena observação sobre validação de índices.",manual_refinement,
S40,official_sample,redacted,human,separation_of_concerns,Separation Of Concerns,9.0,10,Pequena falha na separação de responsabilidades (já contemplada nas observações de Class Design).,,
S40,official_sample,redacted,human,readability_and_documentation,Readability And Documentation,10.0,10,Critério atendido.,,
S41,official_sample,redacted,human,basic_functionality,Basic Functionality,9.5,10,Faltou implementar a verificação se um filme já está na hotlist antes de adicionar na hotlist. A classe Filme não implementou o método toString() para exibir seus detalhes.,,
S41,official_sample,redacted,human,unit_tests,Unit Tests,9.0,10,Faltou testar a exibição da hotlist e detalhar um filme ex-hot.,,
S41,official_sample,redacted,human,class_design,Class Design,10.0,10,Critério atendido.,,
S41,official_sample,redacted,human,object_references,Object References,9.0,10,O método atribuirHot cria uma nova instância de Filme (new Filme(...)) em vez de armazenar a referência do filme já existente no acervo.,src/filmnow/FilmNow.java,
S41,official_sample,redacted,human,collections_and_arrays,Collections And Arrays,10.0,10,Critério atendido.,,
S41,official_sample,redacted,human,separation_of_concerns,Separation Of Concerns,6.5,10,"A classe Main está executando lógica de negócio, como verificar se um filme existe no método atribuirHot, além de manipular objetos Filme diretamente em vez de usar índices.",,
S41,official_sample,redacted,human,readability_and_documentation,Readability And Documentation,10.0,10,Critério atendido.,,
S42,official_sample,redacted,human,basic_functionality,Basic Functionality,10.0,10,Critério atendido.,,
S42,official_sample,redacted,human,unit_tests,Unit Tests,9.0,10,Faltou testar a exibição da hotlist e detalhar um filme ex-hot.,,
S42,official_sample,redacted,human,class_design,Class Design,9.0,10,O método equals da classe Filme compara o atributo ano (String) usando o operador '==' em vez de '.equals()'.,src/filmnow/Filme.java,
S42,official_sample,redacted,human,object_references,Object References,10.0,10,Critério atendido.,,
S42,official_sample,redacted,human,collections_and_arrays,Collections And Arrays,10.0,10,Critério atendido.,,
S42,official_sample,redacted,human,separation_of_concerns,Separation Of Concerns,9.0,10,"A classe Main está realizando verificações de lógica de negócio, como a validade das posições informadas.",,
S42,official_sample,redacted,human,readability_and_documentation,Readability And Documentation,10.0,10,Critério atendido.,,
S43,official_sample,redacted,human,basic_functionality,Basic Functionality,6.5,10,Não foram implementadas as funcionalidades relacionadas à Hotlist. O método listarFilmes lança NullPointerException por falta de verificação de existência de filme na posição.,,
S43,official_sample,redacted,human,unit_tests,Unit Tests,2.0,10,Os testes não estão em formato executável e não cobrem a classe Filme nem a Hotlist.,,
S43,official_sample,redacted,human,class_design,Class Design,8.0,10,A classe Filme está com o nome incorreto (possivelmente grafia errada ou fora do padrão).,,
S43,official_sample,redacted,human,object_references,Object References,10.0,10,Uso do operador '==' para comparar Strings no método equals da classe Filme.,,
S43,official_sample,redacted,human,collections_and_arrays,Collections And Arrays,10.0,10,Critério atendido.,,
S43,official_sample,redacted,human,separation_of_concerns,Separation Of Concerns,8.0,10,"O método main da classe principal está sobrecarregado com todo o código, em vez de distribuir a lógica em métodos estáticos auxiliares ou na classe de domínio.",,
S43,official_sample,redacted,human,readability_and_documentation,Readability And Documentation,8.0,10,Alguns métodos não seguem o padrão Javadoc.,,
S44,official_sample,redacted,human,basic_functionality,Basic Functionality,9.0,10,Faltou implementar o toString() na classe Filme e o método mostrarFilmes diverge da especificação.,,
S44,official_sample,redacted,human,unit_tests,Unit Tests,0.0,10,Não foram implementados testes unitários.,,
S44,official_sample,redacted,human,class_design,Class Design,10.0,10,Critério atendido.,,
S44,official_sample,redacted,human,object_references,Object References,9.0,10,A inicialização do array da Hotlist ocorre fora do construtor.,,
S44,official_sample,redacted,human,collections_and_arrays,Collections And Arrays,10.0,10,Critério atendido.,,
S44,official_sample,redacted,human,separation_of_concerns,Separation Of Concerns,5.5,10,A variável 'isHot' na classe Filme acopla o domínio à regra de negócio da Hotlist. A classe Main contém verificações de nulidade e prints estão espalhados em outras classes.,,
S44,official_sample,redacted,human,readability_and_documentation,Readability And Documentation,2.0,10,A documentação não está no padrão JavaDoc e carece de clareza e objetividade.,,
S45,official_sample,redacted,human,basic_functionality,Basic Functionality,10.0,10,Critério atendido.,,
S45,official_sample,redacted,human,unit_tests,Unit Tests,8.0,10,Faltou testar o método detalhesString da classe Filme e cenários de filmes na hotlist/ex-hot.,,
S45,official_sample,redacted,human,class_design,Class Design,10.0,10,Critério atendido.,,
S45,official_sample,redacted,human,object_references,Object References,10.0,10,Critério atendido.,,
S45,official_sample,redacted,human,collections_and_arrays,Collections And Arrays,10.0,10,Critério atendido.,,
S45,official_sample,redacted,human,separation_of_concerns,Separation Of Concerns,8.0,10,Lógica de exibição de detalhes de filmes da Hotlist está na classe FilmNow em vez de usar o toString da classe Filme.,,
S45,official_sample,redacted,human,readability_and_documentation,Readability And Documentation,10.0,10,Critério atendido.,,
S46,official_sample,redacted,human,basic_functionality,Basic Functionality,9.0,10,Os métodos atribuirHotFilme e removerHotFilme não verificam se as posições passadas estão dentro dos limites dos arrays antes de acessá-los.,src/filmnow/FilmNow.java,
S46,official_sample,redacted,human,unit_tests,Unit Tests,9.5,10,Faltou testar filme ex-hot.,,
S46,official_sample,redacted,human,class_design,Class Design,10.0,10,Critério atendido.,,
S46,official_sample,redacted,human,object_references,Object References,10.0,10,Critério atendido.,,
S46,official_sample,redacted,human,collections_and_arrays,Collections And Arrays,9.0,10,Erro na indexação (1-100).,,
S46,official_sample,redacted,human,separation_of_concerns,Separation Of Concerns,10.0,10,Critério atendido.,,
S46,official_sample,redacted,human,readability_and_documentation,Readability And Documentation,7.0,10,Não documentou a Filme.,,
S47,official_sample,redacted,human,basic_functionality,Basic Functionality,10.0,10,Critério atendido.,,
S47,official_sample,redacted,human,unit_tests,Unit Tests,9.5,10,Faltou testar o cenário de filme ex-hot.,,
S47,official_sample,redacted,human,class_design,Class Design,10.0,10,Critério atendido.,,
S47,official_sample,redacted,human,object_references,Object References,10.0,10,Critério atendido.,,
S47,official_sample,redacted,human,collections_and_arrays,Collections And Arrays,10.0,10,Critério atendido.,,
S47,official_sample,redacted,human,separation_of_concerns,Separation Of Concerns,7.0,10,A classe Filme guarda sua própria posição na lista geral.,,
S47,official_sample,redacted,human,readability_and_documentation,Readability And Documentation,0.0,10,Ausência total de documentação nas classes.,,
S48,official_sample,redacted,human,basic_functionality,Basic Functionality,8.0,10,"A manipulação do array da HotList utiliza uma variável 'ultimoHot' para empilhar e desempilhar elementos em vez de usar a posição especificada pelo usuário. Além disso, retorno vazio em vez de 'POSIÇÃO INVÁLIDA' para filmes inexistentes.",src/filmnow/FilmNow.java,
S48,official_sample,redacted,human,unit_tests,Unit Tests,7.0,10,Faltou testar hotlist e listagem de filmes.,,
S48,official_sample,redacted,human,class_design,Class Design,9.0,10,Critério atendido ou sem observações específicas.,,
S48,official_sample,redacted,human,object_references,Object References,10.0,10,Uso de '==' para comparação de strings no equals de Filme.,,
S48,official_sample,redacted,human,collections_and_arrays,Collections And Arrays,10.0,10,Critério atendido.,,
S48,official_sample,redacted,human,separation_of_concerns,Separation Of Concerns,8.0,10,O estado 'isHot' está na classe Filme e a Main realiza validações de índices.,,
S48,official_sample,redacted,human,readability_and_documentation,Readability And Documentation,5.0,10,Documentação incompleta ou ausente na classe Filme e FilmNow.,,
S49,official_sample,redacted,human,basic_functionality,Basic Functionality,10,10,Critério atendido.,,
S49,official_sample,redacted,human,unit_tests,Unit Tests,9.0,10,Faltou testar a substituição de filmes na hotlist e a exibição de filme ex-hot.,,
S49,official_sample,redacted,human,class_design,Class Design,10.0,10,Critério atendido.,,
S49,official_sample,redacted,human,object_references,Object References,10.0,10,Critério atendido.,,
S49,official_sample,redacted,human,collections_and_arrays,Collections And Arrays,10.0,10,Critério atendido.,,
S49,official_sample,redacted,human,separation_of_concerns,Separation Of Concerns,8.0,10,A classe FilmNow está formatando os detalhes do filme em vez de chamar o toString.,,
S49,official_sample,redacted,human,readability_and_documentation,Readability And Documentation,10.0,10,Critério atendido.,,
S50,official_sample,redacted,human,basic_functionality,Basic Functionality,10.0,10,Critério atendido.,,
S50,official_sample,redacted,human,unit_tests,Unit Tests,9.5,10,Faltou testar filme ex-hot.,,
S50,official_sample,redacted,human,class_design,Class Design,9.0,10,Uso de '==' para comparação de Strings no método nomeAno.,,
S50,official_sample,redacted,human,object_references,Object References,10.0,10,Critério atendido.,,
S50,official_sample,redacted,human,collections_and_arrays,Collections And Arrays,10.0,10,Critério atendido.,,
S50,official_sample,redacted,human,separation_of_concerns,Separation Of Concerns,9.0,10,Variável 'statusHot' na classe Filme.,,
S50,official_sample,redacted,human,readability_and_documentation,Readability And Documentation,10.0,10,Critério atendido.,,
S51,official_sample,redacted,human,basic_functionality,Basic Functionality,9.0,10,Mensagens de saída divergem da especificação.,,
S51,official_sample,redacted,human,unit_tests,Unit Tests,9.5,10,Faltou testar exibição de filme ex-hot.,,
S51,official_sample,redacted,human,class_design,Class Design,9.0,10,Uso de '==' no equals e divergência nas mensagens de saída.,,
S51,official_sample,redacted,human,object_references,Object References,10.0,10,Critério atendido.,,
S51,official_sample,redacted,human,collections_and_arrays,Collections And Arrays,10.0,10,Critério atendido.,,
S51,official_sample,redacted,human,separation_of_concerns,Separation Of Concerns,9.0,10,Variável 'hot' na classe Filme.,,
S51,official_sample,redacted,human,readability_and_documentation,Readability And Documentation,10.0,10,Critério atendido.,,
S52,official_sample,redacted,human,basic_functionality,Basic Functionality,9.0,10,"O método getFilmes() contém um System.out.println(this.filmes[1].toString()) fixo, imprimindo sempre o segundo filme independentemente do contexto.",src/filmnow/FilmNow.java,
S52,official_sample,redacted,human,unit_tests,Unit Tests,9.0,10,Faltou testar o método equals da classe Filme.,,
S52,official_sample,redacted,human,class_design,Class Design,10.0,10,Critério atendido.,,
S52,official_sample,redacted,human,object_references,Object References,10.0,10,Critério atendido.,,
S52,official_sample,redacted,human,collections_and_arrays,Collections And Arrays,10.0,10,Critério atendido.,,
S52,official_sample,redacted,human,separation_of_concerns,Separation Of Concerns,8.0,10,Variável 'hot' na classe Filme e presença de prints no método getFilmes da FilmNow.,,
S52,official_sample,redacted,human,readability_and_documentation,Readability And Documentation,10.0,10,Critério atendido.,,
S53,official_sample,redacted,human,basic_functionality,Basic Functionality,9.0,10,Uso do operador '==' para comparar strings vazias no cadastro de filmes.,src/filmnow/FilmNow.java,
S53,official_sample,redacted,human,unit_tests,Unit Tests,7.0,10,"Falta de testes para detalhamento de filmes (comum, hot e ex-hot).",,
S53,official_sample,redacted,human,class_design,Class Design,10.0,10,Critério atendido.,,
S53,official_sample,redacted,human,object_references,Object References,10.0,10,Critério atendido.,,
S53,official_sample,redacted,human,collections_and_arrays,Collections And Arrays,9.0,10,Acesso ao array usando índices 1-100.,,
S53,official_sample,redacted,human,separation_of_concerns,Separation Of Concerns,9.0,10,Validações de negócio na classe Main.,,
S53,official_sample,redacted,human,readability_and_documentation,Readability And Documentation,4.0,10,Falta de documentação na classe Filme e FilmNow.,,
S54,official_sample,redacted,human,basic_functionality,Basic Functionality,7.0,10,Funcionalidade comprometida pela falta de modelagem adequada.,,
S54,official_sample,redacted,human,unit_tests,Unit Tests,0.0,10,Não implementou testes.,,
S54,official_sample,redacted,human,class_design,Class Design,6.0,10,Ausência da classe Filme.,,
S54,official_sample,redacted,human,object_references,Object References,10.0,10,Critério atendido.,,
S54,official_sample,redacted,human,collections_and_arrays,Collections And Arrays,10.0,10,Critério atendido.,,
S54,official_sample,redacted,human,separation_of_concerns,Separation Of Concerns,5.0,10,Validações de negócio na Main e ausência de separação de entidades.,,
S54,official_sample,redacted,human,readability_and_documentation,Readability And Documentation,10.0,10,Critério atendido.,,
S55,official_sample,redacted,human,basic_functionality,Basic Functionality,10.0,10,Critério atendido.,,
S55,official_sample,redacted,human,unit_tests,Unit Tests,9.5,10,Faltou testar filme ex-hot.,,
S55,official_sample,redacted,human,class_design,Class Design,9.0,10,Uso de '==' para comparação de strings no equals.,,
S55,official_sample,redacted,human,object_references,Object References,10.0,10,Critério atendido.,,
S55,official_sample,redacted,human,collections_and_arrays,Collections And Arrays,9.0,10,Arrays com tamanho excessivo (101/11) para evitar subtração de índice.,,
S55,official_sample,redacted,human,separation_of_concerns,Separation Of Concerns,10.0,10,Critério atendido.,,
S55,official_sample,redacted,human,readability_and_documentation,Readability And Documentation,10.0,10,Critério atendido.,,
S56,official_sample,redacted,human,basic_functionality,Basic Functionality,9.0,10,"O método adicionarHot valida a posição da HotList usando TAMANHO (100) em vez de 10, não impede duplicatas e removerHot não valida a posição.",src/filmnow/FilmNow.java,
S56,official_sample,redacted,human,unit_tests,Unit Tests,9.0,10,Faltou testar o equals da classe Filme.,,
S56,official_sample,redacted,human,class_design,Class Design,10.0,10,Critério atendido.,,
S56,official_sample,redacted,human,object_references,Object References,10.0,10,Critério atendido.,,
S56,official_sample,redacted,human,collections_and_arrays,Collections And Arrays,10.0,10,Critério atendido.,,
S56,official_sample,redacted,human,separation_of_concerns,Separation Of Concerns,10.0,10,Critério atendido.,,
S56,official_sample,redacted,human,readability_and_documentation,Readability And Documentation,9.0,10,Falta da tag @return em algumas documentações.,,
S57,official_sample,redacted,human,basic_functionality,Basic Functionality,9.0,10,Não há impedimento para adicionar um filme que já está na HotList em outra posição.,src/filmnow/FilmNow.java,
S57,official_sample,redacted,human,unit_tests,Unit Tests,0.0,10,Não implementou testes.,,
S57,official_sample,redacted,human,class_design,Class Design,10.0,10,Critério atendido.,,
S57,official_sample,redacted,human,object_references,Object References,10.0,10,Critério atendido.,,
S57,official_sample,redacted,human,collections_and_arrays,Collections And Arrays,9.0,10,"Inconsistência no uso de índices de array, misturando base 0 e base 1 em acessos diretos.",src/filmnow/FilmNow.java,
S57,official_sample,redacted,human,separation_of_concerns,Separation Of Concerns,7.0,10,Lógica de negócio na classe Main.,,
S57,official_sample,redacted,human,readability_and_documentation,Readability And Documentation,10.0,10,Critério atendido.,,
S58,official_sample,redacted,human,basic_functionality,Basic Functionality,9.0,10,Falta de mensagem 'POSIÇÃO INVÁLIDA' e erro na lógica de atribuirHot (permite adicionar nulos).,,
S58,official_sample,redacted,human,unit_tests,Unit Tests,8.5,10,Faltou testar toString e filme ex-hot.,,
S58,official_sample,redacted,human,class_design,Class Design,10.0,10,Critério atendido.,,
S58,official_sample,redacted,human,object_references,Object References,10.0,10,Critério atendido.,,
S58,official_sample,redacted,human,collections_and_arrays,Collections And Arrays,10.0,10,Critério atendido.,,
S58,official_sample,redacted,human,separation_of_concerns,Separation Of Concerns,10.0,10,Critério atendido.,,
S58,official_sample,redacted,human,readability_and_documentation,Readability And Documentation,7.0,10,Falta de documentação na Filme.,,
S59,official_sample,redacted,human,basic_functionality,Basic Functionality,8.0,10,Permite duplicados silenciosamente e erro de decremento duplo de índice.,,
S59,official_sample,redacted,human,unit_tests,Unit Tests,8.0,10,Faltou testar listagem de filmes e hotlist.,,
S59,official_sample,redacted,human,class_design,Class Design,10.0,10,Critério atendido.,,
S59,official_sample,redacted,human,object_references,Object References,10.0,10,Critério atendido.,,
S59,official_sample,redacted,human,collections_and_arrays,Collections And Arrays,10.0,10,Critério atendido.,,
S59,official_sample,redacted,human,separation_of_concerns,Separation Of Concerns,6.0,10,Atributos e métodos de validação de índice na Filme e lógica de hotlist na Main.,,
S59,official_sample,redacted,human,readability_and_documentation,Readability And Documentation,10.0,10,Critério atendido.,,
S60,official_sample,redacted,human,basic_functionality,Basic Functionality,9.0,10,Falta de validação de índice na hotlist.,,
S60,official_sample,redacted,human,unit_tests,Unit Tests,6.0,10,"Faltou testar equals, hotlist e listagem.",,
S60,official_sample,redacted,human,class_design,Class Design,9.0,10,Uso de '==' no equals.,,
S60,official_sample,redacted,human,object_references,Object References,10.0,10,Critério atendido.,,
S60,official_sample,redacted,human,collections_and_arrays,Collections And Arrays,10.0,10,Critério atendido.,,
S60,official_sample,redacted,human,separation_of_concerns,Separation Of Concerns,9.0,10,Variável 'hotlist' na Filme.,,
S60,official_sample,redacted,human,readability_and_documentation,Readability And Documentation,10.0,10,Critério atendido.,,
S61,official_sample,redacted,human,basic_functionality,Basic Functionality,8.5,10,"O sistema impede a sobrescrita de um filme em uma posição já ocupada retornando 'POSIÇÃO OCUPADA!', contrariando o requisito. Além disso, a verificação de duplicidade considera apenas o nome, ignorando o ano de lançamento.",src/filmnow/FilmNow.java,
S61,official_sample,redacted,human,unit_tests,Unit Tests,8.0,10,Faltou testar detalhamento de filmes hot e ex-hot.,,
S61,official_sample,redacted,human,class_design,Class Design,10.0,10,Critério atendido.,,
S61,official_sample,redacted,human,object_references,Object References,10.0,10,Critério atendido.,,
S61,official_sample,redacted,human,collections_and_arrays,Collections And Arrays,10.0,10,Critério atendido.,,
S61,official_sample,redacted,human,separation_of_concerns,Separation Of Concerns,5.0,10,Lógica de negócio (detalhamento) na classe Main.,,
S61,official_sample,redacted,human,readability_and_documentation,Readability And Documentation,10.0,10,Critério atendido.,,
S62,official_sample,redacted,human,basic_functionality,Basic Functionality,9.0,10,As operações de adicionar e remover da HotList não validam se a posição informada está dentro do limite permitido (1 a 10).,src/filmnow/FilmNow.java,
S62,official_sample,redacted,human,unit_tests,Unit Tests,9.0,10,Faltou testar detalhadamente a sobrescrita em listas e hotlist.,,
S62,official_sample,redacted,human,class_design,Class Design,9.0,10,Hash e equals usam campos além de nome e ano.,,
S62,official_sample,redacted,human,object_references,Object References,10.0,10,Critério atendido.,,
S62,official_sample,redacted,human,collections_and_arrays,Collections And Arrays,9.0,10,Erro na indexação e tamanho dos arrays.,,
S62,official_sample,redacted,human,separation_of_concerns,Separation Of Concerns,9.0,10,Lógica de verificação de hotlist na Main.,,
S62,official_sample,redacted,human,readability_and_documentation,Readability And Documentation,7.0,10,Não documentou a classe Filme.,,
S63,official_sample,redacted,human,basic_functionality,Basic Functionality,10.0,10,Critério atendido.,,
S63,official_sample,redacted,human,unit_tests,Unit Tests,4.0,10,"Ausência de testes para Filme, Hotlist e listagem.",,
S63,official_sample,redacted,human,class_design,Class Design,9.0,10,Erro no hash/equals.,,
S63,official_sample,redacted,human,object_references,Object References,10.0,10,Critério atendido.,,
S63,official_sample,redacted,human,collections_and_arrays,Collections And Arrays,10.0,10,Critério atendido.,,
S63,official_sample,redacted,human,separation_of_concerns,Separation Of Concerns,9.0,10,Variável 'ehHot' na Filme.,,
S63,official_sample,redacted,human,readability_and_documentation,Readability And Documentation,7.0,10,Não documentou a Filme.,,
S64,official_sample,redacted,human,basic_functionality,Basic Functionality,9.0,10,O método getFilmes ignora o filme da posição 1 (índice 0) e exibe o índice interno do array em vez da posição amigável ao usuário.,src/filmnow/FilmNow.java,
S64,official_sample,redacted,human,unit_tests,Unit Tests,7.0,10,Não testou hotlist e listagem.,,
S64,official_sample,redacted,human,class_design,Class Design,10.0,10,Critério atendido.,,
S64,official_sample,redacted,human,object_references,Object References,9.0,10,"No método removeHot, o código tenta limpar o status do filme acessando filmes[posicao], usando o índice da HotList no array principal.",src/filmnow/FilmNow.java,
S64,official_sample,redacted,human,collections_and_arrays,Collections And Arrays,9.0,10,"A condição do laço for no método mostrarHot está invertida (i > hotList.length com i iniciando em 0), nunca executando o corpo do laço.",src/filmnow/FilmNow.java,
S64,official_sample,redacted,human,separation_of_concerns,Separation Of Concerns,9.0,10,Variável 'hot' na Filme.,,
S64,official_sample,redacted,human,readability_and_documentation,Readability And Documentation,10.0,10,Critério atendido.,,
S65,official_sample,redacted,human,basic_functionality,Basic Functionality,10.0,10,Critério atendido.,,
S65,official_sample,redacted,human,unit_tests,Unit Tests,8.5,10,Faltou testar toString e filme ex-hot.,,
S65,official_sample,redacted,human,class_design,Class Design,10.0,10,Critério atendido.,,
S65,official_sample,redacted,human,object_references,Object References,10.0,10,Critério atendido.,,
S65,official_sample,redacted,human,collections_and_arrays,Collections And Arrays,10.0,10,Critério atendido.,,
S65,official_sample,redacted,human,separation_of_concerns,Separation Of Concerns,10.0,10,Critério atendido.,,
S65,official_sample,redacted,human,readability_and_documentation,Readability And Documentation,10.0,10,Critério atendido.,,
S66,official_sample,redacted,human,basic_functionality,Basic Functionality,9.0,10,O método descreveFilme não utiliza o toString da classe Filme e faltam validações de posição na Hotlist.,,
S66,official_sample,redacted,human,unit_tests,Unit Tests,7.0,10,Faltam testes para cenários de erro da Hotlist e os nomes dos métodos de teste não são descritivos.,,
S66,official_sample,redacted,human,class_design,Class Design,10.0,10,Critério atendido.,,
S66,official_sample,redacted,human,object_references,Object References,10.0,10,Critério atendido.,,
S66,official_sample,redacted,human,collections_and_arrays,Collections And Arrays,10.0,10,Critério atendido.,,
S66,official_sample,redacted,human,separation_of_concerns,Separation Of Concerns,7.0,10,A classe Main está realizando verificações de negócio (estado na hotlist).,,
S66,official_sample,redacted,human,readability_and_documentation,Readability And Documentation,10.0,10,Critério atendido.,,
S67,official_sample,redacted,human,basic_functionality,Basic Functionality,9.0,10,NullPointerException no método equals da classe Filme quando o atributo ano é nulo.,src/filmnow/Filme.java,
S67,official_sample,redacted,human,unit_tests,Unit Tests,9.5,10,Faltou testar a exibição de filme ex-hot.,,
S67,official_sample,redacted,human,class_design,Class Design,10.0,10,Critério atendido.,,
S67,official_sample,redacted,human,object_references,Object References,10.0,10,Critério atendido.,,
S67,official_sample,redacted,human,collections_and_arrays,Collections And Arrays,10.0,10,Critério atendido.,,
S67,official_sample,redacted,human,separation_of_concerns,Separation Of Concerns,8.0,10,A variável booleana 'hot' está declarada na classe Filme.,,
S67,official_sample,redacted,human,readability_and_documentation,Readability And Documentation,10.0,10,Critério atendido.,,
S68,official_sample,redacted,human,basic_functionality,Basic Functionality,10.0,10,Critério atendido.,,
S68,official_sample,redacted,human,unit_tests,Unit Tests,7.0,10,Não testou hotlist e listagem.,,
S68,official_sample,redacted,human,class_design,Class Design,9.0,10,Ausência do método hashCode na Filme.,,
S68,official_sample,redacted,human,object_references,Object References,10.0,10,Critério atendido.,,
S68,official_sample,redacted,human,collections_and_arrays,Collections And Arrays,10.0,10,Critério atendido.,,
S68,official_sample,redacted,human,separation_of_concerns,Separation Of Concerns,9.0,10,Atributo 'posição' na Filme.,,
S68,official_sample,redacted,human,readability_and_documentation,Readability And Documentation,10.0,10,Critério atendido.,,
S69,official_sample,redacted,human,basic_functionality,Basic Functionality,9.0,10,Os métodos de manipulação da HotList não verificam se o filme na posição solicitada é nulo antes de acessar seus métodos.,src/filmnow/FilmNow.java,
S69,official_sample,redacted,human,unit_tests,Unit Tests,4.5,10,Não testou a classe Filme nem os métodos da hotlist.,,
S69,official_sample,redacted,human,class_design,Class Design,9.0,10,Variáveis inicializadas fora do construtor na classe Filme.,,
S69,official_sample,redacted,human,object_references,Object References,10.0,10,Critério atendido.,,
S69,official_sample,redacted,human,collections_and_arrays,Collections And Arrays,10.0,10,Critério atendido.,,
S69,official_sample,redacted,human,separation_of_concerns,Separation Of Concerns,9.0,10,Variável 'hot' na classe Filme.,,
S69,official_sample,redacted,human,readability_and_documentation,Readability And Documentation,10.0,10,Critério atendido.,,
S70,official_sample,redacted,human,basic_functionality,Basic Functionality,10.0,10,Critério atendido.,,
S70,official_sample,redacted,human,unit_tests,Unit Tests,9.5,10,Faltou testar exibição de filme ex-hot.,,
S70,official_sample,redacted,human,class_design,Class Design,10.0,10,Critério atendido.,,
S70,official_sample,redacted,human,object_references,Object References,10.0,10,Critério atendido.,,
S70,official_sample,redacted,human,collections_and_arrays,Collections And Arrays,10.0,10,Critério atendido.,,
S70,official_sample,redacted,human,separation_of_concerns,Separation Of Concerns,9.0,10,Presença da variável 'hot' na classe Filme.,,
S70,official_sample,redacted,human,readability_and_documentation,Readability And Documentation,10.0,10,Critério atendido.,,
S71,official_sample,redacted,human,basic_functionality,Basic Functionality,10.0,10,Critério atendido.,,
S71,official_sample,redacted,human,unit_tests,Unit Tests,10.0,10,Critério atendido.,,
S71,official_sample,redacted,human,class_design,Class Design,10.0,10,Critério atendido.,,
S71,official_sample,redacted,human,object_references,Object References,10.0,10,Critério atendido.,,
S71,official_sample,redacted,human,collections_and_arrays,Collections And Arrays,9.0,10,Uso de índices 1-100 sem ajuste para 0-99 no acesso ao array.,,
S71,official_sample,redacted,human,separation_of_concerns,Separation Of Concerns,8.0,10,Variável 'hot' na classe Filme e lógica de negócio na Main.,,
S71,official_sample,redacted,human,readability_and_documentation,Readability And Documentation,10.0,10,Critério atendido.,,
S72,official_sample,redacted,human,basic_functionality,Basic Functionality,9.0,10,Falta de validação de índice nos métodos da Hotlist.,,
S72,official_sample,redacted,human,unit_tests,Unit Tests,7.0,10,Faltou testar o equals e os métodos da hotlist.,,
S72,official_sample,redacted,human,class_design,Class Design,9.0,10,Uso de '==' para comparação de strings no equals da Filme.,,
S72,official_sample,redacted,human,object_references,Object References,10.0,10,Critério atendido.,,
S72,official_sample,redacted,human,collections_and_arrays,Collections And Arrays,10.0,10,Critério atendido.,,
S72,official_sample,redacted,human,separation_of_concerns,Separation Of Concerns,9.0,10,Variável 'hotList' na classe Filme.,,
S72,official_sample,redacted,human,readability_and_documentation,Readability And Documentation,10.0,10,Critério atendido.,,
S73,official_sample,redacted,human,basic_functionality,Basic Functionality,7.0,10,Mensagens de retorno em desacordo com a especificação (métodos retornando void).,,
S73,official_sample,redacted,human,unit_tests,Unit Tests,5.0,10,Testes insuficientes ou ausentes para a estrutura implementada.,,
S73,official_sample,redacted,human,class_design,Class Design,6.0,10,Ausência da classe Filme; os dados são armazenados em uma matriz.,,
S73,official_sample,redacted,human,object_references,Object References,7.0,10,Tamanho incorreto da Hotlist e ausência de composição com objetos Filme.,,
S73,official_sample,redacted,human,collections_and_arrays,Collections And Arrays,10.0,10,Critério atendido.,,
S73,official_sample,redacted,human,separation_of_concerns,Separation Of Concerns,8.0,10,Critério atendido ou sem observações específicas.,,
S73,official_sample,redacted,human,readability_and_documentation,Readability And Documentation,6.0,10,Documentação pobre e simplificada.,,
S74,official_sample,redacted,human,basic_functionality,Basic Functionality,9,10,Saída do método de detalhar filme incorreta.,,
S74,official_sample,redacted,human,unit_tests,Unit Tests,0.0,10,Não implementou testes.,,
S74,official_sample,redacted,human,class_design,Class Design,9.0,10,Hash e equals implementados incorretamente (deveriam usar apenas nome e ano).,,
S74,official_sample,redacted,human,object_references,Object References,10.0,10,Critério atendido.,,
S74,official_sample,redacted,human,collections_and_arrays,Collections And Arrays,10.0,10,Critério atendido.,,
S74,official_sample,redacted,human,separation_of_concerns,Separation Of Concerns,7.0,10,Prints fora da classe Main.,,
S74,official_sample,redacted,human,readability_and_documentation,Readability And Documentation,0.0,10,Não documentou as classes.,,
S75,official_sample,redacted,human,basic_functionality,Basic Functionality,8.5,10,Uso do operador '!=' para comparar strings e as operações da HotList não retornam as mensagens de erro exigidas pelo enunciado.,src/filmnow/FilmNow.java,
S75,official_sample,redacted,human,unit_tests,Unit Tests,10.0,10,Critério atendido.,,
S75,official_sample,redacted,human,class_design,Class Design,10.0,10,Critério atendido.,,
S75,official_sample,redacted,human,object_references,Object References,10.0,10,Critério atendido.,,
S75,official_sample,redacted,human,collections_and_arrays,Collections And Arrays,9.0,10,O método acessa filmes[posicaoFilme-1] antes de verificar se posicaoFilme é um índice válido (entre 1 e 100).,src/filmnow/FilmNow.java,
S75,official_sample,redacted,human,separation_of_concerns,Separation Of Concerns,7.0,10,Formatação da hotlist na FilmNow e validações de existência na Main.,,
S75,official_sample,redacted,human,readability_and_documentation,Readability And Documentation,5.0,10,Documentação confusa ou ausente na classe Filme.,,
S76,official_sample,redacted,human,basic_functionality,Basic Functionality,9.0,10,Falta de retorno ao usuário em operações bem-sucedidas (ex: remover hot).,,
S76,official_sample,redacted,human,unit_tests,Unit Tests,2.0,10,Testes muito limitados (só adição em FilmNow).,,
S76,official_sample,redacted,human,class_design,Class Design,10.0,10,Critério atendido.,,
S76,official_sample,redacted,human,object_references,Object References,10.0,10,Critério atendido.,,
S76,official_sample,redacted,human,collections_and_arrays,Collections And Arrays,10.0,10,Critério atendido.,,
S76,official_sample,redacted,human,separation_of_concerns,Separation Of Concerns,7.0,10,Prints fora da classe Main.,,
S76,official_sample,redacted,human,readability_and_documentation,Readability And Documentation,5.0,10,Não documentou a classe Filme nem os métodos da hotlist.,,
S77,official_sample,redacted,human,basic_functionality,Basic Functionality,9.0,10,Uso de '==' para comparar Strings ao verificar se nome e local são vazios.,src/filmnow/FilmNow.java,
S77,official_sample,redacted,human,unit_tests,Unit Tests,4.0,10,Não testou a classe Filme nem a Hotlist.,,
S77,official_sample,redacted,human,class_design,Class Design,10.0,10,Critério atendido.,,
S77,official_sample,redacted,human,object_references,Object References,9.0,10,A HotList foi implementada como um array de Strings (nomes dos filmes) em vez de um array de referências para objetos Filme.,src/filmnow/FilmNow.java,
S77,official_sample,redacted,human,collections_and_arrays,Collections And Arrays,9.0,10,Confusão de índices na manipulação da HotList: o código acessa o array 'filmes' usando o índice de destino da HotList em vez do índice de origem do filme.,src/filmnow/FilmNow.java,
S77,official_sample,redacted,human,separation_of_concerns,Separation Of Concerns,8.0,10,Ausência do método toString() na Filme.,,
S77,official_sample,redacted,human,readability_and_documentation,Readability And Documentation,3.0,10,Documentação ruim e incompleta.,,
S78,official_sample,redacted,human,basic_functionality,Basic Functionality,9.0,10,Permite cadastro de filmes duplicados.,,
S78,official_sample,redacted,human,unit_tests,Unit Tests,10.0,10,Critério atendido.,,
S78,official_sample,redacted,human,class_design,Class Design,10.0,10,Critério atendido.,,
S78,official_sample,redacted,human,object_references,Object References,10.0,10,Critério atendido.,,
S78,official_sample,redacted,human,collections_and_arrays,Collections And Arrays,9.0,10,"O método cadastraHot decrementa a posição e depois chama removerHot, que decrementa novamente, resultando em double-decrement.",src/filmnow/FilmNow.java,
S78,official_sample,redacted,human,separation_of_concerns,Separation Of Concerns,9.0,10,Atributo 'posição' na classe Filme.,,
S78,official_sample,redacted,human,readability_and_documentation,Readability And Documentation,10.0,10,Critério atendido.,,
S79,official_sample,redacted,human,basic_functionality,Basic Functionality,8.0,10,Falha na implementação da estrutura da Hotlist e indexação.,,
S79,official_sample,redacted,human,unit_tests,Unit Tests,7.0,10,Faltou testar listagens.,,
S79,official_sample,redacted,human,class_design,Class Design,9.0,10,HashCode/Equals com campos excessivos.,,
S79,official_sample,redacted,human,object_references,Object References,10.0,10,Critério atendido.,,
S79,official_sample,redacted,human,collections_and_arrays,Collections And Arrays,9.0,10,Hotlist não é um array de 10 e erro de indexação (0-based).,,
S79,official_sample,redacted,human,separation_of_concerns,Separation Of Concerns,9.0,10,Variáveis 'posicao' e 'hot' na Filme.,,
S79,official_sample,redacted,human,readability_and_documentation,Readability And Documentation,10.0,10,Critério atendido.,,
S80,official_sample,redacted,human,basic_functionality,Basic Functionality,9.0,10,Tentar adicionar à HotList uma posição do acervo que está vazia (null) causa NullPointerException.,src/filmnow/FilmNow.java,
S80,official_sample,redacted,human,unit_tests,Unit Tests,9.5,10,Faltou testar filme ex-hot.,,
S80,official_sample,redacted,human,class_design,Class Design,10.0,10,Critério atendido.,,
S80,official_sample,redacted,human,object_references,Object References,10.0,10,Critério atendido.,,
S80,official_sample,redacted,human,collections_and_arrays,Collections And Arrays,10.0,10,Critério atendido.,,
S80,official_sample,redacted,human,separation_of_concerns,Separation Of Concerns,9.0,10,Variável 'hot' na Filme.,,
S80,official_sample,redacted,human,readability_and_documentation,Readability And Documentation,10.0,10,Critério atendido.,,
S81,official_sample,redacted,human,basic_functionality,Basic Functionality,8.0,10,Falta de validação de índice na hotlist e NullPointerException ao detalhar posição vazia no acervo.,src/filmnow/FilmNow.java,
S81,official_sample,redacted,human,unit_tests,Unit Tests,4.0,10,"Faltam diversos testes (construtor, getters, sobrescrita, listagem, hotlist).",,
S81,official_sample,redacted,human,class_design,Class Design,10.0,10,Critério atendido.,,
S81,official_sample,redacted,human,object_references,Object References,10.0,10,Critério atendido.,,
S81,official_sample,redacted,human,collections_and_arrays,Collections And Arrays,10.0,10,Critério atendido.,,
S81,official_sample,redacted,human,separation_of_concerns,Separation Of Concerns,9.0,10,Variável 'isHot' na Filme.,,
S81,official_sample,redacted,human,readability_and_documentation,Readability And Documentation,10.0,10,Critério atendido.,,
S82,official_sample,redacted,human,basic_functionality,Basic Functionality,6.0,10,Falta de validação de dados obrigatórios (nome/local vazios).,,
S82,official_sample,redacted,human,unit_tests,Unit Tests,0.0,10,Não implementou testes.,,
S82,official_sample,redacted,human,class_design,Class Design,10.0,10,Critério atendido.,,
S82,official_sample,redacted,human,object_references,Object References,10.0,10,Critério atendido.,,
S82,official_sample,redacted,human,collections_and_arrays,Collections And Arrays,9.0,10,Erro na indexação (1-100).,,
S82,official_sample,redacted,human,separation_of_concerns,Separation Of Concerns,10.0,10,Critério atendido.,,
S82,official_sample,redacted,human,readability_and_documentation,Readability And Documentation,10.0,10,Critério atendido.,,
S83,official_sample,redacted,human,basic_functionality,Basic Functionality,9.0,10,O método adicionaHotList não valida se a posição informada está dentro dos limites (1 a 10).,src/filmnow/FilmNow.java,
S83,official_sample,redacted,human,unit_tests,Unit Tests,7.0,10,Faltou testar hotlist e listagem.,,
S83,official_sample,redacted,human,class_design,Class Design,10.0,10,Critério atendido.,,
S83,official_sample,redacted,human,object_references,Object References,10.0,10,Critério atendido.,,
S83,official_sample,redacted,human,collections_and_arrays,Collections And Arrays,9.0,10,"No método removeHotList, o código usa a posição da HotList para acessar o array principal de filmes.",src/filmnow/FilmNow.java,
S83,official_sample,redacted,human,separation_of_concerns,Separation Of Concerns,9.0,10,Variável 'hot' na Filme.,,
S83,official_sample,redacted,human,readability_and_documentation,Readability And Documentation,10.0,10,Critério atendido.,,
S84,official_sample,redacted,human,basic_functionality,Basic Functionality,9.0,10,Acesso inconsistente a posições na hotlist.,,
S84,official_sample,redacted,human,unit_tests,Unit Tests,7.0,10,Faltou testar hotlist e listagem.,,
S84,official_sample,redacted,human,class_design,Class Design,9.0,10,Erro no hash/equals.,,
S84,official_sample,redacted,human,object_references,Object References,10.0,10,Critério atendido.,,
S84,official_sample,redacted,human,collections_and_arrays,Collections And Arrays,10.0,10,Critério atendido.,,
S84,official_sample,redacted,human,separation_of_concerns,Separation Of Concerns,10.0,10,Critério atendido.,,
S84,official_sample,redacted,human,readability_and_documentation,Readability And Documentation,10.0,10,Critério atendido.,,
S01,official_sample,redacted,llm,basic_functionality,Basic Functionality,7.5,10,"A maioria das funcionalidades foi implementada com sucesso, incluindo adição, listagem e manipulação da HotList. No entanto, há falhas na exibição do símbolo de HotList (🔥), ausência de validação de nulidade/limites em algumas operações (causando exceções) e uso incorreto do operador '==' para comparar Strings no método equals.",FilmNow.java: cadastraFilme() | MainFilmNow.java: mostrarFilmes() | FilmNow.java: cadastraFilmeHotList() | Filme.java: equals() | MainFilmNow.java: detalharFilme() | Filme.java: toString(),high
S01,official_sample,redacted,llm,unit_tests,Unit Tests,0.0,10,Não foram encontrados arquivos de testes na submissão.,Submission Package: Test file count: 0,high
S01,official_sample,redacted,llm,class_design,Class Design,8.5,10,"As classes principais (Filme e FilmNow) foram criadas e modeladas de forma satisfatória. Contudo, a classe FilmNow possui atributos de estado desnecessários que demonstram uma confusão conceitual entre variáveis locais e atributos de classe.",Filme.java | FilmNow.java | FilmNow.java: linhas 15-18 | FilmNow.java: equals() e hashCode(),high
S01,official_sample,redacted,llm,object_references,Object References and Composition,10.0,10,O uso de referências e a composição entre FilmNow e Filme foram implementados corretamente. Os objetos são instanciados de forma adequada.,FilmNow.java: cadastraFilme() | FilmNow.java: construtor,high
S01,official_sample,redacted,llm,collections_and_arrays,Collections and Arrays,10.0,10,"Os arrays foram utilizados corretamente para armazenar os filmes e a HotList, respeitando os limites estabelecidos no roteiro.",FilmNow.java: construtor | FilmNow.java: cadastraFilme(),high
S01,official_sample,redacted,llm,separation_of_concerns,Separation of Concerns,8.5,10,"A separação de responsabilidades está em grande parte correta, com o Main lidando com a interface e FilmNow com a lógica. No entanto, a lógica de detalhar filme vazou para o Main devido a um método quebrado na classe gerenciadora.",MainFilmNow.java | FilmNow.java | FilmNow.java: detalharFilme() | MainFilmNow.java: detalharFilme(),high
S01,official_sample,redacted,llm,readability_and_documentation,Readability and Documentation,9.5,10,O código está bem formatado e possui documentação Javadoc clara e objetiva na maior parte. Há apenas um pequeno desvio na nomenclatura de um método.,Filme.java | FilmNow.java | Filme.java: setEhHot(),high
S02,official_sample,redacted,llm,basic_functionality,Basic Functionality,10,10,"O programa implementa corretamente todas as funcionalidades exigidas: adição, listagem, detalhamento e manipulação da HotList, lidando bem com os casos limite.",FilmNow.java: cadastraFilme | FilmNow.java: detalhaFilme | FilmNow.java: atribuirHot,high
S02,official_sample,redacted,llm,unit_tests,Unit Tests,10,10,"Excelente cobertura de testes para as classes Filme e FilmNow, explorando casos normais e limites.",FilmNowTest.java | FilmeTest.java,high
S02,official_sample,redacted,llm,class_design,Class Design,7,10,"As classes principais foram criadas, mas a modelagem falha ao não utilizar a classe Filme para compor o array em FilmNow, optando por armazenar apenas Strings.",Filme.java | MainFilmNow.java | FilmNow.java: private String[] filmes; | FilmNow.java: cadastraFilme,high
S02,official_sample,redacted,llm,object_references,Object References and Composition,6,10,O uso de referências é prejudicado pela criação de objetos Filme apenas para extração de texto e pelo uso excessivo de métodos estáticos para regras de negócio.,MainFilmNow.java: main | Filme.java: confereExistencia | Filme.java: entradasValidasNome | FilmNow.java: cadastraFilme,high
S02,official_sample,redacted,llm,collections_and_arrays,Collections and Arrays,10,10,Uso correto de arrays respeitando os limites estabelecidos pelo laboratório e fazendo a conversão adequada de índices.,FilmNow.java: construtor | FilmNow.java: getFilme,high
S02,official_sample,redacted,llm,separation_of_concerns,Separation of Concerns,8,10,"Boa separação entre UI e lógica, mas há um vazamento de responsabilidade onde a classe Filme inspeciona o estado interno de FilmNow.",MainFilmNow.java | FilmNow.java | Filme.java: confereExistencia,high
S02,official_sample,redacted,llm,readability_and_documentation,Readability and Documentation,10,10,"Código limpo, bem organizado e com excelente documentação Javadoc em todos os métodos públicos.",Filme.java | FilmNow.java,high
S03,official_sample,redacted,llm,basic_functionality,Basic Functionality,8.5,10,"As funcionalidades principais foram implementadas e o fluxo do menu funciona bem. No entanto, há falhas na recuperação de filmes (detalhar e hotlist) devido à falta de conversão da posição informada pelo usuário (1-100) para o índice real do array (0-99).",src/filmnow/FilmNow.java: cadastraFilme | src/filmnow/MainFilmNow.java: comando | src/filmnow/FilmNow.java: getFilme | src/filmnow/MainFilmNow.java: detalharFilme,high
S03,official_sample,redacted,llm,unit_tests,Unit Tests,9.0,10,"Excelente cobertura de testes, abordando os casos exigidos para Filme e FilmNow. Houve um pequeno desconto pois alguns testes falham na implementação atual, indicando que não foram validados após mudanças no código.",testes/filmnow/FilmNowTest.java | testes/filmnow/FilmeTest.java | testes/filmnow/FilmNowTest.java: testDetalharFilmeCompleto | testes/filmnow/FilmNowTest.java: testDetalharFilmeSemAno,high
S03,official_sample,redacted,llm,class_design,Class Design,10,10,A modelagem das classes está excelente. A classe Filme foi criada com os atributos corretos e os métodos equals/hashCode foram sobrescritos adequadamente.,src/filmnow/Filme.java | src/filmnow/FilmNow.java,high
S03,official_sample,redacted,llm,object_references,Object References and Composition,10,10,"Uso correto de referências e instanciação de objetos. O modificador static foi restrito ao Main e constantes, conforme esperado.",src/filmnow/MainFilmNow.java: main | src/filmnow/FilmNow.java: cadastraFilme,high
S03,official_sample,redacted,llm,collections_and_arrays,Collections and Arrays,9.0,10,Os arrays foram dimensionados corretamente para os limites do sistema. Houve um pequeno desconto pela inconsistência no mapeamento de índices (1-based vs 0-based) na HotList.,src/filmnow/FilmNow.java: FilmNow | src/filmnow/FilmNow.java: getFilmes | src/filmnow/FilmNow.java: setFilmeHot | src/filmnow/MainFilmNow.java: atribuirHot,high
S03,official_sample,redacted,llm,separation_of_concerns,Separation of Concerns,10,10,"Ótima separação de responsabilidades. A interface com o usuário ficou restrita ao MainFilmNow, enquanto as regras de negócio e armazenamento ficaram no FilmNow.",src/filmnow/FilmNow.java: cadastraFilme | src/filmnow/MainFilmNow.java,high
S03,official_sample,redacted,llm,readability_and_documentation,Readability and Documentation,10,10,"Código muito limpo, legível e bem documentado. O uso de Javadoc está excelente e os nomes de variáveis são claros.",src/filmnow/FilmNow.java | src/filmnow/Filme.java,high
S04,official_sample,redacted,llm,basic_functionality,Basic Functionality,9.5,10,"As funcionalidades principais foram implementadas com sucesso, incluindo adição, listagem, detalhamento e gerenciamento da HotList. Houve apenas uma pequena falha na validação de local vazio durante o cadastro.",src/filmnow/FilmNow.java:cadastraFilme | src/filmnow/FilmNow.java:detalharFilme | src/filmnow/FilmNow.java:atribuirHot,high
S04,official_sample,redacted,llm,unit_tests,Unit Tests,10,10,"Suíte de testes excelente, cobrindo todas as classes de domínio com múltiplos casos de teste, incluindo limites e cenários de erro.",teste/lab3FilmNow/FilmeTest.java | teste/lab3FilmNow/FilmNowTeste.java | teste/lab3FilmNow/HotListTest.java,high
S04,official_sample,redacted,llm,class_design,Class Design,10,10,"Modelagem de classes muito bem feita, com responsabilidades claras e uso adequado de tipos para representar o domínio do problema.",src/filmnow/Filme.java | src/filmnow/HotList.java | src/filmnow/FilmNow.java,high
S04,official_sample,redacted,llm,object_references,Object References and Composition,10,10,"Uso correto de referências e composição entre os objetos do sistema, demonstrando bom entendimento de orientação a objetos.",src/filmnow/FilmNow.java | src/filmnow/HotList.java,high
S04,official_sample,redacted,llm,collections_and_arrays,Collections and Arrays,10,10,Uso adequado de arrays respeitando os limites estabelecidos na especificação e mapeando corretamente as posições.,src/filmnow/FilmNow.java | src/filmnow/HotList.java,high
S04,official_sample,redacted,llm,separation_of_concerns,Separation of Concerns,10,10,Excelente separação de responsabilidades entre a interface de usuário e a lógica de negócio.,src/filmnow/MainFilmNow.java | src/filmnow/FilmNow.java | src/filmnow/Filme.java,high
S04,official_sample,redacted,llm,readability_and_documentation,Readability and Documentation,10,10,"Código limpo, legível e bem documentado, seguindo boas práticas de estilo Java.",src/filmnow/Filme.java | src/filmnow/FilmNow.java | src/filmnow/HotList.java,high
S05,official_sample,redacted,llm,basic_functionality,Basic Functionality,7.0,10,"As funcionalidades principais foram implementadas com sucesso, incluindo adição, listagem e detalhamento de filmes. No entanto, foram identificados problemas na comparação de strings no método equals, falhas na lógica de validação da HotList (que podem causar exceções) e pequenos desvios na formatação e retorno de posições vazias.",FilmNow.java: cadastraFilme | FilmNow.java: exibirFilmes | MainFilmNow.java: comando | Filme.java: equals | FilmNow.java: adicionaHotList | FilmNow.java: exibirHotFilmes | FilmNow.java: detalharFilme,high
S05,official_sample,redacted,llm,unit_tests,Unit Tests,10.0,10,"Os testes de unidade foram implementados de forma abrangente, cobrindo tanto a classe Filme quanto a classe FilmNow, incluindo casos normais e limites.",FilmeNowTest.java | FilmeTest.java,high
S05,official_sample,redacted,llm,class_design,Class Design,10.0,10,"As classes foram bem modeladas, com a criação da classe Filme para representar a entidade e a classe FilmNow para gerenciar as coleções.",Filme.java | FilmNow.java | MainFilmNow.java,high
S05,official_sample,redacted,llm,object_references,Object References and Composition,10.0,10,O uso de referências e composição está correto. A classe FilmNow compõe e gerencia instâncias de Filme adequadamente.,FilmNow.java: cadastraFilme | MainFilmNow.java,high
S05,official_sample,redacted,llm,collections_and_arrays,Collections and Arrays,10.0,10,"Os arrays foram utilizados corretamente para armazenar os filmes e a HotList, respeitando os limites de tamanho estabelecidos.",FilmNow.java: construtor | FilmNow.java: cadastraFilme,high
S05,official_sample,redacted,llm,separation_of_concerns,Separation of Concerns,10.0,10,"As responsabilidades estão bem divididas entre a interface com o usuário (MainFilmNow), a lógica de negócio (FilmNow) e a representação dos dados (Filme).",MainFilmNow.java | FilmNow.java | Filme.java,high
S05,official_sample,redacted,llm,readability_and_documentation,Readability and Documentation,10.0,10,"O código é legível, bem organizado e possui documentação Javadoc clara e objetiva para as classes e métodos públicos.",Filme.java | FilmNow.java,high
S06,official_sample,redacted,llm,basic_functionality,Basic Functionality,8.5,10,"A maior parte das funcionalidades foi implementada corretamente, incluindo a adição, listagem e detalhamento de filmes. No entanto, há falhas na validação de posições vazias nas operações da HotList e um erro na lógica de exibição do detalhamento no Main.",FilmNow.cadastraFilme | FilmNow.mostraFilmes | FilmNow.detalharFilme | FilmNow.addFilmeHot | FilmNow.removerFilmeHot | MainFilmNow.detalharFilme,high
S06,official_sample,redacted,llm,unit_tests,Unit Tests,10.0,10,"Excelente conjunto de testes, cobrindo a classe Filme e a classe FilmNow de forma abrangente, incluindo casos limite e cenários de erro.",FilmeTest.java | FilmNowTest.java,high
S06,official_sample,redacted,llm,class_design,Class Design,10.0,10,"As classes foram bem modeladas, com a classe Filme encapsulando os dados do filme e a classe FilmNow gerenciando as coleções.",Filme.java | FilmNow.java,high
S06,official_sample,redacted,llm,object_references,Object References and Composition,10.0,10,O uso de referências e composição está correto. A classe FilmNow compõe instâncias de Filme adequadamente.,FilmNow.cadastraFilme | FilmNow.getFilme,high
S06,official_sample,redacted,llm,collections_and_arrays,Collections and Arrays,10.0,10,"Arrays foram utilizados corretamente para armazenar os filmes e a HotList, respeitando os limites de tamanho estabelecidos.",FilmNow.java,high
S06,official_sample,redacted,llm,separation_of_concerns,Separation of Concerns,10.0,10,"Boa separação de responsabilidades. O Main lida com a interface do usuário, FilmNow com a lógica de negócio e Filme com a representação dos dados.",MainFilmNow.java | FilmNow.java | Filme.java,high
S06,official_sample,redacted,llm,readability_and_documentation,Readability and Documentation,9.0,10,"O código é legível e bem organizado. A classe FilmNow possui boa documentação Javadoc, mas a classe Filme carece de documentação.",FilmNow.java | MainFilmNow.java | Filme.java,high
S07,official_sample,redacted,llm,basic_functionality,Basic Functionality,8.5,10,"O sistema implementa quase todas as funcionalidades corretamente, incluindo adição, listagem e detalhamento de filmes. No entanto, há falhas no tratamento de posições inválidas ou vazias nas operações da HotList, que geram exceções em vez de retornar a mensagem especificada.",FilmNow.cadastraFilme | FilmNow.getFilme | FilmNow.removerDaHotList | FilmNow.adicionaHot | MainFilmNow.removerHot,high
S07,official_sample,redacted,llm,unit_tests,Unit Tests,10.0,10,"A suíte de testes é extensa e cobre muito bem as classes Filme e FilmNow, incluindo testes de limites, igualdade e regras de negócio.",testes/lab3FilmNow/FilmeTest.java | testes/lab3FilmNow/FilmNowTest.java,high
S07,official_sample,redacted,llm,class_design,Class Design,10.0,10,"As classes foram modeladas corretamente, com a classe Filme encapsulando seus dados e FilmNow gerenciando a coleção de filmes.",src/filmnow/Filme.java | src/filmnow/FilmNow.java | src/filmnow/MainFilmNow.java,high
S07,official_sample,redacted,llm,object_references,Object References and Composition,10.0,10,"O uso de referências e composição está correto, sem abuso de métodos ou atributos estáticos.",src/filmnow/FilmNow.java | src/filmnow/MainFilmNow.java,high
S07,official_sample,redacted,llm,collections_and_arrays,Collections and Arrays,10.0,10,As estruturas de dados foram utilizadas corretamente e respeitam os limites estabelecidos na especificação.,"FilmNow.java (linhas 13-14, 20-21)",high
S07,official_sample,redacted,llm,separation_of_concerns,Separation of Concerns,10.0,10,"Excelente separação de responsabilidades entre a interface de usuário, a lógica de negócio e a representação dos dados.",MainFilmNow.java | FilmNow.java | Filme.java,high
S07,official_sample,redacted,llm,readability_and_documentation,Readability and Documentation,10.0,10,"O código é muito legível, bem organizado e possui documentação Javadoc clara e objetiva para as classes e métodos públicos.",src/filmnow/Filme.java | src/filmnow/FilmNow.java,high
S08,official_sample,redacted,llm,basic_functionality,Basic Functionality,9.5,10,"O sistema implementa quase todas as funcionalidades corretamente, incluindo os requisitos de adição, listagem e detalhamento. Há apenas uma pequena falha na validação de posições vazias durante as operações da HotList.",src/filmnow/FilmNow.java:cadastraFilme | src/filmnow/FilmNow.java:detalharFilme | src/filmnow/FilmNow.java:CadastrarFilmeHot | src/filmnow/FilmNow.java:removerFilmeHot,high
S08,official_sample,redacted,llm,unit_tests,Unit Tests,9.0,10,"Excelente conjunto de testes para as classes Filme e FilmNow, cobrindo a maioria dos casos normais e limites. Faltaram apenas alguns testes específicos para a HotList.",testes/filmnow/FilmeTest.java | testes/filmnow/FilmNowTest.java,high
S08,official_sample,redacted,llm,class_design,Class Design,10.0,10,"As classes foram modeladas corretamente, com a classe Filme encapsulando seus dados e FilmNow gerenciando a coleção de filmes.",src/filmnow/Filme.java | src/filmnow/FilmNow.java | src/filmnow/MainFilmNow.java,high
S08,official_sample,redacted,llm,object_references,Object References and Composition,10.0,10,Uso correto de referências e instanciação de objetos. A composição entre FilmNow e Filme foi bem estabelecida.,src/filmnow/FilmNow.java:cadastraFilme | src/filmnow/MainFilmNow.java,high
S08,official_sample,redacted,llm,collections_and_arrays,Collections and Arrays,10.0,10,Estruturas de dados utilizadas corretamente e respeitando os limites estabelecidos na especificação.,src/filmnow/FilmNow.java:FilmNow | src/filmnow/FilmNow.java:cadastraFilme,high
S08,official_sample,redacted,llm,separation_of_concerns,Separation of Concerns,10.0,10,"Excelente separação de responsabilidades entre a interface de usuário, o gerenciador do sistema e a classe de domínio.",src/filmnow/MainFilmNow.java | src/filmnow/FilmNow.java | src/filmnow/Filme.java:toString,high
S08,official_sample,redacted,llm,readability_and_documentation,Readability and Documentation,9.5,10,"Código limpo, legível e com boa documentação Javadoc na maior parte dos métodos, apresentando apenas pequenas inconsistências nas tags.",src/filmnow/Filme.java | src/filmnow/FilmNow.java | src/filmnow/Filme.java:setNome | src/filmnow/Filme.java:getNome,high
S09,official_sample,redacted,llm,basic_functionality,Basic Functionality,9.0,10,"A funcionalidade principal foi implementada com sucesso, incluindo adição, listagem e detalhamento de filmes, além da HotList. No entanto, há falhas na validação de posições vazias ao interagir com a HotList, o que permite adicionar filmes nulos e falha em exibir a mensagem de erro correta ao remover de posições vazias.",FilmNow.java: cadastraFilme | FilmNow.java: getFilme | MainFilmNow.java: comando | FilmNow.java: cadastraHotlist | MainFilmNow.java: removeHotlist,high
S09,official_sample,redacted,llm,unit_tests,Unit Tests,10.0,10,Os testes de unidade foram implementados de forma abrangente e cobrem adequadamente as classes Filme e FilmNow.,testes/lab3FilmNow/Filmetest.java | testes/lab3FilmNow/FilmNowtest.java,high
S09,official_sample,redacted,llm,class_design,Class Design,10.0,10,"As classes foram modeladas corretamente, com a classe Filme encapsulando os dados e FilmNow gerenciando as coleções.",Filme.java | FilmNow.java,high
S09,official_sample,redacted,llm,object_references,Object References and Composition,10.0,10,"O uso de referências e a instanciação de objetos foram feitos de maneira adequada, respeitando os princípios de orientação a objetos.",FilmNow.java: cadastraFilme | FilmNow.java: existeFilme,high
S09,official_sample,redacted,llm,collections_and_arrays,Collections and Arrays,10.0,10,"Os arrays foram utilizados corretamente para armazenar os filmes e a HotList, respeitando os limites estabelecidos.",FilmNow.java: construtor | FilmNow.java: getFilme,high
S09,official_sample,redacted,llm,separation_of_concerns,Separation of Concerns,10.0,10,"Excelente separação de responsabilidades entre a interface de usuário, a lógica de negócio e a representação dos dados.",MainFilmNow.java | FilmNow.java | Filme.java,high
S09,official_sample,redacted,llm,readability_and_documentation,Readability and Documentation,10.0,10,"O código é muito legível, bem organizado e acompanhado de documentação Javadoc clara e detalhada.",Filme.java | FilmNow.java,high
S10,official_sample,redacted,llm,basic_functionality,Basic Functionality,7.5,10,"A maior parte das funcionalidades foi implementada corretamente, incluindo validações e formatações. No entanto, há um erro crítico na listagem de filmes que causa exceção caso haja posições vazias antes de um filme, e uma falha na atualização do status 'hot' ao sobrescrever um filme na HotList.",FilmNow.cadastraFilme | FilmNow.getFilme | Filme.toString | FilmNow.java:41 | FilmNow.java:81-82,high
S10,official_sample,redacted,llm,unit_tests,Unit Tests,9.5,10,"Excelente suíte de testes, cobrindo quase todos os casos de uso e limites especificados. Houve apenas uma pequena omissão em um cenário de listagem que ocultou um bug crítico.",FilmeTest.java | FilmNowTest.java | FilmNowTest.java:111-115,high
S10,official_sample,redacted,llm,class_design,Class Design,10.0,10,"As classes foram modeladas corretamente, com responsabilidades bem definidas e uso adequado de encapsulamento.",Filme.java | FilmNow.java | MainFilmNow.java,high
S10,official_sample,redacted,llm,object_references,Object References and Composition,10.0,10,Uso correto de referências e composição. A classe FilmNow compõe instâncias de Filme adequadamente.,FilmNow.java:66 | FilmNow.java:9-10,high
S10,official_sample,redacted,llm,collections_and_arrays,Collections and Arrays,10.0,10,"Os arrays foram utilizados corretamente para armazenar os filmes e a HotList, respeitando os limites estabelecidos.",FilmNow.java:20-21 | FilmNow.java:54,high
S10,official_sample,redacted,llm,separation_of_concerns,Separation of Concerns,10.0,10,"Excelente separação de responsabilidades. A interface de usuário está isolada no Main, enquanto a lógica de negócio reside em FilmNow e Filme.",MainFilmNow.java | FilmNow.java | Filme.java:83-92,high
S10,official_sample,redacted,llm,readability_and_documentation,Readability and Documentation,10.0,10,"Código muito legível e bem documentado, seguindo as convenções da linguagem Java e utilizando Javadoc de forma clara.",Filme.java:11-17 | FilmNow.java:48-54,high
S11,official_sample,redacted,llm,basic_functionality,Basic Functionality,8.5,10,"As funcionalidades principais foram implementadas com sucesso, mas há uma falha na verificação de duplicatas em tempo de execução devido ao uso incorreto de '==' para comparar Strings, e um pequeno desvio na mensagem de erro ao remover de posição vazia na HotList.",FilmNow.cadastraFilme | FilmNow.adicionaHot | FilmNow.getFilme | Filme.equals | FilmNow.removerHot,high
S11,official_sample,redacted,llm,unit_tests,Unit Tests,9.0,10,"Excelente conjunto de testes, cobrindo a maioria dos casos normais e limites para Filme e FilmNow. Faltaram apenas testes explícitos para os métodos de listagem.",FilmeTestes.java | FilmNowTestes.java,high
S11,official_sample,redacted,llm,class_design,Class Design,10.0,10,"As classes foram modeladas corretamente, com a classe Filme encapsulando seus dados e FilmNow gerenciando a coleção de filmes.",Filme.java | FilmNow.java | MainFilmNow.java,high
S11,official_sample,redacted,llm,object_references,Object References and Composition,10.0,10,Uso correto de referências e composição. Os objetos são instanciados adequadamente e não há abuso de modificadores estáticos.,FilmNow.java | MainFilmNow.java,high
S11,official_sample,redacted,llm,collections_and_arrays,Collections and Arrays,10.0,10,As estruturas de dados foram utilizadas corretamente e respeitam os limites estabelecidos na especificação.,FilmNow.java | FilmNow.cadastraFilme | FilmNow.adicionaHot,high
S11,official_sample,redacted,llm,separation_of_concerns,Separation of Concerns,10.0,10,"Excelente separação de responsabilidades. A interface com o usuário está isolada no Main, a lógica de negócio no FilmNow e a formatação individual no Filme.",Filme.toString | FilmNow.java | MainFilmNow.java,high
S11,official_sample,redacted,llm,readability_and_documentation,Readability and Documentation,10.0,10,O código é muito legível e possui excelente documentação Javadoc em todas as classes e métodos públicos.,Filme.java | FilmNow.java | MainFilmNow.java,high
S12,official_sample,redacted,llm,basic_functionality,Basic Functionality,8.0,10,"A maior parte das funcionalidades foi implementada com sucesso, incluindo a adição e listagem de filmes. No entanto, a funcionalidade de detalhar filme não exibe o indicador de HotList (🔥) e a atribuição de HotList não permite escolher a posição de destino, divergindo da especificação.",src/filmnow/FilmNow.java: cadastraFilme | src/filmnow/MainFilmNow.java: mostrarFilmes | src/filmnow/FilmNow.java: cadastrarHotFilme | src/filmnow/MainFilmNow.java: detalharFilme | src/filmnow/MainFilmNow.java: comando (case 'H'),high
S12,official_sample,redacted,llm,unit_tests,Unit Tests,6.0,10,"Os testes para a classe Filme estão completos e a adição de filmes em FilmNow foi bem testada. Contudo, faltam testes para as funcionalidades de listagem/detalhamento e para a HotList.",teste/filmnow/FilmeTeste.java | teste/filmnow/FilmNowTeste.java,high
S12,official_sample,redacted,llm,class_design,Class Design,10.0,10,As classes foram criadas e modeladas adequadamente. A classe Filme encapsula bem os dados e FilmNow gerencia a composição corretamente.,src/filmnow/Filme.java | src/filmnow/FilmNow.java,high
S12,official_sample,redacted,llm,object_references,Object References and Composition,10.0,10,"O uso de referências e a composição entre FilmNow e Filme foram implementados corretamente, sem uso indevido de modificadores estáticos.",src/filmnow/FilmNow.java: cadastraFilme | src/filmnow/MainFilmNow.java,high
S12,official_sample,redacted,llm,collections_and_arrays,Collections and Arrays,9.0,10,Os arrays foram utilizados corretamente para armazenar os filmes e a HotList. Houve apenas um pequeno erro de mapeamento de índices (ignorando a posição 0).,src/filmnow/FilmNow.java: construtor | src/filmnow/FilmNow.java: cadastraFilme | src/filmnow/FilmNow.java: getFilme,high
S12,official_sample,redacted,llm,separation_of_concerns,Separation of Concerns,8.0,10,"A separação de responsabilidades está em grande parte correta, mas a classe de domínio (FilmNow) realiza impressões diretas no console, misturando lógica de negócio com interface de usuário.",src/filmnow/MainFilmNow.java | src/filmnow/Filme.java: toString | src/filmnow/FilmNow.java: cadastraFilme | src/filmnow/FilmNow.java: cadastrarHotFilme | src/filmnow/FilmNow.java: removeHotFilme,high
S12,official_sample,redacted,llm,readability_and_documentation,Readability and Documentation,8.0,10,"O código é legível e segue boas práticas de nomenclatura, mas carece de documentação Javadoc nos métodos adicionados pelo aluno.",src/filmnow/FilmNow.java | src/filmnow/Filme.java | src/filmnow/FilmNow.java: verificaPosicao | src/filmnow/FilmNow.java: cadastrarHotFilme | src/filmnow/FilmNow.java: removeHotFilme,high
S13,official_sample,redacted,llm,basic_functionality,Basic Functionality,7.5,10,"A maior parte das funcionalidades foi implementada corretamente, incluindo adição, listagem e detalhamento básico. No entanto, há falhas na validação de posições vazias (retornando erro em vez de vazio ao detalhar) e erros de lógica na adição à HotList que podem causar exceções ao lidar com posições inválidas ou vazias.",FilmNow.cadastraFilme | FilmNow.exibirFilmes | Filme.detalha | FilmNow.detalhaFilme | FilmNow.adicionaHotList,high
S13,official_sample,redacted,llm,unit_tests,Unit Tests,10.0,10,"Excelente conjunto de testes. O aluno cobriu as principais funcionalidades das classes Filme e FilmNow, incluindo testes de limites, igualdade e formatação.",FilmeTeste.java | FilmNowTest.java,high
S13,official_sample,redacted,llm,class_design,Class Design,10.0,10,"O design de classes está adequado. As classes Filme e FilmNow foram criadas corretamente, e a classe MainFilmNow foi bem modularizada.",Filme.java | FilmNow.java | MainFilmNow.java,high
S13,official_sample,redacted,llm,object_references,Object References and Composition,10.0,10,"Uso correto de referências e composição. A classe FilmNow compõe instâncias de Filme adequadamente, sem uso indevido de modificadores estáticos.",FilmNow.cadastraFilme | FilmNow.java,high
S13,official_sample,redacted,llm,collections_and_arrays,Collections and Arrays,10.0,10,Estruturas de dados utilizadas corretamente e respeitando as restrições de tamanho do laboratório.,FilmNow.java,high
S13,official_sample,redacted,llm,separation_of_concerns,Separation of Concerns,10.0,10,"Excelente separação de responsabilidades. A interface com o usuário está isolada no Main, enquanto a lógica de negócio e formatação estão nas classes de domínio.",MainFilmNow.java | Filme.detalha,high
S13,official_sample,redacted,llm,readability_and_documentation,Readability and Documentation,10.0,10,Código muito legível e bem documentado. O uso de Javadoc está consistente e claro.,Filme.java | FilmNow.java,high
S14,official_sample,redacted,llm,basic_functionality,Basic Functionality,7.5,10,"A lógica principal do sistema foi implementada corretamente, cobrindo adição, listagem e HotList. No entanto, há falhas na integração com a interface (mensagens não são impressas) e ausência de validação ao remover filmes da HotList.",FilmNow.java: cadastraFilme | FilmNow.java: adicionaHot | MainFilmNow.java: detalharFilme | MainFilmNow.java: atribuirHot | MainFilmNow.java: comando | FilmNow.java: removeHot,high
S14,official_sample,redacted,llm,unit_tests,Unit Tests,8.0,10,"Excelente cobertura de testes para a classe FilmNow, testando diversos cenários e limites. Faltaram testes específicos e isolados para os métodos da classe Filme.",FilmeNowtestes.java: testAdicionaFilmePosicao100 | FilmeNowtestes.java: testAdicionaFilmeAdicionado | FilmeNowtestes.java: testNomeAno,high
S14,official_sample,redacted,llm,class_design,Class Design,10.0,10,As classes Filme e FilmNow foram criadas e modeladas adequadamente para o problema. A classe MainFilmNow foi bem modularizada.,Filme.java | MainFilmNow.java,high
S14,official_sample,redacted,llm,object_references,Object References and Composition,10.0,10,Uso correto de referências e composição. A classe FilmNow gerencia instâncias de Filme adequadamente.,FilmNow.java: filmes | FilmNow.java: hotList,high
S14,official_sample,redacted,llm,collections_and_arrays,Collections and Arrays,10.0,10,"Uso correto de arrays para armazenar os filmes e a HotList, respeitando os limites de tamanho estabelecidos.",FilmNow.java: FilmNow() | FilmNow.java: cadastraFilme,high
S14,official_sample,redacted,llm,separation_of_concerns,Separation of Concerns,10.0,10,"Excelente separação de responsabilidades. A interface lida apenas com I/O, enquanto a lógica de negócio fica isolada nas classes de domínio.",FilmNow.java | Filme.java: toString,high
S14,official_sample,redacted,llm,readability_and_documentation,Readability and Documentation,10.0,10,"Código muito bem organizado, legível e com excelente documentação Javadoc nas classes e métodos públicos.",FilmNow.java | Filme.java,high
S15,official_sample,redacted,llm,basic_functionality,Basic Functionality,7.5,10,"O programa implementa as principais funcionalidades solicitadas, como adicionar filmes, listar, detalhar e gerenciar a HotList. No entanto, faltam validações importantes, como a verificação de strings vazias no cadastro e o tratamento de posições inválidas ou vazias em algumas operações, o que pode causar exceções (ex: NullPointerException ao adicionar um filme vazio à HotList).",MainFilmNow.java: adicionaFilme | MainFilmNow.java: mostrarFilmes | FilmNow.java: adicionaHot | FilmNow.java: getFilmeDetalhado | MainFilmNow.java: detalharFilme | MainFilmNow.java: adicionaHot,high
S15,official_sample,redacted,llm,unit_tests,Unit Tests,8.0,10,"Os testes cobrem a maior parte das funcionalidades das classes Filme e FilmNow, incluindo testes de estado e formatação. Contudo, faltam testes para os casos limite (posições 0 e 101) e cenários de erro (filmes inválidos ou posições vazias).",FilmeTest.java | FilmNowTest.java,high
S15,official_sample,redacted,llm,class_design,Class Design,9.0,10,"As classes foram bem modeladas, com atributos adequados e bons construtores. O único desvio em relação à especificação foi a implementação do método equals na classe Filme, que compara nome e local em vez de nome e ano.",Filme.java | Filme.java: equals,high
S15,official_sample,redacted,llm,object_references,Object References and Composition,10.0,10,"O uso de referências e a composição entre FilmNow e Filme foram implementados corretamente, sem uso indevido de métodos estáticos fora da classe principal.",FilmNow.java | MainFilmNow.java,high
S15,official_sample,redacted,llm,collections_and_arrays,Collections and Arrays,10.0,10,"Os arrays foram utilizados corretamente para armazenar os filmes e a HotList, respeitando os limites de tamanho estabelecidos na especificação.",FilmNow.java: FilmNow() | FilmNow.java: cadastraFilme,high
S15,official_sample,redacted,llm,separation_of_concerns,Separation of Concerns,10.0,10,"A separação de responsabilidades está adequada. A classe MainFilmNow cuida da interação com o usuário, enquanto FilmNow gerencia a lógica de negócio e Filme encapsula seus próprios dados e formatação.",MainFilmNow.java | FilmNow.java | Filme.java: toString,high
S15,official_sample,redacted,llm,readability_and_documentation,Readability and Documentation,8.5,10,"O código é legível e organizado, com bons nomes de variáveis e métodos. A documentação Javadoc está presente na classe FilmNow, mas ausente na classe Filme e nos novos métodos da classe MainFilmNow.",FilmNow.java | Filme.java | MainFilmNow.java,high
S16,official_sample,redacted,llm,basic_functionality,Basic Functionality,4.5,10,"O sistema implementa parcialmente a adição, listagem e detalhamento de filmes, mas falha ao não implementar a HotList, omitir validações importantes (com erro de sintaxe na tentativa de validação) e apresentar erros de deslocamento de índice (off-by-one) na recuperação e exibição.",MainFilmNow.java: adicionaFilme | MainFilmNow.java: mostrarFilmes | FilmNow.java: cadastraFilme | MainFilmNow.java: menu | FilmNow.java | FilmNow.java: estaCadastrado | FilmNow.java: getFilme | MainFilmNow.java: detalharFilme,high
S16,official_sample,redacted,llm,unit_tests,Unit Tests,0,10,Não há evidências de testes de unidade implementados para as classes do sistema.,Submission Package,high
S16,official_sample,redacted,llm,class_design,Class Design,10,10,"As classes principais (Filme, FilmNow e MainFilmNow) foram criadas e modeladas adequadamente, demonstrando bom entendimento de orientação a objetos para o escopo do laboratório.",Filme.java | FilmNow.java | MainFilmNow.java,high
S16,official_sample,redacted,llm,object_references,Object References and Composition,10,10,"O uso de referências e a composição entre FilmNow e Filme foram implementados corretamente, sem uso indevido de modificadores estáticos fora da classe Main.",FilmNow.java: cadastraFilme | FilmNow.java: filmes,high
S16,official_sample,redacted,llm,collections_and_arrays,Collections and Arrays,9,10,"O array de filmes foi instanciado corretamente com o limite de 100 posições, mas há uma pequena inconsistência no mapeamento dos índices entre a interface e o armazenamento.",FilmNow.java: FilmNow() | FilmNow.java: TAMANHO | FilmNow.java: cadastraFilme | FilmNow.java: getFilme,high
S16,official_sample,redacted,llm,separation_of_concerns,Separation of Concerns,10,10,"A separação de responsabilidades está bem definida, com a interface de usuário isolada no Main e a lógica de negócio nas classes de domínio.",MainFilmNow.java | FilmNow.java | Filme.java: toString,high
S16,official_sample,redacted,llm,readability_and_documentation,Readability and Documentation,7,10,"O código possui boa legibilidade geral e documentação parcial, mas apresenta blocos de Javadoc vazios e código morto com erro de sintaxe que prejudicam a qualidade.",FilmNow.java | MainFilmNow.java | Filme.java | FilmNow.java: estaCadastrado,high
S17,official_sample,redacted,llm,basic_functionality,Basic Functionality,10,10,"Todas as funcionalidades básicas (adicionar, mostrar, detalhar e hotlist) foram implementadas corretamente e tratam os casos limites e erros conforme especificado.",src/filmnow/FilmNow.java | src/filmnow/MainFilmNow.java,high
S17,official_sample,redacted,llm,unit_tests,Unit Tests,7,10,"Bons testes para a adição e detalhamento de filmes, mas faltam testes para a classe Filme sem ano e testes abrangentes para as operações da HotList.",src/testes/FilmeTest.java | src/testes/FilmNowTest.java,high
S17,official_sample,redacted,llm,class_design,Class Design,10,10,As classes foram bem modeladas. A classe Filme encapsula corretamente os dados e a classe FilmNow gerencia a coleção de filmes. O Main foi bem modularizado.,src/filmnow/Filme.java | src/filmnow/FilmNow.java | src/filmnow/MainFilmNow.java,high
S17,official_sample,redacted,llm,object_references,Object References and Composition,10,10,Uso correto de referências e composição. Objetos são instanciados adequadamente e não há uso indevido de modificadores estáticos.,src/filmnow/FilmNow.java | src/filmnow/MainFilmNow.java,high
S17,official_sample,redacted,llm,collections_and_arrays,Collections and Arrays,10,10,"Arrays foram utilizados corretamente para armazenar os filmes e a HotList, respeitando os limites de tamanho estabelecidos.",src/filmnow/FilmNow.java,high
S17,official_sample,redacted,llm,separation_of_concerns,Separation of Concerns,10,10,"Excelente separação de responsabilidades. A interface com o usuário está isolada no Main, a lógica de negócio no FilmNow e a formatação de dados no Filme.",src/filmnow/MainFilmNow.java | src/filmnow/FilmNow.java | src/filmnow/Filme.java,high
S17,official_sample,redacted,llm,readability_and_documentation,Readability and Documentation,10,10,"Código muito legível, com boa escolha de nomes para variáveis e métodos. Documentação Javadoc presente e clara em todas as classes principais.",src/filmnow/Filme.java | src/filmnow/FilmNow.java,high
S18,official_sample,redacted,llm,basic_functionality,Basic Functionality,8.0,10,"As funcionalidades principais (adicionar, mostrar, detalhar) funcionam muito bem. No entanto, a funcionalidade de HotList possui falhas lógicas significativas que causam exceções (NPE e ArrayIndexOutOfBounds) em cenários de borda e uso normal.",FilmNow.cadastraFilme | FilmNow.getFilme | Filme.formataFilme | FilmNow.atribuiHot | FilmNow.retiraHot | MainFilmNow.adicionaHot,high
S18,official_sample,redacted,llm,unit_tests,Unit Tests,10.0,10,"Excelente conjunto de testes, cobrindo as classes Filme e FilmNow com diversos cenários, incluindo limites e validações.",testes/filmnow/FilmeTest.java | testes/filmnow/FilmNowTest.java,high
S18,official_sample,redacted,llm,class_design,Class Design,10.0,10,"As classes foram bem modeladas, com a classe Filme encapsulando seus dados e a classe FilmNow gerenciando a coleção de filmes.",Filme.java | FilmNow.java,high
S18,official_sample,redacted,llm,object_references,Object References and Composition,10.0,10,Uso correto de referências e composição entre FilmNow e Filme.,FilmNow.cadastraFilme | MainFilmNow.main,high
S18,official_sample,redacted,llm,collections_and_arrays,Collections and Arrays,10.0,10,"Estruturas de arrays utilizadas corretamente para armazenar os filmes e a HotList, respeitando a lógica de índices.",FilmNow.filmes | FilmNow.hotList | FilmNow.cadastraFilme,high
S18,official_sample,redacted,llm,separation_of_concerns,Separation of Concerns,9.0,10,"Boa separação geral, com a interface lidando com I/O e FilmNow com a lógica. Houve apenas um pequeno vazamento de regra de negócio para a interface na funcionalidade da HotList.",MainFilmNow.comando | Filme.formataFilme | MainFilmNow.adicionaHot,high
S18,official_sample,redacted,llm,readability_and_documentation,Readability and Documentation,10.0,10,"Código muito bem escrito, legível e com excelente documentação Javadoc.",Filme.java | FilmNow.java,high
S19,official_sample,redacted,llm,basic_functionality,Basic Functionality,10,10,"A funcionalidade básica foi implementada de forma excelente. O sistema permite adicionar, listar e detalhar filmes corretamente, além de gerenciar a HotList respeitando as regras de negócio e limites estabelecidos.",FilmNow.java: cadastraFilme | FilmNow.java: detalhesFilme | FilmNow.java: cadastraHot | FilmNow.java: retiraHot | MainFilmNow.java: mostrarFilmes,high
S19,official_sample,redacted,llm,unit_tests,Unit Tests,10,10,"Os testes de unidade estão muito bem estruturados e abrangentes, cobrindo tanto a classe Filme quanto a classe FilmNow, incluindo casos normais e valores limite.",FilmeTest.java | FilmNowTest.java,high
S19,official_sample,redacted,llm,class_design,Class Design,10,10,"O design das classes atende perfeitamente ao que foi solicitado. A classe Filme foi criada para encapsular os dados, e a classe FilmNow gerencia a coleção de filmes.",Filme.java | FilmNow.java,high
S19,official_sample,redacted,llm,object_references,Object References and Composition,10,10,"O uso de referências e composição está correto. A classe FilmNow compõe objetos da classe Filme adequadamente, e não há uso indevido de modificadores estáticos.",FilmNow.java: cadastraFilme | MainFilmNow.java,high
S19,official_sample,redacted,llm,collections_and_arrays,Collections and Arrays,10,10,"As estruturas de dados foram utilizadas corretamente, respeitando os limites de tamanho estabelecidos no laboratório e mapeando adequadamente os índices.",FilmNow.java: construtor | FilmNow.java: getFilme | FilmNow.java: cadastraHot,high
S19,official_sample,redacted,llm,separation_of_concerns,Separation of Concerns,10,10,"A separação de responsabilidades está clara e bem implementada. A interface de usuário, a lógica de negócio e a representação dos dados estão em classes distintas.",MainFilmNow.java | FilmNow.java | Filme.java,high
S19,official_sample,redacted,llm,readability_and_documentation,Readability and Documentation,10,10,"O código é altamente legível, com boa escolha de nomes para variáveis e métodos, e possui documentação Javadoc clara e objetiva.",Filme.java | FilmNow.java | MainFilmNow.java,high
S20,official_sample,redacted,llm,basic_functionality,Basic Functionality,8.5,10,"As funcionalidades principais foram implementadas com sucesso, incluindo a adição, listagem e detalhamento de filmes, além da HotList. Houve pequenas falhas na integração da interface com o sistema (erro ao não informar o ano) e na formatação da listagem de filmes e da HotList.",MainFilmNow.java:188-195 | MainFilmNow.java:204-226 | FilmNow.java:25-40 | MainFilmNow.java:192 | MainFilmNow.java:260-261 | MainFilmNow.java:133,high
S20,official_sample,redacted,llm,unit_tests,Unit Tests,10,10,"Excelente conjunto de testes. O aluno criou testes abrangentes para as classes Filme e FilmNow, cobrindo casos normais e limites, incluindo a lógica da HotList.",Testes/lab3FilmNow/FilmNowTest.java | Testes/lab3FilmNow/DetalharFilmesTest.java | Testes/lab3FilmNow/FilmNowHotTest.java,high
S20,official_sample,redacted,llm,class_design,Class Design,10,10,As classes foram bem modeladas. A classe Filme encapsula corretamente os dados de um filme e implementa equals e hashCode adequadamente. A classe FilmNow gerencia a coleção de filmes de forma coerente.,Filme.java:18-23 | Filme.java:63-71 | FilmNow.java:13-14,high
S20,official_sample,redacted,llm,object_references,Object References and Composition,10,10,Uso correto de referências e composição. A instanciação de objetos é feita nos momentos adequados e não há uso indevido de modificadores estáticos nas classes de domínio.,FilmNow.java:111 | FilmNow.java:144,high
S20,official_sample,redacted,llm,collections_and_arrays,Collections and Arrays,9,10,"O uso de arrays foi adequado para armazenar os filmes e a HotList. Houve apenas um pequeno desvio em relação à restrição de tamanho do array para ignorar o índice 0, conforme previsto na rubrica de correção.",FilmNow.java:11-14 | FilmNow.java:11 | FilmNow.java:61,high
S20,official_sample,redacted,llm,separation_of_concerns,Separation of Concerns,9,10,"A divisão de responsabilidades está boa na maior parte do sistema. No entanto, a classe FilmNow retorna mensagens de interface (Strings) em um de seus métodos de adição, misturando lógica de domínio com apresentação.",MainFilmNow.java:46-62 | Filme.java:45-51 | FilmNow.java:131-146,high
S20,official_sample,redacted,llm,readability_and_documentation,Readability and Documentation,10,10,O código é muito legível e está excelentemente documentado. O aluno utilizou Javadoc de forma clara e objetiva para descrever o comportamento dos métodos.,Filme.java:9-17 | FilmNow.java:16-24,high
S21,official_sample,redacted,llm,basic_functionality,Basic Functionality,7.5,10,"As funcionalidades principais foram implementadas com boa lógica de validação, mas a experiência do usuário é prejudicada. O sistema não exibe mensagens de feedback (sucesso/erro) e sofre crashes em entradas inválidas devido à falta de tratamento na interface.",FilmNow.java:91-116 | MainFilmNow.java:91-98 | MainFilmNow.java:130 | MainFilmNow.java:148 | FilmNow.java:93,high
S21,official_sample,redacted,llm,unit_tests,Unit Tests,6.0,10,"A suíte de testes é excelente para a classe FilmNow, cobrindo casos normais e limites com uso adequado de exceções. No entanto, não há testes para a classe Filme.",FilmeTest.java:18-300 | FilmeTest.java,high
S21,official_sample,redacted,llm,class_design,Class Design,8.0,10,"As classes foram bem separadas e a composição foi compreendida. Contudo, há problemas no design de estado: atributos inadequados foram criados para contornar a lógica da HotList, gerando inconsistências.",Filme.java:11-30 | FilmNow.java:17-21 | FilmNow.java:26 | Filme.java:28 | FilmNow.java:56,high
S21,official_sample,redacted,llm,object_references,Object References and Composition,10.0,10,"O uso de referências e a instanciação de objetos foram feitos de maneira correta, respeitando os princípios de orientação a objetos para este nível.",FilmNow.java:91 | Filme.java:96-106,high
S21,official_sample,redacted,llm,collections_and_arrays,Collections and Arrays,9.0,10,"Os arrays foram utilizados corretamente para armazenar os filmes e a HotList, mas houve a prática de ignorar o índice 0, o que sofre penalidade conforme a rubrica.",FilmNow.java:32-33 | FilmNow.java:106,high
S21,official_sample,redacted,llm,separation_of_concerns,Separation of Concerns,7.5,10,"A separação entre interface e domínio existe, mas a interface falha em tratar os erros do domínio, e o domínio retorna mensagens de texto voltadas para a interface.",MainFilmNow.java:46-84 | FilmNow.java:91-116 | MainFilmNow.java:121-131 | FilmNow.java:108 | FilmNow.java:112,high
S21,official_sample,redacted,llm,readability_and_documentation,Readability and Documentation,10.0,10,"O código está muito bem formatado, legível e com excelente documentação Javadoc em todas as classes e métodos.",Filme.java:30-37 | FilmNow.java:82-89,high
S22,official_sample,redacted,llm,basic_functionality,Basic Functionality,8.5,10,"As funcionalidades principais (adicionar, mostrar, detalhar) foram implementadas corretamente. No entanto, há falhas na validação de limites e tratamento de erros nas operações da HotList.",FilmNow.cadastraFilme | MainFilmNow.mostrarFilmes | MainFilmNow.detalharFilme | FilmNow.adicionaHotList | FilmNow.retiraHotList | MainFilmNow.atribuirHotList,high
S22,official_sample,redacted,llm,unit_tests,Unit Tests,6.0,10,"Excelente cobertura de testes para a adição e detalhamento de filmes na classe FilmNow. Contudo, faltam testes para a classe Filme e para as operações da HotList.",FIlmeTeste.java,high
S22,official_sample,redacted,llm,class_design,Class Design,10.0,10,"As classes principais foram criadas e modeladas adequadamente, demonstrando bom entendimento de orientação a objetos.",Filme.java | FilmNow.java | DetalhaFilme.java,high
S22,official_sample,redacted,llm,object_references,Object References and Composition,10.0,10,Uso correto de referências e composição entre as classes do sistema.,FilmNow.java | MainFilmNow.java,high
S22,official_sample,redacted,llm,collections_and_arrays,Collections and Arrays,10.0,10,Estruturas de dados utilizadas corretamente e respeitando os limites estabelecidos.,"FilmNow.java (linhas 12-13, 109)",high
S22,official_sample,redacted,llm,separation_of_concerns,Separation of Concerns,9.0,10,"Boa separação de responsabilidades no geral, com a interface isolada no Main. Houve apenas um pequeno desvio na formatação da listagem de filmes.",MainFilmNow.java | FilmNow.java | MainFilmNow.formataFilme,high
S22,official_sample,redacted,llm,readability_and_documentation,Readability and Documentation,9.0,10,"Código legível e organizado, com presença de Javadoc, embora algumas tags estejam incompletas.","FilmNow.java | Filme.java | DetalhaFilme.java (linhas 10-11) | FilmNow.java (linhas 18-19, 36-38)",high
S23,official_sample,redacted,llm,basic_functionality,Basic Functionality,6.5,10,"As funcionalidades de adicionar e mostrar filmes foram implementadas com sucesso. No entanto, a funcionalidade de detalhar filme possui erros de índice e falta de validação, e a HotList não foi implementada.",MainFilmNow.java: adicionaFilme | MainFilmNow.java: mostrarFilmes | MainFilmNow.java: exibirHotList | MainFilmNow.java: removerHot | FilmNow.java: getHotList | MainFilmNow.java: detalharFilme | FilmNow.java: getFilme,high
S23,official_sample,redacted,llm,unit_tests,Unit Tests,0.0,10,Nenhum teste de unidade foi implementado. Os arquivos de teste fornecidos estão vazios.,testes/lab3FilmNow/testes/FilmeTest.java | testes/lab3FilmNow/testes/MainFilmNowTest.java,high
S23,official_sample,redacted,llm,class_design,Class Design,9.0,10,As classes principais (Filme e FilmNow) foram criadas e modeladas adequadamente. Houve um pequeno erro na implementação do método equals da classe Filme.,Filme.java | FilmNow.java | Filme.java: equals,high
S23,official_sample,redacted,llm,object_references,Object References and Composition,10.0,10,O uso de referências e a composição entre FilmNow e Filme foram implementados corretamente.,FilmNow.java: cadastraFilme | FilmNow.java: filmes,high
S23,official_sample,redacted,llm,collections_and_arrays,Collections and Arrays,8.0,10,"O array principal de filmes foi utilizado corretamente, mas faltou a estrutura de dados para suportar a HotList.",FilmNow.java: filmes | FilmNow.java: cadastraFilme | FilmNow.java,high
S23,official_sample,redacted,llm,separation_of_concerns,Separation of Concerns,10.0,10,"As responsabilidades estão bem divididas entre a interface com o usuário (MainFilmNow), o gerenciador (FilmNow) e a entidade (Filme).",MainFilmNow.java | FilmNow.java | Filme.java,high
S23,official_sample,redacted,llm,readability_and_documentation,Readability and Documentation,7.0,10,"O código é legível e segue boas práticas de nomenclatura, mas carece de documentação Javadoc nas classes e métodos criados pelo aluno.",Filme.java | MainFilmNow.java | MainFilmNow.java: atribuirHotList,high
S24,official_sample,redacted,llm,basic_functionality,Basic Functionality,8.5,10,"A funcionalidade básica foi implementada com sucesso na maior parte, incluindo cadastro, listagem e detalhamento. No entanto, há falhas no gerenciamento da HotList: ocorre NullPointerException ao tentar adicionar um filme de uma posição vazia, e filmes sobrescritos não são removidos da HotList.",FilmNow.java: cadastraFilme | FilmNow.java: detalharFilme | FilmNow.java: adicionaHot,high
S24,official_sample,redacted,llm,unit_tests,Unit Tests,8.0,10,"A classe FilmNow possui uma excelente cobertura de testes, explorando casos limites e fluxos de erro. Contudo, a classe Filme foi testada apenas superficialmente, faltando testes para o método equals.",FilmNowTest.java | FilmeTest.java,high
S24,official_sample,redacted,llm,class_design,Class Design,10.0,10,"O design de classes atende perfeitamente aos requisitos. A classe Filme foi criada para representar a entidade, e FilmNow gerencia a coleção de filmes.",Filme.java | FilmNow.java | MainFilmNow.java,high
S24,official_sample,redacted,llm,object_references,Object References and Composition,10.0,10,Uso correto de referências e composição. A classe FilmNow compõe instâncias de Filme de forma adequada.,FilmNow.java: cadastraFilme | Filme.java: toString,high
S24,official_sample,redacted,llm,collections_and_arrays,Collections and Arrays,10.0,10,"As estruturas de dados foram utilizadas corretamente, respeitando os limites de tamanho estabelecidos no laboratório.",FilmNow.java: construtor | FilmNow.java: getFilme,high
S24,official_sample,redacted,llm,separation_of_concerns,Separation of Concerns,10.0,10,"Excelente separação de responsabilidades. A interface com o usuário está isolada no Main, enquanto a lógica de negócio reside em FilmNow e Filme.",MainFilmNow.java | FilmNow.java,high
S24,official_sample,redacted,llm,readability_and_documentation,Readability and Documentation,10.0,10,O código é muito legível e está bem documentado com Javadoc em todas as classes e métodos públicos.,Filme.java | FilmNow.java,high
S25,official_sample,redacted,llm,basic_functionality,Basic Functionality,9.5,10,"O sistema implementa quase todas as funcionalidades corretamente, incluindo adição, listagem, detalhamento e manipulação da HotList. Houve apenas um pequeno desvio na especificação ao detalhar uma posição vazia.",FilmNow.cadastraFilme | FilmNow.detalharFilme | FilmNow.adicionarHot,high
S25,official_sample,redacted,llm,unit_tests,Unit Tests,8.0,10,"Os testes da classe Filme estão excelentes e cobrem bem os métodos. Os testes da classe FilmNow cobrem bem a HotList, mas são incompletos para as operações básicas de cadastro e detalhamento.",FilmeTest.java | FilmeNowTest.testAdicionarHot | FilmeNowTest.testRemoveHot | FilmeNowTest.testCadastraFilme | FilmeNowTest.testDetalharFilme,high
S25,official_sample,redacted,llm,class_design,Class Design,10.0,10,"As classes foram criadas e modeladas corretamente, com a classe Filme encapsulando seus dados e a classe FilmNow gerenciando as coleções.",Filme.java | FilmNow.java | MainFilmNow.java,high
S25,official_sample,redacted,llm,object_references,Object References and Composition,10.0,10,O uso de referências e a composição entre FilmNow e Filme foram implementados de forma correta e segura.,FilmNow.cadastraFilme | Filme.equals,high
S25,official_sample,redacted,llm,collections_and_arrays,Collections and Arrays,10.0,10,"Os arrays foram utilizados corretamente, respeitando os limites de tamanho estabelecidos na especificação e utilizando os índices de forma adequada (0 a length-1).",FilmNow.filmes | FilmNow.hotList | FilmNow.cadastraFilme,high
S25,official_sample,redacted,llm,separation_of_concerns,Separation of Concerns,10.0,10,"Excelente separação de responsabilidades. A interface de usuário não contém regras de negócio, e as classes de domínio não realizam operações de entrada e saída.",MainFilmNow.comando | FilmNow.detalharFilme | Filme.stringDetalha,high
S25,official_sample,redacted,llm,readability_and_documentation,Readability and Documentation,10.0,10,"O código é muito legível, com boa escolha de nomes para variáveis e métodos, e a documentação Javadoc está completa e clara.",Filme.java | FilmNow.java,high
S26,official_sample,redacted,llm,basic_functionality,Basic Functionality,9.0,10,"O sistema implementa quase todas as funcionalidades corretamente, incluindo a lógica complexa da HotList e validações de cadastro. Houve apenas pequenos desvios na interface de detalhar filme.",FilmNow.java: cadastraFilme | FilmNow.java: cadastrarFilmeHot | MainFilmNow.java: mostrarFilmes | MainFilmNow.java: detalharFilme,high
S26,official_sample,redacted,llm,unit_tests,Unit Tests,10.0,10,"A suíte de testes é excelente, cobrindo extensivamente os métodos da classe Filme e as diversas regras de negócio da classe FilmNow, incluindo casos limite e de erro.",FilmeTest.java | FilmNowTest.java,high
S26,official_sample,redacted,llm,class_design,Class Design,10.0,10,"As classes foram modeladas corretamente, com a classe Filme encapsulando seus dados e a classe FilmNow gerenciando a coleção de filmes.",Filme.java | FilmNow.java | MainFilmNow.java,high
S26,official_sample,redacted,llm,object_references,Object References and Composition,10.0,10,"O uso de referências e composição está correto, sem uso indevido de modificadores estáticos fora do Main.",FilmNow.java: filmes | FilmNow.java: filmeshot,high
S26,official_sample,redacted,llm,collections_and_arrays,Collections and Arrays,10.0,10,"Os arrays foram utilizados corretamente, respeitando os limites estabelecidos e mapeando adequadamente as posições informadas pelo usuário para os índices internos.",FilmNow.java: TAMANHO | FilmNow.java: cadastraFilme,high
S26,official_sample,redacted,llm,separation_of_concerns,Separation of Concerns,10.0,10,"A separação de responsabilidades está bem definida entre a interface de usuário, a lógica de negócio e a representação dos dados.",MainFilmNow.java | FilmNow.java | Filme.java: toString,high
S26,official_sample,redacted,llm,readability_and_documentation,Readability and Documentation,9.0,10,"O código é legível e possui boa documentação na maior parte, mas apresenta pequenas falhas na cobertura de Javadoc em métodos públicos e desvios na convenção de nomenclatura.",Filme.java | FilmNow.java | FilmNow.java: cadastrarFilmeHot | FilmNow.java: VerificaPosicao,high
S27,official_sample,redacted,llm,basic_functionality,Basic Functionality,7.0,10,"A maior parte das funcionalidades básicas foi implementada com sucesso, como adicionar, listar e detalhar filmes. No entanto, há falhas na validação de campos vazios e problemas críticos na lógica da HotList, incluindo um loop infinito na remoção.",FilmNow.cadastraFilme | FilmNow.detalharFilme | FilmNow.adicionarParaHot | MainFilmNow.atribuirHot | FilmNow.removerHot,high
S27,official_sample,redacted,llm,unit_tests,Unit Tests,4.5,10,"Há uma boa quantidade de testes para a classe FilmNow, cobrindo vários cenários de adição e detalhamento. Contudo, faltam testes para a classe Filme e para as operações da HotList, além de um teste validar um comportamento incorreto.",FilmNowTest.cadastraFilmeTest | FilmNowTest.detalhaFilmeTest | Test/filmnow/ | FilmNowTest | FilmNowTest.cadastraFilmeTestLocalVazio,high
S27,official_sample,redacted,llm,class_design,Class Design,10.0,10,"As classes foram criadas corretamente, com atributos adequados e métodos de igualdade implementados conforme o esperado.",Filme.java | Filme.equals,high
S27,official_sample,redacted,llm,object_references,Object References and Composition,10.0,10,O uso de referências e a composição entre FilmNow e Filme foram implementados de forma correta e coerente.,FilmNow.filmes | FilmNow.cadastraFilme,high
S27,official_sample,redacted,llm,collections_and_arrays,Collections and Arrays,10.0,10,"Os arrays foram utilizados corretamente para armazenar os filmes e a HotList, respeitando os limites de tamanho estabelecidos.",FilmNow.TAMANHO | FilmNow.cadastraFilme,high
S27,official_sample,redacted,llm,separation_of_concerns,Separation of Concerns,7.5,10,"A separação entre interface e lógica de negócio é boa na maior parte do sistema, mas há violações ao imprimir diretamente no console a partir da classe de domínio e ao não delegar a formatação de detalhes para a classe Filme.",MainFilmNow.comando | FilmNow.cadastraFilme | FilmNow.exibirHotList | FilmNow.detalharFilme | Filme.toStringDetalhado,high
S27,official_sample,redacted,llm,readability_and_documentation,Readability and Documentation,10.0,10,"O código está bem organizado, legível e possui documentação Javadoc adequada na maioria dos métodos e classes.",Filme.java | FilmNow.java,high
S28,official_sample,redacted,llm,basic_functionality,Basic Functionality,7.5,10,"A maior parte das funcionalidades foi implementada corretamente, incluindo adição, listagem e manipulação da HotList. No entanto, há falhas nos limites de posição (bloqueando a posição 100), falta de tratamento de exceção para posições inválidas ao detalhar filmes, e a sobrescrita de um filme não remove o status 'Hot' da posição.",MainFilmNow.java: adicionaFilme | MainFilmNow.java: mostrarFilmes | FilmNow.java: atribuirHot | MainFilmNow.java: adicionaFilme (linha 116) | MainFilmNow.java: detalharFilme (linha 101) | FilmNow.java: cadastraFilme (linha 57),high
S28,official_sample,redacted,llm,unit_tests,Unit Tests,10.0,10,"Os testes foram implementados de forma abrangente e correta, cobrindo as principais funcionalidades das classes Film e FilmNow, incluindo casos limite e exceções.",testes/filmnow/FilmTestes.java | testes/filmnow/FilmNowTestes.java,high
S28,official_sample,redacted,llm,class_design,Class Design,10.0,10,"As classes foram bem modeladas, com a classe Film representando a entidade de domínio e FilmNow gerenciando a coleção de filmes.",Film.java | FilmNow.java | MainFilmNow.java,high
S28,official_sample,redacted,llm,object_references,Object References and Composition,10.0,10,O uso de referências e a composição entre as classes foram implementados corretamente.,FilmNow.java: cadastraFilme | MainFilmNow.java: main,high
S28,official_sample,redacted,llm,collections_and_arrays,Collections and Arrays,9.0,10,"As estruturas de dados foram bem utilizadas, com um array para os filmes e um ArrayList para a HotList. Houve um pequeno desconto por ignorar o índice 0 do array, conforme previsto na rubrica.",FilmNow.java: construtor | MainFilmNow.java: adicionaFilme,high
S28,official_sample,redacted,llm,separation_of_concerns,Separation of Concerns,10.0,10,"A separação de responsabilidades está clara e adequada. A interface com o usuário está isolada na classe MainFilmNow, enquanto a lógica de negócio reside em FilmNow e Film.",MainFilmNow.java | FilmNow.java | Film.java,high
S28,official_sample,redacted,llm,readability_and_documentation,Readability and Documentation,10.0,10,O código apresenta excelente legibilidade e está devidamente documentado com Javadoc claro e objetivo.,Film.java | FilmNow.java,high
S29,official_sample,redacted,llm,basic_functionality,Basic Functionality,8.5,10,"O sistema implementa quase todas as funcionalidades corretamente, incluindo validações de limites e duplicatas. No entanto, há pequenas falhas: detalhar uma posição vazia retorna erro em vez de vazio, e sobrescrever um filme na HotList não remove o status 'Hot' do filme anterior.",FilmNow.java: cadastraFilme | FilmNow.java: detalharFilme | FilmNow.java: cadastraHotList,high
S29,official_sample,redacted,llm,unit_tests,Unit Tests,10,10,"Os testes foram muito bem implementados, cobrindo as classes Filme e FilmNow com diversos cenários, incluindo limites e casos de erro.",FIlmeTest.java | FilmNowTest.java,high
S29,official_sample,redacted,llm,class_design,Class Design,10,10,A modelagem das classes está excelente. A classe Filme encapsula bem seus dados e a classe FilmNow gerencia corretamente a coleção de filmes.,Filme.java | FilmNow.java | MainFilmNow.java,high
S29,official_sample,redacted,llm,object_references,Object References and Composition,10,10,O uso de referências e a composição entre FilmNow e Filme foram feitos de forma correta e segura.,FilmNow.java: cadastraFilme | FilmNow.java: cadastraHotList | FilmNow.java: getFilmes,high
S29,official_sample,redacted,llm,collections_and_arrays,Collections and Arrays,10,10,"Os arrays foram utilizados corretamente, respeitando os limites de tamanho estabelecidos na especificação e fazendo o mapeamento adequado entre a posição informada pelo usuário (1 a N) e o índice do array (0 a N-1).",FilmNow.java: construtor | FilmNow.java: cadastraFilme | FilmNow.java: cadastraHotList,high
S29,official_sample,redacted,llm,separation_of_concerns,Separation of Concerns,10,10,"A separação de responsabilidades está muito boa. A interface com o usuário está isolada no Main, enquanto as regras de negócio e formatação de detalhes estão nas classes de domínio.",MainFilmNow.java | FilmNow.java | Filme.java: detalhesFilme,high
S29,official_sample,redacted,llm,readability_and_documentation,Readability and Documentation,10,10,O código é extremamente legível e possui uma documentação Javadoc completa e clara para todas as classes e métodos públicos.,Filme.java | FilmNow.java,high
S30,official_sample,redacted,llm,basic_functionality,Basic Functionality,10,10,"Todas as funcionalidades principais (adicionar, mostrar, detalhar e hotlist) foram implementadas corretamente e tratam os casos de erro e limites especificados.",FilmNow.cadastraFilme | FilmNow.addHotList | FilmNow.detalharFilme,high
S30,official_sample,redacted,llm,unit_tests,Unit Tests,8,10,"A classe FilmNow possui uma excelente e exaustiva suíte de testes. No entanto, os testes da classe Filme cobrem apenas o método equals, omitindo testes de construtor e métodos de acesso.",FilmNowTest.java | FilmeTest.java,high
S30,official_sample,redacted,llm,class_design,Class Design,10,10,"As classes foram bem modeladas, com Filme representando a entidade de domínio e FilmNow gerenciando a coleção, além de um Main bem modularizado.",Filme.java | FilmNow.java | MainFilmNow.java,high
S30,official_sample,redacted,llm,object_references,Object References and Composition,10,10,"Uso correto de referências e composição. A classe FilmNow compõe instâncias de Filme adequadamente, e o uso de modificadores estáticos está restrito ao Main e constantes.",FilmNow.java | MainFilmNow.java,high
S30,official_sample,redacted,llm,collections_and_arrays,Collections and Arrays,10,10,"Os arrays foram utilizados corretamente para armazenar os filmes e a HotList, respeitando os limites de tamanho e mapeando corretamente as posições (1-based para 0-based).",FilmNow.java:21-22 | FilmNow.java:73,high
S30,official_sample,redacted,llm,separation_of_concerns,Separation of Concerns,8,10,"Boa separação entre interface (Main) e lógica (FilmNow). Contudo, a responsabilidade de formatar a exibição dos detalhes do filme ficou concentrada em FilmNow e Main, em vez de ser delegada à classe Filme.",MainFilmNow.java | FilmNow.java | FilmNow.java:121-126 | MainFilmNow.java:155,high
S30,official_sample,redacted,llm,readability_and_documentation,Readability and Documentation,10,10,"O código é muito legível, com boa escolha de nomes para variáveis e métodos. A documentação Javadoc está presente, clara e objetiva nas classes e métodos públicos.",FilmNow.java | MainFilmNow.java,high
S31,official_sample,redacted,llm,basic_functionality,Basic Functionality,2.5,10,"A funcionalidade básica está severamente comprometida. A HotList não foi implementada. A funcionalidade de detalhar filme causa erro de compilação pois o método getFilme foi removido de FilmNow. A adição e listagem de filmes estão incompletas, pois a classe Filme não armazena dados e não possui equals ou toString.",FilmNow.java: cadastraFilme | MainFilmNow.java | FilmNow.java | MainFilmNow.java: detalharFilme | Filme.java,high
S31,official_sample,redacted,llm,unit_tests,Unit Tests,0,10,Não há nenhuma evidência de testes de unidade implementados para as classes do sistema.,Pacote de submissão,high
S31,official_sample,redacted,llm,class_design,Class Design,5,10,"A classe Filme foi criada, mas está completamente vazia, sem atributos para armazenar o estado. A classe FilmNow possui a estrutura básica de array, mas perdeu métodos essenciais.",Filme.java | FilmNow.java,high
S31,official_sample,redacted,llm,object_references,Object References and Composition,8,10,"A composição entre FilmNow e Filme foi estabelecida através de um array, e a instanciação ocorre corretamente, embora os objetos criados não retenham estado.",FilmNow.java: cadastraFilme | Filme.java,high
S31,official_sample,redacted,llm,collections_and_arrays,Collections and Arrays,10,10,"O uso do array para armazenar os filmes está correto, respeitando o limite de 100 posições e ajustando os índices adequadamente (posicao - 1).",FilmNow.java: construtor | FilmNow.java: cadastraFilme,high
S31,official_sample,redacted,llm,separation_of_concerns,Separation of Concerns,7,10,"Há uma separação razoável entre a interface (MainFilmNow) e o gerenciador (FilmNow), mas a classe Filme falha em assumir suas responsabilidades de exibição e formatação.",MainFilmNow.java | FilmNow.java | Filme.java,high
S31,official_sample,redacted,llm,readability_and_documentation,Readability and Documentation,6,10,"O código mantém a legibilidade básica e o estilo Java, mas carece de documentação Javadoc nas novas classes e métodos criados, além de manter Javadocs desatualizados.",FilmNow.java | MainFilmNow.java | Filme.java,high
S32,official_sample,redacted,llm,basic_functionality,Basic Functionality,9.5,10,"As funcionalidades foram implementadas com sucesso, cobrindo os requisitos principais de adição, listagem e detalhamento. Há apenas um pequeno desvio na exibição de posições vazias e em uma mensagem de erro da HotList.",FilmNow.java:68-88 | FilmNow.java:105-127 | MainFilmNow.java:108-116 | FilmNow.java:44 | FilmNow.java:138 | MainFilmNow.java:133,high
S32,official_sample,redacted,llm,unit_tests,Unit Tests,10,10,"Excelente conjunto de testes, cobrindo exaustivamente as classes Filme e FilmNow, incluindo casos limite e fluxos de erro.",testes/lab3FilmNow/FilmeTest.java | testes/lab3FilmNow/FilmNowTest.java,high
S32,official_sample,redacted,llm,class_design,Class Design,10,10,"Modelagem de classes adequada, com Filme e FilmNow bem definidos e MainFilmNow modularizado.",Filme.java:11-15 | FilmNow.java:13-14 | MainFilmNow.java:72-96,high
S32,official_sample,redacted,llm,object_references,Object References and Composition,10,10,"Uso correto de referências e composição entre FilmNow e Filme, demonstrando boas práticas de encapsulamento.",FilmNow.java:30 | FilmNow.java:147 | FilmNow.java:84,high
S32,official_sample,redacted,llm,collections_and_arrays,Collections and Arrays,10,10,Uso correto de arrays respeitando os limites estabelecidos no roteiro.,FilmNow.java:21-22 | FilmNow.java:38 | FilmNow.java:70,high
S32,official_sample,redacted,llm,separation_of_concerns,Separation of Concerns,10,10,"Boa separação de responsabilidades entre interface, gerenciamento e modelo de dados.",MainFilmNow.java | FilmNow.java | Filme.java:63-73,high
S32,official_sample,redacted,llm,readability_and_documentation,Readability and Documentation,10,10,"Código muito legível, bem organizado e com excelente documentação Javadoc.",Filme.java:17-22 | FilmNow.java:98-103,high
S33,official_sample,redacted,llm,basic_functionality,Basic Functionality,8.0,10,"A maior parte das funcionalidades foi implementada corretamente, incluindo adição e listagem de filmes. No entanto, há falhas na validação de limites ao detalhar filmes e bugs na lógica de adição à HotList.",FilmNow.cadastraFilme | MainFilmNow.mostrarFilmes | MainFilmNow.adicionaFilme | FilmNow.getFilme | MainFilmNow.detalharFilme | FilmNow.cadastraHotList,high
S33,official_sample,redacted,llm,unit_tests,Unit Tests,8.0,10,Bons testes para a classe Filme e para a adição de filmes em FilmNow. Faltaram testes para as funcionalidades da HotList.,FilmeTest.java | FilmNowTest.java,high
S33,official_sample,redacted,llm,class_design,Class Design,10.0,10,"As classes foram bem modeladas, com Filme encapsulando seus dados e FilmNow gerenciando as coleções.",Filme.java | FilmNow.java,high
S33,official_sample,redacted,llm,object_references,Object References and Composition,10.0,10,Uso correto de referências e composição entre FilmNow e Filme.,FilmNow.cadastraFilme | MainFilmNow.java,high
S33,official_sample,redacted,llm,collections_and_arrays,Collections and Arrays,10.0,10,"Arrays foram utilizados corretamente para armazenar os filmes e a HotList, respeitando os limites estabelecidos.",FilmNow.java,high
S33,official_sample,redacted,llm,separation_of_concerns,Separation of Concerns,10.0,10,"Boa separação de responsabilidades entre interface com o usuário, gerenciamento do sistema e representação dos dados.",MainFilmNow.java | FilmNow.java | Filme.toString,high
S33,official_sample,redacted,llm,readability_and_documentation,Readability and Documentation,10.0,10,"Código limpo, legível e bem documentado com Javadoc.",Filme.java | FilmNow.java,high
S34,official_sample,redacted,llm,basic_functionality,Basic Functionality,9.0,10,As funcionalidades principais foram implementadas com sucesso e atendem quase integralmente à especificação. Há apenas pequenos desvios no tratamento de posições vazias ao detalhar filmes e ao remover da HotList.,FilmNow.java: adicionaFilme | FilmNow.java: atribuirHot | FilmNow.java: exibirHotList | FilmNow.java: detalharFilme | FilmNowTest.java: testDetalharFilmePosicaoVazia | FilmNow.java: removerHot | MainFilmNow.java: removerHot,high
S34,official_sample,redacted,llm,unit_tests,Unit Tests,10.0,10,"A suíte de testes é excelente, cobrindo exaustivamente as classes Filme e FilmNow, incluindo casos normais e limites.",FilmeTest.java | FilmNowTest.java,high
S34,official_sample,redacted,llm,class_design,Class Design,10.0,10,"O design das classes está muito bem estruturado, com a classe Filme encapsulando seus dados e FilmNow gerenciando a coleção de filmes.",Filme.java | FilmNow.java | MainFilmNow.java,high
S34,official_sample,redacted,llm,object_references,Object References and Composition,10.0,10,Uso correto de referências e composição entre as classes do sistema.,FilmNow.java: adicionaFilme | MainFilmNow.java: main,high
S34,official_sample,redacted,llm,collections_and_arrays,Collections and Arrays,10.0,10,As estruturas de dados foram utilizadas corretamente e respeitam as restrições de tamanho do laboratório.,FilmNow.java: TAMANHO | FilmNow.java: TAMANHO_HOTLIST | FilmNow.java: adicionaFilme,high
S34,official_sample,redacted,llm,separation_of_concerns,Separation of Concerns,10.0,10,"Excelente separação de responsabilidades entre interface de usuário, regras de negócio e modelo de dados.",MainFilmNow.java | FilmNow.java | Filme.java,high
S34,official_sample,redacted,llm,readability_and_documentation,Readability and Documentation,10.0,10,O código é altamente legível e possui documentação Javadoc clara e completa.,Filme.java | FilmNow.java,high
S35,official_sample,redacted,llm,basic_functionality,Basic Functionality,6.5,10,"As funcionalidades de adicionar, mostrar e detalhar filmes foram implementadas, mas faltam validações na adição e a funcionalidade HotList foi completamente omitida.",FilmNow.java:cadastraFilme | MainFilmNow.java:mostrarFilmes | MainFilmNow.java:detalharFilme | MainFilmNow.java:menu | FilmNow.java,high
S35,official_sample,redacted,llm,unit_tests,Unit Tests,0.0,10,Nenhum teste de unidade foi implementado ou enviado na submissão.,Submission Package (Test file count: 0),high
S35,official_sample,redacted,llm,class_design,Class Design,9.0,10,"As classes principais foram criadas corretamente, com atributos adequados e modularização no Main, mas faltou a implementação do método equals na classe Filme.",Filme.java | FilmNow.java | MainFilmNow.java,high
S35,official_sample,redacted,llm,object_references,Object References and Composition,10.0,10,O uso de referências e a composição entre FilmNow e Filme foram implementados corretamente.,FilmNow.java:cadastraFilme | MainFilmNow.java:main,high
S35,official_sample,redacted,llm,collections_and_arrays,Collections and Arrays,10.0,10,"O array de filmes foi utilizado corretamente, respeitando o limite de 100 posições e lidando adequadamente com os índices.",FilmNow.java:FilmNow | FilmNow.java:cadastraFilme | MainFilmNow.java:mostrarFilmes,high
S35,official_sample,redacted,llm,separation_of_concerns,Separation of Concerns,10.0,10,"Excelente separação de responsabilidades entre a interface de usuário, a classe de domínio e a classe gerenciadora.",MainFilmNow.java | FilmNow.java | Filme.java:toString,high
S35,official_sample,redacted,llm,readability_and_documentation,Readability and Documentation,3.0,10,"O código é legível e segue boas práticas de nomenclatura, mas há ausência total de documentação Javadoc.",Filme.java | FilmNow.java | MainFilmNow.java,high
S36,official_sample,redacted,llm,basic_functionality,Basic Functionality,9.5,10,"O sistema implementa quase todas as funcionalidades corretamente, incluindo validações de entrada, verificação de duplicatas e manipulação da HotList. Houve apenas um pequeno desvio na especificação ao detalhar uma posição válida que não contém filme.",src/filmnow/FilmNow.java:cadastraFilme | src/filmnow/FilmNow.java:detalharFilme | src/filmnow/FilmNow.java:adicionaHot,high
S36,official_sample,redacted,llm,unit_tests,Unit Tests,8.0,10,"A suíte de testes é boa e cobre os casos de sucesso principais e alguns casos de erro (como filme repetido). No entanto, faltam testes para condições limite e cenários de erro especificados no roteiro.",testes/lab3FilmNow/FilmeTest.java | testes/lab3FilmNow/FilmNowTest.java,high
S36,official_sample,redacted,llm,class_design,Class Design,10.0,10,"As classes foram criadas e modeladas corretamente, demonstrando bom entendimento dos conceitos de orientação a objetos esperados para o laboratório.",src/filmnow/Filme.java | src/filmnow/FilmNow.java | src/filmnow/MainFilmNow.java,high
S36,official_sample,redacted,llm,object_references,Object References and Composition,10.0,10,O uso de referências e a composição entre FilmNow e Filme foram implementados de forma excelente.,src/filmnow/FilmNow.java:cadastraFilme | src/filmnow/FilmNow.java:TAMANHO,high
S36,official_sample,redacted,llm,collections_and_arrays,Collections and Arrays,10.0,10,As estruturas de dados (arrays) foram utilizadas corretamente e respeitam os limites estabelecidos no roteiro.,src/filmnow/FilmNow.java:FilmNow | src/filmnow/MainFilmNow.java:adicionarFilme,high
S36,official_sample,redacted,llm,separation_of_concerns,Separation of Concerns,10.0,10,"A separação de responsabilidades está muito bem definida entre a interface de usuário, a classe gerenciadora e a classe de domínio.",src/filmnow/MainFilmNow.java | src/filmnow/FilmNow.java | src/filmnow/Filme.java,high
S36,official_sample,redacted,llm,readability_and_documentation,Readability and Documentation,10.0,10,"O código é altamente legível, bem organizado e possui documentação Javadoc clara e objetiva.",src/filmnow/FilmNow.java | src/filmnow/Filme.java,high
S37,official_sample,redacted,llm,basic_functionality,Basic Functionality,8.0,10,"O sistema implementa quase todas as funcionalidades corretamente, incluindo adição, listagem e detalhamento de filmes. No entanto, há falhas na validação de posições na HotList e um erro na comparação de strings no método equals que compromete a verificação de filmes duplicados.",src/filmnow/FilmNow.java:cadastraFilme | src/filmnow/FilmNow.java:detalharFilme | src/filmnow/Filme.java:detalhes | src/filmnow/FilmNow.java:adicionaHot | src/filmnow/FilmNow.java:removeHot | src/filmnow/Filme.java:equals,high
S37,official_sample,redacted,llm,unit_tests,Unit Tests,10.0,10,"Excelente cobertura de testes. O aluno implementou testes abrangentes para as classes Filme e FilmNow, cobrindo casos de sucesso, limites e exceções.",testes/lab3FilmNow/FilmNowTest.java | testes/lab3FilmNow/testFilme.java,high
S37,official_sample,redacted,llm,class_design,Class Design,10.0,10,"As classes foram bem modeladas, com a classe Filme encapsulando seus dados e a classe FilmNow gerenciando as coleções.",src/filmnow/Filme.java | src/filmnow/FilmNow.java | src/filmnow/MainFilmNow.java,high
S37,official_sample,redacted,llm,object_references,Object References and Composition,10.0,10,Uso correto de referências e composição. A classe FilmNow compõe e gerencia instâncias de Filme adequadamente.,src/filmnow/FilmNow.java:cadastraFilme | src/filmnow/FilmNow.java:adicionaHot,high
S37,official_sample,redacted,llm,collections_and_arrays,Collections and Arrays,10.0,10,As estruturas de dados (arrays) foram utilizadas corretamente e respeitando os limites estabelecidos na especificação.,src/filmnow/FilmNow.java:FilmNow | src/filmnow/FilmNow.java:cadastraFilme,high
S37,official_sample,redacted,llm,separation_of_concerns,Separation of Concerns,10.0,10,"Boa separação de responsabilidades. A interface com o usuário está isolada no MainFilmNow, enquanto a lógica de negócio reside em FilmNow e Filme.",src/filmnow/MainFilmNow.java | src/filmnow/FilmNow.java | src/filmnow/Filme.java:detalhes,high
S37,official_sample,redacted,llm,readability_and_documentation,Readability and Documentation,10.0,10,"Código muito bem documentado e legível, seguindo as convenções da linguagem Java.",src/filmnow/Filme.java | src/filmnow/FilmNow.java,high
S38,official_sample,redacted,llm,basic_functionality,Basic Functionality,7.5,10,"A funcionalidade principal foi implementada com sucesso, incluindo o gerenciamento da HotList e validações básicas. No entanto, há falhas na comparação de strings (uso de '==') e ausência de tratamento de nulos/limites que causam exceções na execução.",src/filmnow/FilmNow.java | src/filmnow/Filme.java | existeFilme | src/filmnow/MainFilmNow.java | detalharFilme | adicionaHot,high
S38,official_sample,redacted,llm,unit_tests,Unit Tests,10.0,10,"Os testes foram implementados de forma excelente, cobrindo uma ampla variedade de cenários, incluindo limites, entradas inválidas e operações da HotList.",testes/lab3FilmNow/FilmeTest.java | testes/lab3FilmNow/FilmNowTest.java,high
S38,official_sample,redacted,llm,class_design,Class Design,10.0,10,"O design de classes está adequado, com a entidade Filme bem modelada e a classe FilmNow gerenciando a coleção de filmes corretamente.",src/filmnow/Filme.java | src/filmnow/FilmNow.java | src/filmnow/MainFilmNow.java,high
S38,official_sample,redacted,llm,object_references,Object References and Composition,10.0,10,Uso correto de referências e composição. A classe FilmNow instancia e gerencia objetos Filme adequadamente.,src/filmnow/FilmNow.java | cadastraFilme,high
S38,official_sample,redacted,llm,collections_and_arrays,Collections and Arrays,10.0,10,As estruturas de dados (arrays) foram utilizadas corretamente e respeitando os limites estabelecidos na especificação.,src/filmnow/FilmNow.java,high
S38,official_sample,redacted,llm,separation_of_concerns,Separation of Concerns,10.0,10,"Excelente separação de responsabilidades. A interface com o usuário está isolada no Main, enquanto a lógica de negócio e formatação de dados residem nas classes de domínio.",src/filmnow/MainFilmNow.java | src/filmnow/FilmNow.java | src/filmnow/Filme.java,high
S38,official_sample,redacted,llm,readability_and_documentation,Readability and Documentation,10.0,10,O código é muito legível e está bem documentado com Javadoc claro e objetivo.,src/filmnow/Filme.java | src/filmnow/FilmNow.java,high
S39,official_sample,redacted,llm,basic_functionality,Basic Functionality,7.5,10,"O sistema implementa as funcionalidades principais corretamente, incluindo a adição de filmes, listagem, detalhamento e gerenciamento da HotList. No entanto, há falhas no tratamento de posições limite e vazias em alguns métodos, além de um erro ao tentar adicionar filmes com o ano vazio.",src/filmnow/FilmNow.java:adicionaFilme | src/filmnow/FilmNow.java:mostrarFilmes | src/filmnow/FilmNow.java:atribuiHot | src/filmnow/FilmNow.java:detalharFilme | src/filmnow/FilmNow.java:RemoverHot | src/filmnow/MainFilmNow.java:adicionaFilme,high
S39,official_sample,redacted,llm,unit_tests,Unit Tests,1.0,10,"A suíte de testes está praticamente ausente. Foi criada apenas a classe FilmeTest com um único teste que não compila, e não há testes para a classe FilmNow.",testes/filmNow/FilmeTest.java | testes/filmNow/FilmeTest.java:testNomeAno,high
S39,official_sample,redacted,llm,class_design,Class Design,10.0,10,"As classes foram bem modeladas, com a classe Filme encapsulando seus dados e a classe FilmNow gerenciando a coleção de filmes. O MainFilmNow foi adequadamente modularizado.",src/filmnow/Filme.java | src/filmnow/FilmNow.java | src/filmnow/MainFilmNow.java,high
S39,official_sample,redacted,llm,object_references,Object References and Composition,10.0,10,O uso de referências e a instanciação de objetos estão corretos. O modificador static foi utilizado apenas onde apropriado (no Main e em constantes).,src/filmnow/FilmNow.java:cadastraFilme | src/filmnow/FilmNow.java:TAMANHO,high
S39,official_sample,redacted,llm,collections_and_arrays,Collections and Arrays,10.0,10,"O array de filmes foi utilizado corretamente, respeitando o limite de 100 posições e a indexação baseada em zero.",src/filmnow/FilmNow.java:FilmNow | src/filmnow/FilmNow.java:cadastraFilme,high
S39,official_sample,redacted,llm,separation_of_concerns,Separation of Concerns,10.0,10,"Excelente separação de responsabilidades. A interface com o usuário está isolada no MainFilmNow, a lógica de negócio no FilmNow, e a representação dos dados no Filme.",src/filmnow/Filme.java:toString | src/filmnow/FilmNow.java:mostrarFilmes | src/filmnow/MainFilmNow.java:comando,high
S39,official_sample,redacted,llm,readability_and_documentation,Readability and Documentation,10.0,10,"O código é legível, segue boas práticas de nomenclatura e possui documentação Javadoc clara e objetiva para a maioria dos métodos.",src/filmnow/Filme.java | src/filmnow/FilmNow.java,high
S40,official_sample,redacted,llm,basic_functionality,Basic Functionality,8.5,10,"O sistema implementa quase todas as funcionalidades corretamente, incluindo adição, listagem, detalhamento e manipulação da HotList. No entanto, há falhas na validação de limites de arrays nos métodos da HotList que podem causar quebra do programa (Exceptions).",FilmNow.java: cadastraFilme | FilmNow.java: detalharFilme | Filme.java: detalhes | FilmNow.java: adicionaHotList | FilmNow.java: removeHotList,high
S40,official_sample,redacted,llm,unit_tests,Unit Tests,9.5,10,"A suíte de testes é excelente e muito abrangente, cobrindo a grande maioria dos casos de uso e limites. Houve apenas uma pequena omissão nos testes de limite da HotList que acabou mascarando um bug.",testes/lab3FilmNow/testeFilme.java | testes/lab3FilmNow/testeFilmNow.java | testes/lab3FilmNow/testeFilmNow.java: testAddHotPosLimiteSuperior | testes/lab3FilmNow/testeFilmNow.java: testRemoveHotNull,high
S40,official_sample,redacted,llm,class_design,Class Design,10,10,"As classes foram modeladas corretamente, com responsabilidades bem definidas e atributos adequados para o problema.",Filme.java | FilmNow.java,high
S40,official_sample,redacted,llm,object_references,Object References and Composition,9.5,10,"O uso de referências e composição está quase perfeito, com uma pequena falha conceitual ao passar a própria instância como parâmetro para métodos de instância.",FilmNow.java: cadastraFilme | MainFilmNow.java | FilmNow.java: exibirFilmes(FilmNow fn) | FilmNow.java: exibirHot(FilmNow fn),high
S40,official_sample,redacted,llm,collections_and_arrays,Collections and Arrays,10,10,"As estruturas de dados foram utilizadas corretamente, respeitando os limites estabelecidos pelo laboratório e realizando o mapeamento adequado de índices.",FilmNow.java: TAMANHO | FilmNow.java: TAMANHO_HOT,high
S40,official_sample,redacted,llm,separation_of_concerns,Separation of Concerns,10,10,"Excelente separação de responsabilidades entre a interface de usuário, a lógica de gerenciamento e a representação dos dados.",MainFilmNow.java | Filme.java: detalhes,high
S40,official_sample,redacted,llm,readability_and_documentation,Readability and Documentation,10,10,"O código é muito legível, bem organizado e possui documentação Javadoc clara e objetiva.",FilmNow.java | Filme.java,high
S41,official_sample,redacted,llm,basic_functionality,Basic Functionality,9.0,10,"A maioria das funcionalidades foi implementada corretamente, incluindo adição, listagem e detalhamento de filmes. No entanto, a validação de filmes duplicados na HotList não foi implementada.",FilmNow.cadastraFilme | FilmNow.filmeDetalhado | FilmNow.removerHot | FilmNow.atribuirHot,high
S41,official_sample,redacted,llm,unit_tests,Unit Tests,10.0,10,"Excelente conjunto de testes, cobrindo a classe Filme e as principais regras de negócio e limites da classe FilmNow.",FilmeTeste.java | FilmNowTeste.java,high
S41,official_sample,redacted,llm,class_design,Class Design,10.0,10,"As classes foram criadas e modeladas adequadamente, com a classe Filme encapsulando seus dados e FilmNow gerenciando as coleções.",Filme.java | FilmNow.java,high
S41,official_sample,redacted,llm,object_references,Object References and Composition,9.0,10,"Bom uso de referências e composição no geral, mas houve um pequeno equívoco ao instanciar novos objetos desnecessariamente ao adicionar à HotList.",FilmNow.java | MainFilmNow.java | FilmNow.atribuirHot,high
S41,official_sample,redacted,llm,collections_and_arrays,Collections and Arrays,10.0,10,Uso correto de arrays respeitando os limites estabelecidos pelo laboratório.,FilmNow.java | FilmNow.cadastraFilme,high
S41,official_sample,redacted,llm,separation_of_concerns,Separation of Concerns,8.0,10,"Boa separação entre a interface (MainFilmNow) e a lógica (FilmNow), mas a classe Filme não assumiu a responsabilidade de formatar seus próprios dados.",MainFilmNow.java | FilmNow.java | Filme.java | FilmNow.filmeDetalhado | MainFilmNow.formataFilme,high
S41,official_sample,redacted,llm,readability_and_documentation,Readability and Documentation,10.0,10,"Código bem organizado, legível e com documentação Javadoc presente na maioria dos métodos.",Filme.java | FilmNow.java,high
S42,official_sample,redacted,llm,basic_functionality,Basic Functionality,6.5,10,"O sistema implementa as funcionalidades principais (adicionar, mostrar, detalhar e HotList), mas apresenta falhas lógicas importantes. A comparação de strings com '==' afeta a verificação de duplicatas e o método equals. Além disso, a lógica de adição na HotList falha ao usar um array compactado, e o limite de posições não permite cadastrar no índice 100.",MainFilmNow.java: comando() | FilmNow.java: cadastraFilme() | MainFilmNow.java: detalharFilme() | FilmNow.java: filmeExiste() | Filme.java: equals() | FilmNow.java: adicionaFilmeHot(),high
S42,official_sample,redacted,llm,unit_tests,Unit Tests,0.0,10,Não foram encontrados arquivos de testes automatizados (JUnit) na submissão.,Pacote de submissão,high
S42,official_sample,redacted,llm,class_design,Class Design,10.0,10,"As classes principais (Filme e FilmNow) foram criadas adequadamente, modelando o problema conforme esperado. O MainFilmNow foi bem modularizado.",Filme.java | FilmNow.java | MainFilmNow.java,high
S42,official_sample,redacted,llm,object_references,Object References and Composition,10.0,10,O uso de referências e a composição entre FilmNow e Filme foram implementados corretamente. O uso de métodos estáticos foi restrito à classe MainFilmNow.,FilmNow.java: cadastraFilme() | MainFilmNow.java,high
S42,official_sample,redacted,llm,collections_and_arrays,Collections and Arrays,10.0,10,"As estruturas de dados (arrays) foram utilizadas corretamente para armazenar os filmes e a HotList, respeitando os limites estabelecidos.",FilmNow.java: construtor | MainFilmNow.java: mostrarFilmes(),high
S42,official_sample,redacted,llm,separation_of_concerns,Separation of Concerns,8.0,10,"A separação de responsabilidades está boa na maior parte do sistema, com o MainFilmNow lidando com a interface e o FilmNow com a lógica. No entanto, a formatação dos detalhes do filme vazou para a classe de interface.",MainFilmNow.java | FilmNow.java | MainFilmNow.java: detalharFilme(),high
S42,official_sample,redacted,llm,readability_and_documentation,Readability and Documentation,10.0,10,"O código apresenta excelente legibilidade, com nomes de variáveis claros e documentação Javadoc bem estruturada e objetiva.",Filme.java | FilmNow.java,high
S43,official_sample,redacted,llm,basic_functionality,Basic Functionality,5.5,10,"As funcionalidades de adicionar e detalhar filmes foram implementadas, mas a HotList foi completamente omitida. Além disso, há um erro crítico na listagem de filmes que causa NullPointerException ao acessar posições vazias do array, e a verificação de duplicatas falha devido ao uso de '==' para comparar Strings no método equals.",FilmNow.java: adicionarFilme | FilmNow.java: detalhesFilme | FilmNow.java | MainFilmNow.java | FilmNow.java: listarFilmes | FIlme.java: equals,high
S43,official_sample,redacted,llm,unit_tests,Unit Tests,0.0,10,"Não foram encontrados arquivos de testes de unidade (JUnit) na submissão, descumprindo uma exigência central do laboratório.",model_output:no_explicit_evidence_ref_reported:unit_tests,high
S43,official_sample,redacted,llm,class_design,Class Design,9.5,10,"As classes Filme e FilmNow foram bem modeladas, com atributos e métodos adequados. No entanto, a classe MainFilmNow concentrou toda a lógica de interação no método main, sem modularização em métodos estáticos auxiliares.",FIlme.java | FilmNow.java | MainFilmNow.java: main,high
S43,official_sample,redacted,llm,object_references,Object References and Composition,10.0,10,O uso de referências e a composição entre FilmNow e Filme foram implementados corretamente. A criação de objetos é adequada e o uso de modificadores estáticos foi restrito ao main e constantes.,FilmNow.java | MainFilmNow.java,high
S43,official_sample,redacted,llm,collections_and_arrays,Collections and Arrays,10.0,10,"O armazenamento de filmes foi feito corretamente utilizando um array de tamanho fixo (100), respeitando as restrições do laboratório e mapeando corretamente as posições (1 a 100 para índices 0 a 99).",FilmNow.java: construtor | FilmNow.java: adicionarFilme,high
S43,official_sample,redacted,llm,separation_of_concerns,Separation of Concerns,8.5,10,"A separação entre a interface (MainFilmNow) e a lógica (FilmNow) foi bem feita. Contudo, a classe FilmNow assumiu a responsabilidade de formatar a string de detalhes do filme, o que deveria ser delegado à classe Filme.",MainFilmNow.java | FilmNow.java | FilmNow.java: detalhesFilme,high
S43,official_sample,redacted,llm,readability_and_documentation,Readability and Documentation,10.0,10,"O código apresenta excelente legibilidade, com nomes de variáveis claros e documentação Javadoc completa e bem estruturada para as classes e métodos.",FIlme.java | FilmNow.java,high
S44,official_sample,redacted,llm,basic_functionality,Basic Functionality,8.0,10,"A maior parte das funcionalidades foi implementada corretamente, incluindo a navegação básica e a manipulação da HotList. No entanto, faltaram validações importantes na adição de filmes (filmes duplicados e campos vazios) e a remoção do status 'hot' de filmes sobrescritos na HotList.","MainFilmNow.java: comando() | FilmNow.java: cadastraFilme(), adicionarHot(), removerHot() | MainFilmNow.java: adicionaFilme() | FilmNow.java: cadastraFilme() | FilmNow.java: adicionarHot()",high
S44,official_sample,redacted,llm,unit_tests,Unit Tests,0.0,10,Não foram encontrados arquivos de testes na submissão.,Submission Package (Test file count: 0),high
S44,official_sample,redacted,llm,class_design,Class Design,10.0,10,"As classes principais foram criadas e modeladas adequadamente. A classe Filme encapsula os dados do filme e implementa o equals, enquanto FilmNow gerencia as coleções.",Filme.java | FilmNow.java | MainFilmNow.java,high
S44,official_sample,redacted,llm,object_references,Object References and Composition,10.0,10,O uso de referências e a composição entre FilmNow e Filme foram implementados corretamente. A instanciação de objetos ocorre nos momentos adequados.,FilmNow.java: private Filme[] filmes | MainFilmNow.java: adicionaFilme(),high
S44,official_sample,redacted,llm,collections_and_arrays,Collections and Arrays,10.0,10,As estruturas de dados (arrays) foram utilizadas corretamente e respeitam os limites estabelecidos no laboratório (100 filmes e 10 na HotList).,FilmNow.java: private static final int TAMANHO = 100 | FilmNow.java: private Filme[] hotList = new Filme[10],high
S44,official_sample,redacted,llm,separation_of_concerns,Separation of Concerns,7.0,10,"A separação de responsabilidades está parcialmente correta. O Main gerencia a maior parte da E/S e FilmNow gerencia as coleções. No entanto, há impressões indevidas dentro de FilmNow e a classe Filme não é responsável por formatar sua própria exibição.",MainFilmNow.java | FilmNow.java | MainFilmNow.java: mostrarFilmes() | MainFilmNow.java: detalharFilme() | FilmNow.java: adicionarHot(),high
S44,official_sample,redacted,llm,readability_and_documentation,Readability and Documentation,8.0,10,"O código é legível e possui bons nomes de variáveis e métodos. No entanto, a documentação das classes de domínio não utiliza o formato Javadoc e os comentários presentes são redundantes.",MainFilmNow.java | Filme.java | FilmNow.java,high
S45,official_sample,redacted,llm,basic_functionality,Basic Functionality,9.5,10,"Funcionalidades principais implementadas corretamente, incluindo limites e regras da HotList. Pequeno desvio ao detalhar posição vazia.",FilmNow.java: cadastraFilme | FilmNow.java: adicionaHot | FilmNow.java: getFilme | MainFilmNow.java: detalharFilme,high
S45,official_sample,redacted,llm,unit_tests,Unit Tests,8.5,10,"Excelente cobertura de testes para a classe FilmNow, explorando bem os casos limite. Faltaram testes para alguns métodos da classe Filme e para a listagem de todos os filmes.",FilmNowTest.java | FilmeTest.java,high
S45,official_sample,redacted,llm,class_design,Class Design,9.0,10,"Classes bem estruturadas e modeladas. A classe Filme foi criada, mas não utilizou o método padrão toString() para representação textual, optando por retornar um array de Strings.",Filmes.java | Filmes.java: detalhesString,high
S45,official_sample,redacted,llm,object_references,Object References and Composition,10.0,10,Uso correto de referências e composição. Objetos são instanciados adequadamente e não há uso indevido de modificadores estáticos.,FilmNow.java | MainFilmNow.java,high
S45,official_sample,redacted,llm,collections_and_arrays,Collections and Arrays,10.0,10,"Uso correto de arrays para armazenar os filmes e a HotList, respeitando os limites de tamanho e o mapeamento de índices.",FilmNow.java: construtor | FilmNow.java: cadastraFilme,high
S45,official_sample,redacted,llm,separation_of_concerns,Separation of Concerns,9.0,10,"Boa separação entre interface e lógica de negócio. No entanto, a classe FilmNow assumiu a responsabilidade de formatar os detalhes do filme, que deveria ser da classe Filme.",MainFilmNow.java | FilmNow.java | FilmNow.java: getFilme,high
S45,official_sample,redacted,llm,readability_and_documentation,Readability and Documentation,9.5,10,Código muito legível e bem documentado com Javadoc. Pequeno desvio na nomenclatura da classe de entidade.,FilmNow.java | Filmes.java,high
S46,official_sample,redacted,llm,basic_functionality,Basic Functionality,8.0,10,"As funcionalidades principais (adicionar, mostrar, detalhar e HotList) foram implementadas e funcionam para os fluxos normais. No entanto, há falhas em condições limite e fluxos alternativos que causam a quebra do programa (crash).",FilmNow.java: cadastraFilme | FilmNow.java: mostrarFilmes | FilmNow.java: atribuirHotFilme | FilmNow.java: detalharFilme | FilmNow.java: existeFilme,high
S46,official_sample,redacted,llm,unit_tests,Unit Tests,9.0,10,"A suíte de testes é abrangente e cobre bem a classe Filme e a maioria dos fluxos de FilmNow, mas omitiu testes cruciais de valores limite e posições vazias.",FilmeTest.java | FilmNowTest.java | FilmNowTest.java: addFilme | FilmNowTest.java: detalharFilme,high
S46,official_sample,redacted,llm,class_design,Class Design,10.0,10,"As classes foram bem modeladas, com responsabilidades claras e uso adequado de construtores e métodos de acesso.",Filme.java | FilmNow.java,high
S46,official_sample,redacted,llm,object_references,Object References and Composition,9.0,10,"A composição entre as classes foi feita corretamente, mas houve um erro conceitual na comparação de objetos String.",FilmNow.java: cadastraFilme | FilmNow.java: construtor,high
S46,official_sample,redacted,llm,collections_and_arrays,Collections and Arrays,9.0,10,"O uso de arrays atende aos requisitos do laboratório, mas a implementação ignorou o índice 0 sem ajustar o tamanho da estrutura.",FilmNow.java: mostrarFilmes | FilmNow.java: exibirHotList | FilmNow.java: cadastraFilme,high
S46,official_sample,redacted,llm,separation_of_concerns,Separation of Concerns,10.0,10,Excelente separação de responsabilidades entre a interface de usuário e a lógica de negócio.,MainFilmNow.java | FilmNow.java | Filme.java,high
S46,official_sample,redacted,llm,readability_and_documentation,Readability and Documentation,10.0,10,"O código é limpo, legível e bem documentado com Javadoc.",Filme.java | FilmNow.java,high
S47,official_sample,redacted,llm,basic_functionality,Basic Functionality,10,10,"Todas as funcionalidades básicas (adicionar, mostrar, detalhar e hotlist) foram implementadas corretamente e tratam os casos de erro especificados de forma adequada.",submission/src/filmnow/FilmNow.java | submission/src/filmnow/MainFilmNow.java,high
S47,official_sample,redacted,llm,unit_tests,Unit Tests,9,10,"Boa suíte de testes cobrindo a maior parte das funcionalidades de Filme e FilmNow, mas faltaram alguns casos específicos exigidos na rubrica, como a sobrescrita de filmes.",submission/testes/FilmeTest.java | submission/testes/FilmNowTest.java,high
S47,official_sample,redacted,llm,class_design,Class Design,10,10,"As classes foram bem modeladas, com separação adequada entre Filme e FilmNow, e o Main modularizado.",submission/src/filmnow/Filme.java | submission/src/filmnow/FilmNow.java | submission/src/filmnow/MainFilmNow.java,high
S47,official_sample,redacted,llm,object_references,Object References and Composition,10,10,Uso correto de referências e instanciação de objetos. Modificadores estáticos usados apenas onde apropriado.,submission/src/filmnow/FilmNow.java | submission/src/filmnow/Filme.java,high
S47,official_sample,redacted,llm,collections_and_arrays,Collections and Arrays,10,10,"Uso correto de arrays para armazenar os filmes e a HotList, respeitando os limites e o mapeamento de índices.",submission/src/filmnow/FilmNow.java,high
S47,official_sample,redacted,llm,separation_of_concerns,Separation of Concerns,10,10,"Excelente separação de responsabilidades. A interface com o usuário está isolada no Main, enquanto a lógica de negócio está nas classes de domínio.",submission/src/filmnow/MainFilmNow.java | submission/src/filmnow/FilmNow.java | submission/src/filmnow/Filme.java,high
S47,official_sample,redacted,llm,readability_and_documentation,Readability and Documentation,6,10,"O código é legível e segue boas práticas de nomenclatura, mas a documentação Javadoc exigida foi completamente omitida nas classes desenvolvidas.",submission/src/filmnow/Filme.java | submission/src/filmnow/FilmNow.java | submission/src/filmnow/MainFilmNow.java,high
S48,official_sample,redacted,llm,basic_functionality,Basic Functionality,8.5,10,"A maioria das funcionalidades foi implementada corretamente, incluindo adição, listagem e detalhamento de filmes. No entanto, as operações da HotList apresentam falhas lógicas e ausência de validações importantes.",FilmNow.java: cadastraFilme | FilmNow.java: detalharFilme | MainFilmNow.java: mostrarFilmes | MainFilmNow.java: mostrarHots | FilmNow.java: cadastraHot | FilmNow.java: removeHot,high
S48,official_sample,redacted,llm,unit_tests,Unit Tests,8.0,10,"O aluno escreveu uma boa suíte de testes para as classes Filme e FilmNow, cobrindo casos normais e limites para adição e detalhamento. Faltaram testes específicos para as operações da HotList.",testes/filmnow/FilmeTeste.java | testes/filmnow/FilmNowTeste.java,high
S48,official_sample,redacted,llm,class_design,Class Design,9.0,10,"As classes foram bem modeladas, com a criação da classe Filme e uso adequado de composição em FilmNow. Há um pequeno erro na implementação do método equals.",Filme.java | FilmNow.java | MainFilmNow.java | Filme.java: equals,high
S48,official_sample,redacted,llm,object_references,Object References and Composition,10.0,10,O uso de referências e composição foi feito de forma correta. A classe FilmNow instancia e gerencia os objetos Filme adequadamente.,FilmNow.java: cadastraFilme | MainFilmNow.java,high
S48,official_sample,redacted,llm,collections_and_arrays,Collections and Arrays,9.0,10,"O uso de arrays para armazenar os filmes e a HotList foi feito de acordo com as restrições do laboratório. No entanto, a lógica de remoção de elementos do array da HotList é falha.",FilmNow.java: construtor | FilmNow.java: cadastraFilme | FilmNow.java: removeHot,high
S48,official_sample,redacted,llm,separation_of_concerns,Separation of Concerns,10.0,10,"A separação de responsabilidades está bem definida. A interface com o usuário está isolada no Main, a lógica de negócio no FilmNow e a formatação dos dados do filme na classe Filme.",MainFilmNow.java | FilmNow.java | Filme.java,high
S48,official_sample,redacted,llm,readability_and_documentation,Readability and Documentation,8.0,10,"O código é legível e segue boas práticas de nomenclatura. No entanto, falta documentação Javadoc nos métodos criados pelo aluno.",Filme.java | FilmNow.java,high
S49,official_sample,redacted,llm,basic_functionality,Basic Functionality,10,10,"A funcionalidade básica foi implementada com excelência. O sistema permite adicionar, detalhar e listar filmes corretamente, respeitando as regras de negócio e limites de posições. A HotList também foi implementada de forma completa, com atribuição, remoção e exibição adequadas.",submission/src/filmnow/FilmNow.java:cadastraFilme | submission/src/filmnow/FilmNow.java:detalhaFilme | submission/src/filmnow/FilmNow.java:cadastraHotList,high
S49,official_sample,redacted,llm,unit_tests,Unit Tests,10,10,"A suíte de testes é abrangente e bem estruturada, cobrindo tanto a classe Filme quanto a classe FilmNow com diversos cenários de sucesso e falha.",submission/testes/FilmeTest.java | submission/testes/FilmNowTest.java,high
S49,official_sample,redacted,llm,class_design,Class Design,10,10,"O design de classes atende perfeitamente aos requisitos. A entidade Filme foi modelada corretamente e a classe FilmNow atua como gerenciadora, utilizando composição.",submission/src/filmnow/Filme.java | submission/src/filmnow/FilmNow.java,high
S49,official_sample,redacted,llm,object_references,Object References and Composition,10,10,O uso de referências e composição foi feito de maneira exemplar. Os objetos são instanciados corretamente e não há uso indevido de modificadores estáticos nas classes de domínio.,submission/src/filmnow/FilmNow.java:cadastraFilme | submission/src/filmnow/MainFilmNow.java,high
S49,official_sample,redacted,llm,collections_and_arrays,Collections and Arrays,10,10,"As estruturas de dados foram utilizadas corretamente, respeitando os limites estabelecidos no roteiro e mapeando adequadamente as posições lógicas para os índices dos arrays.",submission/src/filmnow/FilmNow.java:20 | submission/src/filmnow/FilmNow.java:52 | submission/src/filmnow/FilmNow.java:78,high
S49,official_sample,redacted,llm,separation_of_concerns,Separation of Concerns,10,10,"A separação de responsabilidades está muito bem definida. A interface de usuário lida apenas com entrada e saída, enquanto a classe FilmNow concentra as regras de negócio.",submission/src/filmnow/MainFilmNow.java | submission/src/filmnow/FilmNow.java,high
S49,official_sample,redacted,llm,readability_and_documentation,Readability and Documentation,10,10,O código apresenta excelente legibilidade e está devidamente documentado com Javadoc claro e objetivo.,submission/src/filmnow/Filme.java | submission/src/filmnow/FilmNow.java,high
S50,official_sample,redacted,llm,basic_functionality,Basic Functionality,9.0,10,"As funcionalidades principais foram implementadas com sucesso, incluindo validações e a lógica da HotList. No entanto, há pequenos defeitos: a listagem de filmes ignora a última posição do array e mensagens de erro para posições vazias na HotList divergem da especificação.",FilmNow.cadastraFilme | FilmNow.detalhaFilme | FilmNow.adicionaHot | FilmNow.exibeFilmes | FilmNow.verificaFilmeHot | FilmNow.removeHot,high
S50,official_sample,redacted,llm,unit_tests,Unit Tests,10.0,10,"A suíte de testes é excelente, cobrindo exaustivamente as classes Filme e FilmNow, incluindo casos limite, validações de entrada e a lógica da HotList.",FilmeTest.java | FilmNowTest.java,high
S50,official_sample,redacted,llm,class_design,Class Design,10.0,10,O design de classes atende perfeitamente aos requisitos. A classe Filme foi criada adequadamente e a classe FilmNow gerencia a coleção de filmes.,Filme.java | FilmNow.java | MainFilmNow.java,high
S50,official_sample,redacted,llm,object_references,Object References and Composition,10.0,10,Uso correto de referências e composição. Os objetos são instanciados corretamente e não há uso indevido de modificadores estáticos.,FilmNow.cadastraFilme | FilmNow.java,high
S50,official_sample,redacted,llm,collections_and_arrays,Collections and Arrays,10.0,10,"Os arrays foram utilizados corretamente para armazenar os filmes e a HotList, respeitando os limites de tamanho e utilizando índices baseados em zero internamente.",FilmNow.java (construtor) | FilmNow.getFilme,high
S50,official_sample,redacted,llm,separation_of_concerns,Separation of Concerns,10.0,10,"Excelente separação de responsabilidades. A interface com o usuário está isolada no Main, enquanto a lógica de negócio e formatação de dados residem em FilmNow e Filme.",MainFilmNow.comando | FilmNow.detalhaFilme | Filme.toString,high
S50,official_sample,redacted,llm,readability_and_documentation,Readability and Documentation,10.0,10,"O código é muito legível, bem organizado e possui documentação Javadoc clara e objetiva para as classes e métodos públicos.",Filme.java | FilmNow.java,high
S51,official_sample,redacted,llm,basic_functionality,Basic Functionality,8.5,10,"O sistema implementa quase todas as funcionalidades corretamente, incluindo adição, listagem, detalhamento e HotList. No entanto, há falhas na validação de strings vazias (uso de '==') e falta de verificação de limites nas posições da HotList.",FilmNow.java: cadastraFilme | FilmNow.java: setFilmeHotlist | FilmNow.java: getFilmeDetalhado | FilmNow.java:38 | FilmNow.java:41 | FilmNow.java:108 | FilmNow.java:110,high
S51,official_sample,redacted,llm,unit_tests,Unit Tests,9.0,10,Os testes são abrangentes e cobrem bem a classe FilmNow e os métodos básicos da classe Filme. Faltou apenas testar o método equals da classe Filme.,FilmNowTeste.java | FilmeTeste.java,high
S51,official_sample,redacted,llm,class_design,Class Design,10.0,10,"As classes foram bem modeladas, com a criação correta da classe Filme e FilmNow, e a modularização adequada do Main.",Filme.java | FilmNow.java | MainFilmNow.java,high
S51,official_sample,redacted,llm,object_references,Object References and Composition,10.0,10,O uso de referências e a composição entre FilmNow e Filme foram implementados corretamente.,FilmNow.java:32 | MainFilmNow.java,high
S51,official_sample,redacted,llm,collections_and_arrays,Collections and Arrays,10.0,10,"Os arrays foram utilizados corretamente para armazenar os filmes e a HotList, respeitando os limites estabelecidos.",FilmNow.java:19 | FilmNow.java:20 | FilmNow.java:55,high
S51,official_sample,redacted,llm,separation_of_concerns,Separation of Concerns,10.0,10,"Excelente separação de responsabilidades entre a interface com o usuário, a lógica de gerenciamento e a representação dos dados.",MainFilmNow.java | FilmNow.java | Filme.java:81,high
S51,official_sample,redacted,llm,readability_and_documentation,Readability and Documentation,10.0,10,"O código é legível, bem organizado e possui documentação Javadoc clara e objetiva para os métodos públicos.",Filme.java | FilmNow.java,high
S52,official_sample,redacted,llm,basic_functionality,Basic Functionality,8.0,10,"A maior parte das funcionalidades foi implementada corretamente, incluindo a lógica de HotList. No entanto, há um erro crítico na listagem de filmes que causa NullPointerException, além de pequenos desvios nas mensagens de erro e retornos de posições vazias.",FilmNow.cadastraFilme | FilmNow.cadastraHot | FilmNow.removeHot | FilmNow.getFilmes | FilmNow.getFilme,high
S52,official_sample,redacted,llm,unit_tests,Unit Tests,8.0,10,"Bons testes para as regras de negócio principais de adição e detalhamento, mas faltam testes para os métodos de igualdade e para as listagens.",FilmNowTest.java | FilmeTest.java,high
S52,official_sample,redacted,llm,class_design,Class Design,10.0,10,"As classes foram bem modeladas, com a classe Filme encapsulando seus dados e FilmNow gerenciando a coleção de filmes.",Filme.java | FilmNow.java,high
S52,official_sample,redacted,llm,object_references,Object References and Composition,10.0,10,Uso correto de referências e instanciação de objetos. O modificador static foi usado apenas onde apropriado.,FilmNow.cadastraFilme | Filme.java,high
S52,official_sample,redacted,llm,collections_and_arrays,Collections and Arrays,10.0,10,"Uso adequado de arrays para armazenar os filmes e a HotList, respeitando os limites estabelecidos.",FilmNow.java,high
S52,official_sample,redacted,llm,separation_of_concerns,Separation of Concerns,9.0,10,"Boa separação de responsabilidades na maior parte do sistema, mas houve um pequeno vazamento de responsabilidade de UI para a classe de domínio.",MainFilmNow.java | Filme.toString | FilmNow.getFilmes,high
S52,official_sample,redacted,llm,readability_and_documentation,Readability and Documentation,10.0,10,"Código limpo, bem organizado e com boa documentação Javadoc nos métodos principais.",FilmNow.java | Filme.java,high
S53,official_sample,redacted,llm,basic_functionality,Basic Functionality,7.5,10,"As principais funcionalidades foram implementadas, mas existem falhas importantes. A validação de strings vazias usa '==' em vez de '.equals()', o que falha em tempo de execução com dados do Scanner. Além disso, não há tratamento adequado para os limites do array na posição 100 (causando exceção) e na busca de filmes fora dos limites.",FilmNow.java: cadastraFilme | FilmNow.java: adicionarHot | MainFilmNow.java: detalharFilme | FilmNow.java:55 | FilmNow.java:37 | FilmNow.java:62 | MainFilmNow.java:111,high
S53,official_sample,redacted,llm,unit_tests,Unit Tests,8.0,10,"A suíte de testes é boa e cobre a classe Filme e a maior parte de FilmNow (adição e HotList). No entanto, faltam testes para a listagem e detalhamento de filmes, especialmente explorando os valores limite (0, 100, 101) na busca.",FilmeTest.java | FilmNowTest.java,high
S53,official_sample,redacted,llm,class_design,Class Design,10.0,10,"Excelente modelagem de classes. A classe Filme foi criada corretamente com seus atributos e métodos essenciais (equals, toString), e a classe FilmNow gerencia a coleção de filmes de forma adequada.",Filme.java | FilmNow.java | MainFilmNow.java,high
S53,official_sample,redacted,llm,object_references,Object References and Composition,10.0,10,O uso de referências e composição está correto. A classe FilmNow compõe instâncias de Filme e o uso de métodos estáticos foi restrito à classe MainFilmNow.,FilmNow.java:57 | MainFilmNow.java:16,high
S53,official_sample,redacted,llm,collections_and_arrays,Collections and Arrays,9.0,10,"O uso de arrays está quase totalmente correto, respeitando os limites do laboratório. Houve apenas um pequeno desvio ao ignorar o índice 0 do array de filmes, mapeando a posição 1 diretamente para o índice 1.",FilmNow.java:19 | FilmNow.java:86 | FilmNow.java:62,high
S53,official_sample,redacted,llm,separation_of_concerns,Separation of Concerns,10.0,10,"A separação de responsabilidades foi muito bem aplicada. A interface com o usuário está isolada no MainFilmNow, as regras de negócio e gerenciamento da coleção estão em FilmNow, e a representação dos dados está em Filme.",MainFilmNow.java | FilmNow.java | Filme.java:35,high
S53,official_sample,redacted,llm,readability_and_documentation,Readability and Documentation,8.5,10,"O código é legível, bem organizado e as classes FilmNow e MainFilmNow possuem boa documentação Javadoc. No entanto, a classe Filme carece de documentação.",FilmNow.java | MainFilmNow.java | Filme.java,high
S54,official_sample,redacted,llm,basic_functionality,Basic Functionality,8.5,10,"As funcionalidades principais (adicionar, mostrar, detalhar e hotlist) foram implementadas e funcionam para a maioria dos casos. No entanto, há um erro de limite (boundary error) que causa uma exceção ao tentar adicionar um filme na posição 100.",MainFilmNow.java: adicionaFilme | MainFilmNow.java: mostrarFilmes | MainFilmNow.java: detalharFilme | MainFilmNow.java: atribuirHot | MainFilmNow.java: adicionaFilme (linha 193) | FilmNow.java: cadastraFilme (linha 70),high
S54,official_sample,redacted,llm,unit_tests,Unit Tests,0,10,Não foram encontrados testes de unidade na submissão.,Submissão geral,high
S54,official_sample,redacted,llm,class_design,Class Design,6,10,"A classe FilmNow foi criada, mas a classe Filme (ou equivalente para representar a entidade) foi omitida em favor de arrays paralelos, o que vai contra as orientações de design orientado a objetos do laboratório.",FilmNow.java | Hotlist.java | FilmNow.java: linhas 15-17,high
S54,official_sample,redacted,llm,object_references,Object References and Composition,7,10,"O uso de referências estáticas está correto (restrito ao Main), mas a composição principal esperada (FilmNow contendo Filme) não foi implementada devido à ausência da classe Filme.",MainFilmNow.java: main | FilmNow.java,high
S54,official_sample,redacted,llm,collections_and_arrays,Collections and Arrays,9,10,"Os arrays foram utilizados para armazenar os dados, mas há um problema com o uso dos índices (ignorando a posição 0 e permitindo acesso fora dos limites).",FilmNow.java: construtor | Hotlist.java: construtor | MainFilmNow.java: adicionaFilme (linha 193),high
S54,official_sample,redacted,llm,separation_of_concerns,Separation of Concerns,6,10,"A interface com o usuário está separada, mas há vazamento de regras de negócio para a classe MainFilmNow e a formatação de detalhes está em FilmNow em vez de Filme.",MainFilmNow.java | MainFilmNow.java: adicionaFilme (linhas 201-209) | FilmNow.java: getFilme (linhas 52-58),high
S54,official_sample,redacted,llm,readability_and_documentation,Readability and Documentation,10,10,"O código está bem documentado com Javadoc claro e objetivo, e a legibilidade geral é boa.",FilmNow.java | Hotlist.java | MainFilmNow.java,high
S55,official_sample,redacted,llm,basic_functionality,Basic Functionality,9.0,10,"As funcionalidades principais foram implementadas com sucesso, incluindo validações e a lógica da HotList. Houve pequenos desvios na formatação da listagem (ausência do ano) e na exibição de posições vazias (imprimindo 'null').",submission/src/filmnow/FilmNow.java:cadastraFilme | submission/src/filmnow/FilmNow.java:atribuirHot | submission/src/filmnow/MainFilmNow.java:formataFilme | submission/src/filmnow/FilmNow.java:detalhaFilme | submission/src/filmnow/MainFilmNow.java:detalharFilme,high
S55,official_sample,redacted,llm,unit_tests,Unit Tests,10.0,10,"Excelente conjunto de testes de unidade, cobrindo as classes Filme e FilmNow com diversos casos de teste, incluindo limites e cenários de erro.",submission/testes/FilmNowTest.java | submission/testes/FilmeTest.java,high
S55,official_sample,redacted,llm,class_design,Class Design,9.0,10,"As classes foram bem modeladas e estruturadas. No entanto, há um erro conceitual na implementação do método equals da classe Filme ao comparar strings com o operador de igualdade de referência.",submission/src/filmnow/Filme.java | submission/src/filmnow/FilmNow.java | submission/src/filmnow/Filme.java:equals,high
S55,official_sample,redacted,llm,object_references,Object References and Composition,10.0,10,"Uso correto de referências e composição. A classe FilmNow compõe instâncias de Filme adequadamente, e não há uso indevido de modificadores estáticos.",submission/src/filmnow/FilmNow.java:cadastraFilme | submission/src/filmnow/MainFilmNow.java,high
S55,official_sample,redacted,llm,collections_and_arrays,Collections and Arrays,9.0,10,"Os arrays foram utilizados corretamente para armazenar os filmes e a HotList. Contudo, a implementação ignorou o índice 0 dos arrays, criando-os com tamanho maior que o necessário, o que é penalizado pela rubrica.",submission/src/filmnow/FilmNow.java | submission/src/filmnow/FilmNow.java:TAMANHO | submission/src/filmnow/FilmNow.java:TAMANHOHOT,high
S55,official_sample,redacted,llm,separation_of_concerns,Separation of Concerns,10.0,10,"Ótima separação de responsabilidades. A interface com o usuário está isolada no MainFilmNow, enquanto as regras de negócio e armazenamento estão no FilmNow.",submission/src/filmnow/MainFilmNow.java | submission/src/filmnow/FilmNow.java,high
S55,official_sample,redacted,llm,readability_and_documentation,Readability and Documentation,10.0,10,"Código muito legível, bem organizado e com excelente documentação Javadoc em todas as classes e métodos públicos.",submission/src/filmnow/FilmNow.java | submission/src/filmnow/Filme.java,high
S56,official_sample,redacted,llm,basic_functionality,Basic Functionality,8.0,10,"A maior parte das funcionalidades foi implementada corretamente, incluindo adição, listagem e detalhamento. No entanto, há falhas na validação da HotList (ausência de checagem de duplicatas e limites incorretos) e no retorno de posições vazias ao detalhar um filme.",FilmNow.java: cadastraFilme | MainFilmNow.java: mostrarFilmes | MainFilmNow.java: detalharFilme | FilmNow.java: adicionarHot | FilmNow.java: removerHot,high
S56,official_sample,redacted,llm,unit_tests,Unit Tests,7.5,10,Bons testes para a classe FilmNow cobrindo a maioria dos casos de adição e detalhamento. Faltaram testes para os métodos de listagem e para o método equals da classe Filme.,FilmNowTest.java | FilmeTest.java,high
S56,official_sample,redacted,llm,class_design,Class Design,10.0,10,Excelente modelagem das classes. A classe Filme foi criada adequadamente e a classe FilmNow a utiliza por composição.,Filme.java | FilmNow.java,high
S56,official_sample,redacted,llm,object_references,Object References and Composition,10.0,10,Uso correto de referências e instanciação de objetos. O método ehHot demonstra bom entendimento de igualdade de referências para objetos compartilhados entre listas.,FilmNow.java: cadastraFilme | FilmNow.java: ehHot,high
S56,official_sample,redacted,llm,collections_and_arrays,Collections and Arrays,10.0,10,"Uso adequado de arrays para armazenar os filmes e a HotList, respeitando os limites estabelecidos.",FilmNow.java: FilmNow() | FilmNow.java: cadastraFilme,high
S56,official_sample,redacted,llm,separation_of_concerns,Separation of Concerns,10.0,10,"Ótima separação de responsabilidades. A interface com o usuário está isolada no MainFilmNow, enquanto as regras de negócio e formatação de dados estão nas classes de domínio.",MainFilmNow.java | FilmNow.java: getFilmes | Filme.java: exibiFilme,high
S56,official_sample,redacted,llm,readability_and_documentation,Readability and Documentation,9.0,10,"Código bem organizado e legível. O Javadoc está presente, mas algumas tags (@param, @return) foram deixadas em branco.","Filme.java | FilmNow.java | Filme.java: Filme(String, int, String) | FilmNow.java: cadastraFilme",high
S57,official_sample,redacted,llm,basic_functionality,Basic Functionality,7.0,10,"O sistema implementa a maior parte das funcionalidades, como adicionar, listar e detalhar filmes, além de manipular a HotList. No entanto, há falhas de lógica no detalhamento de filmes (erros de índice e validação de limites) e na atribuição de filmes à HotList (falta de verificação de duplicatas e uso de índice incorreto na validação).",FilmNow.cadastraFilme | MainFilmNow.mostrarFilmes | Filme.toString | MainFilmNow.detalharFilme | FilmNow.eHot | FilmNow.atribuiHot | FilmNow.verificaParametrosHot,high
S57,official_sample,redacted,llm,unit_tests,Unit Tests,0.0,10,Não foram encontrados testes de unidade no pacote de submissão.,Pacote de submissão,high
S57,official_sample,redacted,llm,class_design,Class Design,10.0,10,"As classes principais foram criadas e modeladas adequadamente. A classe Filme encapsula os dados do filme e a classe FilmNow gerencia as coleções, demonstrando bom entendimento de orientação a objetos.",Filme.java | FilmNow.java,high
S57,official_sample,redacted,llm,object_references,Object References and Composition,10.0,10,O uso de referências e composição está correto. A classe FilmNow compõe instâncias de Filme adequadamente e não há uso indevido de modificadores estáticos fora do main.,FilmNow.cadastraFilme | MainFilmNow.java,high
S57,official_sample,redacted,llm,collections_and_arrays,Collections and Arrays,10.0,10,"Os arrays foram utilizados corretamente para armazenar os filmes e a HotList, respeitando os limites de tamanho estabelecidos na especificação.",FilmNow.java | FilmNow.cadastraFilme,high
S57,official_sample,redacted,llm,separation_of_concerns,Separation of Concerns,9.0,10,"A separação de responsabilidades está majoritariamente correta, com a interface isolada no MainFilmNow e a lógica no FilmNow. Houve apenas um pequeno desvio ao formatar a representação resumida do filme na classe MainFilmNow em vez de delegar isso à classe Filme.",FilmNow.java | MainFilmNow.java | MainFilmNow.formataFilme,high
S57,official_sample,redacted,llm,readability_and_documentation,Readability and Documentation,9.0,10,"O código é legível, bem organizado e possui Javadoc na maior parte dos métodos das classes FilmNow e MainFilmNow. A classe Filme, no entanto, carece de documentação.",FilmNow.java | MainFilmNow.java | Filme.java,high
S58,official_sample,redacted,llm,basic_functionality,Basic Functionality,9.5,10,"As funcionalidades principais foram implementadas corretamente, incluindo validações de limites e manipulação da HotList. Há apenas uma pequena falha ao permitir a adição de posições vazias de filmes na HotList.","FilmNow.java (métodos cadastraFilme, detalhaFilme, mostrarFilmes) | FilmNow.java (método cadastraHotList)",high
S58,official_sample,redacted,llm,unit_tests,Unit Tests,8,10,"Excelente conjunto de testes para a classe FilmNow, cobrindo diversos cenários e limites. No entanto, os testes da classe Filme estão incompletos, focando apenas no método equals.",FilmNowTeste.java | FilmeTest.java,high
S58,official_sample,redacted,llm,class_design,Class Design,10,10,Classes bem modeladas. A classe Filme encapsula corretamente os dados do filme e FilmNow gerencia a coleção de filmes de forma adequada.,Filme.java | FilmNow.java | MainFilmNow.java,high
S58,official_sample,redacted,llm,object_references,Object References and Composition,10,10,Uso correto de referências e composição. Objetos são instanciados adequadamente e não há uso indevido de modificadores estáticos fora da classe Main.,FilmNow.java (método conferirFilme) | Filme.java (método equals),high
S58,official_sample,redacted,llm,collections_and_arrays,Collections and Arrays,10,10,"Uso correto de arrays respeitando os limites estabelecidos no laboratório (100 filmes, 10 na HotList).",FilmNow.java (construtor e métodos de acesso aos arrays),high
S58,official_sample,redacted,llm,separation_of_concerns,Separation of Concerns,10,10,Boa separação entre a interface de usuário (MainFilmNow) e a lógica de negócio (FilmNow).,MainFilmNow.java | FilmNow.java,high
S58,official_sample,redacted,llm,readability_and_documentation,Readability and Documentation,10,10,"Código limpo, legível e bem documentado com Javadoc na maioria dos métodos públicos.",FilmNow.java (comentários Javadoc),high
S59,official_sample,redacted,llm,basic_functionality,Basic Functionality,7.5,10,"As funcionalidades principais foram implementadas, mas existem falhas lógicas na adição de filmes (mensagens trocadas), no detalhamento (erro para posição vazia) e na HotList (alteração do nome do filme quebrando o equals).",FilmNow.java: cadastraFilme | FilmNow.java: adicionaHot | FilmNow.java: getDadosFilme | FilmNow.java: removeHot,high
S59,official_sample,redacted,llm,unit_tests,Unit Tests,8.0,10,"Bons testes para a classe Filme e testes razoáveis para FilmNow, mas faltam cenários importantes de listagem e detalhamento.",TesteFilme.java | TesteFilmNow.java,high
S59,official_sample,redacted,llm,class_design,Class Design,10.0,10,"Classes modeladas corretamente, com atributos adequados e boa divisão de responsabilidades no design das classes.",Filme.java | FilmNow.java,high
S59,official_sample,redacted,llm,object_references,Object References and Composition,10.0,10,Uso correto de referências e composição entre FilmNow e Filme.,FilmNow.java,high
S59,official_sample,redacted,llm,collections_and_arrays,Collections and Arrays,10.0,10,Arrays utilizados corretamente e respeitando os limites estabelecidos.,FilmNow.java,high
S59,official_sample,redacted,llm,separation_of_concerns,Separation of Concerns,8.0,10,"Boa separação geral, mas a classe de domínio realiza impressões no console, o que viola a separação de responsabilidades de I/O.",FilmNow.java: cadastraFilme | MainFilmNow.java,high
S59,official_sample,redacted,llm,readability_and_documentation,Readability and Documentation,10.0,10,"Código bem formatado, legível e com excelente documentação Javadoc.",Filme.java | FilmNow.java,high
S60,official_sample,redacted,llm,basic_functionality,Basic Functionality,8.0,10,"A funcionalidade principal foi implementada com sucesso, incluindo cadastro, listagem e detalhamento. No entanto, há falhas na manipulação da HotList (ausência de validação de posições vazias, gerando NullPointerException) e um pequeno erro de formatação no toString (/n em vez de \n).",submission/src/filmnow/FilmNow.java:52-76 | submission/src/filmnow/FilmNow.java:155-173 | submission/src/filmnow/FilmNow.java:115 | submission/src/filmnow/FilmNow.java:136 | submission/src/filmnow/Filme.java:37-39,high
S60,official_sample,redacted,llm,unit_tests,Unit Tests,7.0,10,"Bons testes para as funcionalidades básicas de FilmNow e Filme, cobrindo casos normais e limites. Faltaram testes para o método equals e para as operações da HotList.",submission/test/filmnow/FilmNowTest.java:43-53 | submission/test/filmnow/FilmNowTest.java:67-71 | submission/test/filmnow/FilmTest.java:28-33 | submission/test/filmnow/FilmNowTest.java | submission/test/filmnow/FilmTest.java,high
S60,official_sample,redacted,llm,class_design,Class Design,9.0,10,"Excelente modelagem das classes, com atributos corretos e uso adequado de construtores. O único problema relevante é a implementação incorreta da comparação de Strings no método equals.",submission/src/filmnow/Filme.java:12-15 | submission/src/filmnow/Filme.java:73-83 | submission/src/filmnow/Filme.java:82,high
S60,official_sample,redacted,llm,object_references,Object References and Composition,10.0,10,Uso correto de referências e composição. A classe FilmNow gerencia adequadamente os arrays de objetos Filme.,submission/src/filmnow/FilmNow.java:54 | submission/src/filmnow/FilmNow.java:14-15,high
S60,official_sample,redacted,llm,collections_and_arrays,Collections and Arrays,10.0,10,"Arrays foram utilizados corretamente para armazenar os filmes e a HotList, respeitando os limites estabelecidos.",submission/src/filmnow/FilmNow.java:21-22 | submission/src/filmnow/FilmNow.java:39,high
S60,official_sample,redacted,llm,separation_of_concerns,Separation of Concerns,10.0,10,"Ótima separação de responsabilidades. A interface com o usuário está isolada no Main, enquanto a lógica de negócio e formatação de dados residem em FilmNow e Filme.",submission/src/filmnow/MainFilmNow.java:103-110 | submission/src/filmnow/FilmNow.java:52-76,high
S60,official_sample,redacted,llm,readability_and_documentation,Readability and Documentation,10.0,10,"Código muito bem organizado, legível e documentado com Javadoc claro e objetivo.",submission/src/filmnow/FilmNow.java:93-100 | submission/src/filmnow/Filme.java:17-23,high
S61,official_sample,redacted,llm,basic_functionality,Basic Functionality,8.5,10,"A maior parte das funcionalidades foi implementada corretamente, incluindo a listagem, detalhamento e manipulação da HotList. No entanto, há falhas na adição de filmes: o sistema não substitui um filme em uma posição já ocupada e a verificação de filme duplicado considera apenas o nome, ignorando o ano.",FilmNow.java: cadastraFilme | FilmNow.java: atribuirHot | MainFilmNow.java: mostrarFilmes | FilmNow.java: cadastraFilme (linha 102) | FilmNow.java: cadastraFilme (linha 106),high
S61,official_sample,redacted,llm,unit_tests,Unit Tests,8.5,10,"Excelente conjunto de testes para as classes Filme e FilmNow, cobrindo a maioria dos cenários. Faltaram apenas os testes de valores limite (posições 0 e 101) e o teste de sobrescrita de filme reflete o comportamento incorreto implementado.",testes/FilmeTest.java | testes/FilmNowTest.java | testes/FilmNowTest.java: testAdicionarFilmeExistente,high
S61,official_sample,redacted,llm,class_design,Class Design,10.0,10,As classes foram modeladas corretamente. A classe Filme encapsula bem seus dados e a classe FilmNow gerencia a coleção de filmes de forma adequada. O Main foi bem modularizado.,Filme.java | FilmNow.java | MainFilmNow.java,high
S61,official_sample,redacted,llm,object_references,Object References and Composition,10.0,10,Uso correto de referências e composição. A classe FilmNow compõe instâncias de Filme adequadamente e não há uso indevido de modificadores estáticos fora do Main.,FilmNow.java: cadastraFilme | MainFilmNow.java,high
S61,official_sample,redacted,llm,collections_and_arrays,Collections and Arrays,10.0,10,"Os arrays foram utilizados corretamente, respeitando os limites de tamanho (100 para filmes e 10 para HotList) e fazendo o mapeamento adequado entre a posição informada pelo usuário (1-based) e o índice do array (0-based).",FilmNow.java: construtor | FilmNow.java: getFilme | FilmNow.java: atribuirHot,high
S61,official_sample,redacted,llm,separation_of_concerns,Separation of Concerns,9.0,10,"Boa separação de responsabilidades no geral, com a interface de usuário isolada no Main e a lógica de negócio no FilmNow. Houve apenas um pequeno vazamento de lógica de domínio para a interface na listagem de filmes.",MainFilmNow.java | FilmNow.java | Filme.java | MainFilmNow.java: mostrarFilmes (linhas 138-144),high
S61,official_sample,redacted,llm,readability_and_documentation,Readability and Documentation,10.0,10,"Código muito bem escrito, legível e com excelente documentação Javadoc em todas as classes e métodos públicos.",Filme.java | FilmNow.java | MainFilmNow.java,high
S62,official_sample,redacted,llm,basic_functionality,Basic Functionality,9.0,10,"As funcionalidades principais (adicionar, mostrar, detalhar) foram implementadas com sucesso e tratam a maioria das regras. No entanto, a funcionalidade de HotList apresenta falhas de validação e erros lógicos (risco de NullPointerException ao tentar adicionar filme de posição vazia e erro na comparação de filmes).",FilmNow.java: cadastraFilme | FilmNow.java: detalhaFilme | FilmNow.java: comparaHot | MainFilmNow.java: adicionaHotList,high
S62,official_sample,redacted,llm,unit_tests,Unit Tests,9.0,10,"Excelente conjunto de testes para a classe FilmNow, cobrindo bem os limites e regras de adição. Faltaram apenas alguns testes para os casos extremos da HotList e testes mais granulares para os métodos de acesso da classe Filme.",FilmNowTest.java | FilmeTest.java,high
S62,official_sample,redacted,llm,class_design,Class Design,9.0,10,"As classes foram bem modeladas, com atributos corretos e bons construtores. O único desvio foi na implementação do método equals da classe Filme, que incluiu um atributo não especificado para a igualdade.",Filme.java | FilmNow.java | Filme.java: equals,high
S62,official_sample,redacted,llm,object_references,Object References and Composition,10.0,10,O uso de referências e a instanciação de objetos foram feitos de maneira correta. A composição entre FilmNow e Filme está bem estabelecida e não há uso indevido de modificadores estáticos.,FilmNow.java: cadastraFilme | MainFilmNow.java,high
S62,official_sample,redacted,llm,collections_and_arrays,Collections and Arrays,9.0,10,Os arrays foram utilizados corretamente para armazenar os filmes e a HotList. Houve apenas o desperdício da posição 0 ao criar arrays maiores para usar índices de 1 a 100 diretamente.,FilmNow.java: filmes | FilmNow.java: hotList | FilmNow.java: TAMANHO = 101 | FilmNow.java: TAMANHOHOT = 11,high
S62,official_sample,redacted,llm,separation_of_concerns,Separation of Concerns,9.0,10,"Boa separação geral, com o Main cuidando da interação com o usuário e FilmNow da lógica. Ocorreu apenas um pequeno vazamento de responsabilidade de interface para a classe de domínio.",MainFilmNow.java | Filme.java: toString | FilmNow.java: cadastraFilme | FilmNow.java: detalhaFilme,high
S62,official_sample,redacted,llm,readability_and_documentation,Readability and Documentation,10.0,10,"O código está bem organizado, legível e com boa documentação Javadoc explicando o propósito das classes e métodos.",FilmNow.java | Filme.java,high
S63,official_sample,redacted,llm,basic_functionality,Basic Functionality,9.0,10,"As funcionalidades principais foram implementadas com sucesso, incluindo validações de regras de negócio (filmes duplicados, campos vazios) e a lógica da HotList. Houve apenas pequenos problemas com os limites de índice (a posição 100 é rejeitada no detalhamento) e inconsistência no uso de índices base-0 para a HotList na interface.",FilmNow.java: cadastraFilme | FilmNow.java: verHotOuFilme | MainFilmNow.java: mostrarFilmes | MainFilmNow.java: detalharFilme | FilmNow.java: cadastraHot | MainFilmNow.java: atribuirHot,high
S63,official_sample,redacted,llm,unit_tests,Unit Tests,7.0,10,"Boa cobertura de testes para a classe FilmNow, explorando bem os casos limites de adição. No entanto, faltam testes isolados para a classe Filme e testes para a maioria das operações da HotList.",FilmeTest.java: testAdicionarFilmePosicaoLimite | FilmeTest.java: testAdicionarFilmeDuplicado | FilmeTest.java: testDetalharFilmeSemAno | FilmeTest.java,high
S63,official_sample,redacted,llm,class_design,Class Design,10.0,10,"Excelente modelagem das classes. A classe Filme foi criada corretamente com seus atributos e métodos essenciais, e FilmNow atua adequadamente como a classe gerenciadora.",Filme.java | FilmNow.java | MainFilmNow.java,high
S63,official_sample,redacted,llm,object_references,Object References and Composition,10.0,10,"Uso correto de referências e composição. A classe FilmNow compõe instâncias de Filme de forma adequada, e o uso de modificadores estáticos está restrito ao Main e constantes.",FilmNow.java: cadastraFilme | FilmNow.java: TAMANHO,high
S63,official_sample,redacted,llm,collections_and_arrays,Collections and Arrays,10.0,10,Estruturas de dados utilizadas corretamente e respeitando os limites estabelecidos no laboratório.,FilmNow.java: construtor | FilmNow.java: getFilmes | FilmNow.java: getHot,high
S63,official_sample,redacted,llm,separation_of_concerns,Separation of Concerns,10.0,10,"Boa separação de responsabilidades. A interface com o usuário está isolada no Main, enquanto as regras de negócio e gerenciamento das coleções estão em FilmNow.",MainFilmNow.java | FilmNow.java | Filme.java: toString,high
S63,official_sample,redacted,llm,readability_and_documentation,Readability and Documentation,9.0,10,"Código limpo, legível e bem organizado. A documentação Javadoc está presente e clara na classe FilmNow, mas ausente na classe Filme.",FilmNow.java | Filme.java,high
S64,official_sample,redacted,llm,basic_functionality,Basic Functionality,8.0,10,"As funcionalidades de adicionar e detalhar filmes funcionam bem, com as validações corretas. No entanto, há falhas na listagem de filmes (imprime o índice em vez da posição) e problemas funcionais na HotList (o método mostrarHot possui um loop que nunca executa e removeHot utiliza índices incorretos).",FilmNow.java: cadastraFilme | FilmNow.java: getFilme | FilmNow.java: mostrarHot | FilmNow.java: removeHot | FilmNow.java: getFilmes,high
S64,official_sample,redacted,llm,unit_tests,Unit Tests,7.5,10,"Bons testes para a adição e detalhamento de filmes. Contudo, o teste do método equals na classe Filme não invoca o método equals da classe, e faltam testes para a listagem de filmes e manipulação da HotList.",FilmNowTest.java: testCadastrarLimite1 | FilmNowTest.java: testDetalharFilmHotList | FilmeTest.java: testEqualsObject | FilmNowTest.java,high
S64,official_sample,redacted,llm,class_design,Class Design,10.0,10,"Excelente modelagem das classes. A classe Filme foi criada corretamente com seus atributos e métodos, e a classe FilmNow gerencia os filmes de forma adequada.",Filme.java | FilmNow.java,high
S64,official_sample,redacted,llm,object_references,Object References and Composition,10.0,10,Uso correto de referências e composição. A classe FilmNow compõe instâncias de Filme adequadamente.,FilmNow.java: cadastraFilme | FilmNow.java: adicionaHot,high
S64,official_sample,redacted,llm,collections_and_arrays,Collections and Arrays,9.0,10,"Uso adequado de arrays para armazenar os filmes e a HotList, respeitando os limites. Houve um pequeno erro ao ignorar o índice 0 na iteração de listagem.",FilmNow.java: construtor | FilmNow.java: getFilmes,high
S64,official_sample,redacted,llm,separation_of_concerns,Separation of Concerns,9.5,10,Boa separação de responsabilidades entre a interface (MainFilmNow) e a lógica de negócio (FilmNow). Apenas um pequeno desvio com um print dentro da classe de domínio.,MainFilmNow.java | FilmNow.java | FilmNow.java: mostrarHot,high
S64,official_sample,redacted,llm,readability_and_documentation,Readability and Documentation,9.5,10,Código legível e com boa documentação Javadoc na maioria dos métodos. Há apenas uma construção lógica confusa na validação de cadastro.,Filme.java | FilmNow.java | FilmNow.java: cadastraFilme,high
S65,official_sample,redacted,llm,basic_functionality,Basic Functionality,9.5,10,"As funcionalidades principais foram implementadas com sucesso, incluindo a adição, listagem, detalhamento e manipulação da HotList. Há apenas uma pequena falha na remoção de filmes da HotList em posições vazias.",FilmNow.cadastraFilme | FilmNow.detalhaFilme | MainFilmNow.mostrarFilmes | FilmNow.popHot,high
S65,official_sample,redacted,llm,unit_tests,Unit Tests,8.0,10,"A suíte de testes para FilmNow é excelente e cobre a maioria dos casos de uso e limites. No entanto, os testes para a classe Filme estão incompletos, faltando cobertura para o construtor e o método toString.",testes/FilmNowTest.java | testes/FilmeTest.java,high
S65,official_sample,redacted,llm,class_design,Class Design,10.0,10,"O design das classes está excelente. A classe Filme foi criada corretamente com seus atributos e métodos, e a classe FilmNow gerencia a coleção de filmes de forma adequada.",Filme.java | FilmNow.java | MainFilmNow.java,high
S65,official_sample,redacted,llm,object_references,Object References and Composition,10.0,10,O uso de referências e composição está correto. A classe FilmNow compõe instâncias de Filme adequadamente e não há uso indevido de modificadores estáticos.,FilmNow.java | MainFilmNow.java,high
S65,official_sample,redacted,llm,collections_and_arrays,Collections and Arrays,10.0,10,"As estruturas de dados foram utilizadas corretamente, respeitando os limites estabelecidos na especificação.",FilmNow.java,high
S65,official_sample,redacted,llm,separation_of_concerns,Separation of Concerns,10.0,10,"A separação de responsabilidades está muito bem definida entre a interface de usuário, a classe de domínio e a classe gerenciadora.",MainFilmNow.java | FilmNow.java | Filme.java,high
S65,official_sample,redacted,llm,readability_and_documentation,Readability and Documentation,10.0,10,"O código é altamente legível e a documentação Javadoc está completa, clara e objetiva.",Filme.java | FilmNow.java,high
S66,official_sample,redacted,llm,basic_functionality,Basic Functionality,9.0,10,"O programa implementa quase todas as funcionalidades exigidas com excelência, incluindo validações de limites e duplicatas para a lista principal. No entanto, faltaram validações na manipulação da HotList (limites do array e verificação de filme nulo).",FilmNow.java: cadastraFilme | MainFilmNow.java: detalharFilme | MainFilmNow.java: atribuirHot | FilmNow.java: cadastraHot,high
S66,official_sample,redacted,llm,unit_tests,Unit Tests,10.0,10,"A suíte de testes é excelente, cobrindo a classe Filme e diversos cenários da classe FilmNow, incluindo limites e casos de erro.",FilmeTest.java | FilmNowTest.java,high
S66,official_sample,redacted,llm,class_design,Class Design,10.0,10,"As classes foram modeladas corretamente, com a classe Filme encapsulando seus dados e FilmNow gerenciando a coleção de filmes.",Filme.java | FilmNow.java | MainFilmNow.java,high
S66,official_sample,redacted,llm,object_references,Object References and Composition,10.0,10,O uso de referências e a instanciação de objetos estão corretos e alinhados com os princípios de orientação a objetos esperados para o laboratório.,FilmNow.java: cadastraFilme | MainFilmNow.java: main,high
S66,official_sample,redacted,llm,collections_and_arrays,Collections and Arrays,10.0,10,"As estruturas de dados foram utilizadas corretamente, respeitando os limites estabelecidos na especificação.",FilmNow.java: construtor | FilmNow.java: getFilme,high
S66,official_sample,redacted,llm,separation_of_concerns,Separation of Concerns,10.0,10,"A separação de responsabilidades está bem definida, com a interface de usuário isolada no MainFilmNow e a lógica de negócio no FilmNow.",MainFilmNow.java | FilmNow.java | Filme.java,high
S66,official_sample,redacted,llm,readability_and_documentation,Readability and Documentation,10.0,10,O código é muito legível e a documentação Javadoc está completa e clara.,Filme.java | FilmNow.java,high
S67,official_sample,redacted,llm,basic_functionality,Basic Functionality,10,10,"As funcionalidades principais foram implementadas corretamente, incluindo a adição de filmes, listagem, detalhamento e manipulação completa da HotList. O tratamento de limites do array e regras de negócio (como não adicionar filmes duplicados e lidar com campos vazios) foi bem executado.",FilmNow.java:83-93 | FilmNow.java:151-160 | FilmNow.java:113-121,high
S67,official_sample,redacted,llm,unit_tests,Unit Tests,10,10,"Excelente conjunto de testes de unidade. O aluno cobriu as classes Filme e FilmNow com diversos cenários, incluindo limites de array, posições inválidas, campos vazios e regras de negócio da HotList.",FilmNowTest.java | FilmeTest.java,high
S67,official_sample,redacted,llm,class_design,Class Design,9,10,"As classes foram bem modeladas e os conceitos de orientação a objetos foram aplicados corretamente. No entanto, há uma falha na implementação do método equals da classe Filme que pode gerar um NullPointerException ao comparar filmes quando o ano é nulo.",Filme.java | FilmNow.java | Filme.java:94 | FilmNow.java:103,high
S67,official_sample,redacted,llm,object_references,Object References and Composition,10,10,"Uso correto de referências e composição. A classe FilmNow gerencia adequadamente os objetos Filme, sem uso indevido de modificadores estáticos.",FilmNow.java:24 | FilmNow.java:29,high
S67,official_sample,redacted,llm,collections_and_arrays,Collections and Arrays,10,10,"Uso correto de arrays para armazenar os filmes e a HotList, respeitando os limites estabelecidos e realizando a conversão adequada de índices (1-based para 0-based).",FilmNow.java:36-37 | FilmNow.java:83 | FilmNow.java:151,high
S67,official_sample,redacted,llm,separation_of_concerns,Separation of Concerns,10,10,"Excelente separação de responsabilidades. A classe MainFilmNow lida exclusivamente com a interface do usuário, enquanto FilmNow concentra a lógica de negócio e Filme encapsula seus próprios dados.",MainFilmNow.java | FilmNow.java,high
S67,official_sample,redacted,llm,readability_and_documentation,Readability and Documentation,10,10,"Código muito bem organizado, legível e com excelente documentação Javadoc para as classes e métodos públicos.",Filme.java | FilmNow.java,high
S68,official_sample,redacted,llm,basic_functionality,Basic Functionality,10,10,"Todas as funcionalidades básicas foram implementadas corretamente, incluindo adição, listagem, detalhamento e manipulação da HotList, respeitando as regras de negócio e limites estabelecidos.",FilmNow.java: cadastraFilme | FilmNow.java: detalharFilme | FilmNow.java: adicionarHot,high
S68,official_sample,redacted,llm,unit_tests,Unit Tests,8.5,10,"Excelente cobertura de testes para a classe Filme e para a adição/detalhamento em FilmNow. No entanto, faltaram testes específicos para as operações de manipulação da HotList.",FilmeTest.java | FilmNowTest.java,high
S68,official_sample,redacted,llm,class_design,Class Design,10,10,"As classes foram modeladas corretamente, com a classe Filme encapsulando seus dados e FilmNow gerenciando a coleção de filmes.",Filme.java | FilmNow.java | MainFilmNow.java,high
S68,official_sample,redacted,llm,object_references,Object References and Composition,10,10,Uso correto de referências e composição. Objetos são instanciados adequadamente e não há uso indevido de modificadores estáticos.,FilmNow.java: cadastraFilme | MainFilmNow.java,high
S68,official_sample,redacted,llm,collections_and_arrays,Collections and Arrays,10,10,"Estruturas de dados utilizadas corretamente, respeitando os limites estabelecidos pelo laboratório.",FilmNow.java: construtor | FilmNow.java: getFilme,high
S68,official_sample,redacted,llm,separation_of_concerns,Separation of Concerns,8,10,"Boa separação geral, mas a classe de domínio (FilmNow) realiza impressões diretas no console, o que fere o princípio de separação entre lógica de negócio e interface com o usuário.",MainFilmNow.java | Filme.java: toString | FilmNow.java: mostrarFilmes | FilmNow.java: adicionarHot | FilmNow.java: removerHot | FilmNow.java: exibirHotList,high
S68,official_sample,redacted,llm,readability_and_documentation,Readability and Documentation,10,10,Código muito bem documentado com Javadoc claro e objetivo. Nomenclatura de variáveis e métodos é adequada e legível.,Filme.java | FilmNow.java,high
S69,official_sample,redacted,llm,basic_functionality,Basic Functionality,8.5,10,"A maior parte das funcionalidades foi implementada corretamente, incluindo adição, listagem e detalhamento de filmes. No entanto, há falhas na manipulação da HotList, como o risco de NullPointerException ao tentar adicionar um filme inexistente à HotList ou remover de uma posição vazia, além de não remover o status 'hot' do filme anterior ao sobrescrevê-lo na HotList.",FilmNow.java: cadastraFilme | FilmNow.java: detalhando | MainFilmNow.java: mostrarFilmes | FilmNow.java: adicionaNaHotList | FilmNow.java: removerHot,high
S69,official_sample,redacted,llm,unit_tests,Unit Tests,4.0,10,"O aluno implementou uma boa suíte de testes para a adição e detalhamento de filmes na classe FilmNow. No entanto, não há testes para a classe Filme e faltam testes para as operações principais da HotList.",FilmNowTest.java: testaCadastraFilmeEmPosicaoVazia | FilmNowTest.java: detalhaFilmeComTodosOsDados | testes/filmnow/ | FilmNowTest.java,high
S69,official_sample,redacted,llm,class_design,Class Design,10.0,10,As classes principais foram criadas e modeladas adequadamente. A classe Filme encapsula os dados do filme e a classe FilmNow gerencia as coleções.,Filme.java | FilmNow.java | MainFilmNow.java,high
S69,official_sample,redacted,llm,object_references,Object References and Composition,10.0,10,O uso de referências e composição está correto. A classe FilmNow compõe instâncias de Filme e o uso de modificadores estáticos está restrito ao Main e constantes.,FilmNow.java: private Filme[] filmes; | FilmNow.java: filme = new Filme(...),high
S69,official_sample,redacted,llm,collections_and_arrays,Collections and Arrays,10.0,10,As estruturas de dados (arrays) foram utilizadas corretamente e respeitam os limites estabelecidos no laboratório (100 filmes e 10 na HotList).,FilmNow.java: this.filmes = new Filme[TAMANHO]; | FilmNow.java: this.filmes[posicao - 1] = filme;,high
S69,official_sample,redacted,llm,separation_of_concerns,Separation of Concerns,9.0,10,"A separação de responsabilidades está em grande parte correta, com o Main lidando com a interface e FilmNow com a lógica. Houve apenas um pequeno desvio ao retornar mensagens de interface diretamente dos métodos de negócio.",MainFilmNow.java | Filme.java: toString | FilmNow.java: cadastraFilme | FilmNow.java: adicionaNaHotList,high
S69,official_sample,redacted,llm,readability_and_documentation,Readability and Documentation,10.0,10,"O código é legível, bem organizado e possui documentação Javadoc clara e objetiva para as classes e métodos públicos.",FilmNow.java | Filme.java | MainFilmNow.java,high
S70,official_sample,redacted,llm,basic_functionality,Basic Functionality,10.0,10,"O programa implementa todas as funcionalidades exigidas de forma correta e robusta, incluindo adição, listagem, detalhamento e manipulação da HotList, com tratamento adequado de limites e entradas inválidas.","submission/src/filmnow/FilmNow.java (métodos cadastraFilme, detalharFilme, adicionaHot, removeHot)",high
S70,official_sample,redacted,llm,unit_tests,Unit Tests,10.0,10,"A suíte de testes é excelente, cobrindo exaustivamente as classes Filme e FilmNow, incluindo casos normais e condições de limite.",submission/testes/filmnow/filmeTest.java | submission/testes/filmnow/filmNowTest.java,high
S70,official_sample,redacted,llm,class_design,Class Design,10.0,10,"O design das classes está muito bem estruturado, com a classe Filme encapsulando seus dados e a classe FilmNow gerenciando a lógica de negócio.",submission/src/filmnow/Filme.java | submission/src/filmnow/FilmNow.java | submission/src/filmnow/MainFilmNow.java,high
S70,official_sample,redacted,llm,object_references,Object References and Composition,10.0,10,"O uso de referências e a composição entre FilmNow e Filme foram implementados corretamente, sem uso indevido de modificadores estáticos.",submission/src/filmnow/FilmNow.java (método cadastraFilme) | submission/src/filmnow/MainFilmNow.java,high
S70,official_sample,redacted,llm,collections_and_arrays,Collections and Arrays,10.0,10,"Os arrays foram utilizados corretamente, respeitando os limites estabelecidos no roteiro e fazendo a conversão adequada entre a posição informada pelo usuário (1-based) e o índice do array (0-based).","submission/src/filmnow/FilmNow.java (construtor, métodos getFilmes, getHotList, cadastraFilme)",high
S70,official_sample,redacted,llm,separation_of_concerns,Separation of Concerns,10.0,10,"Excelente separação de responsabilidades. A interface com o usuário está isolada na MainFilmNow, enquanto a lógica de negócio e formatação de dados estão nas classes de domínio.",submission/src/filmnow/MainFilmNow.java | submission/src/filmnow/FilmNow.java | submission/src/filmnow/Filme.java (método toString),high
S70,official_sample,redacted,llm,readability_and_documentation,Readability and Documentation,10.0,10,"O código é extremamente legível, bem organizado e possui documentação Javadoc clara e objetiva para as classes e métodos públicos.",submission/src/filmnow/FilmNow.java | submission/src/filmnow/Filme.java,high
S71,official_sample,redacted,llm,basic_functionality,Basic Functionality,8.5,10,"As funcionalidades principais foram implementadas com sucesso, incluindo o fluxo básico e a HotList. No entanto, ocorrem erros de execução (crashes) ao utilizar a posição limite 100 e ao tentar adicionar filmes inexistentes à HotList.","FilmNow.java: cadastraFilme, verificaFilme, detalhaFilme | MainFilmNow.java: adicionaFilme, atribuirHot | FilmNow.java: cadastraFilme (linha 62) | FilmNow.java: verificaFilmeHot (linha 91) | MainFilmNow.java: atribuirHot (linha 173)",high
S71,official_sample,redacted,llm,unit_tests,Unit Tests,10,10,"Excelente conjunto de testes de unidade, cobrindo adequadamente as classes Filme e FilmNow, incluindo testes de limites e regras de negócio.",FilmeTest.java | FilmNowTest.java,high
S71,official_sample,redacted,llm,class_design,Class Design,10,10,A modelagem das classes atende perfeitamente aos requisitos. A classe Filme foi criada corretamente e o Main foi bem modularizado.,Filme.java | FilmNow.java | MainFilmNow.java,high
S71,official_sample,redacted,llm,object_references,Object References and Composition,10,10,"Uso correto de referências e composição entre as classes, sem uso indevido de modificadores estáticos.",FilmNow.java: private Filme[] filme; | MainFilmNow.java: FilmNow fn = new FilmNow();,high
S71,official_sample,redacted,llm,collections_and_arrays,Collections and Arrays,9,10,"Uso adequado de arrays para armazenar os filmes e a hotlist, porém a implementação ignora o índice 0 do array, conforme penalização prevista na rubrica.",FilmNow.java: this.filme = new Filme[TAMANHO]; | FilmNow.java: this.hotList = new Filme[TAMANHOHOTLIST]; | FilmNow.java: cadastraFilme (linha 62) | FilmNow.java: getFilme (linha 51),high
S71,official_sample,redacted,llm,separation_of_concerns,Separation of Concerns,10,10,Ótima separação de responsabilidades entre as classes do sistema.,MainFilmNow.java | FilmNow.java | Filme.java: toString,high
S71,official_sample,redacted,llm,readability_and_documentation,Readability and Documentation,10,10,"Código muito legível, bem organizado e com documentação Javadoc clara e objetiva.",Filme.java | FilmNow.java,high
S72,official_sample,redacted,llm,basic_functionality,Basic Functionality,8.5,10,"A funcionalidade básica foi bem implementada, cobrindo a adição, listagem e detalhamento de filmes corretamente. No entanto, as operações da HotList não validam posições vazias ou fora dos limites, o que pode causar erros de execução.",FilmNow.java:cadastraFilme | FilmNow.java:detalhaFilme | FilmNow.java:adicionaHot | FilmNow.java:removeHot,high
S72,official_sample,redacted,llm,unit_tests,Unit Tests,7.5,10,"Os testes cobrem bem os cenários de cadastro e detalhamento de filmes, incluindo casos limite. Contudo, faltam testes para o método equals e para as operações principais da HotList.",FilmNowTest.java:testCadastraFilmePosicaoAcima | FilmNowTest.java:testDetalhaFilmeHotlist | FilmeTest.java | FilmNowTest.java,high
S72,official_sample,redacted,llm,class_design,Class Design,10.0,10,"As classes foram bem modeladas, com responsabilidades claras. A classe Filme encapsula bem seus dados e a classe FilmNow gerencia corretamente as coleções.",Filme.java | FilmNow.java,high
S72,official_sample,redacted,llm,object_references,Object References and Composition,9.0,10,O uso de referências e a composição entre FilmNow e Filme estão corretos na maior parte do sistema. Houve apenas um erro conceitual na comparação de Strings no método equals.,FilmNow.java:cadastraFilme | FilmNow.java:checaIgual | Filme.java:equals,high
S72,official_sample,redacted,llm,collections_and_arrays,Collections and Arrays,10.0,10,"Os arrays foram utilizados corretamente para armazenar os filmes e a HotList, respeitando os limites estabelecidos.",FilmNow.java:21 | FilmNow.java:40,high
S72,official_sample,redacted,llm,separation_of_concerns,Separation of Concerns,10.0,10,"A separação de responsabilidades está excelente. A interface com o usuário está isolada no Main, enquanto a lógica de negócio e formatação de dados estão nas classes de domínio.",MainFilmNow.java | Filme.java:toString | FilmNow.java:cadastraFilme,high
S72,official_sample,redacted,llm,readability_and_documentation,Readability and Documentation,10.0,10,"O código é muito legível, com boa escolha de nomes para variáveis e métodos. A documentação Javadoc está presente e clara.",Filme.java | FilmNow.java,high
S73,official_sample,redacted,llm,basic_functionality,Basic Functionality,9.0,10,"As funcionalidades principais (adicionar, mostrar, detalhar e hotlist) foram implementadas e funcionam na maior parte dos casos. Houve uma pequena falha na validação de filmes duplicados na HotList.",MainFilmNow.java: adicionaFilme | MainFilmNow.java: detalharFilme | FilmNow.java: cadastraHot | MainFilmNow.java: atribuirHot,high
S73,official_sample,redacted,llm,unit_tests,Unit Tests,6.0,10,"Os testes para a classe FilmNow são extensos e cobrem bem os casos de uso e limites. No entanto, faltam os testes para a entidade Filme, pois a classe não foi criada.",FilmNowTest.java: testAdicionarPosicaoLimite | FilmNowTest.java: testAdicionarMesmoNomeAnoLocal | FilmNowTest.java,high
S73,official_sample,redacted,llm,class_design,Class Design,6.0,10,"A classe FilmNow foi criada e gerencia o sistema, e o Main foi bem modularizado. Contudo, a classe Filme não foi implementada, optando-se por uma matriz de Strings, o que vai contra o objetivo de exercitar orientação a objetos.",FilmNow.java | MainFilmNow.java | FilmNow.java: private String[][] filmes,high
S73,official_sample,redacted,llm,object_references,Object References and Composition,7.0,10,"O uso de referências estáticas está correto (restrito ao Main). Porém, a falta da classe Filme impede a demonstração de composição e criação de objetos do domínio.",MainFilmNow.java: main | FilmNow.java: cadastraFilme,high
S73,official_sample,redacted,llm,collections_and_arrays,Collections and Arrays,9.0,10,"O uso de arrays (matrizes) foi feito de forma consistente para armazenar os dados, respeitando o limite de 100 elementos. Houve apenas um pequeno desvio nos limites de posição especificados.",FilmNow.java: filmes | FilmNow.java: hotList | FilmNow.java: cadastraFilme | MainFilmNow.java: adicionaFilme,high
S73,official_sample,redacted,llm,separation_of_concerns,Separation of Concerns,8.0,10,"A separação entre interface (MainFilmNow) e lógica (FilmNow) foi bem feita. A dedução ocorre porque a formatação dos detalhes do filme ficou na classe gerenciadora, devido à ausência da classe Filme.",MainFilmNow.java | FilmNow.java | FilmNow.java: detalharFilmeIsHot | FilmNow.java: getFilme,high
S73,official_sample,redacted,llm,readability_and_documentation,Readability and Documentation,10.0,10,"O código está bem formatado, legível e possui documentação Javadoc clara e objetiva para os métodos públicos.",FilmNow.java | MainFilmNow.java,high
S74,official_sample,redacted,llm,basic_functionality,Basic Functionality,8.5,10,"As funcionalidades principais foram implementadas com sucesso, incluindo adição, listagem, detalhamento e HotList. No entanto, há pequenos desvios em relação à especificação: o método equals de Filme inclui o 'local', o que falha ao barrar filmes com mesmo nome e ano mas locais diferentes; e o detalhamento de posições vazias válidas exibe mensagem de erro em vez de retornar vazio.",FilmNow.cadastraFilme | FilmNow.detalharFilme | FilmNow.adicionarHot | Filme.equals,high
S74,official_sample,redacted,llm,unit_tests,Unit Tests,0.0,10,"A submissão não inclui nenhuma classe de testes (JUnit), descumprindo um dos requisitos centrais do laboratório.",submission/,high
S74,official_sample,redacted,llm,class_design,Class Design,10.0,10,"Excelente modelagem das classes. A classe Filme foi criada adequadamente para representar a entidade, e FilmNow gerencia a composição. O Main foi modularizado com métodos estáticos.",Filme.java | FilmNow.java | MainFilmNow.java,high
S74,official_sample,redacted,llm,object_references,Object References and Composition,10.0,10,"Uso correto de referências e instanciação de objetos. O modificador static foi restrito ao Main e constantes, e os objetos Filme e FilmNow são criados e manipulados adequadamente.",MainFilmNow.adicionarFilme | FilmNow.cadastraFilme,high
S74,official_sample,redacted,llm,collections_and_arrays,Collections and Arrays,10.0,10,"Uso correto de arrays para armazenar os filmes e a HotList, respeitando os limites de tamanho estabelecidos na especificação.",FilmNow.java:20-21 | FilmNow.cadastraFilme,high
S74,official_sample,redacted,llm,separation_of_concerns,Separation of Concerns,7.5,10,"A separação de responsabilidades apresenta falhas. Embora o Main faça a leitura dos dados, a classe FilmNow realiza impressões diretas no console, misturando lógica de negócio com interface de usuário.",Filme.toString | MainFilmNow.java | FilmNow.cadastraFilme | FilmNow.detalharFilme | FilmNow.adicionarHot,high
S74,official_sample,redacted,llm,readability_and_documentation,Readability and Documentation,6.0,10,"O código é legível e segue boas práticas de nomenclatura, mas carece de documentação Javadoc para as novas classes e métodos implementados.",Filme.java | FilmNow.java,high
S75,official_sample,redacted,llm,basic_functionality,Basic Functionality,8.5,10,"Funcionalidades principais implementadas com sucesso, incluindo adição, listagem, detalhamento e HotList. Houve pequenos desvios na validação de strings vazias (uso de != em vez de equals) e nas mensagens de erro da HotList.",FilmNow.java: cadastraFilme | FilmNow.java: getFilme | FilmNow.java: adicionaHot,high
S75,official_sample,redacted,llm,unit_tests,Unit Tests,10.0,10,"Excelente conjunto de testes, cobrindo as principais funcionalidades e casos limite de forma abrangente.",testes/filmeNowTest.java | testes/FilmeTest.java,high
S75,official_sample,redacted,llm,class_design,Class Design,10.0,10,"Modelagem de classes adequada, com separação clara entre Filme e FilmNow.",Filme.java | FilmNow.java,high
S75,official_sample,redacted,llm,object_references,Object References and Composition,10.0,10,"Uso correto de referências, instanciação de objetos e delegação.",FilmNow.java: cadastraFilme | Filme.java: equals,high
S75,official_sample,redacted,llm,collections_and_arrays,Collections and Arrays,10.0,10,Uso correto de arrays respeitando os limites do problema.,FilmNow.java: construtor,high
S75,official_sample,redacted,llm,separation_of_concerns,Separation of Concerns,10.0,10,Boa separação de responsabilidades entre interface e lógica de negócio.,MainFilmNow.java | FilmNow.java,high
S75,official_sample,redacted,llm,readability_and_documentation,Readability and Documentation,10.0,10,Código legível e bem documentado com Javadoc.,FilmNow.java | Filme.java,high
S76,official_sample,redacted,llm,basic_functionality,Basic Functionality,8.5,10,"A maior parte das funcionalidades foi implementada corretamente, incluindo a adição de filmes e a HotList. No entanto, há falhas ao detalhar uma posição vazia e ao tentar adicionar um filme com ano vazio.",FilmNow.java:cadastraFilme | FilmNow.java:adicionarHot | FilmNow.java:detalharFilme | MainFilmNow.java:adicionaFilme,high
S76,official_sample,redacted,llm,unit_tests,Unit Tests,3.0,10,"O aluno implementou testes para a adição de filmes na classe FilmNow, mas omitiu completamente os testes para a classe Filme e para as demais funcionalidades de FilmNow (listagem, detalhamento e HotList).",FilmNowTest.java:testAdicionarFilmeEmPosicaoVazia | FilmNowTest.java:testAdicionarFilmeNaPosicaoLimite | testes/ | FilmNowTest.java,high
S76,official_sample,redacted,llm,class_design,Class Design,10.0,10,"As classes foram bem modeladas, com a criação adequada da classe Filme e a correta relação de composição com FilmNow.",Filme.java | FilmNow.java,high
S76,official_sample,redacted,llm,object_references,Object References and Composition,10.0,10,O uso de referências e a composição entre FilmNow e Filme foram implementados corretamente.,FilmNow.java:cadastraFilme | Filme.java:equals,high
S76,official_sample,redacted,llm,collections_and_arrays,Collections and Arrays,10.0,10,"Os arrays foram utilizados corretamente para armazenar os filmes e a HotList, respeitando os limites estabelecidos.",FilmNow.java:FilmNow | FilmNow.java:cadastraFilme,high
S76,official_sample,redacted,llm,separation_of_concerns,Separation of Concerns,7.0,10,"A separação de responsabilidades foi parcialmente alcançada. A classe Filme gerencia bem seus dados, mas a classe FilmNow realiza impressões diretas no console, misturando lógica de negócio com interface de usuário.",Filme.java:detalhaFilme | MainFilmNow.java | FilmNow.java:cadastraFilme | FilmNow.java:adicionarHot | FilmNow.java:removerHot,high
S76,official_sample,redacted,llm,readability_and_documentation,Readability and Documentation,7.0,10,"O código é legível e segue boas práticas de nomenclatura, mas a documentação Javadoc está incompleta para as novas classes e métodos criados.",Filme.java | FilmNow.java | FilmNow.java:detalharFilme | FilmNow.java:adicionarHot,high
S77,official_sample,redacted,llm,basic_functionality,Basic Functionality,7.5,10,"As principais funcionalidades foram implementadas, mas há um erro de compilação na listagem de filmes e falhas lógicas na manipulação da HotList.",FilmNow.cadastraFilme | FilmNow.toString(int posicao) | MainFilmNow.mostrarFilmes | FilmNow.colocarHotlist,high
S77,official_sample,redacted,llm,unit_tests,Unit Tests,4.5,10,"Existem bons testes para a adição e detalhamento em FilmNow, mas os testes da classe Filme estão ausentes e faltam testes para a HotList.",FilmNowteste.testAdicionarNome5 | FilmNowteste.testDetalharFilme6 | Filmteste.java | FilmNowteste.java,high
S77,official_sample,redacted,llm,class_design,Class Design,8.5,10,"As classes principais foram criadas e modeladas adequadamente, mas o método equals não foi implementado na classe Filme conforme solicitado.",Filme.java | FilmNow.java | FilmNow.equals1,high
S77,official_sample,redacted,llm,object_references,Object References and Composition,10.0,10,O uso de referências e a composição entre FilmNow e Filme foram implementados corretamente.,FilmNow.cadastraFilme | MainFilmNow.java,high
S77,official_sample,redacted,llm,collections_and_arrays,Collections and Arrays,9.0,10,"As estruturas de dados foram utilizadas respeitando os limites do laboratório, com um pequeno desvio no armazenamento da HotList.",FilmNow.java (TAMANHO = 100) | FilmNow.cadastraFilme | FilmNow.Hotlist,high
S77,official_sample,redacted,llm,separation_of_concerns,Separation of Concerns,8.0,10,"A separação entre interface e lógica de negócio é boa, mas a formatação de exibição está muito concentrada no gerenciador (FilmNow) em vez da classe de domínio (Filme).",MainFilmNow.comando | FilmNow.cadastraFilme | FilmNow.toString(int posicao),high
S77,official_sample,redacted,llm,readability_and_documentation,Readability and Documentation,7.0,10,"O código possui documentação Javadoc em vários métodos, mas apresenta comentários informais e tags vazias que prejudicam a qualidade da documentação.",FilmNow.cadastraFilme | MainFilmNow.menu | FilmNow.equals1 | FilmNow.EmHotlist | FilmNow.colocarHotlist | FilmNow.getLocal | FilmNow.formataFilme,high
S78,official_sample,redacted,llm,basic_functionality,Basic Functionality,7.0,10,"A maior parte das funcionalidades foi implementada corretamente, incluindo a adição e listagem de filmes. No entanto, há falhas lógicas importantes: o sistema não impede de fato a adição de um filme já existente (apenas retorna a mensagem, mas insere no array), a HotList não verifica se o filme já foi adicionado, e há erros de índice (ArrayIndexOutOfBoundsException) ao sobrescrever um filme na HotList e ao remover o último elemento da HotList.",FilmNow.java:cadastraFilme | FilmNow.java:detalharFilmeNow | MainFilmNow.java:mostrarFilmes | linha 66 | FilmNow.java:cadastraHot | linha 88 | FilmNow.java:removerHot | linha 152,high
S78,official_sample,redacted,llm,unit_tests,Unit Tests,8.5,10,Excelente conjunto de testes cobrindo a maioria dos casos de uso e limites. Faltaram apenas testes mais rigorosos para verificar o estado do sistema após operações negadas e testes para os casos limites da HotList.,FilmNowTest.java | FilmNowTest.java:adicionaFilme03,high
S78,official_sample,redacted,llm,class_design,Class Design,10.0,10,"As classes foram bem modeladas, com a classe Filme encapsulando seus dados e FilmNow gerenciando a coleção, conforme esperado.",Filme.java | FilmNow.java,high
S78,official_sample,redacted,llm,object_references,Object References and Composition,10.0,10,O uso de referências e a composição entre FilmNow e Filme foram implementados corretamente.,FilmNow.java:20 | FilmNow.java:21,high
S78,official_sample,redacted,llm,collections_and_arrays,Collections and Arrays,10.0,10,O uso de arrays atende às restrições do laboratório. O mapeamento entre as posições informadas pelo usuário (1 a 100) e os índices do array (0 a 99) foi feito de forma consistente na maior parte do código.,FilmNow.java:20 | FilmNow.java:30,high
S78,official_sample,redacted,llm,separation_of_concerns,Separation of Concerns,10.0,10,"Excelente separação de responsabilidades. A interface com o usuário está isolada no MainFilmNow, enquanto a lógica de negócio reside no FilmNow.",MainFilmNow.java | FilmNow.java | Filme.java:68,high
S78,official_sample,redacted,llm,readability_and_documentation,Readability and Documentation,10.0,10,"O código é muito legível, bem organizado e possui documentação Javadoc clara e objetiva para as classes e métodos públicos.",Filme.java | FilmNow.java,high
S79,official_sample,redacted,llm,basic_functionality,Basic Functionality,5.0,10,"A funcionalidade básica foi parcialmente implementada. O cadastro e listagem funcionam no caminho feliz, mas há falhas graves na validação de duplicatas (uso incorreto de operadores lógicos e comparação de Strings). Além disso, operações de detalhar e manipular a HotList não tratam posições vazias, gerando exceções, e a HotList não respeita o limite de 10 posições nem a regra de substituição.",MainFilmNow.java:adicionaFilme | MainFilmNow.java:mostrarFilmes | FilmNow.java:cadastraFilme | FilmNow.java:verificaSeFilmeJaFoiInserido | MainFilmNow.java:detalharFilme | FilmNow.java:adicionaHot | FilmNow.java:removeHot | MainFilmNow.java:atribuirHot,high
S79,official_sample,redacted,llm,unit_tests,Unit Tests,8.0,10,"Bons testes para a classe Filme, cobrindo os principais métodos. Para a classe FilmNow, os testes estão presentes e verificam funcionalidades básicas, mas estão incompletos, faltando a cobertura de casos limite exigidos na especificação.",FilmeTest.java | FilmNowTeste.java,high
S79,official_sample,redacted,llm,class_design,Class Design,10.0,10,"Excelente modelagem das classes principais. A classe Filme foi criada com os atributos corretos, construtor adequado e métodos essenciais como equals e toString. A classe FilmNow compõe corretamente os filmes.",Filme.java | MainFilmNow.java,high
S79,official_sample,redacted,llm,object_references,Object References and Composition,10.0,10,"Uso correto de referências e composição. A classe FilmNow instancia e gerencia os objetos Filme adequadamente. O uso de métodos estáticos foi restrito à classe MainFilmNow, o que é o padrão esperado para a interface de usuário neste nível.",FilmNow.java:cadastraFilme | MainFilmNow.java:main,high
S79,official_sample,redacted,llm,collections_and_arrays,Collections and Arrays,7.0,10,"O array principal de filmes foi criado e utilizado, mas há um erro de mapeamento de índices que causa quebra na posição limite. Além disso, a estrutura de array exigida para a HotList (limitada a 10 posições) foi completamente omitida.",FilmNow.java:FilmNow | Filme.java:hot | FilmNow.java | MainFilmNow.java:verificaPosicaoEhValida | FilmNow.java:cadastraFilme,high
S79,official_sample,redacted,llm,separation_of_concerns,Separation of Concerns,10.0,10,"Boa separação de responsabilidades. A interface com o usuário está isolada no MainFilmNow, a lógica de negócio e armazenamento no FilmNow, e a representação dos dados no Filme.",MainFilmNow.java | FilmNow.java | Filme.java:toString,high
S79,official_sample,redacted,llm,readability_and_documentation,Readability and Documentation,10.0,10,Código muito bem documentado com Javadoc claro e objetivo. A nomenclatura de variáveis e métodos é adequada e segue os padrões da linguagem Java.,Filme.java | FilmNow.java,high
S80,official_sample,redacted,llm,basic_functionality,Basic Functionality,8.5,10,"A funcionalidade básica foi muito bem implementada na maior parte do sistema, incluindo validações, listagem e detalhamento. No entanto, há falhas na lógica da HotList relacionadas ao tratamento de posições vazias e à sobrescrita de filmes.",FilmNow.java: cadastraFilme | FilmNow.java: detalharFilme | MainFilmNow.java: mostrarFilmes | FilmNow.java: cadastraHot | FilmNow.java: removerHot,high
S80,official_sample,redacted,llm,unit_tests,Unit Tests,10,10,"Excelente conjunto de testes. O aluno implementou testes abrangentes para as classes Filme e FilmNow, cobrindo casos de sucesso, limites e falhas.",FilmeTest.java | FilmNowTest.java,high
S80,official_sample,redacted,llm,class_design,Class Design,10,10,"O design de classes está adequado. As classes Filme e FilmNow foram criadas corretamente, e o Main foi bem modularizado.",Filme.java | FilmNow.java | MainFilmNow.java,high
S80,official_sample,redacted,llm,object_references,Object References and Composition,10,10,Uso correto de referências e composição. A classe FilmNow compõe instâncias de Filme adequadamente.,FilmNow.java: cadastraFilme | MainFilmNow.java,high
S80,official_sample,redacted,llm,collections_and_arrays,Collections and Arrays,10,10,"Arrays foram utilizados corretamente para armazenar os filmes e a HotList, respeitando os limites estabelecidos.",FilmNow.java: construtor | FilmNow.java: cadastraFilme,high
S80,official_sample,redacted,llm,separation_of_concerns,Separation of Concerns,10,10,"Excelente separação de responsabilidades. A interface com o usuário está isolada no Main, enquanto a lógica de negócio reside no FilmNow e Filme.",MainFilmNow.java | FilmNow.java | Filme.java: toString,high
S80,official_sample,redacted,llm,readability_and_documentation,Readability and Documentation,10,10,Código muito legível e bem documentado. O aluno seguiu as convenções de nomenclatura e utilizou Javadoc de forma clara.,Filme.java | FilmNow.java,high
S81,official_sample,redacted,llm,basic_functionality,Basic Functionality,7.5,10,"A funcionalidade principal foi implementada com sucesso, incluindo adição, listagem e manipulação da HotList. No entanto, há falhas no tratamento de posições vazias ou inválidas ao detalhar filmes e ao adicionar à HotList, resultando em exceções (NullPointerException e ArrayIndexOutOfBoundsException). Além disso, a listagem de filmes não exibe o ano de lançamento conforme especificado.",FilmNow.java: cadastraFilme | FilmNow.java: adicionaHot | Filme.java: detalhesFilme | MainFilmNow.java: detalharFilme | MainFilmNow.java: mostrarFilmes,high
S81,official_sample,redacted,llm,unit_tests,Unit Tests,6.5,10,"Os testes implementados são de boa qualidade e cobrem bem a lógica de adição de filmes e o método equals da classe Filme. Contudo, faltam testes para as demais funcionalidades da classe FilmNow (listagem, detalhamento e HotList) e para outros métodos da classe Filme (como toString).",Test/FilmNowTest.java | Test/FilmTest.java,high
S81,official_sample,redacted,llm,class_design,Class Design,10,10,"Excelente modelagem das classes. A separação entre Filme e FilmNow foi feita corretamente, utilizando composição. O MainFilmNow foi bem modularizado com métodos estáticos.",Filme.java | FilmNow.java | MainFilmNow.java,high
S81,official_sample,redacted,llm,object_references,Object References and Composition,10,10,"Uso correto de referências e instanciação de objetos. O modificador static foi restrito ao Main e a constantes, demonstrando bom entendimento de orientação a objetos.",FilmNow.java: cadastraFilme | MainFilmNow.java: main,high
S81,official_sample,redacted,llm,collections_and_arrays,Collections and Arrays,10,10,"Os arrays foram utilizados corretamente para armazenar os filmes e a HotList, respeitando os limites de tamanho estabelecidos na especificação e realizando o mapeamento adequado entre a posição informada pelo usuário (1-based) e o índice do array (0-based).",FilmNow.java: FilmNow | FilmNow.java: cadastraFilme,high
S81,official_sample,redacted,llm,separation_of_concerns,Separation of Concerns,10,10,"Boa separação de responsabilidades. A classe MainFilmNow cuida exclusivamente da interação com o usuário, enquanto FilmNow gerencia a lógica de negócio e Filme encapsula seus próprios dados e formatação.",FilmNow.java | Filme.java: detalhesFilme | MainFilmNow.java,high
S81,official_sample,redacted,llm,readability_and_documentation,Readability and Documentation,10,10,"O código é muito legível, bem organizado e segue as convenções da linguagem Java. A documentação Javadoc está presente, clara e descreve adequadamente o propósito das classes e métodos.",Filme.java | FilmNow.java,high
S82,official_sample,redacted,llm,basic_functionality,Basic Functionality,6.0,10,"O programa implementa as funcionalidades principais, mas apresenta falhas consideráveis na validação de dados (adição de filmes sem checar duplicatas ou campos vazios), formatação incompleta na listagem e ausência de tratamento para posições vazias ou inválidas, o que gera exceções durante a execução.",MainFilmNow.java:adicionarHot | MainFilmNow.java:detalharFilme | FilmNow.java:adicionadoHot | MainFilmNow.java:adicionaFilme | FilmNow.java:cadastraFilme | MainFilmNow.java:formataFilme,high
S82,official_sample,redacted,llm,unit_tests,Unit Tests,0.0,10,Não foram encontrados arquivos de testes na submissão.,submission/src/filmnow/,high
S82,official_sample,redacted,llm,class_design,Class Design,10.0,10,"As classes foram criadas e modeladas adequadamente. A classe Filme encapsula os dados corretamente e a classe FilmNow gerencia as coleções, com o Main modularizado.",submission/src/filmnow/Filme.java | submission/src/filmnow/FilmNow.java | submission/src/filmnow/MainFilmNow.java,high
S82,official_sample,redacted,llm,object_references,Object References and Composition,10.0,10,O uso de referências e composição está correto. A classe FilmNow compõe instâncias de Filme adequadamente e não há uso indevido de modificadores estáticos nas classes de domínio.,submission/src/filmnow/FilmNow.java:filmes | submission/src/filmnow/FilmNow.java:cadastraFilme,high
S82,official_sample,redacted,llm,collections_and_arrays,Collections and Arrays,9.0,10,"As estruturas de dados (arrays) foram utilizadas corretamente para armazenar os filmes e a HotList, respeitando os limites de tamanho. Houve apenas um pequeno deslize em relação ao mapeamento dos índices (1 a 100).",submission/src/filmnow/FilmNow.java:TAMANHO | submission/src/filmnow/FilmNow.java:getFilmes | submission/src/filmnow/FilmNow.java:cadastraFilme | submission/src/filmnow/MainFilmNow.java:adicionaFilme,high
S82,official_sample,redacted,llm,separation_of_concerns,Separation of Concerns,10.0,10,"A separação de responsabilidades está bem definida. A interface com o usuário está isolada no Main, enquanto a lógica de negócio e armazenamento ficam no FilmNow e Filme.",submission/src/filmnow/MainFilmNow.java | submission/src/filmnow/FilmNow.java | submission/src/filmnow/Filme.java,high
S82,official_sample,redacted,llm,readability_and_documentation,Readability and Documentation,10.0,10,"O código é legível, bem organizado e possui documentação Javadoc clara e objetiva para as classes e métodos públicos.",submission/src/filmnow/Filme.java | submission/src/filmnow/FilmNow.java,high
S83,official_sample,redacted,llm,basic_functionality,Basic Functionality,7.5,10,"A maior parte das funcionalidades foi implementada corretamente, mas há falhas na listagem de filmes (que omite o ano), no tratamento de erros da HotList e no uso de '==' para comparar Strings, o que falha na execução real.",FilmNow.java: cadastraFilme | FilmNow.java: detalhar | FilmNow.java: getFilmes | MainFilmNow.java: mostrarFilmes | FilmNow.java: adicionaHotList,high
S83,official_sample,redacted,llm,unit_tests,Unit Tests,6.5,10,"Há uma boa quantidade de testes para FilmNow, cobrindo limites e validações. No entanto, os testes de 'equals' na classe Filmes usam um método auxiliar vazio que não realiza asserções reais, e faltam testes para as operações da HotList.",FilmNowTeste.java | FilmNowDetalhar.java | FilmesTeste.java: assertboolean | FilmesTeste.java: testEqualsObject1,high
S83,official_sample,redacted,llm,class_design,Class Design,10,10,"As classes foram bem modeladas, com a entidade Filme separada do gerenciador FilmNow, e o Main modularizado.",Filmes.java | FilmNow.java,high
S83,official_sample,redacted,llm,object_references,Object References and Composition,10,10,"O uso de referências e composição está correto, instanciando os objetos adequadamente e sem uso indevido de modificadores estáticos.",FilmNow.java | MainFilmNow.java,high
S83,official_sample,redacted,llm,collections_and_arrays,Collections and Arrays,10,10,"Os arrays foram utilizados corretamente para armazenar os filmes e a HotList, respeitando os limites estabelecidos.",FilmNow.java: construtor,high
S83,official_sample,redacted,llm,separation_of_concerns,Separation of Concerns,10,10,"Boa separação de responsabilidades. A interface com o usuário está isolada no Main, enquanto a lógica de negócio e formatação de detalhes ficam nas classes de domínio.",MainFilmNow.java | Filmes.java: toString,high
S83,official_sample,redacted,llm,readability_and_documentation,Readability and Documentation,9.0,10,O código está bem formatado e documentado com Javadoc. Há apenas pequenos desvios de nomenclatura e resquícios de código gerado automaticamente.,Filmes.java | FilmNow.java | FilmesTeste.java: assertboolean,high
S84,official_sample,redacted,llm,basic_functionality,Basic Functionality,8.5,10,"As funcionalidades principais (adicionar, mostrar, detalhar) foram implementadas corretamente e lidam bem com as validações exigidas. No entanto, há falhas na lógica da HotList devido a erros de manipulação de índices.",FilmNow.java: cadastraFilme | FilmNow.java: detalhaFilme | FilmNow.java: atribuirHot(int posicao) | FilmNow.java: removerHot(int posicao),high
S84,official_sample,redacted,llm,unit_tests,Unit Tests,8.5,10,"Boa cobertura de testes para as classes Filme e FilmNow, incluindo casos limite e validações. Faltam testes para algumas operações da HotList.",FilmTest.java | FilmNowTest.java,high
S84,official_sample,redacted,llm,class_design,Class Design,10,10,"Excelente modelagem das classes, com Filme e FilmNow bem definidos e Main modularizado.",Filme.java | FilmNow.java | MainFilmNow.java,high
S84,official_sample,redacted,llm,object_references,Object References and Composition,10,10,"Uso correto de referências, instanciamento adequado de objetos e uso de estático restrito ao Main.",FilmNow.java: cadastraFilme | MainFilmNow.java: main,high
S84,official_sample,redacted,llm,collections_and_arrays,Collections and Arrays,9,10,"Uso adequado de arrays para armazenar filmes e a HotList, respeitando os limites. Pequeno desconto pela inconsistência no tratamento de índices.",FilmNow.java: FilmNow() | FilmNow.java: existeFilme | FilmNow.java: cadastraFilme | FilmNow.java: atribuirHot | FilmNow.java: removerHot,high
S84,official_sample,redacted,llm,separation_of_concerns,Separation of Concerns,10,10,"Ótima separação de responsabilidades. O Main cuida da I/O, FilmNow da lógica de negócio e Filme da formatação de seus dados.",MainFilmNow.java | FilmNow.java | Filme.java: toString,high
S84,official_sample,redacted,llm,readability_and_documentation,Readability and Documentation,10,10,Código muito bem documentado com Javadoc claro e objetivo. Nomenclatura adequada e boa legibilidade.,Filme.java | FilmNow.java,high
